_-clef	_-clef	_-clefs	_-clefs
_-clé	_-clé	_-clés	_-clés
_-né	_-née	_-nés	_-nées
abaissable	abaissable	abaissables	abaissables
abaissant	abaissante	abaissants	abaissantes
abaisseur	abaisseuse	abaisseurs	abaisseuses
abandonnique	abandonnique	abandonniques	abandonniques
abandonné	abandonnée	abandonnés	abandonnées
abasourdi	abasourdie	abasourdis	abasourdies
abasourdissant	abasourdissante	abasourdissants	abasourdissantes
abattu	abattue	abattus	abattues
abaxial	abaxiale	abaxiaux	abaxiales
abbasside	abbasside	abbassides	abbassides
abbatial	abbatiale	abbatiaux	abbatiales
abbevillien	abbevillienne	abbevilliens	abbevilliennes
abbevillois	abbevilloise	abbevillois	abbevilloises
abcédant	abcédante	abcédants	abcédantes
abdicataire	abdicataire	abdicataires	abdicataires
abdominal	abdominale	abdominaux	abdominales
abducteur	abductrice	abducteurs	abductrices
aberrant	aberrante	aberrants	aberrantes
abiotique	abiotique	abiotiques	abiotiques
abiétin	abiétine	abiétins	abiétines
abject	abjecte	abjects	abjectes
abjurant	abjurante	abjurants	abjurantes
abkhaze	abkhaze	abkhazes	abkhazes
ablatif	ablative	ablatifs	ablatives
aboli	abolie	abolis	abolies
abolitionniste	abolitionniste	abolitionnistes	abolitionnistes
abominable	abominable	abominables	abominables
abondanciste	abondanciste	abondancistes	abondancistes
abondant	abondante	abondants	abondantes
abonné	abonnée	abonnés	abonnées
abordable	abordable	abordables	abordables
abordé	abordée	abordés	abordées
aborigène	aborigène	aborigènes	aborigènes
abortif	abortive	abortifs	abortives
aboulique	aboulique	abouliques	abouliques
abouti	aboutie	aboutis	abouties
aboutissant	aboutissante	aboutissants	aboutissantes
abouté	aboutée	aboutés	aboutées
abracadabrant	abracadabrante	abracadabrants	abracadabrantes
abrasif	abrasive	abrasifs	abrasives
abricoté	abricotée	abricotés	abricotées
abrité	abritée	abrités	abritées
abrogatif	abrogative	abrogatifs	abrogatives
abrogatoire	abrogatoire	abrogatoires	abrogatoires
abrogeable	abrogeable	abrogeables	abrogeables
abrupt	abrupte	abrupts	abruptes
abruti	abrutie	abrutis	abruties
abrutissant	abrutissante	abrutissants	abrutissantes
abréviatif	abréviative	abréviatifs	abréviatives
abscons	absconse	abscons	absconses
absent	absente	absents	absentes
absentéiste	absentéiste	absentéistes	absentéistes
absidal	absidale	absidaux	absidales
absolu	absolue	absolus	absolues
absolutiste	absolutiste	absolutistes	absolutistes
absolutoire	absolutoire	absolutoires	absolutoires
absorbable	absorbable	absorbables	absorbables
absorbant	absorbante	absorbants	absorbantes
absorbé	absorbée	absorbés	absorbées
abstentionniste	abstentionniste	abstentionnistes	abstentionnistes
abstinent	abstinente	abstinents	abstinentes
abstracteur	abstractrice	abstracteurs	abstractrices
abstrait	abstraite	abstraits	abstraites
abstrus	abstruse	abstrus	abstruses
abstème	abstème	abstèmes	abstèmes
absurde	absurde	absurdes	absurdes
abusif	abusive	abusifs	abusives
abyssal	abyssale	abyssaux	abyssales
abyssin	abyssine	abyssins	abyssines
abyssinien	abyssinienne	abyssiniens	abyssiniennes
abécédaire	abécédaire	abécédaires	abécédaires
abélien	abélienne	abéliens	abéliennes
abêtissant	abêtissante	abêtissants	abêtissantes
abîmant	abîmante	abîmants	abîmantes
abîmé	abîmée	abîmés	abîmées
acadien	acadienne	acadiens	acadiennes
académique	académique	académiques	académiques
acariâtre	acariâtre	acariâtres	acariâtres
acaule	acaule	acaules	acaules
accablant	accablante	accablants	accablantes
accaparant	accaparante	accaparants	accaparantes
accapareur	accapareuse	accapareurs	accapareuses
accentuel	accentuelle	accentuels	accentuelles
accentué	accentuée	accentués	accentuées
acceptable	acceptable	acceptables	acceptables
acceptant	acceptante	acceptants	acceptantes
accepteur	acceptrice	accepteurs	acceptrices
accessible	accessible	accessibles	accessibles
accessoire	accessoire	accessoires	accessoires
accidentel	accidentelle	accidentels	accidentelles
accidenté	accidentée	accidentés	accidentées
acclimatable	acclimatable	acclimatables	acclimatables
accolé	accolée	accolés	accolées
accommodant	accommodante	accommodants	accommodantes
accommodateur	accommodatrice	accommodateurs	accommodatrices
accommodé	accommodée	accommodés	accommodées
accompagné	accompagnée	accompagnés	accompagnées
accompli	accomplie	accomplis	accomplies
accordable	accordable	accordables	accordables
accore	accore	accores	accores
accort	accorte	accorts	accortes
accostable	accostable	accostables	accostables
accoucheur	accoucheuse	accoucheurs	accoucheuses
accoudé	accoudée	accoudés	accoudées
accouplé	accouplée	accouplés	accouplées
accourci	accourcie	accourcis	accourcies
accoutumé	accoutumée	accoutumés	accoutumées
accrescent	accrescente	accrescents	accrescentes
accro	accro	accros	accros
accrocheur	accrocheuse	accrocheurs	accrocheuses
accru	accrue	accrus	accrues
accréditant	accréditante	accréditants	accréditantes
accréditif	accréditive	accréditifs	accréditives
accrédité	accréditée	accrédités	accréditées
accueillant	accueillante	accueillants	accueillantes
accumulateur	accumulatrice	accumulateurs	accumulatrices
accumulé	accumulée	accumulés	accumulées
accusateur	accusatrice	accusateurs	accusatrices
accusatoire	accusatoire	accusatoires	accusatoires
accélérateur	accélératrice	accélérateurs	accélératrices
accéléré	accélérée	accélérés	accélérées
acerbe	acerbe	acerbes	acerbes
acescent	acescente	acescents	acescentes
achalandé	achalandée	achalandés	achalandées
acharné	acharnée	acharnés	acharnées
achetable	achetable	achetables	achetables
acheteur	acheteuse	acheteurs	acheteuses
acheuléen	acheuléenne	acheuléens	acheuléennes
achevé	achevée	achevés	achevées
achromatique	achromatique	achromatiques	achromatiques
achrome	achrome	achromes	achromes
achromique	achromique	achromiques	achromiques
achéen	achéenne	achéens	achéennes
achéménide	achéménide	achéménides	achéménides
aciculaire	aciculaire	aciculaires	aciculaires
acide	acide	acides	acides
acidifiable	acidifiable	acidifiables	acidifiables
acidifiant	acidifiante	acidifiants	acidifiantes
acidophile	acidophile	acidophiles	acidophiles
acidulé	acidulée	acidulés	acidulées
acineux	acineuse	acineux	acineuses
aciéreux	aciéreuse	aciéreux	aciéreuses
aciéré	aciérée	aciérés	aciérées
aclinal	aclinale	aclinals	aclinales
aclinique	aclinique	acliniques	acliniques
acméiste	acméiste	acméistes	acméistes
acnodal	acnodale	acnodals	acnodales
acnéique	acnéique	acnéiques	acnéiques
acotylédone	acotylédone	acotylédones	acotylédones
acoustique	acoustique	acoustiques	acoustiques
acquis	acquise	acquis	acquises
acquisitif	acquisitive	acquisitifs	acquisitives
acquittable	acquittable	acquittables	acquittables
acridien	acridienne	acridiens	acridiennes
acrimonieux	acrimonieuse	acrimonieux	acrimonieuses
acrobatique	acrobatique	acrobatiques	acrobatiques
acrocéphale	acrocéphale	acrocéphales	acrocéphales
acrolithe	acrolithe	acrolithes	acrolithes
acromégale	acromégale	acromégales	acromégales
acromégalique	acromégalique	acromégaliques	acromégaliques
acrostiche	acrostiche	acrostiches	acrostiches
acrylique	acrylique	acryliques	acryliques
acteur	actrice	acteurs	actrices
actif	active	actifs	actives
actinique	actinique	actiniques	actiniques
actinomorphe	actinomorphe	actinomorphes	actinomorphes
actinométrique	actinométrique	actinométriques	actinométriques
actionnable	actionnable	actionnables	actionnables
actionnaliste	actionnaliste	actionnalistes	actionnalistes
actionnarial	actionnariale	actionnariaux	actionnariales
activateur	activatrice	activateurs	activatrices
activiste	activiste	activistes	activistes
activé	activée	activés	activées
actuariel	actuarielle	actuariels	actuarielles
actuel	actuelle	actuels	actuelles
aculéiforme	aculéiforme	aculéiformes	aculéiformes
acuminé	acuminée	acuminés	acuminées
acutangle	acutangle	acutangles	acutangles
acyclique	acyclique	acycliques	acycliques
acéphale	acéphale	acéphales	acéphales
acéré	acérée	acérés	acérées
acétique	acétique	acétiques	acétiques
acétylsalicylique	acétylsalicylique	acétylsalicyliques	acétylsalicyliques
acétylénique	acétylénique	acétyléniques	acétyléniques
acône	acône	acônes	acônes
adamantin	adamantine	adamantins	adamantines
adamien	adamienne	adamiens	adamiennes
adamique	adamique	adamiques	adamiques
adamite	adamite	adamites	adamites
adaptable	adaptable	adaptables	adaptables
adaptatif	adaptative	adaptatifs	adaptatives
adapté	adaptée	adaptés	adaptées
additif	additive	additifs	additives
additionnable	additionnable	additionnables	additionnables
additionnel	additionnelle	additionnels	additionnelles
additionné	additionnée	additionnés	additionnées
adducteur	adductrice	adducteurs	adductrices
adextré	adextrée	adextrés	adextrées
adhérent	adhérente	adhérents	adhérentes
adhésif	adhésive	adhésifs	adhésives
adiabatique	adiabatique	adiabatiques	adiabatiques
adipeux	adipeuse	adipeux	adipeuses
adipique	adipique	adipiques	adipiques
adiré	adirée	adirés	adirées
adjacent	adjacente	adjacents	adjacentes
adjectif	adjective	adjectifs	adjectives
adjectival	adjectivale	adjectivaux	adjectivales
adjectivé	adjectivée	adjectivés	adjectivées
adjoint	adjointe	adjoints	adjointes
adjudicatif	adjudicative	adjudicatifs	adjudicatives
adjugé	adjugée	adjugés	adjugées
adjuvant	adjuvante	adjuvants	adjuvantes
administrable	administrable	administrables	administrables
administratif	administrative	administratifs	administratives
administré	administrée	administrés	administrées
admirable	admirable	admirables	admirables
admirant	admirante	admirants	admirantes
admirateur	admiratrice	admirateurs	admiratrices
admiratif	admirative	admiratifs	admiratives
admis	admise	admis	admises
admissible	admissible	admissibles	admissibles
adnominal	adnominale	adnominals	adnominales
adné	adnée	adnés	adnées
adolescent	adolescente	adolescents	adolescentes
adoptable	adoptable	adoptables	adoptables
adoptant	adoptante	adoptants	adoptantes
adoptianiste	adoptianiste	adoptianistes	adoptianistes
adoptif	adoptive	adoptifs	adoptives
adorable	adorable	adorables	adorables
adoral	adorale	adorals	adorales
adossé	adossée	adossés	adossées
adouci	adoucie	adoucis	adoucies
adoucissant	adoucissante	adoucissants	adoucissantes
adragant	adragante	adragants	adragantes
adressé	adressée	adressés	adressées
adroit	adroite	adroits	adroites
adrénergique	adrénergique	adrénergiques	adrénergiques
adscrit	adscrite	adscrits	adscrites
adsorbant	adsorbante	adsorbants	adsorbantes
adulaire	adulaire	adulaires	adulaires
adulateur	adulatrice	adulateurs	adulatrices
adulte	adulte	adultes	adultes
adultère	adultère	adultères	adultères
adultérin	adultérine	adultérins	adultérines
adventice	adventice	adventices	adventices
adventif	adventive	adventifs	adventives
adventiste	adventiste	adventistes	adventistes
adverbal	adverbale	adverbals	adverbales
adverbial	adverbiale	adverbiaux	adverbiales
adversatif	adversative	adversatifs	adversatives
adverse	adverse	adverses	adverses
adynamique	adynamique	adynamiques	adynamiques
adénoïde	adénoïde	adénoïdes	adénoïdes
adéquat	adéquate	adéquats	adéquates
afar	afare	afars	afares
affable	affable	affables	affables
affabulateur	affabulatrice	affabulateurs	affabulatrices
affadissant	affadissante	affadissants	affadissantes
affaibli	affaiblie	affaiblis	affaiblies
affaiblissant	affaiblissante	affaiblissants	affaiblissantes
affaiblisseur	affaiblisseuse	affaiblisseurs	affaiblisseuses
affairiste	affairiste	affairistes	affairistes
affairé	affairée	affairés	affairées
affamé	affamée	affamés	affamées
affectable	affectable	affectables	affectables
affectataire	affectataire	affectataires	affectataires
affectif	affective	affectifs	affectives
affectionné	affectionnée	affectionnés	affectionnées
affectueux	affectueuse	affectueux	affectueuses
affecté	affectée	affectés	affectées
affermable	affermable	affermables	affermables
affermi	affermie	affermis	affermies
affidé	affidée	affidés	affidées
affilié	affiliée	affiliés	affiliées
affilé	affilée	affilés	affilées
affin	affine	affins	affines
affine	affine	affines	affines
affiné	affinée	affinés	affinées
affirmatif	affirmative	affirmatifs	affirmatives
affixal	affixale	affixaux	affixales
affixe	affixe	affixes	affixes
affixé	affixée	affixés	affixées
afflictif	afflictive	afflictifs	afflictives
affligeant	affligeante	affligeants	affligeantes
affluent	affluente	affluents	affluentes
affolant	affolante	affolants	affolantes
affolé	affolée	affolés	affolées
affreux	affreuse	affreux	affreuses
affriolant	affriolante	affriolants	affriolantes
affriqué	affriquée	affriqués	affriquées
affronté	affrontée	affrontés	affrontées
afférent	afférente	afférents	afférentes
affété	affétée	affétés	affétées
affûté	affûtée	affûtés	affûtées
afghan	afghane	afghans	afghanes
afocal	afocale	afocaux	afocales
africain	africaine	africains	africaines
africaniste	africaniste	africanistes	africanistes
afrikander	afrikander	afrikanders	afrikanders
afrikaner	afrikaner	afrikaners	afrikaners
afro-asiatique	afro-asiatique	afro-asiatiques	afro-asiatiques
afro-cubain	afro-cubaine	afro-cubains	afro-cubaines
agatisé	agatisée	agatisés	agatisées
agaçant	agaçante	agaçants	agaçantes
agenais	agenaise	agenais	agenaises
agenois	agenoise	agenois	agenoises
agglomérant	agglomérante	agglomérants	agglomérantes
aggloméré	agglomérée	agglomérés	agglomérées
agglutinant	agglutinante	agglutinants	agglutinantes
agglutiné	agglutinée	agglutinés	agglutinées
aggravant	aggravante	aggravants	aggravantes
agile	agile	agiles	agiles
agissant	agissante	agissants	agissantes
agitant	agitante	agitants	agitantes
agité	agitée	agités	agitées
aglyphe	aglyphe	aglyphes	aglyphes
agnat	agnate	agnats	agnates
agnathe	agnathe	agnathes	agnathes
agnelin	agneline	agnelins	agnelines
agnostique	agnostique	agnostiques	agnostiques
agonisant	agonisante	agonisants	agonisantes
agoniste	agoniste	agonistes	agonistes
agrafeur	agrafeuse	agrafeurs	agrafeuses
agraire	agraire	agraires	agraires
agrammatical	agrammaticale	agrammaticaux	agrammaticales
agrandi	agrandie	agrandis	agrandies
agrarien	agrarienne	agrariens	agrariennes
agressif	agressive	agressifs	agressives
agressé	agressée	agressés	agressées
agreste	agreste	agrestes	agrestes
agricole	agricole	agricoles	agricoles
agro-alimentaire	agro-alimentaire	agro-alimentaires	agro-alimentaires
agroalimentaire	agroalimentaire	agroalimentaires	agroalimentaires
agrochimique	agrochimique	agrochimiques	agrochimiques
agrologique	agrologique	agrologiques	agrologiques
agronomique	agronomique	agronomiques	agronomiques
agréable	agréable	agréables	agréables
agrégatif	agrégative	agrégatifs	agrégatives
agrégé	agrégée	agrégés	agrégées
aguichant	aguichante	aguichants	aguichantes
aguicheur	aguicheuse	aguicheurs	aguicheuses
ahanant	ahanante	ahanants	ahanantes
ahuri	ahurie	ahuris	ahuries
ahurissant	ahurissante	ahurissants	ahurissantes
aigre	aigre	aigres	aigres
aigre-doux	aigre-douce	aigres-doux	aigres-douces
aigrelet	aigrelette	aigrelets	aigrelettes
aigretté	aigrettée	aigrettés	aigrettées
aigri	aigrie	aigris	aigries
aigu	aiguë	aigus	aiguës
aiguilleté	aiguilletée	aiguilletés	aiguilletées
aiguiseur	aiguiseuse	aiguiseurs	aiguiseuses
aiguisé	aiguisée	aiguisés	aiguisées
aillé	aillée	aillés	aillées
ailé	ailée	ailés	ailées
aimable	aimable	aimables	aimables
aimant	aimante	aimants	aimantes
aimanté	aimantée	aimantés	aimantées
aimé	aimée	aimés	aimées
aise	aise	aises	aises
aisé	aisée	aisés	aisées
aixois	aixoise	aixois	aixoises
ajaccien	ajaccienne	ajacciens	ajacciennes
ajacéen	ajacéenne	ajacéens	ajacéennes
ajiste	ajiste	ajistes	ajistes
ajournable	ajournable	ajournables	ajournables
ajourné	ajournée	ajournés	ajournées
ajouré	ajourée	ajourés	ajourées
ajusté	ajustée	ajustés	ajustées
akkadien	akkadienne	akkadiens	akkadiennes
alaire	alaire	alaires	alaires
alambiqué	alambiquée	alambiqués	alambiquées
alangui	alanguie	alanguis	alanguies
alaouite	alaouite	alaouites	alaouites
alarmant	alarmante	alarmants	alarmantes
alarmiste	alarmiste	alarmistes	alarmistes
alarmé	alarmée	alarmés	alarmées
albanais	albanaise	albanais	albanaises
albanophone	albanophone	albanophones	albanophones
albigeois	albigeoise	albigeois	albigeoises
albuginé	albuginée	albuginés	albuginées
albumineux	albumineuse	albumineux	albumineuses
albuminoïde	albuminoïde	albuminoïdes	albuminoïdes
albuminurique	albuminurique	albuminuriques	albuminuriques
albuminé	albuminée	albuminés	albuminées
alcalescent	alcalescente	alcalescents	alcalescentes
alcalifiant	alcalifiante	alcalifiants	alcalifiantes
alcalin	alcaline	alcalins	alcalines
alcalinisant	alcalinisante	alcalinisants	alcalinisantes
alcaïque	alcaïque	alcaïques	alcaïques
alchimique	alchimique	alchimiques	alchimiques
alcoolique	alcoolique	alcooliques	alcooliques
alcoolisable	alcoolisable	alcoolisables	alcoolisables
alcoolisé	alcoolisée	alcoolisés	alcoolisées
aldin	aldine	aldins	aldines
aldéhydique	aldéhydique	aldéhydiques	aldéhydiques
alerte	alerte	alertes	alertes
alexandrin	alexandrine	alexandrins	alexandrines
alezan	alezane	alezans	alezanes
alfatier	alfatière	alfatiers	alfatières
algide	algide	algides	algides
algique	algique	algiques	algiques
algonquin	algonquine	algonquins	algonquines
algorithmique	algorithmique	algorithmiques	algorithmiques
algébrique	algébrique	algébriques	algébriques
algérien	algérienne	algériens	algériennes
algérois	algéroise	algérois	algéroises
aliforme	aliforme	aliformes	aliformes
alifère	alifère	alifères	alifères
aligoté	aligotée	aligotés	aligotées
alimentaire	alimentaire	alimentaires	alimentaires
aliphatique	aliphatique	aliphatiques	aliphatiques
aliquant	aliquante	aliquants	aliquantes
aliquot	aliquote	aliquots	aliquotes
alizé	alizée	alizés	alizées
aliénable	aliénable	aliénables	aliénables
aliénant	aliénante	aliénants	aliénantes
aliéniste	aliéniste	aliénistes	aliénistes
aliéné	aliénée	aliénés	aliénées
allaitant	allaitante	allaitants	allaitantes
allant	allante	allants	allantes
allemand	allemande	allemands	allemandes
allergique	allergique	allergiques	allergiques
allergisant	allergisante	allergisants	allergisantes
alliable	alliable	alliables	alliables
alliacé	alliacée	alliacés	alliacées
allié	alliée	alliés	alliées
allocentriste	allocentriste	allocentristes	allocentristes
allochtone	allochtone	allochtones	allochtones
allodial	allodiale	allodiaux	allodiales
allogène	allogène	allogènes	allogènes
allongeable	allongeable	allongeables	allongeables
allongé	allongée	allongés	allongées
allopathe	allopathe	allopathes	allopathes
allopathique	allopathique	allopathiques	allopathiques
allostérique	allostérique	allostériques	allostériques
allotropique	allotropique	allotropiques	allotropiques
allouable	allouable	allouables	allouables
allumant	allumante	allumants	allumantes
allumettier	allumettière	allumettiers	allumettières
allumeur	allumeuse	allumeurs	allumeuses
allumé	allumée	allumés	allumées
alluré	allurée	allurés	allurées
allusif	allusive	allusifs	allusives
alluvial	alluviale	alluviaux	alluviales
alluvionnaire	alluvionnaire	alluvionnaires	alluvionnaires
allylique	allylique	allyliques	allyliques
allègre	allègre	allègres	allègres
allèle	allèle	allèles	allèles
alléchant	alléchante	alléchants	alléchantes
allégeant	allégeante	allégeants	allégeantes
allégorique	allégorique	allégoriques	allégoriques
allégé	allégée	allégés	allégées
allélomorphe	allélomorphe	allélomorphes	allélomorphes
alogique	alogique	alogiques	alogiques
alourdissant	alourdissante	alourdissants	alourdissantes
alpestre	alpestre	alpestres	alpestres
alphabète	alphabète	alphabètes	alphabètes
alphabétique	alphabétique	alphabétiques	alphabétiques
alphanumérique	alphanumérique	alphanumériques	alphanumériques
alpin	alpine	alpins	alpines
alsacien	alsacienne	alsaciens	alsaciennes
altaïque	altaïque	altaïques	altaïques
alternant	alternante	alternants	alternantes
alternatif	alternative	alternatifs	alternatives
alterne	alterne	alternes	alternes
alterné	alternée	alternés	alternées
altier	altière	altiers	altières
altimontain	altimontaine	altimontains	altimontaines
altogovien	altogovienne	altogoviens	altogoviennes
altruiste	altruiste	altruistes	altruistes
altérable	altérable	altérables	altérables
altéragène	altéragène	altéragènes	altéragènes
altérant	altérante	altérants	altérantes
altéré	altérée	altérés	altérées
alumineux	alumineuse	alumineux	alumineuses
alunifère	alunifère	alunifères	alunifères
alvin	alvine	alvins	alvines
alvéolaire	alvéolaire	alvéolaires	alvéolaires
alvéolé	alvéolée	alvéolés	alvéolées
aléatoire	aléatoire	aléatoires	aléatoires
alémanique	alémanique	alémaniques	alémaniques
alénois	alénoise	alénois	alénoises
aléseur	aléseuse	aléseurs	aléseuses
alésien	alésienne	alésiens	alésiennes
alésé	alésée	alésés	alésées
amaigri	amaigrie	amaigris	amaigries
amaigrissant	amaigrissante	amaigrissants	amaigrissantes
amaril	amarile	amarils	amariles
amarnien	amarnienne	amarniens	amarniennes
amateur	amateur	amateurs	amateurs
amaurotique	amaurotique	amaurotiques	amaurotiques
amazonien	amazonienne	amazoniens	amazoniennes
ambassadorial	ambassadoriale	ambassadoriaux	ambassadoriales
ambiant	ambiante	ambiants	ambiantes
ambidextre	ambidextre	ambidextres	ambidextres
ambigu	ambiguë	ambigus	ambiguës
ambisexué	ambisexuée	ambisexués	ambisexuées
ambitieux	ambitieuse	ambitieux	ambitieuses
ambivalent	ambivalente	ambivalents	ambivalentes
ambleur	ambleuse	ambleurs	ambleuses
amblyope	amblyope	amblyopes	amblyopes
ambrosien	ambrosienne	ambrosiens	ambrosiennes
ambré	ambrée	ambrés	ambrées
ambulancier	ambulancière	ambulanciers	ambulancières
ambulant	ambulante	ambulants	ambulantes
ambulatoire	ambulatoire	ambulatoires	ambulatoires
amendable	amendable	amendables	amendables
amentifère	amentifère	amentifères	amentifères
amer	amère	amers	amères
amharique	amharique	amhariques	amhariques
ami	amie	amis	amies
amiable	amiable	amiables	amiables
amibien	amibienne	amibiens	amibiennes
amiboïde	amiboïde	amiboïdes	amiboïdes
amical	amicale	amicaux	amicales
amidonnier	amidonnière	amidonniers	amidonnières
amincissant	amincissante	amincissants	amincissantes
aminé	aminée	aminés	aminées
amiral	amirale	amiraux	amirales
amiénois	amiénoise	amiénois	amiénoises
ammoniac	ammoniac	ammoniacs	ammoniacs
ammoniacal	ammoniacale	ammoniacaux	ammoniacales
ammophile	ammophile	ammophiles	ammophiles
amniotique	amniotique	amniotiques	amniotiques
amnistiable	amnistiable	amnistiables	amnistiables
amnistiant	amnistiante	amnistiants	amnistiantes
amnistié	amnistiée	amnistiés	amnistiées
amnésique	amnésique	amnésiques	amnésiques
amoindrissant	amoindrissante	amoindrissants	amoindrissantes
amollissant	amollissante	amollissants	amollissantes
amoral	amorale	amoraux	amorales
amoraliste	amoraliste	amoralistes	amoralistes
amorphe	amorphe	amorphes	amorphes
amorti	amortie	amortis	amorties
amortissable	amortissable	amortissables	amortissables
amortisseur	amortisseuse	amortisseurs	amortisseuses
amoureux	amoureuse	amoureux	amoureuses
amovible	amovible	amovibles	amovibles
amphibie	amphibie	amphibies	amphibies
amphibologique	amphibologique	amphibologiques	amphibologiques
amphictyonique	amphictyonique	amphictyoniques	amphictyoniques
amphigourique	amphigourique	amphigouriques	amphigouriques
amphipode	amphipode	amphipodes	amphipodes
amphotère	amphotère	amphotères	amphotères
ample	ample	amples	amples
amplectif	amplective	amplectifs	amplectives
ampliatif	ampliative	ampliatifs	ampliatives
amplifiant	amplifiante	amplifiants	amplifiantes
amplificateur	amplificatrice	amplificateurs	amplificatrices
amplifié	amplifiée	amplifiés	amplifiées
ampoulé	ampoulée	ampoulés	ampoulées
ampullaire	ampullaire	ampullaires	ampullaires
amputé	amputée	amputés	amputées
amstellodamien	amstellodamienne	amstellodamiens	amstellodamiennes
amstellodamois	amstellodamoise	amstellodamois	amstellodamoises
amusant	amusante	amusants	amusantes
amusé	amusée	amusés	amusées
amylacé	amylacée	amylacés	amylacées
amylique	amylique	amyliques	amyliques
amène	amène	amènes	amènes
améliorable	améliorable	améliorables	améliorables
améliorant	améliorante	améliorants	améliorantes
aménageable	aménageable	aménageables	aménageables
américain	américaine	américains	américaines
américaniste	américaniste	américanistes	américanistes
américanophile	américanophile	américanophiles	américanophiles
amérindien	amérindienne	amérindiens	amérindiennes
amétrope	amétrope	amétropes	amétropes
anabaptiste	anabaptiste	anabaptistes	anabaptistes
anabolisant	anabolisante	anabolisants	anabolisantes
anachorétique	anachorétique	anachorétiques	anachorétiques
anachronique	anachronique	anachroniques	anachroniques
anacréontique	anacréontique	anacréontiques	anacréontiques
anaglyptique	anaglyptique	anaglyptiques	anaglyptiques
anagogique	anagogique	anagogiques	anagogiques
anagrammatique	anagrammatique	anagrammatiques	anagrammatiques
anal	anale	anaux	anales
analeptique	analeptique	analeptiques	analeptiques
analgésique	analgésique	analgésiques	analgésiques
anallergique	anallergique	anallergiques	anallergiques
analogique	analogique	analogiques	analogiques
analogue	analogue	analogues	analogues
analphabète	analphabète	analphabètes	analphabètes
analysable	analysable	analysables	analysables
analytique	analytique	analytiques	analytiques
anaphorique	anaphorique	anaphoriques	anaphoriques
anaphrodisiaque	anaphrodisiaque	anaphrodisiaques	anaphrodisiaques
anaphylactique	anaphylactique	anaphylactiques	anaphylactiques
anarchique	anarchique	anarchiques	anarchiques
anarchisant	anarchisante	anarchisants	anarchisantes
anarchiste	anarchiste	anarchistes	anarchistes
anarcho-syndicaliste	anarcho-syndicaliste	anarcho-syndicalistes	anarcho-syndicalistes
anastigmat	anastigmate	anastigmats	anastigmates
anastomosé	anastomosée	anastomosés	anastomosées
anathème	anathème	anathèmes	anathèmes
anatolien	anatolienne	anatoliens	anatoliennes
anatomique	anatomique	anatomiques	anatomiques
anaérobie	anaérobie	anaérobies	anaérobies
ancestral	ancestrale	ancestraux	ancestrales
ancien	ancienne	anciens	anciennes
ancillaire	ancillaire	ancillaires	ancillaires
andalou	andalouse	andalous	andalouses
andin	andine	andins	andines
andorran	andorrane	andorrans	andorranes
androcéphale	androcéphale	androcéphales	androcéphales
androgyne	androgyne	androgynes	androgynes
androgène	androgène	androgènes	androgènes
androïde	androïde	androïdes	androïdes
anecdotique	anecdotique	anecdotiques	anecdotiques
anesthésiant	anesthésiante	anesthésiants	anesthésiantes
anesthésique	anesthésique	anesthésiques	anesthésiques
angevin	angevine	angevins	angevines
angineux	angineuse	angineux	angineuses
anglais	anglaise	anglais	anglaises
anglican	anglicane	anglicans	anglicanes
anglicisant	anglicisante	anglicisants	anglicisantes
anglo-arabe	anglo-arabe	anglo-arabes	anglo-arabes
anglo-normand	anglo-normande	anglo-normands	anglo-normandes
anglo-saxon	anglo-saxonne	anglo-saxons	anglo-saxonnes
anglomane	anglomane	anglomanes	anglomanes
anglophile	anglophile	anglophiles	anglophiles
anglophobe	anglophobe	anglophobes	anglophobes
anglophone	anglophone	anglophones	anglophones
angoissant	angoissante	angoissants	angoissantes
angoissé	angoissée	angoissés	angoissées
angolais	angolaise	angolais	angolaises
angoumois	angoumoise	angoumois	angoumoises
anguiforme	anguiforme	anguiformes	anguiformes
angulaire	angulaire	angulaires	angulaires
anguleux	anguleuse	anguleux	anguleuses
angustifolié	angustifoliée	angustifoliés	angustifoliées
angélique	angélique	angéliques	angéliques
anharmonique	anharmonique	anharmoniques	anharmoniques
anhydre	anhydre	anhydres	anhydres
anictérique	anictérique	anictériques	anictériques
animal	animale	animaux	animales
animalier	animalière	animaliers	animalières
animiste	animiste	animistes	animistes
animé	animée	animés	animées
anisotrope	anisotrope	anisotropes	anisotropes
anisé	anisée	anisés	anisées
ankylosant	ankylosante	ankylosants	ankylosantes
ankylosé	ankylosée	ankylosés	ankylosées
annal	annale	annaux	annales
annamite	annamite	annamites	annamites
annelé	annelée	annelés	annelées
annexe	annexe	annexes	annexes
annexionniste	annexionniste	annexionnistes	annexionnistes
anniversaire	anniversaire	anniversaires	anniversaires
annonciateur	annonciatrice	annonciateurs	annonciatrices
annuel	annuelle	annuels	annuelles
annulable	annulable	annulables	annulables
annulaire	annulaire	annulaires	annulaires
annécien	annécienne	annéciens	annéciennes
anobli	anoblie	anoblis	anoblies
anoblissant	anoblissante	anoblissants	anoblissantes
anodin	anodine	anodins	anodines
anodonte	anodonte	anodontes	anodontes
anomal	anomale	anomaux	anomales
anomique	anomique	anomiques	anomiques
anonyme	anonyme	anonymes	anonymes
anorexique	anorexique	anorexiques	anorexiques
anormal	anormale	anormaux	anormales
anoure	anoure	anoures	anoures
ansé	ansée	ansés	ansées
ansériforme	ansériforme	ansériformes	ansériformes
ansérin	ansérine	ansérins	ansérines
antagonique	antagonique	antagoniques	antagoniques
antagoniste	antagoniste	antagonistes	antagonistes
antalgique	antalgique	antalgiques	antalgiques
antarctique	antarctique	antarctiques	antarctiques
antenais	antenaise	antenais	antenaises
anthropique	anthropique	anthropiques	anthropiques
anthropocentrique	anthropocentrique	anthropocentriques	anthropocentriques
anthropologique	anthropologique	anthropologiques	anthropologiques
anthropomorphe	anthropomorphe	anthropomorphes	anthropomorphes
anthropomorphique	anthropomorphique	anthropomorphiques	anthropomorphiques
anthropométrique	anthropométrique	anthropométriques	anthropométriques
anthropoïde	anthropoïde	anthropoïdes	anthropoïdes
anti-scientifique	anti-scientifique	anti-scientifiques	anti-scientifiques
anti-sous-marin	anti-sous-marine	anti-sous-marins	anti-sous-marines
anti-spam	anti-spam	anti-spams	anti-spams
antialcoolique	antialcoolique	antialcooliques	antialcooliques
antiallergique	antiallergique	antiallergiques	antiallergiques
antiamaril	antiamarile	antiamarils	antiamariles
antiasthmatique	antiasthmatique	antiasthmatiques	antiasthmatiques
antiatomique	antiatomique	antiatomiques	antiatomiques
antiaérien	antiaérienne	antiaériens	antiaériennes
antibiotique	antibiotique	antibiotiques	antibiotiques
antibrouillé	antibrouillée	antibrouillés	antibrouillées
anticancéreux	anticancéreuse	anticancéreux	anticancéreuses
anticapitaliste	anticapitaliste	anticapitalistes	anticapitalistes
anticasseur	anticasseur	anticasseurs	anticasseurs
antichar	antichar	antichars	antichars
anticipant	anticipante	anticipants	anticipantes
anticipateur	anticipatrice	anticipateurs	anticipatrices
anticipatif	anticipative	anticipatifs	anticipatives
anticipatoire	anticipatoire	anticipatoires	anticipatoires
anticipé	anticipée	anticipés	anticipées
anticlinal	anticlinale	anticlinaux	anticlinales
anticlérical	anticléricale	anticléricaux	anticléricales
anticoagulant	anticoagulante	anticoagulants	anticoagulantes
anticolonialiste	anticolonialiste	anticolonialistes	anticolonialistes
anticommuniste	anticommuniste	anticommunistes	anticommunistes
anticonceptionnel	anticonceptionnelle	anticonceptionnels	anticonceptionnelles
anticonformiste	anticonformiste	anticonformistes	anticonformistes
anticonjoncturel	anticonjoncturelle	anticonjoncturels	anticonjoncturelles
anticonstitutionnel	anticonstitutionnelle	anticonstitutionnels	anticonstitutionnelles
anticryptogamique	anticryptogamique	anticryptogamiques	anticryptogamiques
anticyclique	anticyclique	anticycliques	anticycliques
anticyclonal	anticyclonale	anticyclonaux	anticyclonales
anticyclonique	anticyclonique	anticycloniques	anticycloniques
antidaté	antidatée	antidatés	antidatées
antidiphtérique	antidiphtérique	antidiphtériques	antidiphtériques
antidéflagrant	antidéflagrante	antidéflagrants	antidéflagrantes
antidémocratique	antidémocratique	antidémocratiques	antidémocratiques
antidépresseur	antidépresseur	antidépresseurs	antidépresseurs
antidérapant	antidérapante	antidérapants	antidérapantes
antidétonant	antidétonante	antidétonants	antidétonantes
antiesclavagiste	antiesclavagiste	antiesclavagistes	antiesclavagistes
antifasciste	antifasciste	antifascistes	antifascistes
antigel	antigel	antigels	antigels
antigouvernemental	antigouvernementale	antigouvernementaux	antigouvernementales
antigravitationnel	antigravitationnelle	antigravitationnels	antigravitationnelles
antihistaminique	antihistaminique	antihistaminiques	antihistaminiques
antihygiénique	antihygiénique	antihygiéniques	antihygiéniques
antilibéral	antilibérale	antilibéraux	antilibérales
antilithique	antilithique	antilithiques	antilithiques
antillais	antillaise	antillais	antillaises
antimigraineux	antimigraineuse	antimigraineux	antimigraineuses
antimilitariste	antimilitariste	antimilitaristes	antimilitaristes
antimissile	antimissile	antimissiles	antimissiles
antimitotique	antimitotique	antimitotiques	antimitotiques
antimonarchique	antimonarchique	antimonarchiques	antimonarchiques
antimonarchiste	antimonarchiste	antimonarchistes	antimonarchistes
antimonial	antimoniale	antimoniaux	antimoniales
antimycotique	antimycotique	antimycotiques	antimycotiques
antinational	antinationale	antinationaux	antinationales
antinaturel	antinaturelle	antinaturels	antinaturelles
antinazi	antinazie	antinazis	antinazies
antinomique	antinomique	antinomiques	antinomiques
antinucléaire	antinucléaire	antinucléaires	antinucléaires
antinévralgique	antinévralgique	antinévralgiques	antinévralgiques
antioxydant	antioxydante	antioxydants	antioxydantes
antipaludique	antipaludique	antipaludiques	antipaludiques
antipaludéen	antipaludéenne	antipaludéens	antipaludéennes
antiparallèle	antiparallèle	antiparallèles	antiparallèles
antiparasite	antiparasite	antiparasites	antiparasites
antiparlementaire	antiparlementaire	antiparlementaires	antiparlementaires
antipathique	antipathique	antipathiques	antipathiques
antipatriotique	antipatriotique	antipatriotiques	antipatriotiques
antiphlogistique	antiphlogistique	antiphlogistiques	antiphlogistiques
antipoliomyélitique	antipoliomyélitique	antipoliomyélitiques	antipoliomyélitiques
antipyrétique	antipyrétique	antipyrétiques	antipyrétiques
antipéristaltique	antipéristaltique	antipéristaltiques	antipéristaltiques
antique	antique	antiques	antiques
antirabique	antirabique	antirabiques	antirabiques
antirachitique	antirachitique	antirachitiques	antirachitiques
antiraciste	antiraciste	antiracistes	antiracistes
antirationnel	antirationnelle	antirationnels	antirationnelles
antireligieux	antireligieuse	antireligieux	antireligieuses
antiréglementaire	antiréglementaire	antiréglementaires	antiréglementaires
antirépublicain	antirépublicaine	antirépublicains	antirépublicaines
antirétroviral	antirétrovirale	antirétroviraux	antirétrovirales
antirévisionniste	antirévisionniste	antirévisionnistes	antirévisionnistes
antiscorbutique	antiscorbutique	antiscorbutiques	antiscorbutiques
antiseptique	antiseptique	antiseptiques	antiseptiques
antisocial	antisociale	antisociaux	antisociales
antispasmodique	antispasmodique	antispasmodiques	antispasmodiques
antisportif	antisportive	antisportifs	antisportives
antisymétrique	antisymétrique	antisymétriques	antisymétriques
antisyphilitique	antisyphilitique	antisyphilitiques	antisyphilitiques
antiségrégationniste	antiségrégationniste	antiségrégationnistes	antiségrégationnistes
antisémite	antisémite	antisémites	antisémites
antithermique	antithermique	antithermiques	antithermiques
antithétique	antithétique	antithétiques	antithétiques
antitoxique	antitoxique	antitoxiques	antitoxiques
antituberculeux	antituberculeuse	antituberculeux	antituberculeuses
antityphique	antityphique	antityphiques	antityphiques
antitétanique	antitétanique	antitétaniques	antitétaniques
antivariolique	antivariolique	antivarioliques	antivarioliques
antivenimeux	antivenimeuse	antivenimeux	antivenimeuses
antivénéneux	antivénéneuse	antivénéneux	antivénéneuses
antécédent	antécédente	antécédents	antécédentes
antédiluvien	antédiluvienne	antédiluviens	antédiluviennes
antépénultième	antépénultième	antépénultièmes	antépénultièmes
antérieur	antérieure	antérieurs	antérieures
antérograde	antérograde	antérogrades	antérogrades
anversois	anversoise	anversois	anversoises
anxieux	anxieuse	anxieux	anxieuses
anxiolytique	anxiolytique	anxiolytiques	anxiolytiques
anémiant	anémiante	anémiants	anémiantes
anémique	anémique	anémiques	anémiques
anémié	anémiée	anémiés	anémiées
anémochore	anémochore	anémochores	anémochores
anémophile	anémophile	anémophiles	anémophiles
anéroïde	anéroïde	anéroïdes	anéroïdes
anévrismal	anévrismale	anévrismaux	anévrismales
aortique	aortique	aortiques	aortiques
aoûté	aoûtée	aoûtés	aoûtées
apache	apache	apaches	apaches
apagogique	apagogique	apagogiques	apagogiques
apaisant	apaisante	apaisants	apaisantes
apathique	apathique	apathiques	apathiques
apatride	apatride	apatrides	apatrides
apercevable	apercevable	apercevables	apercevables
apeuré	apeurée	apeurés	apeurées
aphasique	aphasique	aphasiques	aphasiques
aphone	aphone	aphones	aphones
aphoristique	aphoristique	aphoristiques	aphoristiques
aphrodisiaque	aphrodisiaque	aphrodisiaques	aphrodisiaques
aphteux	aphteuse	aphteux	aphteuses
aphylle	aphylle	aphylles	aphylles
apical	apicale	apicaux	apicales
apicole	apicole	apicoles	apicoles
aplanétique	aplanétique	aplanétiques	aplanétiques
aplasique	aplasique	aplasiques	aplasiques
aplati	aplatie	aplatis	aplaties
apocalyptique	apocalyptique	apocalyptiques	apocalyptiques
apocarpique	apocarpique	apocarpiques	apocarpiques
apocryphe	apocryphe	apocryphes	apocryphes
apode	apode	apodes	apodes
apodictique	apodictique	apodictiques	apodictiques
apolitique	apolitique	apolitiques	apolitiques
apollinien	apollinienne	apolliniens	apolliniennes
apologétique	apologétique	apologétiques	apologétiques
aponévrotique	aponévrotique	aponévrotiques	aponévrotiques
apophysaire	apophysaire	apophysaires	apophysaires
apoplectique	apoplectique	apoplectiques	apoplectiques
aporétique	aporétique	aporétiques	aporétiques
apostat	apostat	apostats	apostats
apostolique	apostolique	apostoliques	apostoliques
appalachien	appalachienne	appalachiens	appalachiennes
apparent	apparente	apparents	apparentes
apparenté	apparentée	apparentés	apparentées
apparié	appariée	appariés	appariées
appartenant	appartenante	appartenants	appartenantes
appelant	appelante	appelants	appelantes
appellatif	appellative	appellatifs	appellatives
appelé	appelée	appelés	appelées
appendiculaire	appendiculaire	appendiculaires	appendiculaires
applicable	applicable	applicables	applicables
applicateur	applicatrice	applicateurs	applicatrices
applicatif	applicative	applicatifs	applicatives
appliqué	appliquée	appliqués	appliquées
appointé	appointée	appointés	appointées
apporteur	apporteuse	apporteurs	apporteuses
apposé	apposée	apposés	apposées
apprimé	apprimée	apprimés	apprimées
apprivoisable	apprivoisable	apprivoisables	apprivoisables
apprivoiseur	apprivoiseuse	apprivoiseurs	apprivoiseuses
apprivoisé	apprivoisée	apprivoisés	apprivoisées
approbateur	approbatrice	approbateurs	approbatrices
approbatif	approbative	approbatifs	approbatives
approchable	approchable	approchables	approchables
approchant	approchante	approchants	approchantes
approché	approchée	approchés	approchées
approfondi	approfondie	approfondis	approfondies
appropriable	appropriable	appropriables	appropriables
approprié	appropriée	appropriés	appropriées
approuvable	approuvable	approuvables	approuvables
approuvé	approuvée	approuvés	approuvées
approvisionneur	approvisionneuse	approvisionneurs	approvisionneuses
approximatif	approximative	approximatifs	approximatives
appréciable	appréciable	appréciables	appréciables
appréciateur	appréciatrice	appréciateurs	appréciatrices
appréciatif	appréciative	appréciatifs	appréciatives
appréhensif	appréhensive	appréhensifs	appréhensives
apprêté	apprêtée	apprêtés	apprêtées
appuyé	appuyée	appuyés	appuyées
appétissant	appétissante	appétissants	appétissantes
apragmatique	apragmatique	apragmatiques	apragmatiques
apraxique	apraxique	apraxiques	apraxiques
apriorique	apriorique	aprioriques	aprioriques
aprioriste	aprioriste	aprioristes	aprioristes
apriste	apriste	apristes	apristes
apte	apte	aptes	aptes
aptère	aptère	aptères	aptères
apériteur	apéritrice	apériteurs	apéritrices
apéritif	apéritive	apéritifs	apéritives
apétale	apétale	apétales	apétales
aquafortiste	aquafortiste	aquafortistes	aquafortistes
aquatique	aquatique	aquatiques	aquatiques
aqueux	aqueuse	aqueux	aqueuses
aquicole	aquicole	aquicoles	aquicoles
aquifère	aquifère	aquifères	aquifères
aquilin	aquiline	aquilins	aquilines
aquisextain	aquisextaine	aquisextains	aquisextaines
aquitain	aquitaine	aquitains	aquitaines
arabe	arabe	arabes	arabes
arabique	arabique	arabiques	arabiques
arabisant	arabisante	arabisants	arabisantes
arabiste	arabiste	arabistes	arabistes
arable	arable	arables	arables
arabophone	arabophone	arabophones	arabophones
arachnoïde	arachnoïde	arachnoïdes	arachnoïdes
arachnéen	arachnéenne	arachnéens	arachnéennes
aragonais	aragonaise	aragonais	aragonaises
araméen	araméenne	araméens	araméennes
aratoire	aratoire	aratoires	aratoires
arbitragiste	arbitragiste	arbitragistes	arbitragistes
arbitraire	arbitraire	arbitraires	arbitraires
arbitral	arbitrale	arbitraux	arbitrales
arboisien	arboisienne	arboisiens	arboisiennes
arborescent	arborescente	arborescents	arborescentes
arboricole	arboricole	arboricoles	arboricoles
arborisé	arborisée	arborisés	arborisées
arboré	arborée	arborés	arborées
arbustif	arbustive	arbustifs	arbustives
arcadien	arcadienne	arcadiens	arcadiennes
archangélique	archangélique	archangéliques	archangéliques
archanthropien	archanthropienne	archanthropiens	archanthropiennes
archaïque	archaïque	archaïques	archaïques
archaïsant	archaïsante	archaïsants	archaïsantes
archidiocésain	archidiocésaine	archidiocésains	archidiocésaines
archimédien	archimédienne	archimédiens	archimédiennes
archiplein	archipleine	archipleins	archipleines
archipresbytéral	archipresbytérale	archipresbytéraux	archipresbytérales
architectonique	architectonique	architectoniques	architectoniques
architectural	architecturale	architecturaux	architecturales
architecturé	architecturée	architecturés	architecturées
archivistique	archivistique	archivistiques	archivistiques
archiépiscopal	archiépiscopale	archiépiscopaux	archiépiscopales
archéen	archéenne	archéens	archéennes
archéologique	archéologique	archéologiques	archéologiques
archétypal	archétypale	archétypaux	archétypales
archétypique	archétypique	archétypiques	archétypiques
arctique	arctique	arctiques	arctiques
ardennais	ardennaise	ardennais	ardennaises
ardent	ardente	ardents	ardentes
ardoisier	ardoisière	ardoisiers	ardoisières
ardoisé	ardoisée	ardoisés	ardoisées
ardu	ardue	ardus	ardues
ardéchois	ardéchoise	ardéchois	ardéchoises
areligieux	areligieuse	areligieux	areligieuses
argentifère	argentifère	argentifères	argentifères
argentin	argentine	argentins	argentines
argentique	argentique	argentiques	argentiques
argenté	argentée	argentés	argentées
argien	argienne	argiens	argiennes
argilacé	argilacée	argilacés	argilacées
argileux	argileuse	argileux	argileuses
argilique	argilique	argiliques	argiliques
argotique	argotique	argotiques	argotiques
argumentaire	argumentaire	argumentaires	argumentaires
argumentatif	argumentative	argumentatifs	argumentatives
argyrophile	argyrophile	argyrophiles	argyrophiles
aride	aride	arides	arides
arien	arienne	ariens	ariennes
arillé	arillée	arillés	arillées
aristo	aristo	aristos	aristos
aristocrate	aristocrate	aristocrates	aristocrates
aristocratique	aristocratique	aristocratiques	aristocratiques
aristophanesque	aristophanesque	aristophanesques	aristophanesques
aristotélicien	aristotélicienne	aristotéliciens	aristotéliciennes
aristotélique	aristotélique	aristotéliques	aristotéliques
arithmétique	arithmétique	arithmétiques	arithmétiques
ariégeois	ariégeoise	ariégeois	ariégeoises
arlésien	arlésienne	arlésiens	arlésiennes
armillaire	armillaire	armillaires	armillaires
arminien	arminienne	arminiens	arminiennes
armoirié	armoiriée	armoiriés	armoiriées
armorial	armoriale	armoriaux	armoriales
armoricain	armoricaine	armoricains	armoricaines
armorié	armoriée	armoriés	armoriées
armé	armée	armés	armées
arménien	arménienne	arméniens	arméniennes
aromal	aromale	aromals	aromales
aromatique	aromatique	aromatiques	aromatiques
aromatisant	aromatisante	aromatisants	aromatisantes
arpenteur	arpenteuse	arpenteurs	arpenteuses
arpégé	arpégée	arpégés	arpégées
arqué	arquée	arqués	arquées
arrageois	arrageoise	arrageois	arrageoises
arrangeable	arrangeable	arrangeables	arrangeables
arrangeant	arrangeante	arrangeants	arrangeantes
arrivant	arrivante	arrivants	arrivantes
arriviste	arriviste	arrivistes	arrivistes
arrivé	arrivée	arrivés	arrivées
arriéré	arriérée	arriérés	arriérées
arrogant	arrogante	arrogants	arrogantes
arrondi	arrondie	arrondis	arrondies
arrosable	arrosable	arrosables	arrosables
arroseur	arroseuse	arroseurs	arroseuses
arrosé	arrosée	arrosés	arrosées
arsenical	arsenicale	arsenicaux	arsenicales
arsin	arsine	arsins	arsines
arsouille	arsouille	arsouilles	arsouilles
arsénieux	arsénieuse	arsénieux	arsénieuses
arsénique	arsénique	arséniques	arséniques
arthritique	arthritique	arthritiques	arthritiques
articulaire	articulaire	articulaires	articulaires
articulatoire	articulatoire	articulatoires	articulatoires
articulé	articulée	articulés	articulées
artificiel	artificielle	artificiels	artificielles
artificieux	artificieuse	artificieux	artificieuses
artisanal	artisanale	artisanaux	artisanales
artiste	artiste	artistes	artistes
artistique	artistique	artistiques	artistiques
artériel	artérielle	artériels	artérielles
artério-veineux	artério-veineuse	artério-veineux	artério-veineuses
artérioscléreux	artérioscléreuse	artérioscléreux	artérioscléreuses
artéritique	artéritique	artéritiques	artéritiques
artésien	artésienne	artésiens	artésiennes
aryen	aryenne	aryens	aryennes
arythmique	arythmique	arythmiques	arythmiques
aryténoïde	aryténoïde	aryténoïdes	aryténoïdes
aréique	aréique	aréiques	aréiques
arénacé	arénacée	arénacés	arénacées
arénicole	arénicole	arénicoles	arénicoles
aréolaire	aréolaire	aréolaires	aréolaires
aréolé	aréolée	aréolés	aréolées
aréométrique	aréométrique	aréométriques	aréométriques
ascendant	ascendante	ascendants	ascendantes
ascensionnel	ascensionnelle	ascensionnels	ascensionnelles
ascitique	ascitique	ascitiques	ascitiques
asclépiade	asclépiade	asclépiades	asclépiades
ascétique	ascétique	ascétiques	ascétiques
aseptique	aseptique	aseptiques	aseptiques
asexuel	asexuelle	asexuels	asexuelles
asexué	asexuée	asexués	asexuées
ashkénaze	ashkénaze	ashkénazes	ashkénazes
asiate	asiate	asiates	asiates
asiatique	asiatique	asiatiques	asiatiques
asilaire	asilaire	asilaires	asilaires
asinien	asinienne	asiniens	asiniennes
asocial	asociale	asociaux	asociales
asperme	asperme	aspermes	aspermes
asphaltique	asphaltique	asphaltiques	asphaltiques
asphyxiant	asphyxiante	asphyxiants	asphyxiantes
asphyxié	asphyxiée	asphyxiés	asphyxiées
aspirant	aspirante	aspirants	aspirantes
aspirateur	aspiratrice	aspirateurs	aspiratrices
aspiratoire	aspiratoire	aspiratoires	aspiratoires
aspiré	aspirée	aspirés	aspirées
assaillant	assaillante	assaillants	assaillantes
assainissant	assainissante	assainissants	assainissantes
assainisseur	assainisseuse	assainisseurs	assainisseuses
assaisonné	assaisonnée	assaisonnés	assaisonnées
assassin	assassine	assassins	assassines
assassinant	assassinante	assassinants	assassinantes
assermenté	assermentée	assermentés	assermentées
asservissant	asservissante	asservissants	asservissantes
asservisseur	asservisseuse	asservisseurs	asservisseuses
assidu	assidue	assidus	assidues
assidéen	assidéenne	assidéens	assidéennes
assignable	assignable	assignables	assignables
assimilable	assimilable	assimilables	assimilables
assimilateur	assimilatrice	assimilateurs	assimilatrices
assimilationniste	assimilationniste	assimilationnistes	assimilationnistes
assistant	assistante	assistants	assistantes
assisté	assistée	assistés	assistées
assiégeant	assiégeante	assiégeants	assiégeantes
assiégé	assiégée	assiégés	assiégées
associatif	associative	associatifs	associatives
associationniste	associationniste	associationnistes	associationnistes
assoiffé	assoiffée	assoiffés	assoiffées
assommant	assommante	assommants	assommantes
assomptionniste	assomptionniste	assomptionnistes	assomptionnistes
assonancé	assonancée	assonancés	assonancées
assonant	assonante	assonants	assonantes
assorti	assortie	assortis	assorties
assoupi	assoupie	assoupis	assoupies
assoupissant	assoupissante	assoupissants	assoupissantes
assourdissant	assourdissante	assourdissants	assourdissantes
assujetti	assujettie	assujettis	assujetties
assujettissant	assujettissante	assujettissants	assujettissantes
assurable	assurable	assurables	assurables
assyrien	assyrienne	assyriens	assyriennes
astatique	astatique	astatiques	astatiques
asthmatique	asthmatique	asthmatiques	asthmatiques
asthénique	asthénique	asthéniques	asthéniques
astigmate	astigmate	astigmates	astigmates
astral	astrale	astraux	astrales
astreignant	astreignante	astreignants	astreignantes
astringent	astringente	astringents	astringentes
astrologique	astrologique	astrologiques	astrologiques
astrométrique	astrométrique	astrométriques	astrométriques
astronautique	astronautique	astronautiques	astronautiques
astronomique	astronomique	astronomiques	astronomiques
astrophysique	astrophysique	astrophysiques	astrophysiques
astucieux	astucieuse	astucieux	astucieuses
asturien	asturienne	asturiens	asturiennes
asymptote	asymptote	asymptotes	asymptotes
asymptotique	asymptotique	asymptotiques	asymptotiques
asymétrique	asymétrique	asymétriques	asymétriques
asynchrone	asynchrone	asynchrones	asynchrones
ataraxique	ataraxique	ataraxiques	ataraxiques
atavique	atavique	ataviques	ataviques
ataxique	ataxique	ataxiques	ataxiques
atemporel	atemporelle	atemporels	atemporelles
athermane	athermane	athermanes	athermanes
athermique	athermique	athermiques	athermiques
athlétique	athlétique	athlétiques	athlétiques
athée	athée	athées	athées
athématique	athématique	athématiques	athématiques
athénien	athénienne	athéniens	athéniennes
athétosique	athétosique	athétosiques	athétosiques
atlantique	atlantique	atlantiques	atlantiques
atmosphérique	atmosphérique	atmosphériques	atmosphériques
atomique	atomique	atomiques	atomiques
atomiste	atomiste	atomistes	atomistes
atomistique	atomistique	atomistiques	atomistiques
atomisé	atomisée	atomisés	atomisées
atonal	atonale	atonaux	atonales
atone	atone	atones	atones
atonique	atonique	atoniques	atoniques
atoxique	atoxique	atoxiques	atoxiques
atrabilaire	atrabilaire	atrabilaires	atrabilaires
atrial	atriale	atriaux	atriales
atroce	atroce	atroces	atroces
atrophiant	atrophiante	atrophiants	atrophiantes
atrophié	atrophiée	atrophiés	atrophiées
attachant	attachante	attachants	attachantes
attaquable	attaquable	attaquables	attaquables
attaquant	attaquante	attaquants	attaquantes
attardé	attardée	attardés	attardées
atteignable	atteignable	atteignables	atteignables
atteint	atteinte	atteints	atteintes
attenant	attenante	attenants	attenantes
attendrissant	attendrissante	attendrissants	attendrissantes
attentatoire	attentatoire	attentatoires	attentatoires
attentif	attentive	attentifs	attentives
attentionné	attentionnée	attentionnés	attentionnées
attentiste	attentiste	attentistes	attentistes
atterrant	atterrante	atterrants	atterrantes
attique	attique	attiques	attiques
attirable	attirable	attirables	attirables
attirant	attirante	attirants	attirantes
attitré	attitrée	attitrés	attitrées
attractif	attractive	attractifs	attractives
attrayant	attrayante	attrayants	attrayantes
attribuable	attribuable	attribuables	attribuables
attributif	attributive	attributifs	attributives
attristant	attristante	attristants	attristantes
atténuant	atténuante	atténuants	atténuantes
atypique	atypique	atypiques	atypiques
atérien	atérienne	atériens	atériennes
aubois	auboise	aubois	auboises
auburnien	auburnienne	auburniens	auburniennes
aubère	aubère	aubères	aubères
auchois	auchoise	auchois	auchoises
aucun	aucune	aucuns	aucunes
audacieux	audacieuse	audacieux	audacieuses
audible	audible	audibles	audibles
audiencier	audiencière	audienciers	audiencières
audio-visuel	audio-visuelle	audio-visuels	audio-visuelles
audiovisuel	audiovisuelle	audiovisuels	audiovisuelles
audit	audite	audits	audites
auditif	auditive	auditifs	auditives
audois	audoise	audois	audoises
audomarois	audomaroise	audomarois	audomaroises
augeron	augeronne	augerons	augeronnes
augmentable	augmentable	augmentables	augmentables
augmentatif	augmentative	augmentatifs	augmentatives
augural	augurale	auguraux	augurales
auguste	auguste	augustes	augustes
augustinien	augustinienne	augustiniens	augustiniennes
aulique	aulique	auliques	auliques
auriculaire	auriculaire	auriculaires	auriculaires
aurifère	aurifère	aurifères	aurifères
aurignacien	aurignacienne	aurignaciens	aurignaciennes
auscitain	auscitaine	auscitains	auscitaines
auscultatoire	auscultatoire	auscultatoires	auscultatoires
austral	australe	australs	australes
australien	australienne	australiens	australiennes
austère	austère	austères	austères
autarcique	autarcique	autarciques	autarciques
authentique	authentique	authentiques	authentiques
autiste	autiste	autistes	autistes
autistique	autistique	autistiques	autistiques
auto-adhésif	auto-adhésive	auto-adhésifs	auto-adhésives
autobiographique	autobiographique	autobiographiques	autobiographiques
autocassable	autocassable	autocassables	autocassables
autochtone	autochtone	autochtones	autochtones
autocinétique	autocinétique	autocinétiques	autocinétiques
autoclave	autoclave	autoclaves	autoclaves
autocollant	autocollante	autocollants	autocollantes
autocratique	autocratique	autocratiques	autocratiques
autodestructeur	autodestructrice	autodestructeurs	autodestructrices
autodidacte	autodidacte	autodidactes	autodidactes
autogame	autogame	autogames	autogames
autogestionnaire	autogestionnaire	autogestionnaires	autogestionnaires
autographe	autographe	autographes	autographes
autoguidé	autoguidée	autoguidés	autoguidées
autogène	autogène	autogènes	autogènes
autogéré	autogérée	autogérés	autogérées
automatique	automatique	automatiques	automatiques
automatisable	automatisable	automatisables	automatisables
automnal	automnale	automnaux	automnales
automobile	automobile	automobiles	automobiles
automobilisable	automobilisable	automobilisables	automobilisables
automoteur	automotrice	automoteurs	automotrices
autonettoyant	autonettoyante	autonettoyants	autonettoyantes
autonome	autonome	autonomes	autonomes
autonomiste	autonomiste	autonomistes	autonomistes
autonyme	autonyme	autonymes	autonymes
autophagique	autophagique	autophagiques	autophagiques
autoportant	autoportante	autoportants	autoportantes
autoporteur	autoporteuse	autoporteurs	autoporteuses
autopropulsé	autopropulsée	autopropulsés	autopropulsées
autorisé	autorisée	autorisés	autorisées
autoritaire	autoritaire	autoritaires	autoritaires
autoroutier	autoroutière	autoroutiers	autoroutières
autorégulateur	autorégulatrice	autorégulateurs	autorégulatrices
autosomique	autosomique	autosomiques	autosomiques
autosuffisant	autosuffisante	autosuffisants	autosuffisantes
autotrophe	autotrophe	autotrophes	autotrophes
autre	autre	autres	autres
autrichien	autrichienne	autrichiens	autrichiennes
auvergnat	auvergnate	auvergnats	auvergnates
auxiliaire	auxiliaire	auxiliaires	auxiliaires
avachi	avachie	avachis	avachies
aval	avale	avals	avales
avalant	avalante	avalants	avalantes
avaliseur	avaliseuse	avaliseurs	avaliseuses
avaliste	avaliste	avalistes	avalistes
avalé	avalée	avalés	avalées
avancé	avancée	avancés	avancées
avant-coureur	avant-coureuse	avant-coureurs	avant-coureuses
avant-dernier	avant-dernière	avant-derniers	avant-dernières
avant-gardiste	avant-gardiste	avant-gardistes	avant-gardistes
avantageux	avantageuse	avantageux	avantageuses
avare	avare	avares	avares
avaricieux	avaricieuse	avaricieux	avaricieuses
avarié	avariée	avariés	avariées
avenant	avenante	avenants	avenantes
aventureux	aventureuse	aventureux	aventureuses
aventurier	aventurière	aventuriers	aventurières
aventuriste	aventuriste	aventuristes	aventuristes
aventuré	aventurée	aventurés	aventurées
avenu	avenue	avenus	avenues
averti	avertie	avertis	averties
avertisseur	avertisseuse	avertisseurs	avertisseuses
aveuglant	aveuglante	aveuglants	aveuglantes
aveugle	aveugle	aveugles	aveugles
aveyronnais	aveyronnaise	aveyronnais	aveyronnaises
aviaire	aviaire	aviaires	aviaires
avicole	avicole	avicoles	avicoles
avide	avide	avides	avides
avignonnais	avignonnaise	avignonnais	avignonnaises
avili	avilie	avilis	avilies
avilissant	avilissante	avilissants	avilissantes
aviné	avinée	avinés	avinées
avisé	avisée	avisés	avisées
avivé	avivée	avivés	avivées
avocassier	avocassière	avocassiers	avocassières
avoisinant	avoisinante	avoisinants	avoisinantes
avouable	avouable	avouables	avouables
avunculaire	avunculaire	avunculaires	avunculaires
axial	axiale	axiaux	axiales
axile	axile	axiles	axiles
axillaire	axillaire	axillaires	axillaires
axiologique	axiologique	axiologiques	axiologiques
axiomatique	axiomatique	axiomatiques	axiomatiques
axonométrique	axonométrique	axonométriques	axonométriques
azerbaïdjanais	azerbaïdjanaise	azerbaïdjanais	azerbaïdjanaises
azilien	azilienne	aziliens	aziliennes
azimutal	azimutale	azimutaux	azimutales
azimuté	azimutée	azimutés	azimutées
azoteux	azoteuse	azoteux	azoteuses
azotique	azotique	azotiques	azotiques
azoté	azotée	azotés	azotées
azotémique	azotémique	azotémiques	azotémiques
azoïque	azoïque	azoïques	azoïques
aztèque	aztèque	aztèques	aztèques
azuré	azurée	azurés	azurées
azyme	azyme	azymes	azymes
azéotrope	azéotrope	azéotropes	azéotropes
azéotropique	azéotropique	azéotropiques	azéotropiques
azéri	azérie	azéris	azéries
aérien	aérienne	aériens	aériennes
aérobie	aérobie	aérobies	aérobies
aérodynamique	aérodynamique	aérodynamiques	aérodynamiques
aéronautique	aéronautique	aéronautiques	aéronautiques
aéronaval	aéronavale	aéronavals	aéronavales
aéroporté	aéroportée	aéroportés	aéroportées
aérospatial	aérospatiale	aérospatiaux	aérospatiales
aéré	aérée	aérés	aérées
aîné	aînée	aînés	aînées
baasiste	baasiste	baasistes	baasistes
babi	babie	babis	babies
babillard	babillarde	babillards	babillardes
babylonien	babylonienne	babyloniens	babyloniennes
bacciforme	bacciforme	bacciformes	bacciformes
bachique	bachique	bachiques	bachiques
bacillaire	bacillaire	bacillaires	bacillaires
bacilliforme	bacilliforme	bacilliformes	bacilliformes
baconien	baconienne	baconiens	baconiennes
bactéricide	bactéricide	bactéricides	bactéricides
bactérien	bactérienne	bactériens	bactériennes
bactériologique	bactériologique	bactériologiques	bactériologiques
bactériostatique	bactériostatique	bactériostatiques	bactériostatiques
badaud	badaude	badauds	badaudes
badegoulien	badegoulienne	badegouliens	badegouliennes
badin	badine	badins	badines
badois	badoise	badois	badoises
bafouilleur	bafouilleuse	bafouilleurs	bafouilleuses
bagarreur	bagarreuse	bagarreurs	bagarreuses
bagué	baguée	bagués	baguées
baha'i	baha'ie	baha'is	baha'ies
bai	baie	bais	baies
baissant	baissante	baissants	baissantes
baissé	baissée	baissés	baissées
baladeur	baladeuse	baladeurs	baladeuses
balafré	balafrée	balafrés	balafrées
balais	balaise	balais	balaises
balancé	balancée	balancés	balancées
balbutiant	balbutiante	balbutiants	balbutiantes
baleinier	baleinière	baleiniers	baleinières
baleiné	baleinée	baleinés	baleinées
balinais	balinaise	balinais	balinaises
balistique	balistique	balistiques	balistiques
balkanique	balkanique	balkaniques	balkaniques
ballant	ballante	ballants	ballantes
ballonné	ballonnée	ballonnés	ballonnées
ballot	ballotte	ballots	ballottes
balnéaire	balnéaire	balnéaires	balnéaires
balourd	balourde	balourds	balourdes
baloutche	baloutche	baloutches	baloutches
balsamique	balsamique	balsamiques	balsamiques
balte	balte	baltes	baltes
baltique	baltique	baltiques	baltiques
balzacien	balzacienne	balzaciens	balzaciennes
balzan	balzane	balzans	balzanes
balèze	balèze	balèzes	balèzes
baléare	baléare	baléares	baléares
bambara	bambara	bambaras	bambaras
bambochard	bambocharde	bambochards	bambochardes
bambocheur	bambocheuse	bambocheurs	bambocheuses
bamiléké	bamilékée	bamilékés	bamilékées
banal	banale	banals	banales
banalisé	banalisée	banalisés	banalisées
bananier	bananière	bananiers	bananières
bancable	bancable	bancables	bancables
bancaire	bancaire	bancaires	bancaires
bancal	bancale	bancals	bancales
bancroche	bancroche	bancroches	bancroches
bandant	bandante	bandants	bandantes
bandé	bandée	bandés	bandées
banlieusard	banlieusarde	banlieusards	banlieusardes
banni	bannie	bannis	bannies
bantou	bantoue	bantous	bantoues
banyamulenge	banyamulenge	banyamulenges	banyamulenges
baoulé	baoulé	baoulés	baoulés
baptismal	baptismale	baptismaux	baptismales
baptistaire	baptistaire	baptistaires	baptistaires
baptiste	baptiste	baptistes	baptistes
baraqué	baraquée	baraqués	baraquées
baratineur	baratineuse	baratineurs	baratineuses
barbant	barbante	barbants	barbantes
barbare	barbare	barbares	barbares
barbaresque	barbaresque	barbaresques	barbaresques
barbe	barbe	barbes	barbes
barbelé	barbelée	barbelés	barbelées
barbifiant	barbifiante	barbifiants	barbifiantes
barbiturique	barbiturique	barbituriques	barbituriques
barbu	barbue	barbus	barbues
barcelonais	barcelonaise	barcelonais	barcelonaises
bardé	bardée	bardés	bardées
bariolé	bariolée	bariolés	bariolées
barlong	barlongue	barlongs	barlongues
barométrique	barométrique	barométriques	barométriques
baroque	baroque	baroques	baroques
barrois	barroise	barrois	barroises
barré	barrée	barrés	barrées
bas	basse	bas	basses
bas-jointé	bas-jointée	bas-jointés	bas-jointées
basal	basale	basaux	basales
basaltique	basaltique	basaltiques	basaltiques
basané	basanée	basanés	basanées
basculant	basculante	basculants	basculantes
basilaire	basilaire	basilaires	basilaires
basilical	basilicale	basilicaux	basilicales
basilique	basilique	basiliques	basiliques
basique	basique	basiques	basiques
basophile	basophile	basophiles	basophiles
basquais	basquaise	basquais	basquaises
basque	basque	basques	basques
bassamois	bassamoise	bassamois	bassamoises
bassinant	bassinante	bassinants	bassinantes
bastiais	bastiaise	bastiais	bastiaises
bastillé	bastillée	bastillés	bastillées
bastionné	bastionnée	bastionnés	bastionnées
batailleur	batailleuse	batailleurs	batailleuses
bataillé	bataillée	bataillés	bataillées
batavique	batavique	bataviques	bataviques
bateleur	bateleuse	bateleurs	bateleuses
bathyal	bathyale	bathyaux	bathyales
bathymétrique	bathymétrique	bathymétriques	bathymétriques
batifolant	batifolante	batifolants	batifolantes
battant	battante	battants	battantes
battu	battue	battus	battues
baudelairien	baudelairienne	baudelairiens	baudelairiennes
bavard	bavarde	bavards	bavardes
bavarois	bavaroise	bavarois	bavaroises
baveur	baveuse	baveurs	baveuses
baveux	baveuse	baveux	baveuses
bayadère	bayadère	bayadères	bayadères
bayésien	bayésienne	bayésiens	bayésiennes
beau	belle	beaux	belles
beauceron	beauceronne	beaucerons	beauceronnes
beauvaisien	beauvaisienne	beauvaisiens	beauvaisiennes
beauvaisin	beauvaisinne	beauvaisins	beauvaisinnes
beauvoirien	beauvoirienne	beauvoiriens	beauvoiriennes
becqué	becquée	becqués	becquées
bedonnant	bedonnante	bedonnants	bedonnantes
beige	beige	beiges	beiges
belge	belge	belges	belges
belgradois	belgradoise	belgradois	belgradoises
belliciste	belliciste	bellicistes	bellicistes
bellifontain	bellifontaine	bellifontains	bellifontaines
belligène	belligène	belligènes	belligènes
belligérant	belligérante	belligérants	belligérantes
belliqueux	belliqueuse	belliqueux	belliqueuses
bellâtre	bellâtre	bellâtres	bellâtres
bengalais	bengalaise	bengalais	bengalaises
bengali	bengali	bengalis	bengalis
benoît	benoîte	benoîts	benoîtes
benthique	benthique	benthiques	benthiques
benzidinique	benzidinique	benzidiniques	benzidiniques
benzoïque	benzoïque	benzoïques	benzoïques
benzylique	benzylique	benzyliques	benzyliques
benzénique	benzénique	benzéniques	benzéniques
benêt	benête	benêts	benêtes
berbère	berbère	berbères	berbères
berbériste	berbériste	berbéristes	berbéristes
berceur	berceuse	berceurs	berceuses
bergsonien	bergsonienne	bergsoniens	bergsoniennes
berlinois	berlinoise	berlinois	berlinoises
berlusconien	berlusconienne	berlusconiens	berlusconiennes
bernois	bernoise	bernois	bernoises
berrichon	berrichonne	berrichons	berrichonnes
berruyer	berruyère	berruyers	berruyères
berçant	berçante	berçants	berçantes
besogneux	besogneuse	besogneux	besogneuses
besson	bessonne	bessons	bessonnes
bestial	bestiale	bestiaux	bestiales
betteravier	betteravière	betteraviers	betteravières
beurrier	beurrière	beurriers	beurrières
beurré	beurrée	beurrés	beurrées
beylical	beylicale	beylicaux	beylicales
biacide	biacide	biacides	biacides
biacromial	biacromiale	biacromials	biacromiales
biacuminé	biacuminée	biacuminés	biacuminées
biafrais	biafraise	biafrais	biafraises
biais	biaise	biais	biaises
biarrot	biarrote	biarrots	biarrotes
bibliographique	bibliographique	bibliographiques	bibliographiques
bibliomane	bibliomane	bibliomanes	bibliomanes
bibliophilique	bibliophilique	bibliophiliques	bibliophiliques
bibliothécaire	bibliothécaire	bibliothécaires	bibliothécaires
bibliothéconomique	bibliothéconomique	bibliothéconomiques	bibliothéconomiques
biblique	biblique	bibliques	bibliques
bicaméral	bicamérale	bicaméraux	bicamérales
bicarré	bicarrée	bicarrés	bicarrées
bicentenaire	bicentenaire	bicentenaires	bicentenaires
bicolore	bicolore	bicolores	bicolores
biconcave	biconcave	biconcaves	biconcaves
biconvexe	biconvexe	biconvexes	biconvexes
bicorne	bicorne	bicornes	bicornes
biculturel	biculturelle	biculturels	biculturelles
bicéphale	bicéphale	bicéphales	bicéphales
bidonnant	bidonnante	bidonnants	bidonnantes
bien-aimé	bien-aimée	bien-aimés	bien-aimées
bien-fondé	bien-fondée	bien-fondés	bien-fondées
bien-pensant	bien-pensante	bien-pensants	bien-pensantes
bienfaisant	bienfaisante	bienfaisants	bienfaisantes
bienfaiteur	bienfaitrice	bienfaiteurs	bienfaitrices
bienheureux	bienheureuse	bienheureux	bienheureuses
biennal	biennale	biennaux	biennales
bienséant	bienséante	bienséants	bienséantes
bienveillant	bienveillante	bienveillants	bienveillantes
bienvenu	bienvenue	bienvenus	bienvenues
biface	biface	bifaces	bifaces
bifide	bifide	bifides	bifides
bifilaire	bifilaire	bifilaires	bifilaires
biflèche	biflèche	biflèches	biflèches
bifocal	bifocale	bifocaux	bifocales
bifoliolé	bifoliolée	bifoliolés	bifoliolées
bifurque	bifurque	bifurques	bifurques
bifurqué	bifurquée	bifurqués	bifurquées
big	big	bigs	bigs
bigame	bigame	bigames	bigames
bigarré	bigarrée	bigarrés	bigarrées
bigle	bigle	bigles	bigles
bigleux	bigleuse	bigleux	bigleuses
bigot	bigote	bigots	bigotes
bigouden	bigouden	bigoudens	bigoudens
bigourdan	bigourdane	bigourdans	bigourdanes
bihebdomadaire	bihebdomadaire	bihebdomadaires	bihebdomadaires
bijectif	bijective	bijectifs	bijectives
bilabial	bilabiale	bilabiaux	bilabiales
bilabié	bilabiée	bilabiés	bilabiées
bilatéral	bilatérale	bilatéraux	bilatérales
bileux	bileuse	bileux	bileuses
biliaire	biliaire	biliaires	biliaires
bilieux	bilieuse	bilieux	bilieuses
bilingue	bilingue	bilingues	bilingues
bilinéaire	bilinéaire	bilinéaires	bilinéaires
bilio-digestif	bilio-digestive	bilio-digestifs	bilio-digestives
bilié	biliée	biliés	biliées
billeté	billetée	billetés	billetées
bilobé	bilobée	bilobés	bilobées
biloculaire	biloculaire	biloculaires	biloculaires
bimane	bimane	bimanes	bimanes
bimensuel	bimensuelle	bimensuels	bimensuelles
bimestriel	bimestrielle	bimestriels	bimestrielles
bimillénaire	bimillénaire	bimillénaires	bimillénaires
bimoteur	bimotrice	bimoteurs	bimotrices
bimétallique	bimétallique	bimétalliques	bimétalliques
bimétalliste	bimétalliste	bimétallistes	bimétallistes
binaire	binaire	binaires	binaires
binational	binationale	binationaux	binationales
binaural	binaurale	binauraux	binaurales
binauriculaire	binauriculaire	binauriculaires	binauriculaires
binoclard	binoclarde	binoclards	binoclardes
binoculaire	binoculaire	binoculaires	binoculaires
binomial	binomiale	binomiaux	binomiales
binôme	binôme	binômes	binômes
bioacoustique	bioacoustique	bioacoustiques	bioacoustiques
biochimique	biochimique	biochimiques	biochimiques
biocide	biocide	biocides	biocides
bioclimatique	bioclimatique	bioclimatiques	bioclimatiques
biodisponible	biodisponible	biodisponibles	biodisponibles
biodégradable	biodégradable	biodégradables	biodégradables
biographique	biographique	biographiques	biographiques
biogénique	biogénique	biogéniques	biogéniques
bioinformatique	bioinformatique	bioinformatiques	bioinformatiques
biologique	biologique	biologiques	biologiques
biomoléculaire	biomoléculaire	biomoléculaires	biomoléculaires
biomorphique	biomorphique	biomorphiques	biomorphiques
biomédical	biomédicale	biomédicaux	biomédicales
bionique	bionique	bioniques	bioniques
biophysique	biophysique	biophysiques	biophysiques
biostatistique	biostatistique	biostatistiques	biostatistiques
biotique	biotique	biotiques	biotiques
biovulé	biovulée	biovulés	biovulées
bioéthique	bioéthique	bioéthiques	bioéthiques
bipale	bipale	bipales	bipales
biparti	bipartie	bipartis	biparties
bipartite	bipartite	bipartites	bipartites
bipenné	bipennée	bipennés	bipennées
biphasé	biphasée	biphasés	biphasées
biplace	biplace	biplaces	biplaces
biplan	biplane	biplans	biplanes
bipolaire	bipolaire	bipolaires	bipolaires
bipolarisé	bipolarisée	bipolarisés	bipolarisées
bipoutre	bipoutre	bipoutres	bipoutres
bipède	bipède	bipèdes	bipèdes
biquotidien	biquotidienne	biquotidiens	biquotidiennes
birman	birmane	birmans	birmanes
biréfringent	biréfringente	biréfringents	biréfringentes
bisannuel	bisannuelle	bisannuels	bisannuelles
biscayen	biscayenne	biscayens	biscayennes
biscaïen	biscaïenne	biscaïens	biscaïennes
biscornu	biscornue	biscornus	biscornues
biscuité	biscuitée	biscuités	biscuitées
biset			
bisexuel	bisexuelle	bisexuels	bisexuelles
bisexué	bisexuée	bisexués	bisexuées
bisontin	bisontine	bisontins	bisontines
bissecteur	bissectrice	bissecteurs	bissectrices
bissextile	bissextile	bissextiles	bissextiles
bissexuel	bissexuelle	bissexuels	bissexuelles
bissexué	bissexuée	bissexués	bissexuées
bistre	bistre	bistres	bistres
bistré	bistrée	bistrés	bistrées
biterrois	biterroise	biterrois	biterroises
bitonal	bitonale	bitonaux	bitonales
bitumeux	bitumeuse	bitumeux	bitumeuses
bitumineux	bitumineuse	bitumineux	bitumineuses
biturbine	biturbine	biturbines	biturbines
biunivoque	biunivoque	biunivoques	biunivoques
bivalent	bivalente	bivalents	bivalentes
bivalve	bivalve	bivalves	bivalves
bizarre	bizarre	bizarres	bizarres
bizarroïde	bizarroïde	bizarroïdes	bizarroïdes
bizertin	bizertine	bizertins	bizertines
biélorusse	biélorusse	biélorusses	biélorusses
black	black	blacks	blacks
blafard	blafarde	blafards	blafardes
blagueur	blagueuse	blagueurs	blagueuses
blairiste	blairiste	blairistes	blairistes
blanc	blanche	blancs	blanches
blanchissant	blanchissante	blanchissants	blanchissantes
blasphémateur	blasphématrice	blasphémateurs	blasphématrices
blasphématoire	blasphématoire	blasphématoires	blasphématoires
blasé	blasée	blasés	blasées
blennorragique	blennorragique	blennorragiques	blennorragiques
blessant	blessante	blessants	blessantes
blessé	blessée	blessés	blessées
blet	blette	blets	blettes
bleu	bleue	bleus	bleues
bleuté	bleutée	bleutés	bleutées
bleuâtre	bleuâtre	bleuâtres	bleuâtres
blindé	blindée	blindés	blindées
blond	blonde	blonds	blondes
blondasse	blondasse	blondasses	blondasses
blondi	blondie	blondis	blondies
blondin	blondine	blondins	blondines
blondinet	blondinette	blondinets	blondinettes
blondissant	blondissante	blondissants	blondissantes
bloquant	bloquante	bloquants	bloquantes
blousant	blousante	blousants	blousantes
bluffeur	bluffeuse	bluffeurs	bluffeuses
blâmable	blâmable	blâmables	blâmables
blèche	blèche	blèches	blèches
blésois	blésoise	blésois	blésoises
blême	blême	blêmes	blêmes
blêmissant	blêmissante	blêmissants	blêmissantes
bocager	bocagère	bocagers	bocagères
boche	boche	boches	boches
bogotanais	bogotanaise	bogotanais	bogotanaises
bohème	bohème	bohèmes	bohèmes
bohémien	bohémienne	bohémiens	bohémiennes
boisé	boisée	boisés	boisées
boiteux	boiteuse	boiteux	boiteuses
boitillant	boitillante	boitillants	boitillantes
bolchevik	bolchevik	bolcheviks	bolcheviks
bolchevique	bolchevique	bolcheviques	bolcheviques
bolcheviste	bolcheviste	bolchevistes	bolchevistes
bolivarien	bolivarienne	bolivariens	bolivariennes
bolivien	bolivienne	boliviens	boliviennes
bolonais	bolonaise	bolonais	bolonaises
bombé	bombée	bombés	bombées
bon	bonne	bons	bonnes
bonapartiste	bonapartiste	bonapartistes	bonapartistes
bonasse	bonasse	bonasses	bonasses
bondissant	bondissante	bondissants	bondissantes
bondé	bondée	bondés	bondées
bonhomme	bonhomme	bonhommes	bonhommes
bonifié	bonifiée	bonifiés	bonifiées
bonnetier	bonnetière	bonnetiers	bonnetières
boolien	boolienne	booliens	booliennes
booléen	booléenne	booléens	booléennes
boosté	boostée	boostés	boostées
borain	boraine	borains	boraines
boraté	boratée	boratés	boratées
bordant	bordante	bordants	bordantes
bordelais	bordelaise	bordelais	bordelaises
bordier	bordière	bordiers	bordières
bordélique	bordélique	bordéliques	bordéliques
borgne	borgne	borgnes	borgnes
borin	borine	borins	borines
boriqué	boriquée	boriqués	boriquées
borné	bornée	bornés	bornées
boré	borée	borés	borées
boréal	boréale	boréals	boréales
boscot	boscotte	boscots	boscottes
bosniaque	bosniaque	bosniaques	bosniaques
bosnien	bosnienne	bosniens	bosniennes
bosselé	bosselée	bosselés	bosselées
bossu	bossue	bossus	bossues
bostonien	bostonienne	bostoniens	bostoniennes
bot	bote	bots	botes
botanique	botanique	botaniques	botaniques
botteleur	botteleuse	botteleurs	botteleuses
botulique	botulique	botuliques	botuliques
boucher	bouchère	bouchers	bouchères
bouchonné	bouchonnée	bouchonnés	bouchonnées
bouché	bouchée	bouchés	bouchées
bouclant	bouclante	bouclants	bouclantes
bouclé	bouclée	bouclés	bouclées
bouddhique	bouddhique	bouddhiques	bouddhiques
bouddhiste	bouddhiste	bouddhistes	bouddhistes
boudeur	boudeuse	boudeurs	boudeuses
boudiné	boudinée	boudinés	boudinées
boueux	boueuse	boueux	boueuses
bouffant	bouffante	bouffants	bouffantes
bouffe	bouffe	bouffes	bouffes
bouffi	bouffie	bouffis	bouffies
bouffon	bouffonne	bouffons	bouffonnes
bougnoule	bougnoule	bougnoules	bougnoules
bougon	bougonne	bougons	bougonnes
bougonneur	bougonneuse	bougonneurs	bougonneuses
bouillant	bouillante	bouillants	bouillantes
bouilli	bouillie	bouillis	bouillies
bouillonnant	bouillonnante	bouillonnants	bouillonnantes
boulangiste	boulangiste	boulangistes	boulangistes
boulant	boulante	boulants	boulantes
bouleté	bouletée	bouletés	bouletées
boulevardier	boulevardière	boulevardiers	boulevardières
bouleversant	bouleversante	bouleversants	bouleversantes
boulimique	boulimique	boulimiques	boulimiques
boulinier	boulinière	bouliniers	boulinières
bouliste	bouliste	boulistes	boulistes
boulonnais	boulonnaise	boulonnais	boulonnaises
bourbeux	bourbeuse	bourbeux	bourbeuses
bourbonien	bourbonienne	bourboniens	bourboniennes
bourbonnais	bourbonnaise	bourbonnais	bourbonnaises
bourdonnant	bourdonnante	bourdonnants	bourdonnantes
bourdonné	bourdonnée	bourdonnés	bourdonnées
bourgeois	bourgeoise	bourgeois	bourgeoises
bourgeoisial	bourgeoisiale	bourgeoisiaux	bourgeoisiales
bourgeonnant	bourgeonnante	bourgeonnants	bourgeonnantes
bourguignon	bourguignonne	bourguignons	bourguignonnes
bourlingueur	bourlingueuse	bourlingueurs	bourlingueuses
bourrant	bourrante	bourrants	bourrantes
bourratif	bourrative	bourratifs	bourratives
bourrelé	bourrelée	bourrelés	bourrelées
bourru	bourrue	bourrus	bourrues
bourré	bourrée	bourrés	bourrées
boursicoteur	boursicoteuse	boursicoteurs	boursicoteuses
boursicotier	boursicotière	boursicotiers	boursicotières
boursier	boursière	boursiers	boursières
boursouflé	boursouflée	boursouflés	boursouflées
boutant	boutante	boutants	boutantes
boutiquier	boutiquière	boutiquiers	boutiquières
boutiste	boutiste	boutistes	boutistes
boutonneux	boutonneuse	boutonneux	boutonneuses
boutonné	boutonnée	boutonnés	boutonnées
bouvier	bouvière	bouviers	bouvières
bovin	bovine	bovins	bovines
boycotteur	boycotteuse	boycotteurs	boycotteuses
brabançon	brabançonne	brabançons	brabançonnes
brachial	brachiale	brachiaux	brachiales
brachiocéphalique	brachiocéphalique	brachiocéphaliques	brachiocéphaliques
brachycéphale	brachycéphale	brachycéphales	brachycéphales
braconnier	braconnière	braconniers	braconnières
bractéal	bractéale	bractéaux	bractéales
brahmanique	brahmanique	brahmaniques	brahmaniques
braillard	braillarde	braillards	braillardes
brailleur	brailleuse	brailleurs	brailleuses
branchial	branchiale	branchiaux	branchiales
branchu	branchue	branchus	branchues
branché	branchée	branchés	branchées
brandebourgeois	brandebourgeoise	brandebourgeois	brandebourgeoises
branlant	branlante	branlants	branlantes
branque	branque	branques	branques
braque	braque	braques	braques
bravache	bravache	bravaches	bravaches
brave	brave	braves	braves
brechtien	brechtienne	brechtiens	brechtiennes
bredouillant	bredouillante	bredouillants	bredouillantes
bredouille	bredouille	bredouilles	bredouilles
bredouilleur	bredouilleuse	bredouilleurs	bredouilleuses
bref	brève	brefs	brèves
bregmatique	bregmatique	bregmatiques	bregmatiques
brejnévien	brejnévienne	brejnéviens	brejnéviennes
bressan	bressane	bressans	bressanes
brestois	brestoise	brestois	brestoises
bretessé	bretessée	bretessés	bretessées
breton	bretonne	bretons	bretonnes
bretonnant	bretonnante	bretonnants	bretonnantes
brevetable	brevetable	brevetables	brevetables
breveté	brevetée	brevetés	brevetées
briançonnais	briançonnaise	briançonnais	briançonnaises
briard	briarde	briards	briardes
bridgé	bridgée	bridgés	bridgées
bridé	bridée	bridés	bridées
brillant	brillante	brillants	brillantes
brindezingue	brindezingue	brindezingues	brindezingues
bringuebalant	bringuebalante	bringuebalants	bringuebalantes
briochin	briochine	briochins	briochines
brioché	briochée	briochés	briochées
briqué	briquée	briqués	briquées
brisant	brisante	brisants	brisantes
brisé	brisée	brisés	brisées
britannique	britannique	britanniques	britanniques
brittonique	brittonique	brittoniques	brittoniques
brivadois	brivadoise	brivadois	brivadoises
brochant	brochante	brochants	brochantes
brocheur	brocheuse	brocheurs	brocheuses
broché	brochée	brochés	brochées
bromhydrique	bromhydrique	bromhydriques	bromhydriques
bromique	bromique	bromiques	bromiques
bromé	bromée	bromés	bromées
bronchique	bronchique	bronchiques	bronchiques
bronchiteux	bronchiteuse	bronchiteux	bronchiteuses
bronchitique	bronchitique	bronchitiques	bronchitiques
bronzant	bronzante	bronzants	bronzantes
bronzé	bronzée	bronzés	bronzées
brouilleur	brouilleuse	brouilleurs	brouilleuses
brouillon	brouillonne	brouillons	brouillonnes
brouillé	brouillée	brouillés	brouillées
broussailleux	broussailleuse	broussailleux	broussailleuses
broutant	broutante	broutants	broutantes
brownien	brownienne	browniens	browniennes
broyeur	broyeuse	broyeurs	broyeuses
bruineux	bruineuse	bruineux	bruineuses
bruissant	bruissante	bruissants	bruissantes
brumeux	brumeuse	brumeux	brumeuses
brun	brune	bruns	brunes
brunet	brunette	brunets	brunettes
bruni	brunie	brunis	brunies
brunissant	brunissante	brunissants	brunissantes
brunâtre	brunâtre	brunâtres	brunâtres
brusque	brusque	brusques	brusques
brut	brute	bruts	brutes
brutal	brutale	brutaux	brutales
bruxellois	bruxelloise	bruxellois	bruxelloises
bruyant	bruyante	bruyants	bruyantes
brésilien	brésilienne	brésiliens	brésiliennes
bréviligne	bréviligne	brévilignes	brévilignes
brûlant	brûlante	brûlants	brûlantes
brûlé	brûlée	brûlés	brûlées
bubonique	bubonique	buboniques	buboniques
buccal	buccale	buccaux	buccales
buccinateur	buccinateuse	buccinateurs	buccinateuses
bucco-dentaire	bucco-dentaire	bucco-dentaires	bucco-dentaires
bucco-génital	bucco-génitale	bucco-génitaux	bucco-génitales
bucolique	bucolique	bucoliques	bucoliques
budgétaire	budgétaire	budgétaires	budgétaires
budgétivore	budgétivore	budgétivores	budgétivores
buggé	buggée	buggés	buggées
buissonneux	buissonneuse	buissonneux	buissonneuses
buissonnier	buissonnière	buissonniers	buissonnières
bulbaire	bulbaire	bulbaires	bulbaires
bulbeux	bulbeuse	bulbeux	bulbeuses
bulgare	bulgare	bulgares	bulgares
bullaire	bullaire	bullaires	bullaires
bulleux	bulleuse	bulleux	bulleuses
bullé	bullée	bullés	bullées
buraliste	buraliste	buralistes	buralistes
bureaucratique	bureaucratique	bureaucratiques	bureaucratiques
bureautique	bureautique	bureautiques	bureautiques
burelé	burelée	burelés	burelées
buriné	burinée	burinés	burinées
burkinabé	burkinabée	burkinabés	burkinabées
burlesque	burlesque	burlesques	burlesques
burundais	burundaise	burundais	burundaises
busqué	busquée	busqués	busquées
butineur	butineuse	butineurs	butineuses
butylique	butylique	butyliques	butyliques
butyreux	butyreuse	butyreux	butyreuses
butyrique	butyrique	butyriques	butyriques
buté	butée	butés	butées
buvable	buvable	buvables	buvables
buvard	buvard	buvards	buvards
buveur	buveuse	buveurs	buveuses
byronien	byronienne	byroniens	byroniennes
byzantin	byzantine	byzantins	byzantines
byzantiniste	byzantiniste	byzantinistes	byzantinistes
bâlois	bâloise	bâlois	bâloises
bâtard	bâtarde	bâtards	bâtardes
bâti	bâtie	bâtis	bâties
bâté	bâtée	bâtés	bâtées
bègue	bègue	bègues	bègues
béant	béante	béants	béantes
béarnais	béarnaise	béarnais	béarnaises
béat	béate	béats	béates
béatifique	béatifique	béatifiques	béatifiques
bébête	bébête	bébêtes	bébêtes
béchique	béchique	béchiques	béchiques
bédouin	bédouine	bédouins	bédouines
bégayant	bégayante	bégayants	bégayantes
bégayeur	bégayeuse	bégayeurs	bégayeuses
bégu	bègue	bégus	bègues
bégueule	bégueule	bégueules	bégueules
béhavioriste	béhavioriste	béhavioristes	béhavioristes
bénard	bénarde	bénards	bénardes
bénin	bénigne	bénins	bénignes
béninois	béninoise	béninois	béninoises
bénisseur	bénisseuse	bénisseurs	bénisseuses
bénit	bénite	bénits	bénites
bénédictin	bénédictine	bénédictins	bénédictines
bénéficiaire	bénéficiaire	bénéficiaires	bénéficiaires
bénéficial	bénéficiale	bénéficiaux	bénéficiales
bénéfique	bénéfique	bénéfiques	bénéfiques
bénévole	bénévole	bénévoles	bénévoles
béotien	béotienne	béotiens	béotiennes
béquillard	béquillarde	béquillards	béquillardes
bétonné	bétonnée	bétonnés	bétonnées
bêlant	bêlante	bêlants	bêlantes
bêta	bêtasse	bêta	bêtasses
bête	bête	bêtes	bêtes
bêtifiant	bêtifiante	bêtifiants	bêtifiantes
bûcheur	bûcheuse	bûcheurs	bûcheuses
cabaliste	cabaliste	cabalistes	cabalistes
cabalistique	cabalistique	cabalistiques	cabalistiques
cabochard	cabocharde	cabochards	cabochardes
cabot	cabote	cabots	cabotes
cabotin	cabotine	cabotins	cabotines
cabré	cabrée	cabrés	cabrées
cacaoté	cacaotée	cacaotés	cacaotées
cacaoyer	cacaoyère	cacaoyers	cacaoyères
cachectique	cachectique	cachectiques	cachectiques
cachemire	cachemire	cachemires	cachemires
cachottier	cachottière	cachottiers	cachottières
caciqual	caciqual	caciquals	caciquals
cacochyme	cacochyme	cacochymes	cacochymes
cacophonique	cacophonique	cacophoniques	cacophoniques
cadastral	cadastrale	cadastraux	cadastrales
cadavéreux	cadavéreuse	cadavéreux	cadavéreuses
cadavérique	cadavérique	cadavériques	cadavériques
cadencé	cadencée	cadencés	cadencées
cadet	cadette	cadets	cadettes
cadmié	cadmiée	cadmiés	cadmiées
caduc	caduque	caducs	caduques
cadurcien	cadurcienne	cadurciens	cadurciennes
caecal	caecale	caecaux	caecales
caenais	caenaise	caenais	caenaises
caennais	caennaise	caennais	caennaises
cafard	cafarde	cafards	cafardes
cafardeur	cafardeuse	cafardeurs	cafardeuses
cafardeux	cafardeuse	cafardeux	cafardeuses
cafouilleur	cafouilleuse	cafouilleurs	cafouilleuses
cafouilleux	cafouilleuse	cafouilleux	cafouilleuses
cafre	cafre	cafres	cafres
caféier	caféière	caféiers	caféières
cagneux	cagneuse	cagneux	cagneuses
cagot	cagote	cagots	cagotes
cahotant	cahotante	cahotants	cahotantes
cahoteux	cahoteuse	cahoteux	cahoteuses
cahotique	cahotique	cahotiques	cahotiques
caillouteux	caillouteuse	caillouteux	caillouteuses
caillouté	cailloutée	cailloutés	cailloutées
caillé	caillée	caillés	caillées
cairote	cairote	cairotes	cairotes
cajoleur	cajoleuse	cajoleurs	cajoleuses
calabrais	calabraise	calabrais	calabraises
calaisien	calaisienne	calaisiens	calaisiennes
calamistré	calamistrée	calamistrés	calamistrées
calamiteux	calamiteuse	calamiteux	calamiteuses
calcaire	calcaire	calcaires	calcaires
calcicole	calcicole	calcicoles	calcicoles
calcifié	calcifiée	calcifiés	calcifiées
calcifuge	calcifuge	calcifuges	calcifuges
calciphobe	calciphobe	calciphobes	calciphobes
calcique	calcique	calciques	calciques
calculable	calculable	calculables	calculables
calculateur	calculatrice	calculateurs	calculatrices
calculeux	calculeuse	calculeux	calculeuses
californien	californienne	californiens	californiennes
calleux	calleuse	calleux	calleuses
calligraphique	calligraphique	calligraphiques	calligraphiques
callipyge	callipyge	callipyges	callipyges
calmant	calmante	calmants	calmantes
calme	calme	calmes	calmes
calomniateur	calomniatrice	calomniateurs	calomniatrices
calomnieux	calomnieuse	calomnieux	calomnieuses
calorifique	calorifique	calorifiques	calorifiques
calorifuge	calorifuge	calorifuges	calorifuges
calorifère	calorifère	calorifères	calorifères
calorimétrique	calorimétrique	calorimétriques	calorimétriques
caloriporteur	caloriporteuse	caloriporteurs	caloriporteuses
calorique	calorique	caloriques	caloriques
calotin	calotine	calotins	calotines
calviniste	calviniste	calvinistes	calvinistes
calé	calée	calés	calées
calédonien	calédonienne	calédoniens	calédoniennes
camard	camarde	camards	camardes
camarguais	camarguaise	camarguais	camarguaises
cambial	cambiale	cambiaux	cambiales
cambiste	cambiste	cambistes	cambistes
cambodgien	cambodgienne	cambodgiens	cambodgiennes
cambrien	cambrienne	cambriens	cambriennes
cambré	cambrée	cambrés	cambrées
camelin	camelin	camelins	camelins
camerounais	camerounaise	camerounais	camerounaises
camisard	camisarde	camisards	camisardes
campagnard	campagnarde	campagnards	campagnardes
campanien	campanienne	campaniens	campaniennes
campaniforme	campaniforme	campaniformes	campaniformes
campanule	campanule	campanules	campanules
campanulé	campanulée	campanulés	campanulées
camphré	camphrée	camphrés	camphrées
campignien	campignienne	campigniens	campigniennes
campé	campée	campés	campées
camus	camuse	camus	camuses
camusien	camusienne	camusiens	camusiennes
camé	camée	camés	camées
canadien	canadienne	canadiens	canadiennes
canaille	canaille	canailles	canailles
canaliculé	canaliculée	canaliculés	canaliculées
canalisable	canalisable	canalisables	canalisables
cananéen	cananéenne	cananéens	cananéennes
canaque	canaque	canaques	canaques
canarien	canarienne	canariens	canariennes
cancanier	cancanière	cancaniers	cancanières
cancéreux	cancéreuse	cancéreux	cancéreuses
cancérigène	cancérigène	cancérigènes	cancérigènes
candidat	candidat	candidats	candidats
candide	candide	candides	candides
candiote	candiote	candiotes	candiotes
caniculaire	caniculaire	caniculaires	caniculaires
canin	canine	canins	canines
cannelé	cannelée	cannelés	cannelées
cannibale	cannibale	cannibales	cannibales
cannois	cannoise	cannois	cannoises
canné	cannée	cannés	cannées
canon	canon	canon	canon
canonial	canoniale	canoniaux	canoniales
canonique	canonique	canoniques	canoniques
canonisable	canonisable	canonisables	canonisables
canotable	canotable	canotables	canotables
cantalien	cantalienne	cantaliens	cantaliennes
cantalou	cantaloue	cantalous	cantaloues
cantilien	cantilienne	cantiliens	cantiliennes
cantonais	cantonaise	cantonais	cantonaises
cantonal	cantonale	cantonaux	cantonales
cantonnier	cantonnière	cantonniers	cantonnières
canulant	canulante	canulants	canulantes
canularesque	canularesque	canularesques	canularesques
caoutchouteux	caoutchouteuse	caoutchouteux	caoutchouteuses
caoutchouté	caoutchoutée	caoutchoutés	caoutchoutées
capable	capable	capables	capables
capillaire	capillaire	capillaires	capillaires
capital	capitale	capitaux	capitales
capitalisable	capitalisable	capitalisables	capitalisables
capitaliste	capitaliste	capitalistes	capitalistes
capitalistique	capitalistique	capitalistiques	capitalistiques
capiteux	capiteuse	capiteux	capiteuses
capitolin	capitoline	capitolins	capitolines
capitulaire	capitulaire	capitulaires	capitulaires
capitulant	capitulante	capitulants	capitulantes
capitulard	capitularde	capitulards	capitulardes
capité	capitée	capités	capitées
capon	caponne	capons	caponnes
cappadocien	cappadocienne	cappadociens	cappadociennes
capricant	capricante	capricants	capricantes
capricieux	capricieuse	capricieux	capricieuses
caprin	caprine	caprins	caprines
caprique	caprique	capriques	capriques
caprylique	caprylique	capryliques	capryliques
capsulaire	capsulaire	capsulaires	capsulaires
captatif	captative	captatifs	captatives
captatoire	captatoire	captatoires	captatoires
captieux	captieuse	captieux	captieuses
captif	captive	captifs	captives
captivant	captivante	captivants	captivantes
capuchonné	capuchonnée	capuchonnés	capuchonnées
capétien	capétienne	capétiens	capétiennes
caquetant	caquetante	caquetants	caquetantes
carabiné	carabinée	carabinés	carabinées
caractériel	caractérielle	caractériels	caractérielles
caractéristique	caractéristique	caractéristiques	caractéristiques
caractérisé	caractérisée	caractérisés	caractérisées
caractérologique	caractérologique	caractérologiques	caractérologiques
caramélisé	caramélisée	caramélisés	caramélisées
caramélé	caramélée	caramélés	caramélées
caravagesque	caravagesque	caravagesques	caravagesques
caravagiste	caravagiste	caravagistes	caravagistes
caraïbe	caraïbe	caraïbes	caraïbes
carbonifère	carbonifère	carbonifères	carbonifères
carbonique	carbonique	carboniques	carboniques
carbonyle	carbonyle	carbonyles	carbonyles
carboné	carbonée	carbonés	carbonées
carburant	carburante	carburants	carburantes
carburateur	carburatrice	carburateurs	carburatrices
carburé	carburée	carburés	carburées
carcassonnais	carcassonnaise	carcassonnais	carcassonnaises
carcinogène	carcinogène	carcinogènes	carcinogènes
carcinogénétique	carcinogénétique	carcinogénétiques	carcinogénétiques
carcinologique	carcinologique	carcinologiques	carcinologiques
carcinomateux	carcinomateuse	carcinomateux	carcinomateuses
carcéral	carcérale	carcéraux	carcérales
cardial	cardiale	cardiaux	cardiales
cardiaque	cardiaque	cardiaques	cardiaques
cardinal	cardinale	cardinaux	cardinales
cardinalice	cardinalice	cardinalices	cardinalices
cardio-vasculaire	cardio-vasculaire	cardio-vasculaires	cardio-vasculaires
cardiorespiratoire	cardiorespiratoire	cardiorespiratoires	cardiorespiratoires
cardiotonique	cardiotonique	cardiotoniques	cardiotoniques
cardioïde	cardioïde	cardioïdes	cardioïdes
cardé	cardée	cardés	cardées
carencé	carencée	carencés	carencées
carentiel	carentielle	carentiels	carentielles
caressant	caressante	caressants	caressantes
cariant	cariante	cariants	cariantes
caricatural	caricaturale	caricaturaux	caricaturales
carieux	carieuse	carieux	carieuses
carillonné	carillonnée	carillonnés	carillonnées
caritatif	caritative	caritatifs	caritatives
carié	cariée	cariés	cariées
carliste	carliste	carlistes	carlistes
carminatif	carminative	carminatifs	carminatives
carminé	carminée	carminés	carminées
carmélite	carmélite	carmélites	carmélites
carnassier	carnassière	carnassiers	carnassières
carnavalesque	carnavalesque	carnavalesques	carnavalesques
carnivore	carnivore	carnivores	carnivores
carné	carnée	carnés	carnées
carolingien	carolingienne	carolingiens	carolingiennes
carolorégien	carolorégienne	carolorégiens	carolorégiennes
carotide	carotide	carotides	carotides
carotteur	carotteuse	carotteurs	carotteuses
carottier	carottière	carottiers	carottières
carpatique	carpatique	carpatiques	carpatiques
carpien	carpienne	carpiens	carpiennes
carrelé	carrelée	carrelés	carrelées
carrilliste	carrilliste	carrillistes	carrillistes
carrossable	carrossable	carrossables	carrossables
carré	carrée	carrés	carrées
carthaginois	carthaginoise	carthaginois	carthaginoises
cartilagineux	cartilagineuse	cartilagineux	cartilagineuses
cartographique	cartographique	cartographiques	cartographiques
cartonneux	cartonneuse	cartonneux	cartonneuses
cartonnier	cartonnière	cartonniers	cartonnières
cartésien	cartésienne	cartésiens	cartésiennes
carélien	carélienne	caréliens	caréliennes
caréné	carénée	carénés	carénées
casablancais	casablancaise	casablancais	casablancaises
casamançais	casamançaise	casamançais	casamançaises
casanier	casanière	casaniers	casanières
cascadeur	cascadeuse	cascadeurs	cascadeuses
casqué	casquée	casqués	casquées
cassable	cassable	cassables	cassables
cassant	cassante	cassants	cassantes
casseur	casseuse	casseurs	casseuses
cassé	cassée	cassés	cassées
castillan	castillane	castillans	castillanes
castrateur	castratrice	castrateurs	castratrices
castriste	castriste	castristes	castristes
casuel	casuelle	casuels	casuelles
caséeux	caséeuse	caséeux	caséeuses
catadioptrique	catadioptrique	catadioptriques	catadioptriques
cataire	cataire	cataires	cataires
catalan	catalane	catalans	catalanes
catalectique	catalectique	catalectiques	catalectiques
cataleptique	cataleptique	cataleptiques	cataleptiques
catalytique	catalytique	catalytiques	catalytiques
catarrhal	catarrhale	catarrhaux	catarrhales
catarrheux	catarrheuse	catarrheux	catarrheuses
catastrophique	catastrophique	catastrophiques	catastrophiques
catastrophé	catastrophée	catastrophés	catastrophées
cathare	cathare	cathares	cathares
cathodique	cathodique	cathodiques	cathodiques
catholique	catholique	catholiques	catholiques
catoptrique	catoptrique	catoptriques	catoptriques
catéchistique	catéchistique	catéchistiques	catéchistiques
catégoriel	catégorielle	catégoriels	catégorielles
catégorique	catégorique	catégoriques	catégoriques
catégorisé	catégorisée	catégorisés	catégorisées
caténaire	caténaire	caténaires	caténaires
caucasien	caucasienne	caucasiens	caucasiennes
cauchemardesque	cauchemardesque	cauchemardesques	cauchemardesques
cauchemardeux	cauchemardeuse	cauchemardeux	cauchemardeuses
cauchois	cauchoise	cauchois	cauchoises
caudal	caudale	caudaux	caudales
caudin	caudine	caudins	caudines
caudé	caudée	caudés	caudées
caudé-acuminé	caudé-acuminée	caudés-acuminés	caudés-acuminées
caulescent	caulescente	caulescents	caulescentes
cauliflore	cauliflore	cauliflores	cauliflores
causal	causale	causals	causales
causant	causante	causants	causantes
causatif	causative	causatifs	causatives
causeur	causeuse	causeurs	causeuses
caustique	caustique	caustiques	caustiques
cauteleux	cauteleuse	cauteleux	cauteleuses
cavaleur	cavaleuse	cavaleurs	cavaleuses
cavalier	cavalière	cavaliers	cavalières
cave	cave	caves	caves
caverneux	caverneuse	caverneux	caverneuses
cavernicole	cavernicole	cavernicoles	cavernicoles
cavicorne	cavicorne	cavicornes	cavicornes
cellulaire	cellulaire	cellulaires	cellulaires
cellulosique	cellulosique	cellulosiques	cellulosiques
celte	celte	celtes	celtes
celtique	celtique	celtiques	celtiques
cendreux	cendreuse	cendreux	cendreuses
cendré	cendrée	cendrés	cendrées
censier	censière	censiers	censières
censitaire	censitaire	censitaires	censitaires
censorial	censoriale	censoriaux	censoriales
censé	censée	censés	censées
centenaire	centenaire	centenaires	centenaires
centennal	centennale	centennaux	centennales
centigrade	centigrade	centigrades	centigrades
centième	centième	centièmes	centièmes
centrafricain	centrafricaine	centrafricains	centrafricaines
central	centrale	centraux	centrales
centralisateur	centralisatrice	centralisateurs	centralisatrices
centraméricain	centraméricaine	centraméricains	centraméricaines
centrifuge	centrifuge	centrifuges	centrifuges
centripète	centripète	centripètes	centripètes
centriste	centriste	centristes	centristes
centré	centrée	centrés	centrées
centuple	centuple	centuples	centuples
centésimal	centésimale	centésimaux	centésimales
cerclé	cerclée	cerclés	cerclées
cerdagnol	cerdagnole	cerdagnols	cerdagnoles
cerdan	cerdane	cerdans	cerdanes
cerné	cernée	cernés	cernées
certain	certaine	certains	certaines
certificateur	certificatrice	certificateurs	certificatrices
cervical	cervicale	cervicaux	cervicales
cervier	cervière	cerviers	cervières
cessant	cessante	cessants	cessantes
cessible	cessible	cessibles	cessibles
chafouin	chafouine	chafouins	chafouines
chagrin	chagrine	chagrins	chagrines
chagrinant	chagrinante	chagrinants	chagrinantes
chagriné	chagrinée	chagrinés	chagrinées
chahuteur	chahuteuse	chahuteurs	chahuteuses
chalcolithique	chalcolithique	chalcolithiques	chalcolithiques
chaldéen	chaldéenne	chaldéens	chaldéennes
chaleureux	chaleureuse	chaleureux	chaleureuses
chaloupé	chaloupée	chaloupés	chaloupées
chamailleur	chamailleuse	chamailleurs	chamailleuses
chameau	chameau	chameaux	chameaux
chamelier	chamelière	chameliers	chamelières
chamitique	chamitique	chamitiques	chamitiques
chamoisé	chamoisée	chamoisés	chamoisées
chamoniard	chamoniarde	chamoniards	chamoniardes
champenois	champenoise	champenois	champenoises
champion	championne	champions	championnes
champis	champisse	champis	champisses
champêtre	champêtre	champêtres	champêtres
chancelant	chancelante	chancelants	chancelantes
chanceux	chanceuse	chanceux	chanceuses
changeable	changeable	changeables	changeables
changeant	changeante	changeants	changeantes
chansonnier	chansonnière	chansonniers	chansonnières
chantant	chantante	chantants	chantantes
chanteur	chanteuse	chanteurs	chanteuses
chanvrier	chanvrière	chanvriers	chanvrières
chançard	chançarde	chançards	chançardes
chaotique	chaotique	chaotiques	chaotiques
chapardeur	chapardeuse	chapardeurs	chapardeuses
chapeauté	chapeautée	chapeautés	chapeautées
chapelier	chapelière	chapeliers	chapelières
chaplinesque	chaplinesque	chaplinesques	chaplinesques
chapé	chapée	chapés	chapées
charançonné	charançonnée	charançonnés	charançonnées
charbonneux	charbonneuse	charbonneux	charbonneuses
charbonnier	charbonnière	charbonniers	charbonnières
charcutier	charcutière	charcutiers	charcutières
charentais	charentaise	charentais	charentaises
charismatique	charismatique	charismatiques	charismatiques
charitable	charitable	charitables	charitables
charlatan	charlatane	charlatans	charlatanes
charlatanesque	charlatanesque	charlatanesques	charlatanesques
charmant	charmante	charmants	charmantes
charmeur	charmeuse	charmeurs	charmeuses
charnel	charnelle	charnels	charnelles
charnu	charnue	charnus	charnues
charolais	charolaise	charolais	charolaises
charpentier	charpentière	charpentiers	charpentières
charpenté	charpentée	charpentés	charpentées
charretier	charretière	charretiers	charretières
charriant	charriante	charriants	charriantes
charrié	charriée	charriés	charriées
chartiste	chartiste	chartistes	chartistes
chartrain	chartraine	chartrains	chartraines
chartreux	chartreuse	chartreux	chartreuses
chassant	chassante	chassants	chassantes
chasseur	chasseresse	chasseurs	chasseresses
chaste	chaste	chastes	chastes
chatouilleux	chatouilleuse	chatouilleux	chatouilleuses
chatoyant	chatoyante	chatoyants	chatoyantes
chaud	chaude	chauds	chaudes
chaudronnier	chaudronnière	chaudronniers	chaudronnières
chauffant	chauffante	chauffants	chauffantes
chaussant	chaussante	chaussants	chaussantes
chauve	chauve	chauves	chauves
chauvin	chauvine	chauvins	chauvines
chauviniste	chauviniste	chauvinistes	chauvinistes
chaîné	chaînée	chaînés	chaînées
chelléen	chelléenne	chelléens	chelléennes
chelou	chelou	chelous	chelous
chenillé	chenillée	chenillés	chenillées
chenu	chenue	chenus	chenues
cher	chère	chers	chères
chercheur	chercheuse	chercheurs	chercheuses
chevaleresque	chevaleresque	chevaleresques	chevaleresques
chevalin	chevaline	chevalins	chevalines
chevauchant	chevauchante	chevauchants	chevauchantes
chevelu	chevelue	chevelus	chevelues
chevronné	chevronnée	chevronnés	chevronnées
chevrotant	chevrotante	chevrotants	chevrotantes
chiant	chiante	chiants	chiantes
chic	chic	chics	chics
chicaneur	chicaneuse	chicaneurs	chicaneuses
chicanier	chicanière	chicaniers	chicanières
chiche	chiche	chiches	chiches
chichiteux	chichiteuse	chichiteux	chichiteuses
chien	chienne	chiens	chiennes
chiffonnier	chiffonnière	chiffonniers	chiffonnières
chiffonné	chiffonnée	chiffonnés	chiffonnées
chiffrable	chiffrable	chiffrables	chiffrables
chiite	chiite	chiites	chiites
chilien	chilienne	chiliens	chiliennes
chimique	chimique	chimiques	chimiques
chimérique	chimérique	chimériques	chimériques
chinois	chinoise	chinois	chinoises
chiné	chinée	chinés	chinées
chipeur	chipeuse	chipeurs	chipeuses
chipoteur	chipoteuse	chipoteurs	chipoteuses
chirographaire	chirographaire	chirographaires	chirographaires
chirurgical	chirurgicale	chirurgicaux	chirurgicales
chitineux	chitineuse	chitineux	chitineuses
chié	chiée	chiés	chiées
chleuh	chleuh	chleuhs	chleuhs
chlorhydrique	chlorhydrique	chlorhydriques	chlorhydriques
chlorique	chlorique	chloriques	chloriques
chloriteux	chloriteuse	chloriteux	chloriteuses
chlorophyllien	chlorophyllienne	chlorophylliens	chlorophylliennes
chlorotique	chlorotique	chlorotiques	chlorotiques
chlorurant	chlorurante	chlorurants	chlorurantes
chloruré	chlorurée	chlorurés	chlorurées
chloré	chlorée	chlorés	chlorées
chocolatier	chocolatière	chocolatiers	chocolatières
chocolaté	chocolatée	chocolatés	chocolatées
cholagogue	cholagogue	cholagogues	cholagogues
cholestérolique	cholestérolique	cholestéroliques	cholestéroliques
cholinergique	cholinergique	cholinergiques	cholinergiques
cholino-mimétique	cholino-mimétique	cholino-mimétiques	cholino-mimétiques
cholédocien	cholédocienne	cholédociens	cholédociennes
cholédoco-duodénal	cholédoco-duodénale	cholédoco-duodénaux	cholédoco-duodénales
cholédoque	cholédoque	cholédoques	cholédoques
cholériforme	cholériforme	cholériformes	cholériformes
cholérique	cholérique	cholériques	cholériques
cholérétique	cholérétique	cholérétiques	cholérétiques
choquant	choquante	choquants	choquantes
choral	chorale	chorals	chorales
chorologique	chorologique	chorologiques	chorologiques
choroïdien	choroïdienne	choroïdiens	choroïdiennes
chorégraphique	chorégraphique	chorégraphiques	chorégraphiques
choréique	choréique	choréiques	choréiques
chose	chose	choses	choses
chouchou	chouchoute	chouchous	chouchoutes
chouette	chouette	chouettes	chouettes
christique	christique	christiques	christiques
chromatique	chromatique	chromatiques	chromatiques
chromique	chromique	chromiques	chromiques
chromogène	chromogène	chromogènes	chromogènes
chromosomique	chromosomique	chromosomiques	chromosomiques
chronique	chronique	chroniques	chroniques
chronologique	chronologique	chronologiques	chronologiques
chronométrique	chronométrique	chronométriques	chronométriques
chronophage	chronophage	chronophages	chronophages
chryséléphantin	chryséléphantine	chryséléphantins	chryséléphantines
chrétien	chrétienne	chrétiens	chrétiennes
chthonien	chthonienne	chthoniens	chthoniennes
chuintant	chuintante	chuintants	chuintantes
churchillien	churchillienne	churchilliens	churchilliennes
churrigueresque	churrigueresque	churrigueresques	churrigueresques
chylifère	chylifère	chylifères	chylifères
chypriote	chypriote	chypriotes	chypriotes
châlonnais	châlonnaise	châlonnais	châlonnaises
châtain	châtain	châtains	châtains
chéri	chérie	chéris	chéries
chérifien	chérifienne	chérifiens	chérifiennes
chérot	chérot	chérots	chérots
chétif	chétive	chétifs	chétives
chômable	chômable	chômables	chômables
chômé	chômée	chômés	chômées
ci-inclus	ci-incluse	ci-inclus	ci-incluses
ci-joint	ci-jointe	ci-joints	ci-jointes
ciblé	ciblée	ciblés	ciblées
cicatriciel	cicatricielle	cicatriciels	cicatricielles
cicatrisable	cicatrisable	cicatrisables	cicatrisables
cicatrisant	cicatrisante	cicatrisants	cicatrisantes
cicéronien	cicéronienne	cicéroniens	cicéroniennes
ciliaire	ciliaire	ciliaires	ciliaires
ciliolé	ciliolée	ciliolés	ciliolées
cilié	ciliée	ciliés	ciliées
cingalais	cingalaise	cingalais	cingalaises
cinglant	cinglante	cinglants	cinglantes
cinglé	cinglée	cinglés	cinglées
cinoque	cinoque	cinoques	cinoques
cinquantenaire	cinquantenaire	cinquantenaires	cinquantenaires
cinquantième	cinquantième	cinquantièmes	cinquantièmes
cinquième	cinquième	cinquièmes	cinquièmes
cintré	cintrée	cintrés	cintrées
cinématique	cinématique	cinématiques	cinématiques
cinématographique	cinématographique	cinématographiques	cinématographiques
cinéphile	cinéphile	cinéphiles	cinéphiles
cinéphilique	cinéphilique	cinéphiliques	cinéphiliques
cinéraire	cinéraire	cinéraires	cinéraires
cinétique	cinétique	cinétiques	cinétiques
circadien	circadienne	circadiens	circadiennes
circassien	circassienne	circassiens	circassiennes
circoncis	circoncise	circoncis	circoncises
circonflexe	circonflexe	circonflexes	circonflexes
circonscriptible	circonscriptible	circonscriptibles	circonscriptibles
circonspect	circonspecte	circonspects	circonspectes
circonstanciel	circonstancielle	circonstanciels	circonstancielles
circonstancié	circonstanciée	circonstanciés	circonstanciées
circonvolutif	circonvolutive	circonvolutifs	circonvolutives
circulaire	circulaire	circulaires	circulaires
circulant	circulante	circulants	circulantes
circulatoire	circulatoire	circulatoires	circulatoires
circumpolaire	circumpolaire	circumpolaires	circumpolaires
cireux	cireuse	cireux	cireuses
cirier	cirière	ciriers	cirières
ciré	cirée	cirés	cirées
cisalpin	cisalpine	cisalpins	cisalpines
cisjordanien	cisjordanienne	cisjordaniens	cisjordaniennes
cistercien	cistercienne	cisterciens	cisterciennes
cistoïde	cistoïde	cistoïdes	cistoïdes
citadin	citadine	citadins	citadines
citateur	citatrice	citateurs	citatrices
citoyen	citoyenne	citoyens	citoyennes
citrin	citrine	citrins	citrines
citrique	citrique	citriques	citriques
citronné	citronnée	citronnés	citronnées
citérieur	citérieure	citérieurs	citérieures
civil	civile	civils	civiles
civilisable	civilisable	civilisables	civilisables
civilisateur	civilisatrice	civilisateurs	civilisatrices
civilisé	civilisée	civilisés	civilisées
civique	civique	civiques	civiques
clactonien	clactonienne	clactoniens	clactoniennes
clair	claire	clairs	claires
clairet	clairette	clairets	clairettes
claironnant	claironnante	claironnants	claironnantes
clairsemé	clairsemée	clairsemés	clairsemées
clairvoyant	clairvoyante	clairvoyants	clairvoyantes
clandestin	clandestine	clandestins	clandestines
clanique	clanique	claniques	claniques
clapotant	clapotante	clapotants	clapotantes
claquant	claquante	claquants	claquantes
classable	classable	classables	classables
classificateur	classificatrice	classificateurs	classificatrices
classificatoire	classificatoire	classificatoires	classificatoires
classique	classique	classiques	classiques
classé	classée	classés	classées
clastique	clastique	clastiques	clastiques
claudicant	claudicante	claudicants	claudicantes
claustral	claustrale	claustraux	claustrales
claustrophobe	claustrophobe	claustrophobes	claustrophobes
claveleux	claveleuse	claveleux	claveleuses
clavelé	clavelée	clavelés	clavelées
claviculaire	claviculaire	claviculaires	claviculaires
cleptomane	cleptomane	cleptomanes	cleptomanes
clermontois	clermontoise	clermontois	clermontoises
clicheur	clicheuse	clicheurs	clicheuses
client	client	clients	clients
clientéliste	clientéliste	clientélistes	clientélistes
clignotant	clignotante	clignotants	clignotantes
climatique	climatique	climatiques	climatiques
climatiseur	climatiseuse	climatiseurs	climatiseuses
climatisé	climatisée	climatisés	climatisées
climatologique	climatologique	climatologiques	climatologiques
climatérique	climatérique	climatériques	climatériques
clinicien	clinicienne	cliniciens	cliniciennes
clinique	clinique	cliniques	cliniques
clino-rhombique	clino-rhombique	clino-rhombiques	clino-rhombiques
clinorhombique	clinorhombique	clinorhombiques	clinorhombiques
clinquant	clinquante	clinquants	clinquantes
cliquetant	cliquetante	cliquetants	cliquetantes
clissé	clissée	clissés	clissées
clitoridien	clitoridienne	clitoridiens	clitoridiennes
clivable	clivable	clivables	clivables
cloche	cloche	cloches	cloches
cloché	clochée	clochés	clochées
clodoaldien	clodoaldienne	clodoaldiens	clodoaldiennes
cloisonné	cloisonnée	cloisonnés	cloisonnées
clopinant	clopinante	clopinants	clopinantes
cloqué	cloquée	cloqués	cloquées
clos	close	clos	closes
clouté	cloutée	cloutés	cloutées
clownesque	clownesque	clownesques	clownesques
cloîtré	cloîtrée	cloîtrés	cloîtrées
clunisien	clunisienne	clunisiens	clunisiennes
clément	clémente	cléments	clémentes
clémentin	clémentine	clémentins	clémentines
clérical	cléricale	cléricaux	cléricales
coadjuteur	coadjutrice	coadjuteurs	coadjutrices
coagulable	coagulable	coagulables	coagulables
coagulant	coagulante	coagulants	coagulantes
coagulateur	coagulatrice	coagulateurs	coagulatrices
coalescent	coalescente	coalescents	coalescentes
coalisé	coalisée	coalisés	coalisées
coassocié	coassociée	coassociés	coassociées
coaxial	coaxiale	coaxiaux	coaxiales
cobelligérant	cobelligérante	cobelligérants	cobelligérantes
cocardier	cocardière	cocardiers	cocardières
cocasse	cocasse	cocasses	cocasses
cocaïnomane	cocaïnomane	cocaïnomanes	cocaïnomanes
coccygien	coccygienne	coccygiens	coccygiennes
cocher	cochère	cochers	cochères
cochinchinois	cochinchinoise	cochinchinois	cochinchinoises
cochléaire	cochléaire	cochléaires	cochléaires
cochon	cochonne	cochons	cochonnes
coco	coco	cocos	cocos
cocu	cocue	cocus	cocues
cocyclique	cocyclique	cocycliques	cocycliques
codant	codante	codants	codantes
codemandeur	codemandeuse	codemandeurs	codemandeuses
codicillaire	codicillaire	codicillaires	codicillaires
codificateur	codificatrice	codificateurs	codificatrices
codirecteur	codirectrice	codirecteurs	codirectrices
codé	codée	codés	codées
codétenu	codétenue	codétenus	codétenues
coeliaque	coeliaque	coeliaques	coeliaques
coercible	coercible	coercibles	coercibles
coercitif	coercitive	coercitifs	coercitives
coexistant	coexistante	coexistants	coexistantes
coextensif	coextensive	coextensifs	coextensives
cogneur	cogneuse	cogneurs	cogneuses
cognitif	cognitive	cognitifs	cognitives
cogné	cognée	cognés	cognées
cohabitable	cohabitable	cohabitables	cohabitables
cohérent	cohérente	cohérents	cohérentes
cohésif	cohésive	cohésifs	cohésives
cohésifère	cohésifère	cohésifères	cohésifères
coiffant	coiffante	coiffants	coiffantes
coiffé	coiffée	coiffés	coiffées
cois	coite	cois	coites
cokéfiable	cokéfiable	cokéfiables	cokéfiables
colbertiste	colbertiste	colbertistes	colbertistes
colicitant	colicitante	colicitants	colicitantes
colinéaire	colinéaire	colinéaires	colinéaires
colique	colique	coliques	coliques
collabo	collabo	collabos	collabos
collaborant	collaborante	collaborants	collaborantes
collaboratif	collaborative	collaboratifs	collaboratives
collant	collante	collants	collantes
collatéral	collatérale	collatéraux	collatérales
collecteur	collectrice	collecteurs	collectrices
collectif	collective	collectifs	collectives
collectiviste	collectiviste	collectivistes	collectivistes
collinaire	collinaire	collinaires	collinaires
colloïdal	colloïdale	colloïdaux	colloïdales
colloïde	colloïde	colloïdes	colloïdes
collusoire	collusoire	collusoires	collusoires
collégial	collégiale	collégiaux	collégiales
colmatant	colmatante	colmatants	colmatantes
colombien	colombienne	colombiens	colombiennes
colombin	colombine	colombins	colombines
colombophile	colombophile	colombophiles	colombophiles
colonial	coloniale	coloniaux	coloniales
colonialiste	colonialiste	colonialistes	colonialistes
colonisateur	colonisatrice	colonisateurs	colonisatrices
colonisé	colonisée	colonisés	colonisées
colorant	colorante	colorants	colorantes
coloré	colorée	colorés	colorées
colossal	colossale	colossaux	colossales
colporteur	colporteuse	colporteurs	colporteuses
coléreux	coléreuse	coléreux	coléreuses
colérique	colérique	colériques	colériques
comateux	comateuse	comateux	comateuses
combatif	combative	combatifs	combatives
combattant	combattante	combattants	combattantes
combientième	combientième	combientièmes	combientièmes
combinable	combinable	combinables	combinables
combinant	combinante	combinants	combinantes
combinard	combinarde	combinards	combinardes
combinatoire	combinatoire	combinatoires	combinatoires
comble	comble	combles	combles
comburant	comburante	comburants	comburantes
combustible	combustible	combustibles	combustibles
comestible	comestible	comestibles	comestibles
comique	comique	comiques	comiques
commandant	commandante	commandants	commandantes
commanditaire	commanditaire	commanditaires	commanditaires
commendataire	commendataire	commendataires	commendataires
commensal	commensale	commensaux	commensales
commensurable	commensurable	commensurables	commensurables
commençant	commençante	commençants	commençantes
commercial	commerciale	commerciaux	commerciales
commercialisable	commercialisable	commercialisables	commercialisables
commerçant	commerçante	commerçants	commerçantes
comminatoire	comminatoire	comminatoires	comminatoires
comminutif	comminutive	comminutifs	comminutives
commissoire	commissoire	commissoires	commissoires
commissural	commissurale	commissuraux	commissurales
commode	commode	commodes	commodes
commuable	commuable	commuables	commuables
commun	commune	communs	communes
communal	communale	communaux	communales
communard	communarde	communards	communardes
communautaire	communautaire	communautaires	communautaires
communautariste	communautariste	communautaristes	communautaristes
communiant	communiante	communiants	communiantes
communicable	communicable	communicables	communicables
communicant	communicante	communicants	communicantes
communicateur	communicatrice	communicateurs	communicatrices
communicatif	communicative	communicatifs	communicatives
communicationnel	communicationnelle	communicationnels	communicationnelles
communisant	communisante	communisants	communisantes
communiste	communiste	communistes	communistes
commutable	commutable	commutables	commutables
commutatif	commutative	commutatifs	commutatives
commémoratif	commémorative	commémoratifs	commémoratives
comorien	comorienne	comoriens	comoriennes
compact	compacte	compacts	compactes
comparable	comparable	comparables	comparables
comparant	comparante	comparants	comparantes
comparateur	comparatrice	comparateurs	comparatrices
comparatif	comparative	comparatifs	comparatives
comparatiste	comparatiste	comparatistes	comparatistes
comparé	comparée	comparés	comparées
compassé	compassée	compassés	compassées
compatible	compatible	compatibles	compatibles
compatissant	compatissante	compatissants	compatissantes
compendieux	compendieuse	compendieux	compendieuses
compensable	compensable	compensables	compensables
compensateur	compensatrice	compensateurs	compensatrices
compensatoire	compensatoire	compensatoires	compensatoires
compensé	compensée	compensés	compensées
complaisant	complaisante	complaisants	complaisantes
complet	complète	complets	complètes
complexant	complexante	complexants	complexantes
complexe	complexe	complexes	complexes
complexé	complexée	complexés	complexées
complice	complice	complices	complices
complimenteur	complimenteuse	complimenteurs	complimenteuses
compliqué	compliquée	compliqués	compliquées
complémentaire	complémentaire	complémentaires	complémentaires
complétif	complétive	complétifs	complétives
componé	componée	componés	componées
comportemental	comportementale	comportementaux	comportementales
composant	composante	composants	composantes
composite	composite	composites	composites
composé	composée	composés	composées
compressible	compressible	compressibles	compressibles
compressif	compressive	compressifs	compressives
comprimable	comprimable	comprimables	comprimables
comprimé	comprimée	comprimés	comprimées
compris	comprise	compris	comprises
compromettant	compromettante	compromettants	compromettantes
compromissoire	compromissoire	compromissoires	compromissoires
compréhensible	compréhensible	compréhensibles	compréhensibles
compréhensif	compréhensive	compréhensifs	compréhensives
comptable	comptable	comptables	comptables
compteur	compteuse	compteurs	compteuses
compulsif	compulsive	compulsifs	compulsives
compétent	compétente	compétents	compétentes
compétitif	compétitive	compétitifs	compétitives
comtal	comtale	comtaux	comtales
comtois	comtoise	comtois	comtoises
comédien	comédienne	comédiens	comédiennes
cométaire	cométaire	cométaires	cométaires
con	conne	cons	connes
conatif	conative	conatifs	conatives
concasseur	concasseuse	concasseurs	concasseuses
concave	concave	concaves	concaves
concentrationnaire	concentrationnaire	concentrationnaires	concentrationnaires
concentrique	concentrique	concentriques	concentriques
concentré	concentrée	concentrés	concentrées
conceptuel	conceptuelle	conceptuels	conceptuelles
concertant	concertante	concertants	concertantes
concerté	concertée	concertés	concertées
concessif	concessive	concessifs	concessives
concessionnaire	concessionnaire	concessionnaires	concessionnaires
concevable	concevable	concevables	concevables
conchoïdal	conchoïdale	conchoïdaux	conchoïdales
conchoïde	conchoïde	conchoïdes	conchoïdes
conchylicole	conchylicole	conchylicoles	conchylicoles
conchylien	conchylienne	conchyliens	conchyliennes
conciliable	conciliable	conciliables	conciliables
conciliaire	conciliaire	conciliaires	conciliaires
conciliant	conciliante	conciliants	conciliantes
conciliateur	conciliatrice	conciliateurs	conciliatrices
conciliatoire	conciliatoire	conciliatoires	conciliatoires
concis	concise	concis	concises
concluant	concluante	concluants	concluantes
concolore	concolore	concolores	concolores
concomitant	concomitante	concomitants	concomitantes
concordant	concordante	concordants	concordantes
concordataire	concordataire	concordataires	concordataires
concourant	concourante	concourants	concourantes
concret	concrète	concrets	concrètes
concubin	concubine	concubins	concubines
concupiscent	concupiscente	concupiscents	concupiscentes
concurrent	concurrente	concurrents	concurrentes
concurrentiel	concurrentielle	concurrentiels	concurrentielles
concussionnaire	concussionnaire	concussionnaires	concussionnaires
concédant	concédante	concédants	concédantes
condamnable	condamnable	condamnables	condamnables
condamnatoire	condamnatoire	condamnatoires	condamnatoires
condensable	condensable	condensables	condensables
condensé	condensée	condensés	condensées
condescendant	condescendante	condescendants	condescendantes
conditionnel	conditionnelle	conditionnels	conditionnelles
conducteur	conductrice	conducteurs	conductrices
conductible	conductible	conductibles	conductibles
condylien	condylienne	condyliens	condyliennes
confessionnel	confessionnelle	confessionnels	confessionnelles
confessionnnel	confessionnnelle	confessionnnels	confessionnnelles
confiant	confiante	confiants	confiantes
confident			
confidentiel	confidentielle	confidentiels	confidentielles
confirmatif	confirmative	confirmatifs	confirmatives
confiscable	confiscable	confiscables	confiscables
confiscatoire	confiscatoire	confiscatoires	confiscatoires
confit	confite	confits	confites
confiturier	confiturière	confituriers	confiturières
conflictuel	conflictuelle	conflictuels	conflictuelles
confluent	confluente	confluents	confluentes
confondant	confondante	confondants	confondantes
conforme	conforme	conformes	conformes
conformiste	conformiste	conformistes	conformistes
confortable	confortable	confortables	confortables
confraternel	confraternelle	confraternels	confraternelles
confucianiste	confucianiste	confucianistes	confucianistes
confucéen	confucéenne	confucéens	confucéennes
confus	confuse	confus	confuses
confusionnel			
confusionniste	confusionniste	confusionnistes	confusionnistes
confédéral	confédérale	confédéraux	confédérales
confédératif	confédérative	confédératifs	confédératives
confédéré	confédérée	confédérés	confédérées
congelable	congelable	congelables	congelables
congestif	congestive	congestifs	congestives
conglutinant	conglutinante	conglutinants	conglutinantes
congolais	congolaise	congolais	congolaises
congru	congrue	congrus	congrues
congréganiste	congréganiste	congréganistes	congréganistes
congédiable	congédiable	congédiables	congédiables
congénital	congénitale	congénitaux	congénitales
congénère	congénère	congénères	congénères
conifère	conifère	conifères	conifères
conique	conique	coniques	coniques
conirostre	conirostre	conirostres	conirostres
conjectural	conjecturale	conjecturaux	conjecturales
conjoint	conjointe	conjoints	conjointes
conjonctif	conjonctive	conjonctifs	conjonctives
conjonctival			
conjoncturel	conjoncturelle	conjoncturels	conjoncturelles
conjugal	conjugale	conjugaux	conjugales
conjugué	conjuguée	conjugués	conjuguées
conjurateur			
conjuratoire	conjuratoire	conjuratoires	conjuratoires
connaissable	connaissable	connaissables	connaissables
connard			
connectable	connectable	connectables	connectables
connectif	connective	connectifs	connectives
connexe	connexe	connexes	connexes
connivent	connivente	connivents	conniventes
connotatif	connotative	connotatifs	connotatives
connu	connue	connus	connues
conné	connée	connés	connées
conoïde	conoïde	conoïdes	conoïdes
conquis	conquise	conquis	conquises
conquérant	conquérante	conquérants	conquérantes
consacrant	consacrante	consacrants	consacrantes
consanguin	consanguine	consanguins	consanguines
consciencieux	consciencieuse	consciencieux	consciencieuses
conscient	consciente	conscients	conscientes
conscrit	conscrite	conscrits	conscrites
consensuel	consensuelle	consensuels	consensuelles
consentant	consentante	consentants	consentantes
conservateur	conservatrice	conservateurs	conservatrices
conservatif	conservative	conservatifs	conservatives
conservatoire	conservatoire	conservatoires	conservatoires
conservé	conservée	conservés	conservées
considérable	considérable	considérables	considérables
consistant	consistante	consistants	consistantes
consistorial	consistoriale	consistoriaux	consistoriales
consolable	consolable	consolables	consolables
consolant	consolante	consolants	consolantes
consolateur	consolatrice	consolateurs	consolatrices
consolidé	consolidée	consolidés	consolidées
consommable	consommable	consommables	consommables
consommateur	consommatrice	consommateurs	consommatrices
consommatoire	consommatoire	consommatoires	consommatoires
consommé	consommée	consommés	consommées
consomptible	consomptible	consomptibles	consomptibles
consomptif	consomptive	consomptifs	consomptives
consonant	consonante	consonants	consonantes
consonantique	consonantique	consonantiques	consonantiques
consonnantique	consonnantique	consonnantiques	consonnantiques
constant	constante	constants	constantes
constantinien			
constantinois	constantinoise	constantinois	constantinoises
constellé	constellée	constellés	constellées
consternant	consternante	consternants	consternantes
constipé	constipée	constipés	constipées
constituant	constituante	constituants	constituantes
constitutif	constitutive	constitutifs	constitutives
constitutionnel	constitutionnelle	constitutionnels	constitutionnelles
constitué	constituée	constitués	constituées
constricteur			
constructible	constructible	constructibles	constructibles
constructif	constructive	constructifs	constructives
consubstantiel	consubstantielle	consubstantiels	consubstantielles
consulaire	consulaire	consulaires	consulaires
consultable	consultable	consultables	consultables
consultant	consultante	consultants	consultantes
consultatif	consultative	consultatifs	consultatives
consumériste	consumériste	consuméristes	consuméristes
consécrateur			
consécutif	consécutive	consécutifs	consécutives
conséquent	conséquente	conséquents	conséquentes
contagieux	contagieuse	contagieux	contagieuses
contaminant	contaminante	contaminants	contaminantes
contemplateur	contemplatrice	contemplateurs	contemplatrices
contemplatif	contemplative	contemplatifs	contemplatives
contemporain	contemporaine	contemporains	contemporaines
contempteur	contemptrice	contempteurs	contemptrices
content	contente	contents	contentes
contentieux	contentieuse	contentieux	contentieuses
contentif	contentive	contentifs	contentives
contenu	contenue	contenus	contenues
contestable	contestable	contestables	contestables
contestant	contestante	contestants	contestantes
contestataire	contestataire	contestataires	contestataires
contestateur	contestatrice	contestateurs	contestatrices
contextuel	contextuelle	contextuels	contextuelles
contigu	contiguë	contigus	contiguës
continent	continente	continents	continentes
continental	continentale	continentaux	continentales
contingent	contingente	contingents	contingentes
contingentaire	contingentaire	contingentaires	contingentaires
continu	continue	continus	continues
continuel	continuelle	continuels	continuelles
contondant	contondante	contondants	contondantes
contourné	contournée	contournés	contournées
contraceptif	contraceptive	contraceptifs	contraceptives
contractant	contractante	contractants	contractantes
contracte	contracte	contractes	contractes
contractile	contractile	contractiles	contractiles
contractuel	contractuelle	contractuels	contractuelles
contracté	contractée	contractés	contractées
contradictoire	contradictoire	contradictoires	contradictoires
contraignable	contraignable	contraignables	contraignables
contraignant	contraignante	contraignants	contraignantes
contraire	contraire	contraires	contraires
contrapuntique	contrapuntique	contrapuntiques	contrapuntiques
contrariant	contrariante	contrariants	contrariantes
contrarié	contrariée	contrariés	contrariées
contrarotatif	contrarotative	contrarotatifs	contrarotatives
contrastant	contrastante	contrastants	contrastantes
contrastif	contrastive	contrastifs	contrastives
contrasté	contrastée	contrastés	contrastées
contre-indiqué	contre-indiquée	contre-indiqués	contre-indiquées
contre-productif	contre-productive	contre-productifs	contre-productives
contre-révolutionnaire	contre-révolutionnaire	contre-révolutionnaires	contre-révolutionnaires
contre-terroriste	contre-terroriste	contre-terroristes	contre-terroristes
contrecollé	contrecollée	contrecollés	contrecollées
contredisant	contredisante	contredisants	contredisantes
contrefait	contrefaite	contrefaits	contrefaites
contresignataire	contresignataire	contresignataires	contresignataires
contribuable	contribuable	contribuables	contribuables
contributif	contributive	contributifs	contributives
contrit	contrite	contrits	contrites
controlatéral	controlatérale	controlatéraux	controlatérales
controuvé	controuvée	controuvés	controuvées
controversable	controversable	controversables	controversables
controversé	controversée	controversés	controversées
contrôlable	contrôlable	contrôlables	contrôlables
convaincant	convaincante	convaincants	convaincantes
convalescent	convalescente	convalescents	convalescentes
convenable	convenable	convenables	convenables
conventionnel	conventionnelle	conventionnels	conventionnelles
conventionné	conventionnée	conventionnés	conventionnées
conventuel	conventuelle	conventuels	conventuelles
convenu	convenue	convenus	convenues
convergent	convergente	convergents	convergentes
convers	converse	convers	converses
conversationnel	conversationnelle	conversationnels	conversationnelles
converse	converse	converses	converses
convertible	convertible	convertibles	convertibles
convexe	convexe	convexes	convexes
convivial	conviviale	conviviaux	conviviales
convoyeur	convoyeuse	convoyeurs	convoyeuses
convulsif	convulsive	convulsifs	convulsives
convulsé	convulsée	convulsés	convulsées
coopérant	coopérante	coopérants	coopérantes
coopérateur	coopératrice	coopérateurs	coopératrices
coopératif	coopérative	coopératifs	coopératives
coordinateur	coordinatrice	coordinateurs	coordinatrices
coordonnant	coordonnante	coordonnants	coordonnantes
coordonnateur	coordonnatrice	coordonnateurs	coordonnatrices
coordonné	coordonnée	coordonnés	coordonnées
copartageant	copartageante	copartageants	copartageantes
copernicien	copernicienne	coperniciens	coperniciennes
copieux	copieuse	copieux	copieuses
coplanaire	coplanaire	coplanaires	coplanaires
copte	copte	coptes	coptes
copulatif	copulative	copulatifs	copulatives
coquelucheux	coquelucheuse	coquelucheux	coquelucheuses
coquet	coquette	coquets	coquettes
coquin	coquine	coquins	coquines
corallien	corallienne	coralliens	coralliennes
coranique	coranique	coraniques	coraniques
corbin	corbine	corbins	corbines
cordial	cordiale	cordiaux	cordiales
cordiforme	cordiforme	cordiformes	cordiformes
cordouan	cordouane	cordouans	cordouanes
cordé	cordée	cordés	cordées
corfiote	corfiote	corfiotes	corfiotes
coriace	coriace	coriaces	coriaces
corinthien	corinthienne	corinthiens	corinthiennes
cornier	cornière	corniers	cornières
cornu	cornue	cornus	cornues
corné	cornée	cornés	cornées
cornéen	cornéenne	cornéens	cornéennes
cornélien	cornélienne	cornéliens	cornéliennes
coronaire	coronaire	coronaires	coronaires
coronarien	coronarienne	coronariens	coronariennes
corporatif	corporative	corporatifs	corporatives
corporatiste	corporatiste	corporatistes	corporatistes
corporel	corporelle	corporels	corporelles
corpulent	corpulente	corpulents	corpulentes
corpusculaire	corpusculaire	corpusculaires	corpusculaires
correct	correcte	corrects	correctes
correctif	corrective	correctifs	correctives
correctionnel	correctionnelle	correctionnels	correctionnelles
correspondant	correspondante	correspondants	correspondantes
corrigible	corrigible	corrigibles	corrigibles
corroborant	corroborante	corroborants	corroborantes
corrodant	corrodante	corrodants	corrodantes
corrompu	corrompue	corrompus	corrompues
corrosif	corrosive	corrosifs	corrosives
corrupteur	corruptrice	corrupteurs	corruptrices
corruptible	corruptible	corruptibles	corruptibles
corrélatif	corrélative	corrélatifs	corrélatives
corrézien	corrézienne	corréziens	corréziennes
corse	corse	corses	corses
corsé	corsée	corsés	corsées
cortical	corticale	corticaux	corticales
cortico-limbique	cortico-limbique	cortico-limbiques	cortico-limbiques
corvéable	corvéable	corvéables	corvéables
corymbiforme	corymbiforme	corymbiformes	corymbiformes
coréen	coréenne	coréens	coréennes
cosaque	cosaque	cosaques	cosaques
cosignataire	cosignataire	cosignataires	cosignataires
cosmique	cosmique	cosmiques	cosmiques
cosmogonique	cosmogonique	cosmogoniques	cosmogoniques
cosmographique	cosmographique	cosmographiques	cosmographiques
cosmologique	cosmologique	cosmologiques	cosmologiques
cosmopolite	cosmopolite	cosmopolites	cosmopolites
cosmopolitique	cosmopolitique	cosmopolitiques	cosmopolitiques
cosmétique	cosmétique	cosmétiques	cosmétiques
cossard	cossarde	cossards	cossardes
cossu	cossue	cossus	cossues
costal	costale	costaux	costales
costaricain	costaricaine	costaricains	costaricaines
costaricien	costaricienne	costariciens	costariciennes
costaud	costaude	costauds	costaudes
costumier	costumière	costumiers	costumières
costumé	costumée	costumés	costumées
cotable	cotable	cotables	cotables
cotisant	cotisante	cotisants	cotisantes
cotonneux	cotonneuse	cotonneux	cotonneuses
cotonnier	cotonnière	cotonniers	cotonnières
coté	cotée	cotés	cotées
couard	couarde	couards	couardes
couchant	couchante	couchants	couchantes
couché	couchée	couchés	couchées
coudé	coudée	coudés	coudées
coufique	coufique	coufiques	coufiques
coulant	coulante	coulants	coulantes
coulissant	coulissante	coulissants	coulissantes
coulissé	coulissée	coulissés	coulissées
coupable	coupable	coupables	coupables
coupant	coupante	coupants	coupantes
couperosé	couperosée	couperosés	couperosées
coupé	coupée	coupés	coupées
courageux	courageuse	courageux	courageuses
courant	courante	courants	courantes
courbatu	courbatue	courbatus	courbatues
courbaturé	courbaturée	courbaturés	courbaturées
courbe	courbe	courbes	courbes
courbé	courbée	courbés	courbées
couronné	couronnée	couronnés	couronnées
court	courte	courts	courtes
court-termiste	court-termiste	court-termistes	court-termistes
courtaud	courtaude	courtauds	courtaudes
courtisan	courtisane	courtisans	courtisanes
courtois	courtoise	courtois	courtoises
couru	courue	courus	courues
cousu	cousue	cousus	cousues
coutumier	coutumière	coutumiers	coutumières
couturier	couturière	couturiers	couturières
couturé	couturée	couturés	couturées
couvert	couverte	couverts	couvertes
couvrant	couvrante	couvrants	couvrantes
coxal	coxale	coxaux	coxales
coxalgique	coxalgique	coxalgiques	coxalgiques
coïncident	coïncidente	coïncidents	coïncidentes
coûtant	coûtante	coûtants	coûtantes
coûteux	coûteuse	coûteux	coûteuses
crabier	crabière	crabiers	crabières
cracheur	cracheuse	cracheurs	cracheuses
craché	crachée	crachés	crachées
crack	crack	cracks	cracks
crade	crade	crades	crades
craintif	craintive	craintifs	craintives
cramoisi	cramoisie	cramoisis	cramoisies
cramponnant	cramponnante	cramponnants	cramponnantes
cranté	crantée	crantés	crantées
crapule	crapule	crapules	crapules
crapuleux	crapuleuse	crapuleux	crapuleuses
craquelé	craquelée	craquelés	craquelées
crasse	crasse	crasses	crasses
crasseux	crasseuse	crasseux	crasseuses
cratériforme	cratériforme	cratériformes	cratériformes
crayeux	crayeuse	crayeux	crayeuses
creux	creuse	creux	creuses
crevant	crevante	crevants	crevantes
crevé	crevée	crevés	crevées
criant	criante	criants	criantes
criard	criarde	criards	criardes
criblant	criblante	criblants	criblantes
criblé	criblée	criblés	criblées
criminalisant	criminalisante	criminalisants	criminalisantes
criminaliste	criminaliste	criminalistes	criminalistes
criminel	criminelle	criminels	criminelles
crispant	crispante	crispants	crispantes
cristallin	cristalline	cristallins	cristallines
cristallisant	cristallisante	cristallisants	cristallisantes
cristallisé	cristallisée	cristallisés	cristallisées
critiquable	critiquable	critiquables	critiquables
critique	critique	critiques	critiques
croate	croate	croates	croates
crochu	crochue	crochus	crochues
croiseur	croiseuse	croiseurs	croiseuses
croissant	croissante	croissants	croissantes
croisé	croisée	croisés	croisées
croquant	croquante	croquants	croquantes
crossé	crossée	crossés	crossées
crotté	crottée	crottés	crottées
croulant	croulante	croulants	croulantes
croupi	croupie	croupis	croupies
croupissant	croupissante	croupissants	croupissantes
croustillant	croustillante	croustillants	croustillantes
croyable	croyable	croyables	croyables
croyant	croyante	croyants	croyantes
cru	crue	crus	crues
cruche	cruche	cruches	cruches
crucial	cruciale	cruciaux	cruciales
crucifié	crucifiée	crucifiés	crucifiées
cruciforme	cruciforme	cruciformes	cruciformes
cruel	cruelle	cruels	cruelles
crustacé	crustacée	crustacés	crustacées
cryptique	cryptique	cryptiques	cryptiques
crâne	crâne	crânes	crânes
crâneur	crâneuse	crâneurs	crâneuses
crânien	crânienne	crâniens	crâniennes
créancier	créancière	créanciers	créancières
créateur	créatrice	créateurs	créatrices
créatif	créative	créatifs	créatives
crédible	crédible	crédibles	crédibles
créditeur	créditrice	créditeurs	créditrices
crédule	crédule	crédules	crédules
crématoire	crématoire	crématoires	crématoires
crémeux	crémeuse	crémeux	crémeuses
crénelé	crénelée	crénelés	crénelées
créole	créole	créoles	créoles
crépi	crépie	crépis	crépies
crépitant	crépitante	crépitants	crépitantes
crépu	crépue	crépus	crépues
crépusculaire	crépusculaire	crépusculaires	crépusculaires
crétacé	crétacée	crétacés	crétacées
crétin	crétine	crétins	crétines
crétinisant	crétinisante	crétinisants	crétinisantes
crétois	crétoise	crétois	crétoises
créé	créée	créés	créées
cubain	cubaine	cubains	cubaines
cube	cube	cubes	cubes
cubique	cubique	cubiques	cubiques
cubiste	cubiste	cubistes	cubistes
cucu	cucu	cucus	cucus
cucullé	cucullée	cucullés	cucullées
cuirassé	cuirassée	cuirassés	cuirassées
cuisant	cuisante	cuisants	cuisantes
cuisiné	cuisinée	cuisinés	cuisinées
cuistre	cuistre	cuistres	cuistres
cuit	cuite	cuits	cuites
cuivreux	cuivreuse	cuivreux	cuivreuses
cuivrique	cuivrique	cuivriques	cuivriques
cuivré	cuivrée	cuivrés	cuivrées
culinaire	culinaire	culinaires	culinaires
culminant	culminante	culminants	culminantes
culotté	culottée	culottés	culottées
culpabilisant	culpabilisante	culpabilisants	culpabilisantes
culte	culte	cultes	cultes
cultivable	cultivable	cultivables	cultivables
cultivé	cultivée	cultivés	cultivées
cultuel	cultuelle	cultuels	cultuelles
cultural	culturale	culturaux	culturales
culturaliste	culturaliste	culturalistes	culturalistes
culturel	culturelle	culturels	culturelles
cumulable	cumulable	cumulables	cumulables
cumulatif	cumulative	cumulatifs	cumulatives
cunéiforme	cunéiforme	cunéiformes	cunéiformes
cunéé	cunéée	cunéés	cunéées
cupide	cupide	cupides	cupides
cuprifère	cuprifère	cuprifères	cuprifères
cuprique	cuprique	cupriques	cupriques
cuprolithique	cuprolithique	cuprolithiques	cuprolithiques
curable	curable	curables	curables
curarisant	curarisante	curarisants	curarisantes
curatif	curative	curatifs	curatives
curatélaire	curatélaire	curatélaires	curatélaires
curial	curiale	curiaux	curiales
curiate	curiate	curiates	curiates
curieux	curieuse	curieux	curieuses
cursif	cursive	cursifs	cursives
curule	curule	curules	curules
curviligne	curviligne	curvilignes	curvilignes
cutané	cutanée	cutanés	cutanées
cyanhydrique	cyanhydrique	cyanhydriques	cyanhydriques
cyanosé	cyanosée	cyanosés	cyanosées
cybernéticien	cybernéticienne	cybernéticiens	cybernéticiennes
cybernétique	cybernétique	cybernétiques	cybernétiques
cyclable	cyclable	cyclables	cyclables
cyclique	cyclique	cycliques	cycliques
cycliste	cycliste	cyclistes	cyclistes
cyclonal	cyclonale	cyclonaux	cyclonales
cyclonique	cyclonique	cycloniques	cycloniques
cyclopéen	cyclopéenne	cyclopéens	cyclopéennes
cyclothymique	cyclothymique	cyclothymiques	cyclothymiques
cycloïdal	cycloïdale	cycloïdaux	cycloïdales
cycloïde	cycloïde	cycloïdes	cycloïdes
cylindrique	cylindrique	cylindriques	cylindriques
cynique	cynique	cyniques	cyniques
cynophile	cynophile	cynophiles	cynophiles
cynégétique	cynégétique	cynégétiques	cynégétiques
cypriote	cypriote	cypriotes	cypriotes
cyrillique	cyrillique	cyrilliques	cyrilliques
cystique	cystique	cystiques	cystiques
cytogénétique	cytogénétique	cytogénétiques	cytogénétiques
cytologique	cytologique	cytologiques	cytologiques
cytoplasmique	cytoplasmique	cytoplasmiques	cytoplasmiques
câblier	câblière	câbliers	câblières
câblé	câblée	câblés	câblées
câlin	câline	câlins	câlines
câpre	câpre	câpres	câpres
cédant	cédante	cédants	cédantes
cédulaire	cédulaire	cédulaires	cédulaires
cédétiste	cédétiste	cédétistes	cédétistes
cégésimal	cégésimale	cégésimaux	cégésimales
cégétiste	cégétiste	cégétistes	cégétistes
céleste	céleste	célestes	célestes
célibataire	célibataire	célibataires	célibataires
célèbre	célèbre	célèbres	célèbres
célébrant	célébrante	célébrants	célébrantes
cénesthésique	cénesthésique	cénesthésiques	cénesthésiques
cénobitique	cénobitique	cénobitiques	cénobitiques
céphalique	céphalique	céphaliques	céphaliques
céphalo-rachidien	céphalo-rachidienne	céphalo-rachidiens	céphalo-rachidiennes
cérame	cérame	cérames	cérames
céramique	céramique	céramiques	céramiques
céramiste	céramiste	céramistes	céramistes
céruléen	céruléenne	céruléens	céruléennes
cérumineux	cérumineuse	cérumineux	cérumineuses
céréalier	céréalière	céréaliers	céréalières
cérébelleux	cérébelleuse	cérébelleux	cérébelleuses
cérébral	cérébrale	cérébraux	cérébrales
cérébro-spinal	cérébro-spinale	cérébro-spinaux	cérébro-spinales
cérémonial	cérémoniale	cérémoniaux	cérémoniales
cérémoniel	cérémonielle	cérémoniels	cérémonielles
cérémonieux	cérémonieuse	cérémonieux	cérémonieuses
césarien	césarienne	césariens	césariennes
cétacé	cétacée	cétacés	cétacées
cévenol	cévenole	cévenols	cévenoles
côtelé	côtelée	côtelés	côtelées
côtier	côtière	côtiers	côtières
dactylique	dactylique	dactyliques	dactyliques
dactylographique	dactylographique	dactylographiques	dactylographiques
daghestanais	daghestanaise	daghestanais	daghestanaises
dahoméen	dahoméenne	dahoméens	dahoméennes
dalmate	dalmate	dalmates	dalmates
daltonien	daltonienne	daltoniens	daltoniennes
damassé	damassée	damassés	damassées
damnable	damnable	damnables	damnables
damné	damnée	damnés	damnées
dandinant	dandinante	dandinants	dandinantes
dangereux	dangereuse	dangereux	dangereuses
danien	danienne	daniens	daniennes
danois	danoise	danois	danoises
dansable	dansable	dansables	dansables
dansant	dansante	dansants	dansantes
dantesque	dantesque	dantesques	dantesques
dartreux	dartreuse	dartreux	dartreuses
darwinien	darwinienne	darwiniens	darwiniennes
darwiniste	darwiniste	darwinistes	darwinistes
datable	datable	datables	datables
dateur	dateuse	dateurs	dateuses
datif	dative	datifs	datives
daubeur	daubeuse	daubeurs	daubeuses
dauphinois	dauphinoise	dauphinois	dauphinoises
davidien	davidienne	davidiens	davidiennes
deltaïque	deltaïque	deltaïques	deltaïques
deltoïde	deltoïde	deltoïdes	deltoïdes
deltoïdien	deltoïdienne	deltoïdiens	deltoïdiennes
demandeur	demandeuse	demandeurs	demandeuses
demeuré	demeurée	demeurés	demeurées
demi	demi	demis	demis
demi-circulaire	demi-circulaire	demi-circulaires	demi-circulaires
demi-fin	demi-fine	demi-fins	demi-fines
demi-mort	demi-morte	demi-morts	demi-mortes
dense	dense	denses	denses
dentaire	dentaire	dentaires	dentaires
dental	dentale	dentaux	dentales
dentellier	dentellière	dentelliers	dentellières
dentelé	dentelée	dentelés	dentelées
denticulé	denticulée	denticulés	denticulées
dentifrice	dentifrice	dentifrices	dentifrices
denté	dentée	dentés	dentées
der	der	ders	ders
dermatologique	dermatologique	dermatologiques	dermatologiques
dermique	dermique	dermiques	dermiques
dernier	dernière	derniers	dernières
dernier-né	dernière-née	derniers-nés	dernières-nées
descendant	descendante	descendants	descendantes
descriptible	descriptible	descriptibles	descriptibles
descriptif	descriptive	descriptifs	descriptives
despote	despote	despotes	despotes
despotique	despotique	despotiques	despotiques
dessalé	dessalée	dessalés	dessalées
dessiccatif	dessiccative	dessiccatifs	dessiccatives
dessiné	dessinée	dessinés	dessinées
dessoudé	dessoudée	dessoudés	dessoudées
desséchant	desséchante	desséchants	desséchantes
destructeur	destructrice	destructeurs	destructrices
destructible	destructible	destructibles	destructibles
destructif	destructive	destructifs	destructives
deutérocanonique	deutérocanonique	deutérocanoniques	deutérocanoniques
deuxième	deuxième	deuxièmes	deuxièmes
devinable	devinable	devinables	devinables
dextre	dextre	dextres	dextres
dextrogyre	dextrogyre	dextrogyres	dextrogyres
diable	diable	diables	diables
diabolique	diabolique	diaboliques	diaboliques
diabétique	diabétique	diabétiques	diabétiques
diachronique	diachronique	diachroniques	diachroniques
diacide	diacide	diacides	diacides
diacode	diacode	diacodes	diacodes
diaconal	diaconale	diaconaux	diaconales
diacritique	diacritique	diacritiques	diacritiques
diagnostique	diagnostique	diagnostiques	diagnostiques
diagonal	diagonale	diagonaux	diagonales
dialectal	dialectale	dialectaux	dialectales
dialectique	dialectique	dialectiques	dialectiques
dialogique	dialogique	dialogiques	dialogiques
dialypétale	dialypétale	dialypétales	dialypétales
diamantifère	diamantifère	diamantifères	diamantifères
diamantin	diamantine	diamantins	diamantines
diamanté	diamantée	diamantés	diamantées
diamétral	diamétrale	diamétraux	diamétrales
diaphane	diaphane	diaphanes	diaphanes
diaphorétique	diaphorétique	diaphorétiques	diaphorétiques
diaphragmatique	diaphragmatique	diaphragmatiques	diaphragmatiques
diapré	diaprée	diaprés	diaprées
diarrhéique	diarrhéique	diarrhéiques	diarrhéiques
diasporique	diasporique	diasporiques	diasporiques
diastasique	diastasique	diastasiques	diastasiques
diastolique	diastolique	diastoliques	diastoliques
diatomique	diatomique	diatomiques	diatomiques
diatonique	diatonique	diatoniques	diatoniques
diazoïque	diazoïque	diazoïques	diazoïques
dibasique	dibasique	dibasiques	dibasiques
dicarbonylé	dicarbonylée	dicarbonylés	dicarbonylées
dicaryotique	dicaryotique	dicaryotiques	dicaryotiques
dichotome	dichotome	dichotomes	dichotomes
dichotomique	dichotomique	dichotomiques	dichotomiques
dichromatique	dichromatique	dichromatiques	dichromatiques
dichroïque	dichroïque	dichroïques	dichroïques
dicline	dicline	diclines	diclines
dicotylédone	dicotylédone	dicotylédones	dicotylédones
dicrote	dicrote	dicrotes	dicrotes
dictatorial	dictatoriale	dictatoriaux	dictatoriales
didactique	didactique	didactiques	didactiques
didactyle	didactyle	didactyles	didactyles
diducteur	diductrice	diducteurs	diductrices
didyme	didyme	didymes	didymes
didyname	didyname	didynames	didynames
diencéphalique	diencéphalique	diencéphaliques	diencéphaliques
dieppois	dieppoise	dieppois	dieppoises
diffamant	diffamante	diffamants	diffamantes
diffamateur	diffamatrice	diffamateurs	diffamatrices
diffamatoire	diffamatoire	diffamatoires	diffamatoires
diffamé	diffamée	diffamés	diffamées
difficile	difficile	difficiles	difficiles
difforme	difforme	difformes	difformes
diffractant	diffractante	diffractants	diffractantes
diffringent	diffringente	diffringents	diffringentes
diffus	diffuse	diffus	diffuses
diffusant	diffusante	diffusants	diffusantes
diffusible	diffusible	diffusibles	diffusibles
diffusionniste	diffusionniste	diffusionnistes	diffusionnistes
différencialiste	différencialiste	différencialistes	différencialistes
différenciateur	différenciatrice	différenciateurs	différenciatrices
différenciatif	différenciative	différenciatifs	différenciatives
différencié	différenciée	différenciés	différenciées
différent	différente	différents	différentes
différentiel	différentielle	différentiels	différentielles
différé	différée	différés	différées
digastrique	digastrique	digastriques	digastriques
digeste	digeste	digestes	digestes
digestible	digestible	digestibles	digestibles
digestif	digestive	digestifs	digestives
digital	digitale	digitaux	digitales
digitalique	digitalique	digitaliques	digitaliques
digitiforme	digitiforme	digitiformes	digitiformes
digitigrade	digitigrade	digitigrades	digitigrades
digité	digitée	digités	digitées
digne	digne	dignes	dignes
dignitaire	dignitaire	dignitaires	dignitaires
digressif	digressive	digressifs	digressives
digérable	digérable	digérables	digérables
dijonnais	dijonnaise	dijonnais	dijonnaises
dilapidateur	dilapidatrice	dilapidateurs	dilapidatrices
dilatable	dilatable	dilatables	dilatables
dilatant	dilatante	dilatants	dilatantes
dilatateur	dilatatrice	dilatateurs	dilatatrices
dilatoire	dilatoire	dilatoires	dilatoires
dilaté	dilatée	dilatés	dilatées
dilettante	dilettante	dilettantes	dilettantes
diligent	diligente	diligents	diligentes
diluant	diluante	diluants	diluantes
diluvial	diluviale	diluviaux	diluviales
diluvien	diluvienne	diluviens	diluviennes
dimensionnel	dimensionnelle	dimensionnels	dimensionnelles
dimensionné	dimensionnée	dimensionnés	dimensionnées
diminuant	diminuante	diminuants	diminuantes
diminutif	diminutive	diminutifs	diminutives
diminué	diminuée	diminués	diminuées
dimissorial	dimissoriale	dimissorials	dimissoriales
dimorphe	dimorphe	dimorphes	dimorphes
dimère	dimère	dimères	dimères
dingo	dingo	dingos	dingos
dingue	dingue	dingues	dingues
dioclétien	dioclétienne	dioclétiens	dioclétiennes
diocésain	diocésaine	diocésains	diocésaines
diola	diola	diolas	diolas
dionysiaque	dionysiaque	dionysiaques	dionysiaques
dionysien	dionysienne	dionysiens	dionysiennes
dioptrique	dioptrique	dioptriques	dioptriques
dioïque	dioïque	dioïques	dioïques
diphasé	diphasée	diphasés	diphasées
diphtérique	diphtérique	diphtériques	diphtériques
diploblastique	diploblastique	diploblastiques	diploblastiques
diplomate	diplomate	diplomates	diplomates
diplomatique	diplomatique	diplomatiques	diplomatiques
diploïde	diploïde	diploïdes	diploïdes
diplômant	diplômante	diplômants	diplômantes
diplômé	diplômée	diplômés	diplômées
dipneumoné	dipneumonée	dipneumonés	dipneumonées
dipode	dipode	dipodes	dipodes
dipolaire	dipolaire	dipolaires	dipolaires
dipsomane	dipsomane	dipsomanes	dipsomanes
diptère	diptère	diptères	diptères
dipétale	dipétale	dipétales	dipétales
direct	directe	directs	directes
directeur	directrice	directeurs	directrices
directif	directive	directifs	directives
directionnel	directionnelle	directionnels	directionnelles
directorial	directoriale	directoriaux	directoriales
dirigeable	dirigeable	dirigeables	dirigeables
dirigeant	dirigeante	dirigeants	dirigeantes
dirigiste	dirigiste	dirigistes	dirigistes
dirigé	dirigée	dirigés	dirigées
dirimant	dirimante	dirimants	dirimantes
discal	discale	discaux	discales
discernable	discernable	discernables	discernables
disciplinable	disciplinable	disciplinables	disciplinables
disciplinaire	disciplinaire	disciplinaires	disciplinaires
discipliné	disciplinée	disciplinés	disciplinées
discobole	discobole	discoboles	discoboles
discographique	discographique	discographiques	discographiques
discolore	discolore	discolores	discolores
discontinu	discontinue	discontinus	discontinues
discophile	discophile	discophiles	discophiles
discordant	discordante	discordants	discordantes
discourtois	discourtoise	discourtois	discourtoises
discoïdal	discoïdale	discoïdaux	discoïdales
discoïde	discoïde	discoïdes	discoïdes
discret	discrète	discrets	discrètes
discriminant	discriminante	discriminants	discriminantes
discriminatoire	discriminatoire	discriminatoires	discriminatoires
discrétionnaire	discrétionnaire	discrétionnaires	discrétionnaires
discursif	discursive	discursifs	discursives
discutable	discutable	discutables	discutables
discuteur	discuteuse	discuteurs	discuteuses
discuté	discutée	discutés	discutées
disert	diserte	diserts	disertes
disetteux	disetteuse	disetteux	disetteuses
disgracieux	disgracieuse	disgracieux	disgracieuses
disgracié	disgraciée	disgraciés	disgraciées
disjoint	disjointe	disjoints	disjointes
disjonctif	disjonctive	disjonctifs	disjonctives
disloqué	disloquée	disloqués	disloquées
disparate	disparate	disparates	disparates
disparu	disparue	disparus	disparues
dispendieux	dispendieuse	dispendieux	dispendieuses
dispensable	dispensable	dispensables	dispensables
dispensateur	dispensatrice	dispensateurs	dispensatrices
dispersant	dispersante	dispersants	dispersantes
dispersif	dispersive	dispersifs	dispersives
dispersé	dispersée	dispersés	dispersées
disponible	disponible	disponibles	disponibles
dispos	dispose	dispos	disposes
disposé	disposée	disposés	disposées
disproportionné	disproportionnée	disproportionnés	disproportionnées
disputé	disputée	disputés	disputées
disruptif	disruptive	disruptifs	disruptives
dissemblable	dissemblable	dissemblables	dissemblables
dissident	dissidente	dissidents	dissidentes
dissimulateur	dissimulatrice	dissimulateurs	dissimulatrices
dissimulé	dissimulée	dissimulés	dissimulées
dissipateur	dissipatrice	dissipateurs	dissipatrices
dissipé	dissipée	dissipés	dissipées
dissociable	dissociable	dissociables	dissociables
dissociant	dissociante	dissociants	dissociantes
dissolu	dissolue	dissolus	dissolues
dissoluble	dissoluble	dissolubles	dissolubles
dissolutif	dissolutive	dissolutifs	dissolutives
dissolvant	dissolvante	dissolvants	dissolvantes
dissonant	dissonante	dissonants	dissonantes
dissuasif	dissuasive	dissuasifs	dissuasives
dissyllabe	dissyllabe	dissyllabes	dissyllabes
dissyllabique	dissyllabique	dissyllabiques	dissyllabiques
dissymétrique	dissymétrique	dissymétriques	dissymétriques
disséquant	disséquante	disséquants	disséquantes
distal	distale	distaux	distales
distant	distante	distants	distantes
distinct	distincte	distincts	distinctes
distinctif	distinctive	distinctifs	distinctives
distinguable	distinguable	distinguables	distinguables
distingué	distinguée	distingués	distinguées
distique	distique	distiques	distiques
distractif	distractive	distractifs	distractives
distrait	distraite	distraits	distraites
distrayant	distrayante	distrayants	distrayantes
distribuable	distribuable	distribuables	distribuables
distributeur	distributrice	distributeurs	distributrices
distributif	distributive	distributifs	distributives
distribué	distribuée	distribués	distribuées
distyle	distyle	distyles	distyles
dithyrambique	dithyrambique	dithyrambiques	dithyrambiques
diurnal	diurnale	diurnaux	diurnales
diurne	diurne	diurnes	diurnes
diurétique	diurétique	diurétiques	diurétiques
divagant	divagante	divagants	divagantes
divagateur	divagatrice	divagateurs	divagatrices
divaguant	divaguante	divaguants	divaguantes
divariqué	divariquée	divariqués	divariquées
divergent	divergente	divergents	divergentes
divers	diverse	divers	diverses
diversiforme	diversiforme	diversiformes	diversiformes
divertissant	divertissante	divertissants	divertissantes
divin	divine	divins	divines
divinateur	divinatrice	divinateurs	divinatrices
divinatoire	divinatoire	divinatoires	divinatoires
divis	divise	divis	divises
diviseur	diviseur	diviseurs	diviseurs
divisible	divisible	divisibles	divisibles
divisionnaire	divisionnaire	divisionnaires	divisionnaires
divisionniste	divisionniste	divisionnistes	divisionnistes
divorcé	divorcée	divorcés	divorcées
divulgateur	divulgatrice	divulgateurs	divulgatrices
dix-huitième	dix-huitième	dix-huitièmes	dix-huitièmes
dix-neuvième	dix-neuvième	dix-neuvièmes	dix-neuvièmes
dix-septième	dix-septième	dix-septièmes	dix-septièmes
dixième	dixième	dixièmes	dixièmes
dizygote	dizygote	dizygotes	dizygotes
dièdre	dièdre	dièdres	dièdres
diélectrique	diélectrique	diélectriques	diélectriques
diététique	diététique	diététiques	diététiques
djaïn	djaïne	djaïns	djaïnes
djiboutien	djiboutienne	djiboutiens	djiboutiennes
docile	docile	dociles	dociles
docte	docte	doctes	doctes
doctoral	doctorale	doctoraux	doctorales
doctrinaire	doctrinaire	doctrinaires	doctrinaires
doctrinal	doctrinale	doctrinaux	doctrinales
documentaire	documentaire	documentaires	documentaires
documentariste	documentariste	documentaristes	documentaristes
documenté	documentée	documentés	documentées
dodu	dodue	dodus	dodues
dodécagonal	dodécagonale	dodécagonaux	dodécagonales
dodécaphonique	dodécaphonique	dodécaphoniques	dodécaphoniques
dodécastyle	dodécastyle	dodécastyles	dodécastyles
dodécasyllabe	dodécasyllabe	dodécasyllabes	dodécasyllabes
dogmatique	dogmatique	dogmatiques	dogmatiques
dogmatisant	dogmatisante	dogmatisants	dogmatisantes
dogmatiseur	dogmatiseuse	dogmatiseurs	dogmatiseuses
dogmatiste	dogmatiste	dogmatistes	dogmatistes
dogon	dogon	dogons	dogons
dolent	dolente	dolents	dolentes
dolichocéphale	dolichocéphale	dolichocéphales	dolichocéphales
dolomitique	dolomitique	dolomitiques	dolomitiques
doloriste	doloriste	doloristes	doloristes
dolosif	dolosive	dolosifs	dolosives
domanial	domaniale	domaniaux	domaniales
domestique	domestique	domestiques	domestiques
domiciliaire	domiciliaire	domiciliaires	domiciliaires
domicilié	domiciliée	domiciliés	domiciliées
dominant	dominante	dominants	dominantes
dominateur	dominatrice	dominateurs	dominatrices
dominicain	dominicaine	dominicains	dominicaines
dominical	dominicale	dominicaux	dominicales
domitien	domitienne	domitiens	domitiennes
dommage			
dommageable	dommageable	dommageables	dommageables
domptable	domptable	domptables	domptables
donateur	donatrice	donateurs	donatrices
donatiste	donatiste	donatistes	donatistes
donjuanesque	donjuanesque	donjuanesques	donjuanesques
donnant	donnante	donnants	donnantes
donneur	donneuse	donneurs	donneuses
donné	donnée	donnés	données
dopaminergique	dopaminergique	dopaminergiques	dopaminergiques
dopant	dopante	dopants	dopantes
doreur	doreuse	doreurs	doreuses
dorien	dorienne	doriens	doriennes
dorique	dorique	doriques	doriques
dormant	dormante	dormants	dormantes
dormeur	dormeuse	dormeurs	dormeuses
dormitif	dormitive	dormitifs	dormitives
dorsal	dorsale	dorsaux	dorsales
doré	dorée	dorés	dorées
dosable	dosable	dosables	dosables
doseur	doseuse	doseurs	doseuses
dosimétrique	dosimétrique	dosimétriques	dosimétriques
dostoïevskien	dostoïevskienne	dostoïevskiens	dostoïevskiennes
dotal	dotale	dotaux	dotales
douanier	douanière	douaniers	douanières
double	double	doubles	doubles
double-crème	double-crème	doubles-crèmes	doubles-crèmes
doubleau	doubleau	doubleaux	doubleaux
doublé	doublée	doublés	doublées
doucereux	doucereuse	doucereux	doucereuses
doucet	doucette	doucets	doucettes
douceâtre	douceâtre	douceâtres	douceâtres
douci	doucie	doucis	doucies
douillet	douillette	douillets	douillettes
douloureux	douloureuse	douloureux	douloureuses
douteur	douteuse	douteurs	douteuses
douteux	douteuse	douteux	douteuses
doux	douce	doux	douces
doux-amer	douce-amère	doux-amers	douces-amères
douzième	douzième	douzièmes	douzièmes
doué	douée	doués	douées
draconien	draconienne	draconiens	draconiennes
drageonnant	drageonnante	drageonnants	drageonnantes
dragueur	dragueuse	dragueurs	dragueuses
dragéifié	dragéifiée	dragéifiés	dragéifiées
draineur	draineuse	draineurs	draineuses
dramatique	dramatique	dramatiques	dramatiques
dramatisant	dramatisante	dramatisants	dramatisantes
dramaturgique	dramaturgique	dramaturgiques	dramaturgiques
drapant	drapante	drapants	drapantes
drapier	drapière	drapiers	drapières
drapé	drapée	drapés	drapées
drastique	drastique	drastiques	drastiques
dravidien	dravidienne	dravidiens	dravidiennes
dreyfusard	dreyfusarde	dreyfusards	dreyfusardes
drogué	droguée	drogués	droguées
droit	droite	droits	droites
droitier	droitière	droitiers	droitières
dru	drue	drus	drues
druidique	druidique	druidiques	druidiques
drupacé	drupacée	drupacés	drupacées
druze	druze	druzes	druzes
drépanocytaire	drépanocytaire	drépanocytaires	drépanocytaires
drôlatique	drôlatique	drôlatiques	drôlatiques
drôle	drôle	drôles	drôles
dual	duale	duals	duales
dualiste	dualiste	dualistes	dualistes
dubitatif	dubitative	dubitatifs	dubitatives
ducal	ducale	ducaux	ducales
ductile	ductile	ductiles	ductiles
duel	duelle	duels	duelles
dunkerquois	dunkerquoise	dunkerquois	dunkerquoises
duodécimal	duodécimale	duodécimaux	duodécimales
duodénal	duodénale	duodénaux	duodénales
dupe	dupe	dupes	dupes
duplice	duplice	duplices	duplices
dur	dure	durs	dures
durable	durable	durables	durables
duratif	durative	duratifs	duratives
durcissant	durcissante	durcissants	durcissantes
duvaliériste	duvaliériste	duvaliéristes	duvaliéristes
duveteux	duveteuse	duveteux	duveteuses
dyadique	dyadique	dyadiques	dyadiques
dynamique	dynamique	dynamiques	dynamiques
dynamisant	dynamisante	dynamisants	dynamisantes
dynamiste	dynamiste	dynamistes	dynamistes
dynamité	dynamitée	dynamités	dynamitées
dynamogène	dynamogène	dynamogènes	dynamogènes
dynamogénique	dynamogénique	dynamogéniques	dynamogéniques
dynamométrique	dynamométrique	dynamométriques	dynamométriques
dynastique	dynastique	dynastiques	dynastiques
dyscrasique	dyscrasique	dyscrasiques	dyscrasiques
dysentérique	dysentérique	dysentériques	dysentériques
dysharmonique	dysharmonique	dysharmoniques	dysharmoniques
dyslexique	dyslexique	dyslexiques	dyslexiques
dyspepsique	dyspepsique	dyspepsiques	dyspepsiques
dyspeptique	dyspeptique	dyspeptiques	dyspeptiques
débarqué	débarquée	débarqués	débarquées
débauché	débauchée	débauchés	débauchées
débile	débile	débiles	débiles
débilitant	débilitante	débilitants	débilitantes
débineur	débineuse	débineurs	débineuses
débitable	débitable	débitables	débitables
débiteur	débitrice	débiteurs	débitrices
débloquant	débloquante	débloquants	débloquantes
débonnaire	débonnaire	débonnaires	débonnaires
débordant	débordante	débordants	débordantes
débordé	débordée	débordés	débordées
débouchant	débouchante	débouchants	débouchantes
débouclé	débouclée	débouclés	débouclées
débourbeur	débourbeuse	débourbeurs	débourbeuses
débourgeoisé	débourgeoisée	débourgeoisés	débourgeoisées
déboussolé	déboussolée	déboussolés	déboussolées
déboîté	déboîtée	déboîtés	déboîtées
débraillé	débraillée	débraillés	débraillées
débridé	débridée	débridés	débridées
débrouillard	débrouillarde	débrouillards	débrouillardes
débroussaillant	débroussaillante	débroussaillants	débroussaillantes
débutant	débutante	débutants	débutantes
décadaire	décadaire	décadaires	décadaires
décadent	décadente	décadents	décadentes
décaféiné	décaféinée	décaféinés	décaféinées
décagonal	décagonale	décagonaux	décagonales
décagone	décagone	décagones	décagones
décalcifié	décalcifiée	décalcifiés	décalcifiées
décalvant	décalvante	décalvants	décalvantes
décanal	décanale	décanaux	décanales
décanteur	décanteuse	décanteurs	décanteuses
décapant	décapante	décapants	décapantes
décapeur	décapeuse	décapeurs	décapeuses
décapotable	décapotable	décapotables	décapotables
décarboxylé	décarboxylée	décarboxylés	décarboxylées
décarburant	décarburante	décarburants	décarburantes
décasyllabe	décasyllabe	décasyllabes	décasyllabes
décasyllabique	décasyllabique	décasyllabiques	décasyllabiques
décati	décatie	décatis	décaties
décavé	décavée	décavés	décavées
décelable	décelable	décelables	décelables
décemviral	décemvirale	décemviraux	décemvirales
décennal	décennale	décennaux	décennales
décent	décente	décents	décentes
décentralisateur	décentralisatrice	décentralisateurs	décentralisatrices
décevant	décevante	décevants	décevantes
déchaussé	déchaussée	déchaussés	déchaussées
déchaîné	déchaînée	déchaînés	déchaînées
déchiffrable	déchiffrable	déchiffrables	déchiffrables
déchiqueté	déchiquetée	déchiquetés	déchiquetées
déchirant	déchirante	déchirants	déchirantes
déchiré	déchirée	déchirés	déchirées
déchu	déchue	déchus	déchues
décidable	décidable	décidables	décidables
décideur	décideuse	décideurs	décideuses
décidu	décidue	décidus	décidues
décidual	déciduale	déciduaux	déciduales
décidé	décidée	décidés	décidées
décimable	décimable	décimables	décimables
décimal	décimale	décimaux	décimales
décimétrique	décimétrique	décimétriques	décimétriques
décintré	décintrée	décintrés	décintrées
décisif	décisive	décisifs	décisives
décisionnaire	décisionnaire	décisionnaires	décisionnaires
décisionnel	décisionnelle	décisionnels	décisionnelles
décisoire	décisoire	décisoires	décisoires
déclamateur	déclamatrice	déclamateurs	déclamatrices
déclamatoire	déclamatoire	déclamatoires	déclamatoires
déclarable	déclarable	déclarables	déclarables
déclaratif	déclarative	déclaratifs	déclaratives
déclaratoire	déclaratoire	déclaratoires	déclaratoires
déclaré	déclarée	déclarés	déclarées
déclassé	déclassée	déclassés	déclassées
déclenchant	déclenchante	déclenchants	déclenchantes
déclencheur	déclencheuse	déclencheurs	déclencheuses
déclinable	déclinable	déclinables	déclinables
déclinant	déclinante	déclinants	déclinantes
déclive	déclive	déclives	déclives
décodeur	décodeuse	décodeurs	décodeuses
décoiffé	décoiffée	décoiffés	décoiffées
décolleté	décolletée	décolletés	décolletées
décolorant	décolorante	décolorants	décolorantes
décoloré	décolorée	décolorés	décolorées
décompensé	décompensée	décompensés	décompensées
décomposable	décomposable	décomposables	décomposables
décomposé	décomposée	décomposés	décomposées
déconcertant	déconcertante	déconcertants	déconcertantes
déconfit	déconfite	déconfits	déconfites
décongestif	décongestive	décongestifs	décongestives
déconsidéré	déconsidérée	déconsidérés	déconsidérées
décontaminant	décontaminante	décontaminants	décontaminantes
décontractant	décontractante	décontractants	décontractantes
décontracté	décontractée	décontractés	décontractées
décorateur	décoratrice	décorateurs	décoratrices
décoratif	décorative	décoratifs	décoratives
décortiqué	décortiquée	décortiqués	décortiquées
découplé	découplée	découplés	découplées
découpé	découpée	découpés	découpées
décourageant	décourageante	décourageants	décourageantes
décousu	décousue	décousus	décousues
décrispant	décrispante	décrispants	décrispantes
décroissant	décroissante	décroissants	décroissantes
décryptable	décryptable	décryptables	décryptables
décrépi	décrépie	décrépis	décrépies
décrépit	décrépite	décrépits	décrépites
décuple	décuple	décuples	décuples
décurrent	décurrente	décurrents	décurrentes
décussé	décussée	décussés	décussées
dédaignable	dédaignable	dédaignables	dédaignables
dédaigneux	dédaigneuse	dédaigneux	dédaigneuses
dédaléen	dédaléenne	dédaléens	dédaléennes
dédicatoire	dédicatoire	dédicatoires	dédicatoires
dédoré	dédorée	dédorés	dédorées
déductible	déductible	déductibles	déductibles
déductif	déductive	déductifs	déductives
défaillant	défaillante	défaillants	défaillantes
défait	défaite	défaits	défaites
défaitiste	défaitiste	défaitistes	défaitistes
défavorable	défavorable	défavorables	défavorables
défavorisé	défavorisée	défavorisés	défavorisées
défectif	défective	défectifs	défectives
défectueux	défectueuse	défectueux	défectueuses
défendable	défendable	défendables	défendables
défendu	défendue	défendus	défendues
défensable	défensable	défensables	défensables
défensif	défensive	défensifs	défensives
déferlant	déferlante	déferlants	déferlantes
déferlé	déferlée	déferlés	déferlées
défiant	défiante	défiants	défiantes
défibreur	défibreuse	défibreurs	défibreuses
défibrillateur	défibrillatrice	défibrillateurs	défibrillatrices
déficient	déficiente	déficients	déficientes
déficitaire	déficitaire	déficitaires	déficitaires
défini	définie	définis	définies
définissable	définissable	définissables	définissables
définitif	définitive	définitifs	définitives
définitionnel	définitionnelle	définitionnels	définitionnelles
définitoire	définitoire	définitoires	définitoires
déflagrant	déflagrante	déflagrants	déflagrantes
déflationniste	déflationniste	déflationnistes	déflationnistes
déflecteur	déflectrice	déflecteurs	déflectrices
défleuri	défleurie	défleuris	défleuries
défléchi	défléchie	défléchis	défléchies
défoliant	défoliante	défoliants	défoliantes
défoncé	défoncée	défoncés	défoncées
déformant	déformante	déformants	déformantes
déformateur	déformatrice	déformateurs	déformatrices
défranchi	défranchie	défranchis	défranchies
défraîchi	défraîchie	défraîchis	défraîchies
défrichable	défrichable	défrichables	défrichables
défrisant	défrisante	défrisants	défrisantes
défroissable	défroissable	défroissables	défroissables
défroqué	défroquée	défroqués	défroquées
défunt	défunte	défunts	défuntes
déférent	déférente	déférents	déférentes
dégagé	dégagée	dégagés	dégagées
dégingandé	dégingandée	dégingandés	dégingandées
dégivrant	dégivrante	dégivrants	dégivrantes
dégonflé	dégonflée	dégonflés	dégonflées
dégoulinant	dégoulinante	dégoulinants	dégoulinantes
dégourdi	dégourdie	dégourdis	dégourdies
dégouttant	dégouttante	dégouttants	dégouttantes
dégoûtant	dégoûtante	dégoûtants	dégoûtantes
dégoûté	dégoûtée	dégoûtés	dégoûtées
dégradant	dégradante	dégradants	dégradantes
dégradé	dégradée	dégradés	dégradées
dégraissant	dégraissante	dégraissants	dégraissantes
dégressif	dégressive	dégressifs	dégressives
dégriffé	dégriffée	dégriffés	dégriffées
déguenillé	déguenillée	déguenillés	déguenillées
dégueulasse	dégueulasse	dégueulasses	dégueulasses
déguisé	déguisée	déguisés	déguisées
dégénératif	dégénérative	dégénératifs	dégénératives
dégénéré	dégénérée	dégénérés	dégénérées
déhanché	déhanchée	déhanchés	déhanchées
déhiscent	déhiscente	déhiscents	déhiscentes
déicide	déicide	déicides	déicides
déictique	déictique	déictiques	déictiques
déiste	déiste	déistes	déistes
déjeté	déjetée	déjetés	déjetées
délabrant	délabrante	délabrants	délabrantes
délabré	délabrée	délabrés	délabrées
délaissé	délaissée	délaissés	délaissées
délassant	délassante	délassants	délassantes
délateur	délatrice	délateurs	délatrices
délavé	délavée	délavés	délavées
délayé	délayée	délayés	délayées
délectable	délectable	délectables	délectables
délibérant	délibérante	délibérants	délibérantes
délibératif	délibérative	délibératifs	délibératives
délibératoire	délibératoire	délibératoires	délibératoires
délibéré	délibérée	délibérés	délibérées
délicat	délicate	délicats	délicates
délicieux	délicieuse	délicieux	délicieuses
délictueux	délictueuse	délictueux	délictueuses
délinquant	délinquante	délinquants	délinquantes
déliquescent	déliquescente	déliquescents	déliquescentes
délirant	délirante	délirants	délirantes
délitescent	délitescente	délitescents	délitescentes
délié	déliée	déliés	déliées
déloyal	déloyale	déloyaux	déloyales
déluré	délurée	délurés	délurées
délébile	délébile	délébiles	délébiles
délégatif	délégative	délégatifs	délégatives
délégué	déléguée	délégués	déléguées
délétère	délétère	délétères	délétères
démagnétisant	démagnétisante	démagnétisants	démagnétisantes
démagogique	démagogique	démagogiques	démagogiques
démagogue	démagogue	démagogues	démagogues
démaquillant	démaquillante	démaquillants	démaquillantes
démembré	démembrée	démembrés	démembrées
dément	démente	déments	démentes
démentiel	démentielle	démentiels	démentielles
démerdard	démerdarde	démerdards	démerdardes
démesuré	démesurée	démesurés	démesurées
démeublé	démeublée	démeublés	démeublées
démineur	démineuse	démineurs	démineuses
démis	démise	démis	démises
démissionnaire	démissionnaire	démissionnaires	démissionnaires
démobilisable	démobilisable	démobilisables	démobilisables
démobilisateur	démobilisatrice	démobilisateurs	démobilisatrices
démobilisé	démobilisée	démobilisés	démobilisées
démocrate	démocrate	démocrates	démocrates
démocrate-chrétien	démocrate-chrétienne	démocrates-chrétiens	démocrates-chrétiennes
démocratique	démocratique	démocratiques	démocratiques
démodé	démodée	démodés	démodées
démographe	démographe	démographes	démographes
démographique	démographique	démographiques	démographiques
démoniaque	démoniaque	démoniaques	démoniaques
démonstratif	démonstrative	démonstratifs	démonstratives
démontable	démontable	démontables	démontables
démontant	démontante	démontants	démontantes
démontrable	démontrable	démontrables	démontrables
démonté	démontée	démontés	démontées
démoralisant	démoralisante	démoralisants	démoralisantes
démoralisateur	démoralisatrice	démoralisateurs	démoralisatrices
démoralisé	démoralisée	démoralisés	démoralisées
démotique	démotique	démotiques	démotiques
démotivant	démotivante	démotivants	démotivantes
démotivé	démotivée	démotivés	démotivées
démultiplicateur	démultiplicatrice	démultiplicateurs	démultiplicatrices
démystifiant	démystifiante	démystifiants	démystifiantes
démystificateur	démystificatrice	démystificateurs	démystificatrices
démêlant	démêlante	démêlants	démêlantes
dénaturant	dénaturante	dénaturants	dénaturantes
dénaturé	dénaturée	dénaturés	dénaturées
dénigrant	dénigrante	dénigrants	dénigrantes
dénigreur	dénigreuse	dénigreurs	dénigreuses
dénitrifiant	dénitrifiante	dénitrifiants	dénitrifiantes
dénombrable	dénombrable	dénombrables	dénombrables
dénominatif	dénominative	dénominatifs	dénominatives
dénommé	dénommée	dénommés	dénommées
dénonciateur	dénonciatrice	dénonciateurs	dénonciatrices
dénotatif	dénotative	dénotatifs	dénotatives
dénoyauté	dénoyautée	dénoyautés	dénoyautées
dénudé	dénudée	dénudés	dénudées
dénué	dénuée	dénués	dénuées
dénégatoire	dénégatoire	dénégatoires	dénégatoires
déobanti	déobantie	déobantis	déobanties
déodorant	déodorante	déodorants	déodorantes
déontologique	déontologique	déontologiques	déontologiques
dépanneur	dépanneuse	dépanneurs	dépanneuses
dépareillé	dépareillée	dépareillés	dépareillées
départemental	départementale	départementaux	départementales
dépassé	dépassée	dépassés	dépassées
dépaysant	dépaysante	dépaysants	dépaysantes
dépaysé	dépaysée	dépaysés	dépaysées
dépeigné	dépeignée	dépeignés	dépeignées
dépenaillé	dépenaillée	dépenaillés	dépenaillées
dépendant	dépendante	dépendants	dépendantes
dépensier	dépensière	dépensiers	dépensières
dépeuplé	dépeuplée	dépeuplés	dépeuplées
déphasé	déphasée	déphasés	déphasées
dépilatoire	dépilatoire	dépilatoires	dépilatoires
dépité	dépitée	dépités	dépitées
déplacé	déplacée	déplacés	déplacées
déplaisant	déplaisante	déplaisants	déplaisantes
dépliant	dépliante	dépliants	dépliantes
déplorable	déplorable	déplorables	déplorables
déployé	déployée	déployés	déployées
déplumant	déplumante	déplumants	déplumantes
déplumé	déplumée	déplumés	déplumées
dépoitraillé	dépoitraillée	dépoitraillés	dépoitraillées
dépolarisant	dépolarisante	dépolarisants	dépolarisantes
dépolarisé	dépolarisée	dépolarisés	dépolarisées
dépoli	dépolie	dépolis	dépolies
dépolitisant	dépolitisante	dépolitisants	dépolitisantes
dépolluant	dépolluante	dépolluants	dépolluantes
déponent	déponente	déponents	déponentes
déporté	déportée	déportés	déportées
déposant	déposante	déposants	déposantes
déposé	déposée	déposés	déposées
dépouillé	dépouillée	dépouillés	dépouillées
dépourvu	dépourvue	dépourvus	dépourvues
dépoussiérant	dépoussiérante	dépoussiérants	dépoussiérantes
dépravant	dépravante	dépravants	dépravantes
dépravé	dépravée	dépravés	dépravées
dépressif	dépressive	dépressifs	dépressives
dépressionnaire	dépressionnaire	dépressionnaires	dépressionnaires
déprimant	déprimante	déprimants	déprimantes
déprimé	déprimée	déprimés	déprimées
dépréciateur	dépréciatrice	dépréciateurs	dépréciatrices
dépréciatif	dépréciative	dépréciatifs	dépréciatives
déprédateur	déprédatrice	déprédateurs	déprédatrices
dépuratif	dépurative	dépuratifs	dépuratives
dépérissant	dépérissante	dépérissants	dépérissantes
déraciné	déracinée	déracinés	déracinées
déraidi	déraidie	déraidis	déraidies
déraisonnable	déraisonnable	déraisonnables	déraisonnables
dérangeant	dérangeante	dérangeants	dérangeantes
dérangé	dérangée	dérangés	dérangées
dérisoire	dérisoire	dérisoires	dérisoires
dérivable	dérivable	dérivables	dérivables
dérivant	dérivante	dérivants	dérivantes
dérivatif	dérivative	dérivatifs	dérivatives
dérobé	dérobée	dérobés	dérobées
dérogatoire	dérogatoire	dérogatoires	dérogatoires
dérogeable	dérogeable	dérogeables	dérogeables
dérogeant	dérogeante	dérogeants	dérogeantes
déroulable	déroulable	déroulables	déroulables
déroutant	déroutante	déroutants	déroutantes
déréalisant	déréalisante	déréalisants	déréalisantes
déréglementateur	déréglementatrice	déréglementateurs	déréglementatrices
déréglé	déréglée	déréglés	déréglées
désabusé	désabusée	désabusés	désabusées
désaccordé	désaccordée	désaccordés	désaccordées
désaffecté	désaffectée	désaffectés	désaffectées
désagréable	désagréable	désagréables	désagréables
désaltérant	désaltérante	désaltérants	désaltérantes
désambiguïsé	désambiguïsée	désambiguïsés	désambiguïsées
désappointé	désappointée	désappointés	désappointées
désapprobateur	désapprobatrice	désapprobateurs	désapprobatrices
désargenté	désargentée	désargentés	désargentées
désarmant	désarmante	désarmants	désarmantes
désassorti	désassortie	désassortis	désassorties
désastreux	désastreuse	désastreux	désastreuses
désavantageux	désavantageuse	désavantageux	désavantageuses
désaxé	désaxée	désaxés	désaxées
désemparé	désemparée	désemparés	désemparées
désenchanté	désenchantée	désenchantés	désenchantées
désengourdi	désengourdie	désengourdis	désengourdies
désenivré	désenivrée	désenivrés	désenivrées
désensibilisant	désensibilisante	désensibilisants	désensibilisantes
désensibilisateur	désensibilisatrice	désensibilisateurs	désensibilisatrices
désensibilisé	désensibilisée	désensibilisés	désensibilisées
désert	déserte	déserts	désertes
désertique	désertique	désertiques	désertiques
désespérant	désespérante	désespérants	désespérantes
désespéré	désespérée	désespérés	désespérées
désherbant	désherbante	désherbants	désherbantes
déshonnête	déshonnête	déshonnêtes	déshonnêtes
déshonorant	déshonorante	déshonorants	déshonorantes
déshumanisant	déshumanisante	déshumanisants	déshumanisantes
déshydratant	déshydratante	déshydratants	déshydratantes
déshydraté	déshydratée	déshydratés	déshydratées
déshérité	déshéritée	déshérités	déshéritées
désignatif	désignative	désignatifs	désignatives
désincarné	désincarnée	désincarnés	désincarnées
désincrustant	désincrustante	désincrustants	désincrustantes
désinentiel	désinentielle	désinentiels	désinentielles
désinfectant	désinfectante	désinfectants	désinfectantes
désintégrateur	désintégratrice	désintégrateurs	désintégratrices
désintéressé	désintéressée	désintéressés	désintéressées
désinvolte	désinvolte	désinvoltes	désinvoltes
désirable	désirable	désirables	désirables
désirant	désirante	désirants	désirantes
désireux	désireuse	désireux	désireuses
désobligeant	désobligeante	désobligeants	désobligeantes
désobéissant	désobéissante	désobéissants	désobéissantes
désoccupé	désoccupée	désoccupés	désoccupées
désodorisant	désodorisante	désodorisants	désodorisantes
désoeuvré	désoeuvrée	désoeuvrés	désoeuvrées
désolant	désolante	désolants	désolantes
désolé	désolée	désolés	désolées
désopilant	désopilante	désopilants	désopilantes
désordonné	désordonnée	désordonnés	désordonnées
désorganisateur	désorganisatrice	désorganisateurs	désorganisatrices
désorienté	désorientée	désorientés	désorientées
désossé	désossée	désossés	désossées
désoxydant	désoxydante	désoxydants	désoxydantes
désoxygénant	désoxygénante	désoxygénants	désoxygénantes
désoxyribonucléique	désoxyribonucléique	désoxyribonucléiques	désoxyribonucléiques
déstabilisant	déstabilisante	déstabilisants	déstabilisantes
déstabilisateur	déstabilisatrice	déstabilisateurs	déstabilisatrices
désuet	désuète	désuets	désuètes
désulfurant	désulfurante	désulfurants	désulfurantes
désuni	désunie	désunis	désunies
déséquilibrant	déséquilibrante	déséquilibrants	déséquilibrantes
déséquilibré	déséquilibrée	déséquilibrés	déséquilibrées
détachable	détachable	détachables	détachables
détachant	détachante	détachants	détachantes
détaché	détachée	détachés	détachées
détaillé	détaillée	détaillés	détaillées
détartrant	détartrante	détartrants	détartrantes
détartreur	détartreuse	détartreurs	détartreuses
détectable	détectable	détectables	détectables
détecteur	détectrice	détecteurs	détectrices
détendu	détendue	détendus	détendues
détenteur	détentrice	détenteurs	détentrices
détenu	détenue	détenus	détenues
détergent	détergente	détergents	détergentes
déterminable	déterminable	déterminables	déterminables
déterminant	déterminante	déterminants	déterminantes
déterminatif	déterminative	déterminatifs	déterminatives
déterministe	déterministe	déterministes	déterministes
déterminé	déterminée	déterminés	déterminées
déterré	déterrée	déterrés	déterrées
détersif	détersive	détersifs	détersives
détestable	détestable	détestables	détestables
détonant	détonante	détonants	détonantes
détors	détorse	détors	détorses
détourné	détournée	détournés	détournées
détracteur	détractrice	détracteurs	détractrices
détraqué	détraquée	détraqués	détraquées
détritique	détritique	détritiques	détritiques
détrompeur	détrompeuse	détrompeurs	détrompeuses
détérioré	détériorée	détériorés	détériorées
dévalorisant	dévalorisante	dévalorisants	dévalorisantes
dévastateur	dévastatrice	dévastateurs	dévastatrices
dévasté	dévastée	dévastés	dévastées
développable	développable	développables	développables
développé	développée	développés	développées
dévergondé	dévergondée	dévergondés	dévergondées
dévers	déverse	dévers	déverses
déversé	déversée	déversés	déversées
déviant	déviante	déviants	déviantes
déviateur	déviatrice	déviateurs	déviatrices
déviationniste	déviationniste	déviationnistes	déviationnistes
dévissé	dévissée	dévissés	dévissées
dévolu	dévolue	dévolus	dévolues
dévolutif	dévolutive	dévolutifs	dévolutives
dévonien	dévonienne	dévoniens	dévoniennes
dévorant	dévorante	dévorants	dévorantes
dévorateur	dévoratrice	dévorateurs	dévoratrices
dévoreur	dévoreuse	dévoreurs	dévoreuses
dévot	dévote	dévots	dévotes
dévoué	dévouée	dévoués	dévouées
dévoyé	dévoyée	dévoyés	dévoyées
déçu	déçue	déçus	déçues
dînatoire	dînatoire	dînatoires	dînatoires
ecclésial	ecclésiale	ecclésiaux	ecclésiales
ecclésiastique	ecclésiastique	ecclésiastiques	ecclésiastiques
ectodermique	ectodermique	ectodermiques	ectodermiques
ectoparasite	ectoparasite	ectoparasites	ectoparasites
ectopique	ectopique	ectopiques	ectopiques
ectoplasmique	ectoplasmique	ectoplasmiques	ectoplasmiques
eczémateux	eczémateuse	eczémateux	eczémateuses
effacé	effacée	effacés	effacées
effarant	effarante	effarants	effarantes
effarouchant	effarouchante	effarouchants	effarouchantes
effarouché	effarouchée	effarouchés	effarouchées
effaré	effarée	effarés	effarées
effaçable	effaçable	effaçables	effaçables
effecteur	effectrice	effecteurs	effectrices
effectif	effective	effectifs	effectives
effervescent	effervescente	effervescents	effervescentes
efficace	efficace	efficaces	efficaces
efficient	efficiente	efficients	efficientes
effilocheur	effilocheuse	effilocheurs	effilocheuses
effiloché	effilochée	effilochés	effilochées
effilé	effilée	effilés	effilées
efflanqué	efflanquée	efflanqués	efflanquées
efflorescent	efflorescente	efflorescents	efflorescentes
effluent	effluente	effluents	effluentes
effondré	effondrée	effondrés	effondrées
effrangé	effrangée	effrangés	effrangées
effrayant	effrayante	effrayants	effrayantes
effrayé	effrayée	effrayés	effrayées
effronté	effrontée	effrontés	effrontées
effroyable	effroyable	effroyables	effroyables
effréné	effrénée	effrénés	effrénées
efféminé	efféminée	efféminés	efféminées
efférent	efférente	efférents	efférentes
eidétique	eidétique	eidétiques	eidétiques
elbois	elboise	elbois	elboises
ellipsoïdal	ellipsoïdale	ellipsoïdaux	ellipsoïdales
ellipsoïde	ellipsoïde	ellipsoïdes	ellipsoïdes
elliptique	elliptique	elliptiques	elliptiques
elzévirien	elzévirienne	elzéviriens	elzéviriennes
emballant	emballante	emballants	emballantes
embarrassant	embarrassante	embarrassants	embarrassantes
embellissant	embellissante	embellissants	embellissantes
emberlificoteur	emberlificoteuse	emberlificoteurs	emberlificoteuses
emblématique	emblématique	emblématiques	emblématiques
embouché	embouchée	embouchés	embouchées
embouti	emboutie	emboutis	embouties
emboîtable	emboîtable	emboîtables	emboîtables
embrassant	embrassante	embrassants	embrassantes
embrasseur	embrasseuse	embrasseurs	embrasseuses
embrassé	embrassée	embrassés	embrassées
embrouillé	embrouillée	embrouillés	embrouillées
embroussaillé	embroussaillée	embroussaillés	embroussaillées
embryogénique	embryogénique	embryogéniques	embryogéniques
embryologique	embryologique	embryologiques	embryologiques
embryonnaire	embryonnaire	embryonnaires	embryonnaires
embryoné	embryonée	embryonés	embryonées
embu	embue	embus	embues
embusqué	embusquée	embusqués	embusquées
embêtant	embêtante	embêtants	embêtantes
emmerdant	emmerdante	emmerdants	emmerdantes
emmerdeur	emmerdeuse	emmerdeurs	emmerdeuses
emmiellant	emmiellante	emmiellants	emmiellantes
emmotté	emmottée	emmottés	emmottées
emménagogue	emménagogue	emménagogues	emménagogues
emmétrope	emmétrope	emmétropes	emmétropes
empaillé	empaillée	empaillés	empaillées
empanaché	empanachée	empanachés	empanachées
empaqueté	empaquetée	empaquetés	empaquetées
emperlé	emperlée	emperlés	emperlées
empesé	empesée	empesés	empesées
emphatique	emphatique	emphatiques	emphatiques
emphysémateux	emphysémateuse	emphysémateux	emphysémateuses
emphytéotique	emphytéotique	emphytéotiques	emphytéotiques
empirique	empirique	empiriques	empiriques
empiriste	empiriste	empiristes	empiristes
empiétant	empiétante	empiétants	empiétantes
employable	employable	employables	employables
employeur	employeuse	employeurs	employeuses
emplumé	emplumée	emplumés	emplumées
empoignant	empoignante	empoignants	empoignantes
empoisonnant	empoisonnante	empoisonnants	empoisonnantes
emporté	emportée	emportés	emportées
empoté	empotée	empotés	empotées
empressé	empressée	empressés	empressées
emprunté	empruntée	empruntés	empruntées
empyreumatique	empyreumatique	empyreumatiques	empyreumatiques
empâté	empâtée	empâtés	empâtées
empêtré	empêtrée	empêtrés	empêtrées
encaissable	encaissable	encaissables	encaissables
encaissant	encaissante	encaissants	encaissantes
encalminé	encalminée	encalminés	encalminées
encartouché	encartouchée	encartouchés	encartouchées
encastrable	encastrable	encastrables	encastrables
enceint	enceinte	enceints	enceintes
encerclant	encerclante	encerclants	encerclantes
enchanteur	enchanteresse	enchanteurs	enchanteresses
enchanté	enchantée	enchantés	enchantées
enchifrené	enchifrenée	enchifrenés	enchifrenées
enclin	encline	enclins	enclines
enclitique	enclitique	enclitiques	enclitiques
encolleur	encolleuse	encolleurs	encolleuses
encombrant	encombrante	encombrants	encombrantes
encombré	encombrée	encombrés	encombrées
encorbeillé	encorbeillée	encorbeillés	encorbeillées
encorné	encornée	encornés	encornées
encourageant	encourageante	encourageants	encourageantes
encreur	encreuse	encreurs	encreuses
encroué	encrouée	encroués	encrouées
encroûtant	encroûtante	encroûtants	encroûtantes
encroûté	encroûtée	encroûtés	encroûtées
encyclopédique	encyclopédique	encyclopédiques	encyclopédiques
encéphalique	encéphalique	encéphaliques	encéphaliques
endenté	endentée	endentés	endentées
endiablé	endiablée	endiablés	endiablées
endimanché	endimanchée	endimanchés	endimanchées
endoblastique	endoblastique	endoblastiques	endoblastiques
endocarpe	endocarpe	endocarpes	endocarpes
endocrine	endocrine	endocrines	endocrines
endocrinien	endocrinienne	endocriniens	endocriniennes
endogame	endogame	endogames	endogames
endogène	endogène	endogènes	endogènes
endolori	endolorie	endoloris	endolories
endormant	endormante	endormants	endormantes
endormi	endormie	endormis	endormies
endoscopique	endoscopique	endoscopiques	endoscopiques
endossable	endossable	endossables	endossables
endothermique	endothermique	endothermiques	endothermiques
endothélial	endothéliale	endothéliaux	endothéliales
endurable	endurable	endurables	endurables
endurant	endurante	endurants	endurantes
endurci	endurcie	endurcis	endurcies
endémique	endémique	endémiques	endémiques
enfant	enfant	enfants	enfants
enfantin	enfantine	enfantins	enfantines
enfariné	enfarinée	enfarinés	enfarinées
enfichable	enfichable	enfichables	enfichables
enflammé	enflammée	enflammés	enflammées
enflé	enflée	enflés	enflées
enfoiré	enfoirée	enfoirés	enfoirées
enfoncé	enfoncée	enfoncés	enfoncées
enfumé	enfumée	enfumés	enfumées
engageant	engageante	engageants	engageantes
engagé	engagée	engagés	engagées
engainant	engainante	engainants	engainantes
englobant	englobante	englobants	englobantes
engourdi	engourdie	engourdis	engourdies
engourdissant	engourdissante	engourdissants	engourdissantes
engoué	engouée	engoués	engouées
engravé	engravée	engravés	engravées
engrenant	engrenante	engrenants	engrenantes
enharmonique	enharmonique	enharmoniques	enharmoniques
enivrant	enivrante	enivrants	enivrantes
enjambant	enjambante	enjambants	enjambantes
enjambé	enjambée	enjambés	enjambées
enjoué	enjouée	enjoués	enjouées
enjôleur	enjôleuse	enjôleurs	enjôleuses
enkysté	enkystée	enkystés	enkystées
enlaidissant	enlaidissante	enlaidissants	enlaidissantes
enlaçant	enlaçante	enlaçants	enlaçantes
enlevé	enlevée	enlevés	enlevées
enneigé	enneigée	enneigés	enneigées
ennemi	ennemie	ennemis	ennemies
ennuyant	ennuyante	ennuyants	ennuyantes
ennuyeux	ennuyeuse	ennuyeux	ennuyeuses
ennuyé	ennuyée	ennuyés	ennuyées
ennéagonal	ennéagonale	ennéagonaux	ennéagonales
ennéagone	ennéagone	ennéagones	ennéagones
enquiquinant	enquiquinante	enquiquinants	enquiquinantes
enquiquineur	enquiquineuse	enquiquineurs	enquiquineuses
enquêteur	enquêteuse	enquêteurs	enquêteuses
enrageant	enrageante	enrageants	enrageantes
enragé	enragée	enragés	enragées
enregistrable	enregistrable	enregistrables	enregistrables
enregistreur	enregistreuse	enregistreurs	enregistreuses
enrhumé	enrhumée	enrhumés	enrhumées
enrichi	enrichie	enrichis	enrichies
enrichissant	enrichissante	enrichissants	enrichissantes
enrouleur	enrouleuse	enrouleurs	enrouleuses
enseignant	enseignante	enseignants	enseignantes
enseigné	enseignée	enseignés	enseignées
ensellé	ensellée	ensellés	ensellées
ensembliste	ensembliste	ensemblistes	ensemblistes
ensiforme	ensiforme	ensiformes	ensiformes
ensoleillé	ensoleillée	ensoleillés	ensoleillées
ensommeillé	ensommeillée	ensommeillés	ensommeillées
ensorcelant	ensorcelante	ensorcelants	ensorcelantes
ensorceleur	ensorceleuse	ensorceleurs	ensorceleuses
ensuivant	ensuivante	ensuivants	ensuivantes
entartré	entartrée	entartrés	entartrées
entendable	entendable	entendables	entendables
enterré	enterrée	enterrés	enterrées
enthousiasmant	enthousiasmante	enthousiasmants	enthousiasmantes
enthousiaste	enthousiaste	enthousiastes	enthousiastes
enthousiate	enthousiate	enthousiates	enthousiates
entier	entière	entiers	entières
entomologique	entomologique	entomologiques	entomologiques
entomophage	entomophage	entomophages	entomophages
entomophile	entomophile	entomophiles	entomophiles
entouré	entourée	entourés	entourées
entrant	entrante	entrants	entrantes
entravé	entravée	entravés	entravées
entraînable	entraînable	entraînables	entraînables
entraînant	entraînante	entraînants	entraînantes
entrecoupé	entrecoupée	entrecoupés	entrecoupées
entrelacé	entrelacée	entrelacés	entrelacées
entrelardé	entrelardée	entrelardés	entrelardées
entrepositaire	entrepositaire	entrepositaires	entrepositaires
entreprenant	entreprenante	entreprenants	entreprenantes
entrepreneurial	entrepreneuriale	entrepreneuriaux	entrepreneuriales
entrepreunarial	entrepreunariale	entrepreunariaux	entrepreunariales
entretenu	entretenue	entretenus	entretenues
entrouvert	entrouverte	entrouverts	entrouvertes
enturbanné	enturbannée	enturbannés	enturbannées
enté	entée	entés	entées
entérique	entérique	entériques	entériques
entéro-rénal	entéro-rénale	entéro-rénaux	entéro-rénales
entêtant	entêtante	entêtants	entêtantes
entêté	entêtée	entêtés	entêtées
envahissant	envahissante	envahissants	envahissantes
envahisseur	envahisseuse	envahisseurs	envahisseuses
enveloppant	enveloppante	enveloppants	enveloppantes
enveloppé	enveloppée	enveloppés	enveloppées
envenimé	envenimée	envenimés	envenimées
enviable	enviable	enviables	enviables
envieux	envieuse	envieux	envieuses
enviné	envinée	envinés	envinées
environnant	environnante	environnants	environnantes
environnemental	environnementale	environnementaux	environnementales
envisageable	envisageable	envisageables	envisageables
envié	enviée	enviés	enviées
envoyé	envoyée	envoyés	envoyées
envoûtant	envoûtante	envoûtants	envoûtantes
enzymatique	enzymatique	enzymatiques	enzymatiques
epiphyte	epiphyte	epiphytes	epiphytes
erasmien	erasmienne	erasmiens	erasmiennes
ergonomique	ergonomique	ergonomiques	ergonomiques
ergoteur	ergoteuse	ergoteurs	ergoteuses
ergoté	ergotée	ergotés	ergotées
erpétologique	erpétologique	erpétologiques	erpétologiques
errant	errante	errants	errantes
erratique	erratique	erratiques	erratiques
erroné	erronée	erronés	erronées
erse	erse	erses	erses
esbroufant	esbroufante	esbroufants	esbroufantes
esbroufeur	esbroufeuse	esbroufeurs	esbroufeuses
esbrouffant	esbrouffante	esbrouffants	esbrouffantes
esbrouffeur	esbrouffeuse	esbrouffeurs	esbrouffeuses
escamotable	escamotable	escamotables	escamotables
escarpé	escarpée	escarpés	escarpées
eschatologique	eschatologique	eschatologiques	eschatologiques
esclavagiste	esclavagiste	esclavagistes	esclavagistes
esclave	esclave	esclaves	esclaves
esclavon	esclavonne	esclavons	esclavonnes
escomptable	escomptable	escomptables	escomptables
escompteur	escompteuse	escompteurs	escompteuses
escorteur	escorteuse	escorteurs	escorteuses
eskuarien	eskuarienne	eskuariens	eskuariennes
esopique	esopique	esopiques	esopiques
espacé	espacée	espacés	espacées
espagnol	espagnole	espagnols	espagnoles
espion	espionne	espions	espionnes
espionnable	espionnable	espionnables	espionnables
espiègle	espiègle	espiègles	espiègles
espérantiste	espérantiste	espérantistes	espérantistes
esquimau	esquimaude	esquimaux	esquimaudes
esquintant	esquintante	esquintants	esquintantes
esquinté	esquintée	esquintés	esquintées
essentiel	essentielle	essentiels	essentielles
esseulé	esseulée	esseulés	esseulées
essorant	essorante	essorants	essorantes
essénien	essénienne	esséniens	esséniennes
est-allemand	est-allemande	est-allemands	est-allemandes
estampeur	estampeuse	estampeurs	estampeuses
este	este	estes	estes
esthète	esthète	esthètes	esthètes
esthésiogène	esthésiogène	esthésiogènes	esthésiogènes
esthétique	esthétique	esthétiques	esthétiques
esthétisant	esthétisante	esthétisants	esthétisantes
estimable	estimable	estimables	estimables
estimatif	estimative	estimatifs	estimatives
estimatoire	estimatoire	estimatoires	estimatoires
estival	estivale	estivaux	estivales
estomaqué	estomaquée	estomaqués	estomaquées
estompé	estompée	estompés	estompées
estonien	estonienne	estoniens	estoniennes
estrogène	estrogène	estrogènes	estrogènes
estropié	estropiée	estropiés	estropiées
estuarien	estuarienne	estuariens	estuariennes
estudiantin	estudiantine	estudiantins	estudiantines
ethniciste	ethniciste	ethnicistes	ethnicistes
ethnique	ethnique	ethniques	ethniques
ethnocentrique	ethnocentrique	ethnocentriques	ethnocentriques
ethnographique	ethnographique	ethnographiques	ethnographiques
ethnologique	ethnologique	ethnologiques	ethnologiques
eucaryote	eucaryote	eucaryotes	eucaryotes
eucharistique	eucharistique	eucharistiques	eucharistiques
euclidien	euclidienne	euclidiens	euclidiennes
eudiométrique	eudiométrique	eudiométriques	eudiométriques
eugénique	eugénique	eugéniques	eugéniques
eupeptique	eupeptique	eupeptiques	eupeptiques
euphonique	euphonique	euphoniques	euphoniques
euphorique	euphorique	euphoriques	euphoriques
euphorisant	euphorisante	euphorisants	euphorisantes
euphémique	euphémique	euphémiques	euphémiques
euphémistique	euphémistique	euphémistiques	euphémistiques
eurafricain	eurafricaine	eurafricains	eurafricaines
eurasiatique	eurasiatique	eurasiatiques	eurasiatiques
eurasien	eurasienne	eurasiens	eurasiennes
euristique	euristique	euristiques	euristiques
européen	européenne	européens	européennes
européiste	européiste	européistes	européistes
européocentriste	européocentriste	européocentristes	européocentristes
eurythmique	eurythmique	eurythmiques	eurythmiques
euscarien	euscarienne	euscariens	euscariennes
euskarien	euskarienne	euskariens	euskariennes
eustatique	eustatique	eustatiques	eustatiques
eutectique	eutectique	eutectiques	eutectiques
euthanasique	euthanasique	euthanasiques	euthanasiques
exacerbé	exacerbée	exacerbés	exacerbées
exact	exacte	exacts	exactes
exagérateur	exagératrice	exagérateurs	exagératrices
exagéré	exagérée	exagérés	exagérées
exaltant	exaltante	exaltants	exaltantes
exalté	exaltée	exaltés	exaltées
exanthémateux	exanthémateuse	exanthémateux	exanthémateuses
exanthématique	exanthématique	exanthématiques	exanthématiques
exaspérant	exaspérante	exaspérants	exaspérantes
excellent	excellente	excellents	excellentes
excellentissime	excellentissime	excellentissimes	excellentissimes
excentrique	excentrique	excentriques	excentriques
excentré	excentrée	excentrés	excentrées
exceptionnel	exceptionnelle	exceptionnels	exceptionnelles
excepté	exceptée	exceptés	exceptées
excessif	excessive	excessifs	excessives
excitable	excitable	excitables	excitables
excitant	excitante	excitants	excitantes
excitateur	excitatrice	excitateurs	excitatrices
excité	excitée	excités	excitées
exclamatif	exclamative	exclamatifs	exclamatives
excluant	excluante	excluants	excluantes
exclusif	exclusive	exclusifs	exclusives
excommunié	excommuniée	excommuniés	excommuniées
excrémenteux	excrémenteuse	excrémenteux	excrémenteuses
excrémentiel	excrémentielle	excrémentiels	excrémentielles
excréteur	excrétrice	excréteurs	excrétrices
excrétoire	excrétoire	excrétoires	excrétoires
excusable	excusable	excusables	excusables
excédant	excédante	excédants	excédantes
excédentaire	excédentaire	excédentaires	excédentaires
exemplaire	exemplaire	exemplaires	exemplaires
exempt	exempte	exempts	exemptes
exempté	exemptée	exemptés	exemptées
exercé	exercée	exercés	exercées
exerçant	exerçante	exerçants	exerçantes
exfoliant	exfoliante	exfoliants	exfoliantes
exhaustif	exhaustive	exhaustifs	exhaustives
exhibitionniste	exhibitionniste	exhibitionnistes	exhibitionnistes
exigeant	exigeante	exigeants	exigeantes
exigible	exigible	exigibles	exigibles
exigu	exiguë	exigus	exiguës
exigé	exigée	exigés	exigées
exilé	exilée	exilés	exilées
exinscrit	exinscrite	exinscrits	exinscrites
existant	existante	existants	existantes
existentialiste	existentialiste	existentialistes	existentialistes
existentiel	existentielle	existentiels	existentielles
exocarpe	exocarpe	exocarpes	exocarpes
exocrine	exocrine	exocrines	exocrines
exogame	exogame	exogames	exogames
exogène	exogène	exogènes	exogènes
exonératoire	exonératoire	exonératoires	exonératoires
exophtalmique	exophtalmique	exophtalmiques	exophtalmiques
exorbitant	exorbitante	exorbitants	exorbitantes
exorbité	exorbitée	exorbités	exorbitées
exoréique	exoréique	exoréiques	exoréiques
exothermique	exothermique	exothermiques	exothermiques
exotique	exotique	exotiques	exotiques
exotérique	exotérique	exotériques	exotériques
expansible	expansible	expansibles	expansibles
expansif	expansive	expansifs	expansives
expansionniste	expansionniste	expansionnistes	expansionnistes
expansé	expansée	expansés	expansées
expatrié	expatriée	expatriés	expatriées
expectorant	expectorante	expectorants	expectorantes
expert	experte	experts	expertes
expiable	expiable	expiables	expiables
expiatoire	expiatoire	expiatoires	expiatoires
expirant	expirante	expirants	expirantes
expirateur	expiratrice	expirateurs	expiratrices
explicable	explicable	explicables	explicables
explicatif	explicative	explicatifs	explicatives
explicite	explicite	explicites	explicites
exploitable	exploitable	exploitables	exploitables
exploitant	exploitante	exploitants	exploitantes
exploité	exploitée	exploités	exploitées
explorateur	exploratrice	explorateurs	exploratrices
exploratoire	exploratoire	exploratoires	exploratoires
explosible	explosible	explosibles	explosibles
explosif	explosive	explosifs	explosives
explétif	explétive	explétifs	explétives
exponentiel	exponentielle	exponentiels	exponentielles
exportable	exportable	exportables	exportables
exportateur	exportatrice	exportateurs	exportatrices
exposé	exposée	exposés	exposées
expressif	expressive	expressifs	expressives
expressionniste	expressionniste	expressionnistes	expressionnistes
exprimable	exprimable	exprimables	exprimables
expropriant	expropriante	expropriants	expropriantes
expropriateur	expropriatrice	expropriateurs	expropriatrices
exproprié	expropriée	expropriés	expropriées
exprès	expresse	exprès	expresses
expulsé	expulsée	expulsés	expulsées
expurgatoire	expurgatoire	expurgatoires	expurgatoires
expédient	expédiente	expédients	expédientes
expéditeur	expéditrice	expéditeurs	expéditrices
expéditif	expéditive	expéditifs	expéditives
expéditionnaire	expéditionnaire	expéditionnaires	expéditionnaires
expérimental	expérimentale	expérimentaux	expérimentales
expérimenté	expérimentée	expérimentés	expérimentées
exquis	exquise	exquis	exquises
exsangue	exsangue	exsangues	exsangues
extasié	extasiée	extasiés	extasiées
extatique	extatique	extatiques	extatiques
extemporané	extemporanée	extemporanés	extemporanées
extenseur	extenseuse	extenseurs	extenseuses
extensible	extensible	extensibles	extensibles
extensif	extensive	extensifs	extensives
exterminateur	exterminatrice	exterminateurs	exterminatrices
externe	externe	externes	externes
extincteur	extinctrice	extincteurs	extinctrices
extinguible	extinguible	extinguibles	extinguibles
extirpable	extirpable	extirpables	extirpables
extra-fin	extra-fine	extra-fins	extra-fines
extra-fort	extra-forte	extra-forts	extra-fortes
extra-lucide	extra-lucide	extra-lucides	extra-lucides
extra-légal	extra-légale	extra-légaux	extra-légales
extra-parlementaire	extra-parlementaire	extra-parlementaires	extra-parlementaires
extra-plat	extra-plate	extra-plats	extra-plates
extra-sensible	extra-sensible	extra-sensibles	extra-sensibles
extra-sensoriel	extra-sensorielle	extra-sensoriels	extra-sensorielles
extra-terrestre	extra-terrestre	extra-terrestres	extra-terrestres
extrabudgétaire	extrabudgétaire	extrabudgétaires	extrabudgétaires
extracommunautaire	extracommunautaire	extracommunautaires	extracommunautaires
extracteur	extractrice	extracteurs	extractrices
extractible	extractible	extractibles	extractibles
extractif	extractive	extractifs	extractives
extragalactique	extragalactique	extragalactiques	extragalactiques
extrajudiciaire	extrajudiciaire	extrajudiciaires	extrajudiciaires
extralucide	extralucide	extralucides	extralucides
extranucléaire	extranucléaire	extranucléaires	extranucléaires
extraordinaire	extraordinaire	extraordinaires	extraordinaires
extrapyramidal	extrapyramidale	extrapyramidaux	extrapyramidales
extraterrestre	extraterrestre	extraterrestres	extraterrestres
extraterritorial	extraterritoriale	extraterritoriaux	extraterritoriales
extravagant	extravagante	extravagants	extravagantes
extraverti	extravertie	extravertis	extraverties
extrinsèque	extrinsèque	extrinsèques	extrinsèques
extrorse	extrorse	extrorses	extrorses
extroverti	extrovertie	extrovertis	extroverties
extrusif	extrusive	extrusifs	extrusives
extrémal	extrémale	extrémaux	extrémales
extrémiste	extrémiste	extrémistes	extrémistes
extrême	extrême	extrêmes	extrêmes
extrême-oriental	extrême-orientale	extrême-orientaux	extrême-orientales
exténuant	exténuante	exténuants	exténuantes
extérieur	extérieure	extérieurs	extérieures
extérocepteur	extéroceptrice	extérocepteurs	extéroceptrices
extéroceptif	extéroceptive	extéroceptifs	extéroceptives
exubérant	exubérante	exubérants	exubérantes
exultant	exultante	exultants	exultantes
exécrable	exécrable	exécrables	exécrables
exécutable	exécutable	exécutables	exécutables
exécuteur	exécutrice	exécuteurs	exécutrices
exécutif	exécutive	exécutifs	exécutives
exécutoire	exécutoire	exécutoires	exécutoires
exégétique	exégétique	exégétiques	exégétiques
fabricant	fabricante	fabricants	fabricantes
fabulateur	fabulatrice	fabulateurs	fabulatrices
fabuleux	fabuleuse	fabuleux	fabuleuses
facho	facho	fachos	fachos
facial	faciale	facials	faciales
facile	facile	faciles	faciles
facilitant	facilitante	facilitants	facilitantes
factice	factice	factices	factices
factieux	factieuse	factieux	factieuses
factitif	factitive	factitifs	factitives
factoriel	factorielle	factoriels	factorielles
factuel	factuelle	factuels	factuelles
facturable	facturable	facturables	facturables
facultatif	facultative	facultatifs	facultatives
facétieux	facétieuse	facétieux	facétieuses
fadasse	fadasse	fadasses	fadasses
fade	fade	fades	fades
fadé	fadée	fadés	fadées
faiblard	faiblarde	faiblards	faiblardes
faible	faible	faibles	faibles
faiblissant	faiblissante	faiblissants	faiblissantes
faignant	faignante	faignants	faignantes
failli	faillie	faillis	faillies
faillible	faillible	faillibles	faillibles
faillé	faillée	faillés	faillées
fainéant	fainéante	fainéants	fainéantes
faisable	faisable	faisables	faisables
faisandé	faisandée	faisandés	faisandées
fait	faite	faits	faites
falciforme	falciforme	falciformes	falciformes
fallacieux	fallacieuse	fallacieux	fallacieuses
falot	falote	falots	falotes
falsifiable	falsifiable	falsifiables	falsifiables
fameux	fameuse	fameux	fameuses
familial	familiale	familiaux	familiales
familier	familière	familiers	familières
famé	famée	famés	famées
famélique	famélique	faméliques	faméliques
fana	fana	fanas	fanas
fanatique	fanatique	fanatiques	fanatiques
fanfaron	fanfaronne	fanfarons	fanfaronnes
fangeux	fangeuse	fangeux	fangeuses
fantaisiste	fantaisiste	fantaisistes	fantaisistes
fantasmagorique	fantasmagorique	fantasmagoriques	fantasmagoriques
fantasmatique	fantasmatique	fantasmatiques	fantasmatiques
fantasque	fantasque	fantasques	fantasques
fantastique	fantastique	fantastiques	fantastiques
fantoche	fantoche	fantoches	fantoches
fantomatique	fantomatique	fantomatiques	fantomatiques
fantôme	fantôme	fantômes	fantômes
fané	fanée	fanés	fanées
faradique	faradique	faradiques	faradiques
faramineux	faramineuse	faramineux	faramineuses
faraud	faraude	farauds	faraudes
farceur	farceuse	farceurs	farceuses
farci	farcie	farcis	farcies
fardé	fardée	fardés	fardées
farfelu	farfelue	farfelus	farfelues
farinacé	farinacée	farinacés	farinacées
farineux	farineuse	farineux	farineuses
farouche	farouche	farouches	farouches
fasciculé	fasciculée	fasciculés	fasciculées
fascinant	fascinante	fascinants	fascinantes
fascinateur	fascinatrice	fascinateurs	fascinatrices
fascisant	fascisante	fascisants	fascisantes
fasciste	fasciste	fascistes	fascistes
fascié	fasciée	fasciés	fasciées
fascé	fascée	fascés	fascées
fassi	fassie	fassis	fassies
faste	faste	fastes	fastes
fastidieux	fastidieuse	fastidieux	fastidieuses
fastigié	fastigiée	fastigiés	fastigiées
fastueux	fastueuse	fastueux	fastueuses
fat	fate	fats	fates
fatal	fatale	fatals	fatales
fataliste	fataliste	fatalistes	fatalistes
fatidique	fatidique	fatidiques	fatidiques
fatigable	fatigable	fatigables	fatigables
fatigant	fatigante	fatigants	fatigantes
fatigué	fatiguée	fatigués	fatiguées
faubourien	faubourienne	faubouriens	faubouriennes
fauché	fauchée	fauchés	fauchées
faunesque	faunesque	faunesques	faunesques
faunique	faunique	fauniques	fauniques
faustien	faustienne	faustiens	faustiennes
fautif	fautive	fautifs	fautives
fauve	fauve	fauves	fauves
faux	fausse	faux	fausses
favorable	favorable	favorables	favorables
favori	favorite	favoris	favorites
favorisant	favorisante	favorisants	favorisantes
façonnier	façonnière	façonniers	façonnières
faîtier	faîtière	faîtiers	faîtières
faïencier	faïencière	faïenciers	faïencières
faïencé	faïencée	faïencés	faïencées
feignant	feignante	feignants	feignantes
feldspathique	feldspathique	feldspathiques	feldspathiques
fellinien	fellinienne	felliniens	felliniennes
femelle	femelle	femelles	femelles
fendant	fendante	fendants	fendantes
fendillé	fendillée	fendillés	fendillées
fendu	fendue	fendus	fendues
fenestré	fenestrée	fenestrés	fenestrées
fenian	fenian	fenians	fenians
fenêtré	fenêtrée	fenêtrés	fenêtrées
fermant	fermante	fermants	fermantes
ferme	ferme	fermes	fermes
fermentable	fermentable	fermentables	fermentables
fermentant	fermentante	fermentants	fermentantes
fermentatif	fermentative	fermentatifs	fermentatives
fermentescible	fermentescible	fermentescibles	fermentescibles
fermenté	fermentée	fermentés	fermentées
fermier	fermière	fermiers	fermières
fermé	fermée	fermés	fermées
ferrant	ferrante	ferrants	ferrantes
ferreux	ferreuse	ferreux	ferreuses
ferrique	ferrique	ferriques	ferriques
ferroviaire	ferroviaire	ferroviaires	ferroviaires
ferrugineux	ferrugineuse	ferrugineux	ferrugineuses
ferré	ferrée	ferrés	ferrées
fertile	fertile	fertiles	fertiles
fertilisable	fertilisable	fertilisables	fertilisables
fertilisant	fertilisante	fertilisants	fertilisantes
fervent	fervente	fervents	ferventes
fessier	fessière	fessiers	fessières
fessu	fessue	fessus	fessues
festif	festive	festifs	festives
festival	festivale	festivals	festivales
festivalier	festivalière	festivaliers	festivalières
feudataire	feudataire	feudataires	feudataires
feuillard			
feuilletonesque	feuilletonesque	feuilletonesques	feuilletonesques
feuilletonnesque	feuilletonnesque	feuilletonnesques	feuilletonnesques
feuilleté	feuilletée	feuilletés	feuilletées
feuillu	feuillue	feuillus	feuillues
feuillé	feuillée	feuillés	feuillées
feutrant	feutrante	feutrants	feutrantes
feutré	feutrée	feutrés	feutrées
fiable	fiable	fiables	fiables
fiancé	fiancée	fiancés	fiancées
fibreux	fibreuse	fibreux	fibreuses
fibrillaire	fibrillaire	fibrillaires	fibrillaires
fibrillé	fibrillée	fibrillés	fibrillées
fibrineux	fibrineuse	fibrineux	fibrineuses
fibromateux	fibromateuse	fibromateux	fibromateuses
ficelé	ficelée	ficelés	ficelées
fichant	fichante	fichants	fichantes
fichiste	fichiste	fichistes	fichistes
fichu	fichue	fichus	fichues
fictif	fictive	fictifs	fictives
fiduciaire	fiduciaire	fiduciaires	fiduciaires
fidèle	fidèle	fidèles	fidèles
fidéicommissaire	fidéicommissaire	fidéicommissaires	fidéicommissaires
fidéiste	fidéiste	fidéistes	fidéistes
fidéjussoire	fidéjussoire	fidéjussoires	fidéjussoires
fieffé	fieffée	fieffés	fieffées
fielleux	fielleuse	fielleux	fielleuses
fier	fière	fiers	fières
fignoleur	fignoleuse	fignoleurs	fignoleuses
figulin	figuline	figulins	figulines
figuratif	figurative	figuratifs	figuratives
figuriste	figuriste	figuristes	figuristes
figuré	figurée	figurés	figurées
figé	figée	figés	figées
filable	filable	filables	filables
filaire	filaire	filaires	filaires
filamenteux	filamenteuse	filamenteux	filamenteuses
filandier	filandière	filandiers	filandières
filandreux	filandreuse	filandreux	filandreuses
filant	filante	filants	filantes
fileté	filetée	filetés	filetées
fileur	fileuse	fileurs	fileuses
filial	filiale	filiaux	filiales
filiforme	filiforme	filiformes	filiformes
filiolé	filiolée	filiolés	filiolées
fille	fille	filles	filles
filmable	filmable	filmables	filmables
filmique	filmique	filmiques	filmiques
filonien	filonienne	filoniens	filoniennes
filtrable	filtrable	filtrables	filtrables
filtrant	filtrante	filtrants	filtrantes
filé	filée	filés	filées
fin	fine	fins	fines
final	finale	finals	finales
finaliste	finaliste	finalistes	finalistes
finalitaire	finalitaire	finalitaires	finalitaires
financier	financière	financiers	financières
finasseur	finasseuse	finasseurs	finasseuses
finassier	finassière	finassiers	finassières
finaud	finaude	finauds	finaudes
fini	finie	finis	finies
finissant	finissante	finissants	finissantes
finlandais	finlandaise	finlandais	finlandaises
finno-ougrien	finno-ougrienne	finno-ougriens	finno-ougriennes
finnois	finnoise	finnois	finnoises
fiscal	fiscale	fiscaux	fiscales
fisco-financier	fisco-financière	fisco-financiers	fisco-financières
fissible	fissible	fissibles	fissibles
fissile	fissile	fissiles	fissiles
fistulaire	fistulaire	fistulaires	fistulaires
fistuleux	fistuleuse	fistuleux	fistuleuses
fixateur	fixatrice	fixateurs	fixatrices
fixe	fixe	fixes	fixes
fixiste	fixiste	fixistes	fixistes
fixé	fixée	fixés	fixées
fiérot	fiérote	fiérots	fiérotes
fiévreux	fiévreuse	fiévreux	fiévreuses
flache	flache	flaches	flaches
flacheux	flacheuse	flacheux	flacheuses
flagellaire	flagellaire	flagellaires	flagellaires
flagellateur	flagellatrice	flagellateurs	flagellatrices
flagellé	flagellée	flagellés	flagellées
flageolant	flageolante	flageolants	flageolantes
flagorneur	flagorneuse	flagorneurs	flagorneuses
flagrant	flagrante	flagrants	flagrantes
flaireur	flaireuse	flaireurs	flaireuses
flamand	flamande	flamands	flamandes
flambant	flambante	flambants	flambantes
flambeur	flambeuse	flambeurs	flambeuses
flamboyant	flamboyante	flamboyants	flamboyantes
flambé	flambée	flambés	flambées
flamenco	flamenco	flamencos	flamencos
flamingant	flamingante	flamingants	flamingantes
flammé	flammée	flammés	flammées
flandrin	flandrine	flandrins	flandrines
flanquant	flanquante	flanquants	flanquantes
flapi	flapie	flapis	flapies
flasque	flasque	flasques	flasques
flat	flat	flats	flats
flatteur	flatteuse	flatteurs	flatteuses
flatulent	flatulente	flatulents	flatulentes
flavescent	flavescente	flavescents	flavescentes
flegmatique	flegmatique	flegmatiques	flegmatiques
flemmard	flemmarde	flemmards	flemmardes
fleurdelisé	fleurdelisée	fleurdelisés	fleurdelisées
fleuri	fleurie	fleuris	fleuries
fleurissant	fleurissante	fleurissants	fleurissantes
fleuriste	fleuriste	fleuristes	fleuristes
fleuronné	fleuronnée	fleuronnés	fleuronnées
fleuve	fleuve	fleuves	fleuves
flexible	flexible	flexibles	flexibles
flexionnel	flexionnelle	flexionnels	flexionnelles
flirteur	flirteuse	flirteurs	flirteuses
floche	floche	floches	floches
floconneux	floconneuse	floconneux	floconneuses
floral	florale	floraux	florales
florentin	florentine	florentins	florentines
floresque	floresque	floresques	floresques
floricole	floricole	floricoles	floricoles
florifère	florifère	florifères	florifères
florissant	florissante	florissants	florissantes
floristique	floristique	floristiques	floristiques
flosculeux	flosculeuse	flosculeux	flosculeuses
flottable	flottable	flottables	flottables
flottant	flottante	flottants	flottantes
flottard	flottarde	flottards	flottardes
flotté	flottée	flottés	flottées
flou	floue	flous	floues
fluctuant	fluctuante	fluctuants	fluctuantes
fluent	fluente	fluents	fluentes
fluet	fluette	fluets	fluettes
fluide	fluide	fluides	fluides
fluidifiant	fluidifiante	fluidifiants	fluidifiantes
fluidifié	fluidifiée	fluidifiés	fluidifiées
fluidique	fluidique	fluidiques	fluidiques
fluorescent	fluorescente	fluorescents	fluorescentes
fluorhydrique	fluorhydrique	fluorhydriques	fluorhydriques
fluoré	fluorée	fluorés	fluorées
fluvial	fluviale	fluviaux	fluviales
fluviatile	fluviatile	fluviatiles	fluviatiles
fluviométrique	fluviométrique	fluviométriques	fluviométriques
fléchissant	fléchissante	fléchissants	fléchissantes
fléchisseur	fléchisseuse	fléchisseurs	fléchisseuses
fléché	fléchée	fléchés	fléchées
flémard	flémarde	flémards	flémardes
flétri	flétrie	flétris	flétries
flétrissant	flétrissante	flétrissants	flétrissantes
flûté	flûtée	flûtés	flûtées
focal	focale	focaux	focales
foetal	foetale	foetaux	foetales
foireux	foireuse	foireux	foireuses
foisonnant	foisonnante	foisonnants	foisonnantes
fol			
folasse	folasse	folasses	folasses
foliacé	foliacée	foliacés	foliacées
foliaire	foliaire	foliaires	foliaires
folichon	folichonne	folichons	folichonnes
folique	folique	foliques	foliques
folié	foliée	foliés	foliées
folk	folk	folks	folks
folklorique	folklorique	folkloriques	folkloriques
follet	follette	follets	follettes
folliculaire	folliculaire	folliculaires	folliculaires
folâtrant	folâtrante	folâtrants	folâtrantes
folâtre	folâtre	folâtres	folâtres
fonceur	fonceuse	fonceurs	fonceuses
foncier	foncière	fonciers	foncières
fonctionnel	fonctionnelle	fonctionnels	fonctionnelles
foncé	foncée	foncés	foncées
fondamental	fondamentale	fondamentaux	fondamentales
fondamentaliste	fondamentaliste	fondamentalistes	fondamentalistes
fondant	fondante	fondants	fondantes
fondateur	fondatrice	fondateurs	fondatrices
fondu	fondue	fondus	fondues
fondé	fondée	fondés	fondées
fongible	fongible	fongibles	fongibles
fongicide	fongicide	fongicides	fongicides
fongiforme	fongiforme	fongiformes	fongiformes
fongique	fongique	fongiques	fongiques
fongistatique	fongistatique	fongistatiques	fongistatiques
fongueux	fongueuse	fongueux	fongueuses
forain	foraine	forains	foraines
foraminé	foraminée	foraminés	foraminées
forcené	forcenée	forcenés	forcenées
forclos	forclose	forclos	forcloses
forestier	forestière	forestiers	forestières
forfait	forfaite	forfaits	forfaites
forfaitaire	forfaitaire	forfaitaires	forfaitaires
forgeable	forgeable	forgeables	forgeables
forgé	forgée	forgés	forgées
formaliste	formaliste	formalistes	formalistes
formalisé	formalisée	formalisés	formalisées
formateur	formatrice	formateurs	formatrices
formatif	formative	formatifs	formatives
formaté	formatée	formatés	formatées
formel	formelle	formels	formelles
formicant	formicante	formicants	formicantes
formidable	formidable	formidables	formidables
formique	formique	formiques	formiques
formosan	formosane	formosans	formosanes
formulable	formulable	formulables	formulables
formé	formée	formés	formées
fort	forte	forts	fortes
fortiche	fortiche	fortiches	fortiches
fortifiant	fortifiante	fortifiants	fortifiantes
fortrait	fortraite	fortraits	fortraites
fortuit	fortuite	fortuits	fortuites
fortuné	fortunée	fortunés	fortunées
fossile	fossile	fossiles	fossiles
fossilifère	fossilifère	fossilifères	fossilifères
fossilisé	fossilisée	fossilisés	fossilisées
fou	folle	fous	folles
foudroyant	foudroyante	foudroyants	foudroyantes
fouettard			
fouetté	fouettée	fouettés	fouettées
foufou	fofolle	foufous	fofolles
fougueux	fougueuse	fougueux	fougueuses
fouillé	fouillée	fouillés	fouillées
fouinard	fouinarde	fouinards	fouinardes
fouineur	fouineuse	fouineurs	fouineuses
fouisseur	fouisseuse	fouisseurs	fouisseuses
foulant	foulante	foulants	foulantes
fourbe	fourbe	fourbes	fourbes
fourbu	fourbue	fourbus	fourbues
fourcheté	fourchetée	fourchetés	fourchetées
fourchu	fourchue	fourchus	fourchues
fouriériste	fouriériste	fouriéristes	fouriéristes
fourmillant	fourmillante	fourmillants	fourmillantes
fourni	fournie	fournis	fournies
fourrager	fourragère	fourragers	fourragères
fourré	fourrée	fourrés	fourrées
foutral	foutrale	foutrals	foutrales
foutraque	foutraque	foutraques	foutraques
foutu	foutue	foutus	foutues
foxé	foxée	foxés	foxées
fracassant	fracassante	fracassants	fracassantes
fractal	fractale	fractals	fractales
fractionnable	fractionnable	fractionnables	fractionnables
fractionnaire	fractionnaire	fractionnaires	fractionnaires
fractionnel	fractionnelle	fractionnels	fractionnelles
fractionné	fractionnée	fractionnés	fractionnées
fragile	fragile	fragiles	fragiles
fragilisant	fragilisante	fragilisants	fragilisantes
fragmentaire	fragmentaire	fragmentaires	fragmentaires
frais	fraîche	frais	fraîches
fraisier	fraisière	fraisiers	fraisières
framboisé	framboisée	framboisés	framboisées
franc	franche	francs	franches
franc-bourgeois		franc-bourgeois	
franc-comtois	franc-comtoise	franc-comtois	franc-comtoises
franc-maçon	franc-maçonne	francs-maçons	franc-maçonnes
franc-maçonnique	franc-maçonnique	franc-maçonniques	franc-maçonniques
franchissable	franchissable	franchissables	franchissables
franchisé	franchisée	franchisés	franchisées
franchouillard	franchouillarde	franchouillards	franchouillardes
francien	francienne	franciens	franciennes
francique	francique	franciques	franciques
francisant	francisante	francisants	francisantes
franciscain	franciscaine	franciscains	franciscaines
franco-américain	franco-américaine	franco-américains	franco-américaines
franco-belge	franco-belge	franco-belges	franco-belges
francophile	francophile	francophiles	francophiles
francophobe	francophobe	francophobes	francophobes
francophone	francophone	francophones	francophones
frangeant	frangeante	frangeants	frangeantes
franglais	franglaise	franglais	franglaises
franquiste	franquiste	franquistes	franquistes
français	française	français	françaises
frappant	frappante	frappants	frappantes
frappeur	frappeuse	frappeurs	frappeuses
frappé	frappée	frappés	frappées
fraternel	fraternelle	fraternels	fraternelles
fratricide	fratricide	fratricides	fratricides
fraudeur	fraudeuse	fraudeurs	fraudeuses
frauduleux	frauduleuse	frauduleux	frauduleuses
frelaté	frelatée	frelatés	frelatées
fretté	frettée	frettés	frettées
freudien	freudienne	freudiens	freudiennes
friable	friable	friables	friables
friand	friande	friands	friandes
fricatif	fricative	fricatifs	fricatives
fricoteur	fricoteuse	fricoteurs	fricoteuses
frictionnel	frictionnelle	frictionnels	frictionnelles
frigide	frigide	frigides	frigides
frigorifique	frigorifique	frigorifiques	frigorifiques
frigorifié	frigorifiée	frigorifiés	frigorifiées
frileux	frileuse	frileux	frileuses
frimeur	frimeuse	frimeurs	frimeuses
fringant	fringante	fringants	fringantes
fringué	fringuée	fringués	fringuées
fripon	friponne	fripons	friponnes
friqué	friquée	friqués	friquées
frisant	frisante	frisants	frisantes
frison	frisonne	frisons	frisonnes
frisottant	frisottante	frisottants	frisottantes
frisotté	frisottée	frisottés	frisottées
frisquet	frisquette	frisquets	frisquettes
frissonnant	frissonnante	frissonnants	frissonnantes
frisé	frisée	frisés	frisées
frit	frite	frits	frites
frivole	frivole	frivoles	frivoles
froid	froide	froids	froides
froissable	froissable	froissables	froissables
froissant	froissante	froissants	froissantes
fromager	fromagère	fromagers	fromagères
fromental	fromentale	fromentals	fromentales
froncé	froncée	froncés	froncées
frondeur	frondeuse	frondeurs	frondeuses
frontal	frontale	frontaux	frontales
frontalier	frontalière	frontaliers	frontalières
frontiste	frontiste	frontistes	frontistes
fronto-temporal	fronto-temporale	fronto-temporaux	fronto-temporales
frottant	frottante	frottants	frottantes
froudroyant	froudroyante	froudroyants	froudroyantes
froufroutant	froufroutante	froufroutants	froufroutantes
froussard	froussarde	froussards	froussardes
fructifère	fructifère	fructifères	fructifères
fructueux	fructueuse	fructueux	fructueuses
frugal	frugale	frugaux	frugales
frugivore	frugivore	frugivores	frugivores
fruitier	fruitière	fruitiers	fruitières
fruité	fruitée	fruités	fruitées
frumentacé	frumentacée	frumentacés	frumentacées
frumentaire	frumentaire	frumentaires	frumentaires
fruste	fruste	frustes	frustes
frustrant	frustrante	frustrants	frustrantes
frustratoire	frustratoire	frustratoires	frustratoires
frustré	frustrée	frustrés	frustrées
frutescent	frutescente	frutescents	frutescentes
frère		frères	
frémissant	frémissante	frémissants	frémissantes
frénateur	frénatrice	frénateurs	frénatrices
frénétique	frénétique	frénétiques	frénétiques
fréquent	fréquente	fréquents	fréquentes
fréquentable	fréquentable	fréquentables	fréquentables
fréquentatif	fréquentative	fréquentatifs	fréquentatives
fréquentiel	fréquentielle	fréquentiels	fréquentielles
fréquenté	fréquentée	fréquentés	fréquentées
frétillant	frétillante	frétillants	frétillantes
frêle	frêle	frêles	frêles
frôleur	frôleuse	frôleurs	frôleuses
fugace	fugace	fugaces	fugaces
fugitif	fugitive	fugitifs	fugitives
fugueur	fugueuse	fugueurs	fugueuses
fugué	fuguée	fugués	fuguées
fulgurant	fulgurante	fulgurants	fulgurantes
fuligineux	fuligineuse	fuligineux	fuligineuses
fulminant	fulminante	fulminants	fulminantes
fulminatoire	fulminatoire	fulminatoires	fulminatoires
fulminique	fulminique	fulminiques	fulminiques
fumable	fumable	fumables	fumables
fumant	fumante	fumants	fumantes
fumasse	fumasse	fumasses	fumasses
fumeur	fumeuse	fumeurs	fumeuses
fumeux	fumeuse	fumeux	fumeuses
fumigatoire	fumigatoire	fumigatoires	fumigatoires
fumigène	fumigène	fumigènes	fumigènes
fumiste	fumiste	fumistes	fumistes
fumivore	fumivore	fumivores	fumivores
fumé	fumée	fumés	fumées
funambulesque	funambulesque	funambulesques	funambulesques
funeste	funeste	funestes	funestes
funiculaire	funiculaire	funiculaires	funiculaires
funèbre	funèbre	funèbres	funèbres
funéraire	funéraire	funéraires	funéraires
fureteur	fureteuse	fureteurs	fureteuses
furfuracé	furfuracée	furfuracés	furfuracées
furibard	furibarde	furibards	furibardes
furibond	furibonde	furibonds	furibondes
furieux	furieuse	furieux	furieuses
furonculeux	furonculeuse	furonculeux	furonculeuses
furtif	furtive	furtifs	furtives
fusant	fusante	fusants	fusantes
fuselé	fuselée	fuselés	fuselées
fusible	fusible	fusibles	fusibles
fusiforme	fusiforme	fusiformes	fusiformes
futile	futile	futiles	futiles
futur	future	futurs	futures
futurible	futurible	futuribles	futuribles
futuriste	futuriste	futuristes	futuristes
futé	futée	futés	futées
fuyant	fuyante	fuyants	fuyantes
fuyard	fuyarde	fuyards	fuyardes
fuégien	fuégienne	fuégiens	fuégiennes
fâcheux	fâcheuse	fâcheux	fâcheuses
fâché	fâchée	fâchés	fâchées
féal	féale	féaux	féales
fébrifuge	fébrifuge	fébrifuges	fébrifuges
fébrile	fébrile	fébriles	fébriles
fécal	fécale	fécaux	fécales
fécond	féconde	féconds	fécondes
fécondable	fécondable	fécondables	fécondables
fécondant	fécondante	fécondants	fécondantes
fécondateur	fécondatrice	fécondateurs	fécondatrices
féculent	féculente	féculents	féculentes
fédéral	fédérale	fédéraux	fédérales
fédéraliste	fédéraliste	fédéralistes	fédéralistes
fédérateur	fédératrice	fédérateurs	fédératrices
fédératif	fédérative	fédératifs	fédératives
fédéré	fédérée	fédérés	fédérées
féerique	féerique	féeriques	féeriques
félin	féline	félins	félines
félon	félonne	félons	félonnes
féminin	féminine	féminins	féminines
féminisant	féminisante	féminisants	féminisantes
féministe	féministe	féministes	féministes
fémoral	fémorale	fémoraux	fémorales
féodal	féodale	féodaux	féodales
férial	fériale	fériaux	fériales
férié	fériée	fériés	fériées
féroce	féroce	féroces	féroces
féru	férue	férus	férues
fétiche	fétiche	fétiches	fétiches
fétichiste	fétichiste	fétichistes	fétichistes
fétide	fétide	fétides	fétides
fêlé	fêlée	fêlés	fêlées
gabonais	gabonaise	gabonais	gabonaises
gaffeur	gaffeuse	gaffeurs	gaffeuses
gagiste	gagiste	gagistes	gagistes
gagnable	gagnable	gagnables	gagnables
gagnant	gagnante	gagnants	gagnantes
gagneur	gagneuse	gagneurs	gagneuses
gagé	gagée	gagés	gagées
gai	gaie	gais	gaies
gaillard	gaillarde	gaillards	gaillardes
galactagogue	galactagogue	galactagogues	galactagogues
galactique	galactique	galactiques	galactiques
galactogène	galactogène	galactogènes	galactogènes
galactophore	galactophore	galactophores	galactophores
galant	galante	galants	galantes
galate	galate	galates	galates
galbé	galbée	galbés	galbées
galetteux	galetteuse	galetteux	galetteuses
galeux	galeuse	galeux	galeuses
galicien	galicienne	galiciens	galiciennes
galiléen	galiléenne	galiléens	galiléennes
gallican	gallicane	gallicans	gallicanes
gallicole	gallicole	gallicoles	gallicoles
gallinacé	gallinacée	gallinacés	gallinacées
gallique	gallique	galliques	galliques
gallo	gallo	gallos	gallos
gallo-romain	gallo-romaine	gallo-romains	gallo-romaines
gallois	galloise	gallois	galloises
galonnier	galonnière	galonniers	galonnières
galonné	galonnée	galonnés	galonnées
galopant	galopante	galopants	galopantes
galopeur	galopeuse	galopeurs	galopeuses
galvanique	galvanique	galvaniques	galvaniques
galvanométrique	galvanométrique	galvanométriques	galvanométriques
galvanoplastique	galvanoplastique	galvanoplastiques	galvanoplastiques
galénique	galénique	galéniques	galéniques
gamin	gamine	gamins	gamines
gammé	gammée	gammés	gammées
gamopétale	gamopétale	gamopétales	gamopétales
gamosépale	gamosépale	gamosépales	gamosépales
ganache	ganache	ganaches	ganaches
ganglionnaire	ganglionnaire	ganglionnaires	ganglionnaires
ganglionné	ganglionnée	ganglionnés	ganglionnées
ganglioplégique	ganglioplégique	ganglioplégiques	ganglioplégiques
gangreneux	gangreneuse	gangreneux	gangreneuses
gangrené	gangrenée	gangrenés	gangrenées
gangétique	gangétique	gangétiques	gangétiques
ganoïde	ganoïde	ganoïdes	ganoïdes
gantelé	gantelée	gantelés	gantelées
gantier	gantière	gantiers	gantières
gantois	gantoise	gantois	gantoises
gapençais	gapençaise	gapençais	gapençaises
garant	garante	garants	garantes
garanti	garantie	garantis	garanties
gardien	gardienne	gardiens	gardiennes
gardé	gardée	gardés	gardées
gargantuesque	gargantuesque	gargantuesques	gargantuesques
garibaldien	garibaldienne	garibaldiens	garibaldiennes
garni	garnie	garnis	garnies
garnissant	garnissante	garnissants	garnissantes
garonnais	garonnaise	garonnais	garonnaises
garrotté	garrottée	garrottés	garrottées
garçonnier	garçonnière	garçonniers	garçonnières
gascon	gasconne	gascons	gasconnes
gaspilleur	gaspilleuse	gaspilleurs	gaspilleuses
gassendiste	gassendiste	gassendistes	gassendistes
gastralgique	gastralgique	gastralgiques	gastralgiques
gastrique	gastrique	gastriques	gastriques
gastro-intestinal	gastro-intestinale	gastro-intestinaux	gastro-intestinales
gastronomique	gastronomique	gastronomiques	gastronomiques
gauche	gauche	gauches	gauches
gaucher	gauchère	gauchers	gauchères
gauchisant	gauchisante	gauchisants	gauchisantes
gauchiste	gauchiste	gauchistes	gauchistes
gaullien	gaullienne	gaulliens	gaulliennes
gaulliste	gaulliste	gaullistes	gaullistes
gaulois	gauloise	gaulois	gauloises
gavache	gavache	gavaches	gavaches
gavot	gavote	gavots	gavotes
gavroche	gavroche	gavroches	gavroches
gay	gay	gay	gay
gazeux	gazeuse	gazeux	gazeuses
gazier	gazière	gaziers	gazières
gazométrique	gazométrique	gazométriques	gazométriques
gazonnant	gazonnante	gazonnants	gazonnantes
gazonné	gazonnée	gazonnés	gazonnées
gazouillant	gazouillante	gazouillants	gazouillantes
gazouilleur	gazouilleuse	gazouilleurs	gazouilleuses
gazé	gazée	gazés	gazées
gazéifiable	gazéifiable	gazéifiables	gazéifiables
gaélique	gaélique	gaéliques	gaéliques
geignard	geignarde	geignards	geignardes
gelé	gelée	gelés	gelées
gemme	gemme	gemmes	gemmes
gemmeur	gemmeuse	gemmeurs	gemmeuses
gemmifère	gemmifère	gemmifères	gemmifères
gemmologiste	gemmologiste	gemmologistes	gemmologistes
gemmé	gemmée	gemmés	gemmées
genevois	genevoise	genevois	genevoises
gent	gente	gents	gentes
gentil	gentille	gentils	gentilles
gentillet	gentillette	gentillets	gentillettes
gerbeur	gerbeuse	gerbeurs	gerbeuses
germain	germaine	germains	germaines
germanique	germanique	germaniques	germaniques
germanisant	germanisante	germanisants	germanisantes
germaniste	germaniste	germanistes	germanistes
germanophile	germanophile	germanophiles	germanophiles
germanophobe	germanophobe	germanophobes	germanophobes
germanophone	germanophone	germanophones	germanophones
germicide	germicide	germicides	germicides
germinal	germinale	germinaux	germinales
germinateur	germinatrice	germinateurs	germinatrices
germinatif	germinative	germinatifs	germinatives
germé	germée	germés	germées
gestatoire	gestatoire	gestatoires	gestatoires
gesticulant	gesticulante	gesticulants	gesticulantes
gestionnaire	gestionnaire	gestionnaires	gestionnaires
gestuel	gestuelle	gestuels	gestuelles
ghanéen	ghanéenne	ghanéens	ghanéennes
gibbeux	gibbeuse	gibbeux	gibbeuses
gibelin	gibeline	gibelins	gibelines
giboyeux	giboyeuse	giboyeux	giboyeuses
gigantesque	gigantesque	gigantesques	gigantesques
gigogne	gigogne	gigognes	gigognes
gigotant	gigotante	gigotants	gigotantes
gigotté	gigottée	gigottés	gigottées
gigoté	gigotée	gigotés	gigotées
gingival	gingivale	gingivaux	gingivales
ginguet	ginguette	ginguets	ginguettes
giottesque	giottesque	giottesques	giottesques
giralducien	giralducienne	giralduciens	giralduciennes
giratoire	giratoire	giratoires	giratoires
girond	gironde	gironds	girondes
girondin	girondine	girondins	girondines
gironné	gironnée	gironnés	gironnées
gisant	gisante	gisants	gisantes
giscardien	giscardienne	giscardiens	giscardiennes
gitan	gitane	gitans	gitanes
givrant	givrante	givrants	givrantes
givreux	givreuse	givreux	givreuses
givré	givrée	givrés	givrées
glabre	glabre	glabres	glabres
glaceur	glaceuse	glaceurs	glaceuses
glaceux	glaceuse	glaceux	glaceuses
glaciaire	glaciaire	glaciaires	glaciaires
glacial	glaciale	glacials	glaciales
glaciologique	glaciologique	glaciologiques	glaciologiques
glacé	glacée	glacés	glacées
glagolitique	glagolitique	glagolitiques	glagolitiques
glaireux	glaireuse	glaireux	glaireuses
glaise	glaise	glaises	glaises
glaiseux	glaiseuse	glaiseux	glaiseuses
glandulaire	glandulaire	glandulaires	glandulaires
glanduleux	glanduleuse	glanduleux	glanduleuses
glandé	glandée	glandés	glandées
glapissant	glapissante	glapissants	glapissantes
glauque	glauque	glauques	glauques
glaçant	glaçante	glaçants	glaçantes
glial	gliale	gliaux	gliales
glischroïde	glischroïde	glischroïdes	glischroïdes
glissant	glissante	glissants	glissantes
glisseur	glisseuse	glisseurs	glisseuses
glissé	glissée	glissés	glissées
global	globale	globaux	globales
globalisant	globalisante	globalisants	globalisantes
globaliste	globaliste	globalistes	globalistes
globalitaire	globalitaire	globalitaires	globalitaires
globicéphale	globicéphale	globicéphales	globicéphales
globique	globique	globiques	globiques
globulaire	globulaire	globulaires	globulaires
globuleux	globuleuse	globuleux	globuleuses
glorieux	glorieuse	glorieux	glorieuses
glorificateur	glorificatrice	glorificateurs	glorificatrices
glottal	glottale	glottaux	glottales
glottique	glottique	glottiques	glottiques
glougloutant	glougloutante	glougloutants	glougloutantes
gloussant	gloussante	gloussants	gloussantes
glouton	gloutonne	gloutons	gloutonnes
gluant	gluante	gluants	gluantes
glucocorticoïde	glucocorticoïde	glucocorticoïdes	glucocorticoïdes
gluconique	gluconique	gluconiques	gluconiques
glutamatergique	glutamatergique	glutamatergiques	glutamatergiques
glutamique	glutamique	glutamiques	glutamiques
glutineux	glutineuse	glutineux	glutineuses
glycogénique	glycogénique	glycogéniques	glycogéniques
glycolique	glycolique	glycoliques	glycoliques
glycolytique	glycolytique	glycolytiques	glycolytiques
glyconien	glyconienne	glyconiens	glyconiennes
glycosurique	glycosurique	glycosuriques	glycosuriques
glycémique	glycémique	glycémiques	glycémiques
glycérique	glycérique	glycériques	glycériques
glycérophtalique	glycérophtalique	glycérophtaliques	glycérophtaliques
glénoïdal	glénoïdale	glénoïdaux	glénoïdales
glénoïde	glénoïde	glénoïdes	glénoïdes
gnomique	gnomique	gnomiques	gnomiques
gnomonique	gnomonique	gnomoniques	gnomoniques
gnostique	gnostique	gnostiques	gnostiques
godiche	godiche	godiches	godiches
godichon	godichonne	godichons	godichonnes
godronné	godronnée	godronnés	godronnées
goguenard	goguenarde	goguenards	goguenardes
goinfre	goinfre	goinfres	goinfres
goitreux	goitreuse	goitreux	goitreuses
gomariste	gomariste	gomaristes	gomaristes
gommeux	gommeuse	gommeux	gommeuses
gommé	gommée	gommés	gommées
gomorrhéen	gomorrhéenne	gomorrhéens	gomorrhéennes
goménolé	goménolée	goménolés	goménolées
gonadique	gonadique	gonadiques	gonadiques
gonadotrope	gonadotrope	gonadotropes	gonadotropes
gondolant	gondolante	gondolants	gondolantes
gonflable	gonflable	gonflables	gonflables
gonflant	gonflante	gonflants	gonflantes
gonflé	gonflée	gonflés	gonflées
goniaque	goniaque	goniaques	goniaques
goniométrique	goniométrique	goniométriques	goniométriques
gonochorique	gonochorique	gonochoriques	gonochoriques
gonocytaire	gonocytaire	gonocytaires	gonocytaires
goodie		goodies	
gorbatchévien	gorbatchévienne	gorbatchéviens	gorbatchéviennes
gordien	gordienne	gordiens	gordiennes
gosse	gosse	gosses	gosses
gothique	gothique	gothiques	gothiques
gotique	gotique	gotiques	gotiques
gouailleur	gouailleuse	gouailleurs	gouailleuses
gouape	gouape	gouapes	gouapes
goudronneux	goudronneuse	goudronneux	goudronneuses
goujonnier	goujonnière	goujonniers	goujonnières
goulafre	goulafre	goulafres	goulafres
gouleyant	gouleyante	gouleyants	gouleyantes
goulu	goulue	goulus	goulues
gourd	gourde	gourds	gourdes
gourde	gourde	gourdes	gourdes
gourmand	gourmande	gourmands	gourmandes
gourmé	gourmée	gourmés	gourmées
goussaut			
goutteux	goutteuse	goutteux	goutteuses
gouvernable	gouvernable	gouvernables	gouvernables
gouvernant	gouvernante	gouvernants	gouvernantes
gouvernemental	gouvernementale	gouvernementaux	gouvernementales
gouverné	gouvernée	gouvernés	gouvernées
goûteux	goûteuse	goûteux	goûteuses
goûté	goûtée	goûtés	goûtées
grabataire	grabataire	grabataires	grabataires
gracieux	gracieuse	gracieux	gracieuses
gracile	gracile	graciles	graciles
graduel	graduelle	graduels	graduelles
gradué	graduée	gradués	graduées
gradé	gradée	gradés	gradées
grainetier	grainetière	grainetiers	grainetières
graisseur	graisseuse	graisseurs	graisseuses
graisseux	graisseuse	graisseux	graisseuses
graminé	graminée	graminés	graminées
grammatical	grammaticale	grammaticaux	grammaticales
gramscien	gramscienne	gramsciens	gramsciennes
grand	grande	grands	grandes
grand-angle	grand-angle	grand-angles	grand-angles
grand-angulaire	grand-angulaire	grand-angulaires	grand-angulaires
grand-ducal	grand-ducale	grand-ducaux	grand-ducales
grand-guignolesque	grand-guignolesque	grand-guignolesques	grand-guignolesques
grandelet	grandelette	grandelets	grandelettes
grandet	grandette	grandets	grandettes
grandiloquent	grandiloquente	grandiloquents	grandiloquentes
grandiose	grandiose	grandioses	grandioses
grandissant	grandissante	grandissants	grandissantes
graniteux	graniteuse	graniteux	graniteuses
granitique	granitique	granitiques	granitiques
granitoïde	granitoïde	granitoïdes	granitoïdes
granité	granitée	granités	granitées
granivore	granivore	granivores	granivores
granulaire	granulaire	granulaires	granulaires
granuleux	granuleuse	granuleux	granuleuses
granulitique	granulitique	granulitiques	granulitiques
granulé	granulée	granulés	granulées
graphique	graphique	graphiques	graphiques
graphiteux	graphiteuse	graphiteux	graphiteuses
graphitique	graphitique	graphitiques	graphitiques
graphologique	graphologique	graphologiques	graphologiques
grappilleur	grappilleuse	grappilleurs	grappilleuses
gras	grasse	gras	grasses
grasseyant	grasseyante	grasseyants	grasseyantes
grasseyé	grasseyée	grasseyés	grasseyées
grassouillet	grassouillette	grassouillets	grassouillettes
gratifiant	gratifiante	gratifiants	gratifiantes
gratiné	gratinée	gratinés	gratinées
gratteur	gratteuse	gratteurs	gratteuses
gratuit	gratuite	gratuits	gratuites
gravant	gravante	gravants	gravantes
grave	grave	graves	graves
graveleux	graveleuse	graveleux	graveleuses
gravelé	gravelée	gravelés	gravelées
graveur	graveuse	graveurs	graveuses
gravide	gravide	gravides	gravides
gravidique	gravidique	gravidiques	gravidiques
gravifique	gravifique	gravifiques	gravifiques
gravimétrique	gravimétrique	gravimétriques	gravimétriques
gravissime	gravissime	gravissimes	gravissimes
gravitant	gravitante	gravitants	gravitantes
gravitationnel	gravitationnelle	gravitationnels	gravitationnelles
grec	grecque	grecs	grecques
greffant	greffante	greffants	greffantes
grelottant	grelottante	grelottants	grelottantes
grenadin	grenadine	grenadins	grenadines
grenelé	grenelée	grenelés	grenelées
grenoblois	grenobloise	grenoblois	grenobloises
grenu	grenue	grenus	grenues
grené	grenée	grenés	grenées
gribiche	gribiche	gribiches	gribiches
gribouilleur	gribouilleuse	gribouilleurs	gribouilleuses
griffeur	griffeuse	griffeurs	griffeuses
griffu	griffue	griffus	griffues
griffé	griffée	griffés	griffées
grignoteur	grignoteuse	grignoteurs	grignoteuses
grillé	grillée	grillés	grillées
grimacier	grimacière	grimaciers	grimacières
grimaçant	grimaçante	grimaçants	grimaçantes
grimpant	grimpante	grimpants	grimpantes
grimpeur	grimpeuse	grimpeurs	grimpeuses
grincheux	grincheuse	grincheux	grincheuses
gringalet	gringalette	gringalets	gringalettes
gringe	gringe	gringes	gringes
grinçant	grinçante	grinçants	grinçantes
grippal	grippale	grippaux	grippales
grippé	grippée	grippés	grippées
gris	grise	gris	grises
grisant	grisante	grisants	grisantes
grison	grisonne	grisons	grisonnes
grisonnant	grisonnante	grisonnants	grisonnantes
grisouteux	grisouteuse	grisouteux	grisouteuses
grisâtre	grisâtre	grisâtres	grisâtres
grivelé	grivelée	grivelés	grivelées
grivois	grivoise	grivois	grivoises
groenlandais	groenlandaise	groenlandais	groenlandaises
grogneur	grogneuse	grogneurs	grogneuses
grognon	grognonne	grognons	grognonnes
grondable	grondable	grondables	grondables
grondant	grondante	grondants	grondantes
grondeur	grondeuse	grondeurs	grondeuses
gros	grosse	gros	grosses
grossier	grossière	grossiers	grossières
grossissant	grossissante	grossissants	grossissantes
grotesque	grotesque	grotesques	grotesques
grouillant	grouillante	grouillants	grouillantes
groupal	groupale	groupaux	groupales
groupusculaire	groupusculaire	groupusculaires	groupusculaires
groupé	groupée	groupés	groupées
grumeleux	grumeleuse	grumeleux	grumeleuses
grège	grège	grèges	grèges
gréco-latin	gréco-latine	gréco-latins	gréco-latines
gréco-romain	gréco-romaine	gréco-romains	gréco-romaines
grégaire	grégaire	grégaires	grégaires
grégeois	grégeoise	grégeois	grégeoises
grégorien	grégorienne	grégoriens	grégoriennes
gréseux	gréseuse	gréseux	gréseuses
grésillant	grésillante	grésillants	grésillantes
grêle	grêle	grêles	grêles
grêlé	grêlée	grêlés	grêlées
guadeloupéen	guadeloupéenne	guadeloupéens	guadeloupéennes
guai	guaie	guais	guaies
guais	guaise	guais	guaises
guarani	guarani	guaranis	guaranis
guatémalien	guatémalienne	guatémaliens	guatémaliennes
guatémaltèque	guatémaltèque	guatémaltèques	guatémaltèques
guelfe	guelfe	guelfes	guelfes
guenilleux	guenilleuse	guenilleux	guenilleuses
guernesiais	guernesiaise	guernesiais	guernesiaises
guerrier	guerrière	guerriers	guerrières
guesdiste	guesdiste	guesdistes	guesdistes
gueulard	gueularde	gueulards	gueulardes
guignard	guignarde	guignards	guignardes
guignolesque	guignolesque	guignolesques	guignolesques
guilleret	guillerette	guillerets	guillerettes
guilloché	guillochée	guillochés	guillochées
guillotiné	guillotinée	guillotinés	guillotinées
guindé	guindée	guindés	guindées
guinéen	guinéenne	guinéens	guinéennes
guivré	guivrée	guivrés	guivrées
gummifère	gummifère	gummifères	gummifères
gurunsi	gurunsi	gurunsis	gurunsis
gustatif	gustative	gustatifs	gustatives
guttural	gutturale	gutturaux	gutturales
guyanais	guyanaise	guyanais	guyanaises
guèbre	guèbre	guèbres	guèbres
guègue	guègue	guègues	guègues
guèze	guèze	guèzes	guèzes
guéable	guéable	guéables	guéables
guéri	guérie	guéris	guéries
guérissable	guérissable	guérissables	guérissables
guérisseur	guérisseuse	guérisseurs	guérisseuses
gymnastique	gymnastique	gymnastiques	gymnastiques
gymnique	gymnique	gymniques	gymniques
gymnocarpe	gymnocarpe	gymnocarpes	gymnocarpes
gymnosperme	gymnosperme	gymnospermes	gymnospermes
gynécologique	gynécologique	gynécologiques	gynécologiques
gypseux	gypseuse	gypseux	gypseuses
gyromagnétique	gyromagnétique	gyromagnétiques	gyromagnétiques
gyroscopique	gyroscopique	gyroscopiques	gyroscopiques
gâcheur	gâcheuse	gâcheurs	gâcheuses
gâteux	gâteuse	gâteux	gâteuses
gâté	gâtée	gâtés	gâtées
géant	géante	géants	géantes
gélatineux	gélatineuse	gélatineux	gélatineuses
gélatiné	gélatinée	gélatinés	gélatinées
gélif	gélive	gélifs	gélives
gélifiant	gélifiante	gélifiants	gélifiantes
gélifié	gélifiée	gélifiés	gélifiées
gémellaire	gémellaire	gémellaires	gémellaires
gémellipare	gémellipare	gémellipares	gémellipares
géminé	géminée	géminés	géminées
gémissant	gémissante	gémissants	gémissantes
génial	géniale	géniaux	géniales
génital	génitale	génitaux	génitales
génito-urinaire	génito-urinaire	génito-urinaires	génito-urinaires
génocidaire	génocidaire	génocidaires	génocidaires
génois	génoise	génois	génoises
généalogique	généalogique	généalogiques	généalogiques
général	générale	généraux	générales
généralisable	généralisable	généralisables	généralisables
généralisant	généralisante	généralisants	généralisantes
généralisateur	généralisatrice	généralisateurs	généralisatrices
généraliste	généraliste	généralistes	généralistes
générateur	génératrice	générateurs	génératrices
génératif	générative	génératifs	génératives
générationnel	générationnelle	générationnels	générationnelles
généreux	généreuse	généreux	généreuses
générique	générique	génériques	génériques
génésiaque	génésiaque	génésiaques	génésiaques
génésique	génésique	génésiques	génésiques
généthliaque	généthliaque	généthliaques	généthliaques
génétique	génétique	génétiques	génétiques
géocentrique	géocentrique	géocentriques	géocentriques
géodynamique	géodynamique	géodynamiques	géodynamiques
géodésique	géodésique	géodésiques	géodésiques
géographique	géographique	géographiques	géographiques
géologique	géologique	géologiques	géologiques
géomagnétique	géomagnétique	géomagnétiques	géomagnétiques
géométral	géométrale	géométraux	géométrales
géométrique	géométrique	géométriques	géométriques
géophage	géophage	géophages	géophages
géophysique	géophysique	géophysiques	géophysiques
géopolitique	géopolitique	géopolitiques	géopolitiques
géorgien	géorgienne	géorgiens	géorgiennes
géostratégique	géostratégique	géostratégiques	géostratégiques
géotechnique	géotechnique	géotechniques	géotechniques
géothermique	géothermique	géothermiques	géothermiques
gérable	gérable	gérables	gérables
gériatrique	gériatrique	gériatriques	gériatriques
gérontologique	gérontologique	gérontologiques	gérontologiques
gérontophile	gérontophile	gérontophiles	gérontophiles
gênant	gênante	gênants	gênantes
gêné	gênée	gênés	gênées
habile	habile	habiles	habiles
habilitant	habilitante	habilitants	habilitantes
habilité	habilitée	habilités	habilitées
habillable	habillable	habillables	habillables
habillé	habillée	habillés	habillées
habitable	habitable	habitables	habitables
habituel	habituelle	habituels	habituelles
habitué	habituée	habitués	habituées
habité	habitée	habités	habitées
habsbourgeois	habsbourgeoise	habsbourgeois	habsbourgeoises
hachuré	hachurée	hachurés	hachurées
haché	hachée	hachés	hachées
hachémite	hachémite	hachémites	hachémites
hadal	hadale	hadaux	hadales
hagard	hagarde	hagards	hagardes
hagiographe	hagiographe	hagiographes	hagiographes
hagiographique	hagiographique	hagiographiques	hagiographiques
haillonneux	haillonneuse	haillonneux	haillonneuses
haineux	haineuse	haineux	haineuses
hainuyer	hainuyère	hainuyers	hainuyères
halbrené	halbrenée	halbrenés	halbrenées
haletant	haletante	haletants	haletantes
halieutique	halieutique	halieutiques	halieutiques
halitueux	halitueuse	halitueux	halitueuses
hallstattien	hallstattienne	hallstattiens	hallstattiennes
hallucinant	hallucinante	hallucinants	hallucinantes
hallucinatoire	hallucinatoire	hallucinatoires	hallucinatoires
hallucinogène	hallucinogène	hallucinogènes	hallucinogènes
halluciné	hallucinée	hallucinés	hallucinées
halogène	halogène	halogènes	halogènes
halogéné	halogénée	halogénés	halogénées
halophile	halophile	halophiles	halophiles
halophyte	halophyte	halophytes	halophytes
haltérophile	haltérophile	haltérophiles	haltérophiles
hambourgeois	hambourgeoise	hambourgeois	hambourgeoises
hamitique	hamitique	hamitiques	hamitiques
hanché	hanchée	hanchés	hanchées
handicapé	handicapée	handicapés	handicapées
hanovrien	hanovrienne	hanovriens	hanovriennes
hanséatique	hanséatique	hanséatiques	hanséatiques
hanté	hantée	hantés	hantées
haoussa	haoussa	haoussas	haoussas
haploïde	haploïde	haploïdes	haploïdes
harassant	harassante	harassants	harassantes
harassé	harassée	harassés	harassées
harcelant	harcelante	harcelants	harcelantes
harcelé	harcelée	harcelés	harcelées
hardi	hardie	hardis	hardies
hardé	hardée	hardés	hardées
haret	harète	harets	harètes
hargneux	hargneuse	hargneux	hargneuses
harmonieux	harmonieuse	harmonieux	harmonieuses
harmonique	harmonique	harmoniques	harmoniques
hasardeux	hasardeuse	hasardeux	hasardeuses
hasardé	hasardée	hasardés	hasardées
hasté	hastée	hastés	hastées
haussier	haussière	haussiers	haussières
haut	haute	hauts	hautes
hautain	hautaine	hautains	hautaines
haute-contre	haute-contre	hautes-contre	hautes-contre
hauturier	hauturière	hauturiers	hauturières
havanais	havanaise	havanais	havanaises
haveur	haveuse	haveurs	haveuses
havrais	havraise	havrais	havraises
hawaiien	hawaiienne	hawaiiens	hawaiiennes
hawaïen	hawaïène	hawaïens	hawaïènes
hazara	hazara	hazaras	hazaras
haïssable	haïssable	haïssables	haïssables
haïtien	haïtienne	haïtiens	haïtiennes
hebdomadaire	hebdomadaire	hebdomadaires	hebdomadaires
hectique	hectique	hectiques	hectiques
hectométrique	hectométrique	hectométriques	hectométriques
heidégerrien	heidégerrienne	heidégerriens	heidégerriennes
helladique	helladique	helladiques	helladiques
hellène	hellène	hellènes	hellènes
hellénique	hellénique	helléniques	helléniques
hellénisant	hellénisante	hellénisants	hellénisantes
hellénistique	hellénistique	hellénistiques	hellénistiques
hellénophone	hellénophone	hellénophones	hellénophones
helminthique	helminthique	helminthiques	helminthiques
helvète	helvète	helvètes	helvètes
helvétique	helvétique	helvétiques	helvétiques
hendécasyllabe	hendécasyllabe	hendécasyllabes	hendécasyllabes
hennissant	hennissante	hennissants	hennissantes
hennuyer	hennuyère	hennuyers	hennuyères
heptacorde	heptacorde	heptacordes	heptacordes
heptagonal	heptagonale	heptagonaux	heptagonales
herbacé	herbacée	herbacés	herbacées
herbeux	herbeuse	herbeux	herbeuses
herbicide	herbicide	herbicides	herbicides
herbivore	herbivore	herbivores	herbivores
herborisé	herborisée	herborisés	herborisées
herbu	herbue	herbus	herbues
herculéen	herculéenne	herculéens	herculéennes
hercynien	hercynienne	hercyniens	hercyniennes
herero	herero	hereros	hereros
hermaphrodite	hermaphrodite	hermaphrodites	hermaphrodites
herméneutique	herméneutique	herméneutiques	herméneutiques
hermétique	hermétique	hermétiques	hermétiques
herniaire	herniaire	herniaires	herniaires
hernieux	hernieuse	hernieux	hernieuses
hernié	herniée	herniés	herniées
herpétique	herpétique	herpétiques	herpétiques
herseur	herseuse	herseurs	herseuses
hersé	hersée	hersés	hersées
hertzien	hertzienne	hertziens	hertziennes
herzégovinien	herzégovinienne	herzégoviniens	herzégoviniennes
heureux	heureuse	heureux	heureuses
heuristique	heuristique	heuristiques	heuristiques
hexadécimal	hexadécimale	hexadécimaux	hexadécimales
hexagonal	hexagonale	hexagonaux	hexagonales
hexamètre	hexamètre	hexamètres	hexamètres
hexapode	hexapode	hexapodes	hexapodes
hiatal	hiatale	hiataux	hiatales
hibernal	hibernale	hibernaux	hibernales
hibernant	hibernante	hibernants	hibernantes
hideux	hideuse	hideux	hideuses
hilaire	hilaire	hilaires	hilaires
hilarant	hilarante	hilarants	hilarantes
hilare	hilare	hilares	hilares
himalayen	himalayenne	himalayens	himalayennes
hindou	hindoue	hindous	hindoues
hindouiste	hindouiste	hindouistes	hindouistes
hippiatrique	hippiatrique	hippiatriques	hippiatriques
hippie	hippie	hippies	hippies
hippique	hippique	hippiques	hippiques
hippocratique	hippocratique	hippocratiques	hippocratiques
hippologique	hippologique	hippologiques	hippologiques
hippomobile	hippomobile	hippomobiles	hippomobiles
hippophagique	hippophagique	hippophagiques	hippophagiques
hippopotamesque	hippopotamesque	hippopotamesques	hippopotamesques
hippurique	hippurique	hippuriques	hippuriques
hircin	hircine	hircins	hircines
hirsute	hirsute	hirsutes	hirsutes
hispanique	hispanique	hispaniques	hispaniques
hispanisant	hispanisante	hispanisants	hispanisantes
hispano-américain	hispano-américaine	hispano-américains	hispano-américaines
hispano-arabe	hispano-arabe	hispano-arabes	hispano-arabes
hispide	hispide	hispides	hispides
hispidule	hispidule	hispidules	hispidules
histaminique	histaminique	histaminiques	histaminiques
histologique	histologique	histologiques	histologiques
historiciste	historiciste	historicistes	historicistes
historien	historienne	historiens	historiennes
historiographique	historiographique	historiographiques	historiographiques
historique	historique	historiques	historiques
historisant	historisante	historisants	historisantes
historié	historiée	historiés	historiées
histotoxique	histotoxique	histotoxiques	histotoxiques
histrionique	histrionique	histrioniques	histrioniques
hitlérien	hitlérienne	hitlériens	hitlériennes
hittite	hittite	hittites	hittites
hivernal	hivernale	hivernaux	hivernales
hivernant	hivernante	hivernants	hivernantes
hiémal	hiémale	hiémaux	hiémales
hiérarchique	hiérarchique	hiérarchiques	hiérarchiques
hiératique	hiératique	hiératiques	hiératiques
hiéroglyphique	hiéroglyphique	hiéroglyphiques	hiéroglyphiques
hiérosolymitain	hiérosolymitaine	hiérosolymitains	hiérosolymitaines
hiérosolymite	hiérosolymite	hiérosolymites	hiérosolymites
hobbesien	hobbesienne	hobbesiens	hobbesiennes
holarctique	holarctique	holarctiques	holarctiques
hollandais	hollandaise	hollandais	hollandaises
hollywoodien	hollywoodienne	hollywoodiens	hollywoodiennes
holocristallin	holocristalline	holocristallins	holocristallines
holocène	holocène	holocènes	holocènes
holographe	holographe	holographes	holographes
holographique	holographique	holographiques	holographiques
holométrique	holométrique	holométriques	holométriques
holophrastique	holophrastique	holophrastiques	holophrastiques
homicide	homicide	homicides	homicides
hominisé	hominisée	hominisés	hominisées
hommasse	hommasse	hommasses	hommasses
homo	homo	homos	homos
homocentrique	homocentrique	homocentriques	homocentriques
homocerque	homocerque	homocerques	homocerques
homocinétique	homocinétique	homocinétiques	homocinétiques
homocyclique	homocyclique	homocycliques	homocycliques
homodonte	homodonte	homodontes	homodontes
homofocal	homofocale	homofocaux	homofocales
homogame	homogame	homogames	homogames
homogamétique	homogamétique	homogamétiques	homogamétiques
homographe	homographe	homographes	homographes
homographique	homographique	homographiques	homographiques
homogène	homogène	homogènes	homogènes
homogénéisateur	homogénéisatrice	homogénéisateurs	homogénéisatrices
homogénéisé	homogénéisée	homogénéisés	homogénéisées
homologable	homologable	homologables	homologables
homologique	homologique	homologiques	homologiques
homologue	homologue	homologues	homologues
homologué	homologuée	homologués	homologuées
homonyme	homonyme	homonymes	homonymes
homonymique	homonymique	homonymiques	homonymiques
homophone	homophone	homophones	homophones
homorganique	homorganique	homorganiques	homorganiques
homorythmique	homorythmique	homorythmiques	homorythmiques
homosexuel	homosexuelle	homosexuels	homosexuelles
homéomorphe	homéomorphe	homéomorphes	homéomorphes
homéopathique	homéopathique	homéopathiques	homéopathiques
homéostatique	homéostatique	homéostatiques	homéostatiques
homéotherme	homéotherme	homéothermes	homéothermes
homérique	homérique	homériques	homériques
hondurien	hondurienne	honduriens	honduriennes
hongkongais	hongkongaise	hongkongais	hongkongaises
hongre	hongre	hongres	hongres
hongrois	hongroise	hongrois	hongroises
honnête	honnête	honnêtes	honnêtes
honorable	honorable	honorables	honorables
honoraire	honoraire	honoraires	honoraires
honorifique	honorifique	honorifiques	honorifiques
honoré	honorée	honorés	honorées
honteux	honteuse	honteux	honteuses
hoquetant	hoquetante	hoquetants	hoquetantes
horaire	horaire	horaires	horaires
horizontal	horizontale	horizontaux	horizontales
horloger	horlogère	horlogers	horlogères
hormonal	hormonale	hormonaux	hormonales
hornier	hornière	horniers	hornières
horodateur	horodatrice	horodateurs	horodatrices
horodaté	horodatée	horodatés	horodatées
horographique	horographique	horographiques	horographiques
horokilométrique	horokilométrique	horokilométriques	horokilométriques
horométrique	horométrique	horométriques	horométriques
horoscopique	horoscopique	horoscopiques	horoscopiques
horrible	horrible	horribles	horribles
horrifiant	horrifiante	horrifiants	horrifiantes
horrifique	horrifique	horrifiques	horrifiques
horripilant	horripilante	horripilants	horripilantes
horripilateur	horripilatrice	horripilateurs	horripilatrices
horticole	horticole	horticoles	horticoles
hosannier	hosannière	hosanniers	hosannières
hospitalier	hospitalière	hospitaliers	hospitalières
hospitalo-universitaire	hospitalo-universitaire	hospitalo-universitaires	hospitalo-universitaires
hostile	hostile	hostiles	hostiles
hottentot	hottentote	hottentots	hottentotes
houblonnier	houblonnière	houblonniers	houblonnières
houiller	houillère	houillers	houillères
houleux	houleuse	houleux	houleuses
huant	huante	huants	huantes
hugolien	hugolienne	hugoliens	hugoliennes
huguenot	huguenote	huguenots	huguenotes
huileux	huileuse	huileux	huileuses
huilier	huilière	huiliers	huilières
huitard	huitarde	huitards	huitardes
huitième	huitième	huitièmes	huitièmes
humain	humaine	humains	humaines
humanisable	humanisable	humanisables	humanisables
humaniste	humaniste	humanistes	humanistes
humanistique	humanistique	humanistiques	humanistiques
humanitaire	humanitaire	humanitaires	humanitaires
humanitariste	humanitariste	humanitaristes	humanitaristes
humanoïde	humanoïde	humanoïdes	humanoïdes
humble	humble	humbles	humbles
humectant	humectante	humectants	humectantes
humicole	humicole	humicoles	humicoles
humide	humide	humides	humides
humifère	humifère	humifères	humifères
humiliant	humiliante	humiliants	humiliantes
humilié	humiliée	humiliés	humiliées
humique	humique	humiques	humiques
humoral	humorale	humoraux	humorales
humoriste	humoriste	humoristes	humoristes
humoristique	humoristique	humoristiques	humoristiques
huméral	humérale	huméraux	humérales
hunnique	hunnique	hunniques	hunniques
huppé	huppée	huppés	huppées
hurlant	hurlante	hurlants	hurlantes
hurleur	hurleuse	hurleurs	hurleuses
huron	huronne	hurons	huronnes
huronien			
hussite	hussite	hussites	hussites
hutu	hutue	hutus	hutues
huîtrier	huîtrière	huîtriers	huîtrières
hyalin	hyaline	hyalins	hyalines
hyaloïde	hyaloïde	hyaloïdes	hyaloïdes
hybride	hybride	hybrides	hybrides
hydratable	hydratable	hydratables	hydratables
hydratant	hydratante	hydratants	hydratantes
hydraulicien	hydraulicienne	hydrauliciens	hydrauliciennes
hydraulique	hydraulique	hydrauliques	hydrauliques
hydrique	hydrique	hydriques	hydriques
hydro-électrique	hydro-électrique	hydro-électriques	hydro-électriques
hydrocarboné	hydrocarbonée	hydrocarbonés	hydrocarbonées
hydrocéphale	hydrocéphale	hydrocéphales	hydrocéphales
hydrodynamique	hydrodynamique	hydrodynamiques	hydrodynamiques
hydrofuge	hydrofuge	hydrofuges	hydrofuges
hydrographique	hydrographique	hydrographiques	hydrographiques
hydrogénant	hydrogénante	hydrogénants	hydrogénantes
hydrogéné	hydrogénée	hydrogénés	hydrogénées
hydrologique	hydrologique	hydrologiques	hydrologiques
hydrolysable	hydrolysable	hydrolysables	hydrolysables
hydrolysant	hydrolysante	hydrolysants	hydrolysantes
hydrominéral	hydrominérale	hydrominéraux	hydrominérales
hydromorphe	hydromorphe	hydromorphes	hydromorphes
hydromécanique	hydromécanique	hydromécaniques	hydromécaniques
hydrométrique	hydrométrique	hydrométriques	hydrométriques
hydrophile	hydrophile	hydrophiles	hydrophiles
hydrophobe	hydrophobe	hydrophobes	hydrophobes
hydropique	hydropique	hydropiques	hydropiques
hydropneumatique	hydropneumatique	hydropneumatiques	hydropneumatiques
hydrosoluble	hydrosoluble	hydrosolubles	hydrosolubles
hydrostatique	hydrostatique	hydrostatiques	hydrostatiques
hydrosulfureux	hydrosulfureuse	hydrosulfureux	hydrosulfureuses
hydrothérapique	hydrothérapique	hydrothérapiques	hydrothérapiques
hydroxylique	hydroxylique	hydroxyliques	hydroxyliques
hydroélectrique	hydroélectrique	hydroélectriques	hydroélectriques
hygiénique	hygiénique	hygiéniques	hygiéniques
hygrométrique	hygrométrique	hygrométriques	hygrométriques
hygrophile	hygrophile	hygrophiles	hygrophiles
hygrophobe	hygrophobe	hygrophobes	hygrophobes
hygroscopique	hygroscopique	hygroscopiques	hygroscopiques
hymnique	hymnique	hymniques	hymniques
hyménoptère	hyménoptère	hyménoptères	hyménoptères
hyménéal	hyménéale	hyménéals	hyménéales
hyoïde	hyoïde	hyoïdes	hyoïdes
hyoïdien	hyoïdienne	hyoïdiens	hyoïdiennes
hyperalgésique	hyperalgésique	hyperalgésiques	hyperalgésiques
hyperbare	hyperbare	hyperbares	hyperbares
hyperbolique	hyperbolique	hyperboliques	hyperboliques
hyperboréen	hyperboréenne	hyperboréens	hyperboréennes
hyperchrome	hyperchrome	hyperchromes	hyperchromes
hypercorrect	hypercorrecte	hypercorrects	hypercorrectes
hypercritique	hypercritique	hypercritiques	hypercritiques
hyperglycémiant	hyperglycémiante	hyperglycémiants	hyperglycémiantes
hypergéométrique	hypergéométrique	hypergéométriques	hypergéométriques
hypermètre	hypermètre	hypermètres	hypermètres
hypermétrope	hypermétrope	hypermétropes	hypermétropes
hypernerveux	hypernerveuse	hypernerveux	hypernerveuses
hyperplan	hyperplane	hyperplans	hyperplanes
hyperréaliste	hyperréaliste	hyperréalistes	hyperréalistes
hypersensible	hypersensible	hypersensibles	hypersensibles
hypersonique	hypersonique	hypersoniques	hypersoniques
hyperstatique	hyperstatique	hyperstatiques	hyperstatiques
hypersustentateur	hypersustentatrice	hypersustentateurs	hypersustentatrices
hypertendu	hypertendue	hypertendus	hypertendues
hypertonique	hypertonique	hypertoniques	hypertoniques
hypertrophique	hypertrophique	hypertrophiques	hypertrophiques
hypertrophié	hypertrophiée	hypertrophiés	hypertrophiées
hyperémotif	hyperémotive	hyperémotifs	hyperémotives
hypnotique	hypnotique	hypnotiques	hypnotiques
hypocalorique	hypocalorique	hypocaloriques	hypocaloriques
hypochloreux	hypochloreuse	hypochloreux	hypochloreuses
hypochrome	hypochrome	hypochromes	hypochromes
hypocondre	hypocondre	hypocondres	hypocondres
hypocondriaque	hypocondriaque	hypocondriaques	hypocondriaques
hypocoristique	hypocoristique	hypocoristiques	hypocoristiques
hypocrite	hypocrite	hypocrites	hypocrites
hypocycloïdal	hypocycloïdale	hypocycloïdaux	hypocycloïdales
hypodermique	hypodermique	hypodermiques	hypodermiques
hypogastrique	hypogastrique	hypogastriques	hypogastriques
hypoglosse	hypoglosse	hypoglosses	hypoglosses
hypoglycémiant	hypoglycémiante	hypoglycémiants	hypoglycémiantes
hypogyne	hypogyne	hypogynes	hypogynes
hypogé	hypogée	hypogés	hypogées
hypophysaire	hypophysaire	hypophysaires	hypophysaires
hypostatique	hypostatique	hypostatiques	hypostatiques
hypostyle	hypostyle	hypostyles	hypostyles
hyposulfureux	hyposulfureuse	hyposulfureux	hyposulfureuses
hypotendu	hypotendue	hypotendus	hypotendues
hypothalamique	hypothalamique	hypothalamiques	hypothalamiques
hypothécable	hypothécable	hypothécables	hypothécables
hypothécaire	hypothécaire	hypothécaires	hypothécaires
hypothétique	hypothétique	hypothétiques	hypothétiques
hypotonique	hypotonique	hypotoniques	hypotoniques
hypoïde	hypoïde	hypoïdes	hypoïdes
hystérique	hystérique	hystériques	hystériques
hâbleur	hâbleuse	hâbleurs	hâbleuses
hâlé	hâlée	hâlés	hâlées
hâtif	hâtive	hâtifs	hâtives
hâve	hâve	hâves	hâves
hébertiste	hébertiste	hébertistes	hébertistes
hébraïque	hébraïque	hébraïques	hébraïques
hébraïsant	hébraïsante	hébraïsants	hébraïsantes
hébreu	hébraïque	hébreux	hébraïques
hébéphrène	hébéphrène	hébéphrènes	hébéphrènes
hébéphrénique	hébéphrénique	hébéphréniques	hébéphréniques
hébété	hébétée	hébétés	hébétées
hédoniste	hédoniste	hédonistes	hédonistes
hédonistique	hédonistique	hédonistiques	hédonistiques
hégélien	hégélienne	hégéliens	hégéliennes
hégémonique	hégémonique	hégémoniques	hégémoniques
hégémoniste	hégémoniste	hégémonistes	hégémonistes
héliaque	héliaque	héliaques	héliaques
hélicoïdal	hélicoïdale	hélicoïdaux	hélicoïdales
hélicoïde	hélicoïde	hélicoïdes	hélicoïdes
héliocentrique	héliocentrique	héliocentriques	héliocentriques
héliomarin	héliomarine	héliomarins	héliomarines
héliosynchrone	héliosynchrone	héliosynchrones	héliosynchrones
héliporté	héliportée	héliportés	héliportées
hélitransporté	hélitransportée	hélitransportés	hélitransportées
hématique	hématique	hématiques	hématiques
hémato-encéphalique	hémato-encéphalique	hémato-encéphaliques	hémato-encéphaliques
hématologique	hématologique	hématologiques	hématologiques
hématopoïétique	hématopoïétique	hématopoïétiques	hématopoïétiques
hématurique	hématurique	hématuriques	hématuriques
hémicylindrique	hémicylindrique	hémicylindriques	hémicylindriques
hémiplégique	hémiplégique	hémiplégiques	hémiplégiques
hémisphérique	hémisphérique	hémisphériques	hémisphériques
hémisynthétique	hémisynthétique	hémisynthétiques	hémisynthétiques
hémièdre	hémièdre	hémièdres	hémièdres
hémiédrique	hémiédrique	hémiédriques	hémiédriques
hémodynamique	hémodynamique	hémodynamiques	hémodynamiques
hémolytique	hémolytique	hémolytiques	hémolytiques
hémophile	hémophile	hémophiles	hémophiles
hémoptysique	hémoptysique	hémoptysiques	hémoptysiques
hémorragique	hémorragique	hémorragiques	hémorragiques
hémorroïdaire	hémorroïdaire	hémorroïdaires	hémorroïdaires
hémorroïdal	hémorroïdale	hémorroïdaux	hémorroïdales
hémostatique	hémostatique	hémostatiques	hémostatiques
héméralope	héméralope	héméralopes	héméralopes
hépatique	hépatique	hépatiques	hépatiques
hépatocellulaire	hépatocellulaire	hépatocellulaires	hépatocellulaires
héraldique	héraldique	héraldiques	héraldiques
hérissé	hérissée	hérissés	hérissées
héritier	héritière	héritiers	héritières
héronnier	héronnière	héronniers	héronnières
héroï-comique	héroï-comique	héroï-comiques	héroï-comiques
héroïnomane	héroïnomane	héroïnomanes	héroïnomanes
héroïque	héroïque	héroïques	héroïques
héréditaire	héréditaire	héréditaires	héréditaires
hérétique	hérétique	hérétiques	hérétiques
hésisant	hésisante	hésisants	hésisantes
hésitant	hésitante	hésitants	hésitantes
hétérocentrique	hétérocentrique	hétérocentriques	hétérocentriques
hétérocerque	hétérocerque	hétérocerques	hétérocerques
hétéroclite	hétéroclite	hétéroclites	hétéroclites
hétérocyclique	hétérocyclique	hétérocycliques	hétérocycliques
hétérodoxe	hétérodoxe	hétérodoxes	hétérodoxes
hétérodyne	hétérodyne	hétérodynes	hétérodynes
hétérogène	hétérogène	hétérogènes	hétérogènes
hétérologique	hétérologique	hétérologiques	hétérologiques
hétérologue	hétérologue	hétérologues	hétérologues
hétéromorphe	hétéromorphe	hétéromorphes	hétéromorphes
hétérométabole	hétérométabole	hétérométaboles	hétérométaboles
hétéronome	hétéronome	hétéronomes	hétéronomes
hétérosexuel	hétérosexuelle	hétérosexuels	hétérosexuelles
hétérotrophe	hétérotrophe	hétérotrophes	hétérotrophes
hétérozygote	hétérozygote	hétérozygotes	hétérozygotes
hôtelier	hôtelière	hôteliers	hôtelières
iakoute	iakoute	iakoutes	iakoutes
iatrogène	iatrogène	iatrogènes	iatrogènes
ibère	ibère	ibères	ibères
ibérique	ibérique	ibériques	ibériques
icarien	icarienne	icariens	icariennes
ichoreux	ichoreuse	ichoreux	ichoreuses
ichtyologique	ichtyologique	ichtyologiques	ichtyologiques
ichtyophage	ichtyophage	ichtyophages	ichtyophages
ichtyoïde	ichtyoïde	ichtyoïdes	ichtyoïdes
iconique	iconique	iconiques	iconiques
iconoclaste	iconoclaste	iconoclastes	iconoclastes
iconographique	iconographique	iconographiques	iconographiques
iconologique	iconologique	iconologiques	iconologiques
ictérique	ictérique	ictériques	ictériques
idempotent	idempotente	idempotents	idempotentes
identifiable	identifiable	identifiables	identifiables
identifiant	identifiante	identifiants	identifiantes
identifié	identifiée	identifiés	identifiées
identique	identique	identiques	identiques
identitaire	identitaire	identitaires	identitaires
idiomatique	idiomatique	idiomatiques	idiomatiques
idiopathique	idiopathique	idiopathiques	idiopathiques
idiot	idiote	idiots	idiotes
idoine	idoine	idoines	idoines
idolâtre	idolâtre	idolâtres	idolâtres
idolâtrique	idolâtrique	idolâtriques	idolâtriques
idyllique	idyllique	idylliques	idylliques
idéal	idéale	idéals	idéales
idéalisateur	idéalisatrice	idéalisateurs	idéalisatrices
idéaliste	idéaliste	idéalistes	idéalistes
idéationnel	idéationnelle	idéationnels	idéationnelles
idéel	idéelle	idéels	idéelles
idéographique	idéographique	idéographiques	idéographiques
idéologique	idéologique	idéologiques	idéologiques
ignacien	ignacienne	ignaciens	ignaciennes
ignare	ignare	ignares	ignares
ignifuge	ignifuge	ignifuges	ignifuges
ignifugeant	ignifugeante	ignifugeants	ignifugeantes
ignifugé	ignifugée	ignifugés	ignifugées
ignivome	ignivome	ignivomes	ignivomes
ignoble	ignoble	ignobles	ignobles
ignominieux	ignominieuse	ignominieux	ignominieuses
ignorant	ignorante	ignorants	ignorantes
ignorantin			
igné	ignée	ignés	ignées
ijaw	ijawe	ijaws	ijawes
iliaque	iliaque	iliaques	iliaques
illettré	illettrée	illettrés	illettrées
illicite	illicite	illicites	illicites
illimité	illimitée	illimités	illimitées
illisible	illisible	illisibles	illisibles
illocutoire	illocutoire	illocutoires	illocutoires
illogique	illogique	illogiques	illogiques
illuminé	illuminée	illuminés	illuminées
illusionniste	illusionniste	illusionnistes	illusionnistes
illusoire	illusoire	illusoires	illusoires
illustratif	illustrative	illustratifs	illustratives
illustre	illustre	illustres	illustres
illustré	illustrée	illustrés	illustrées
illyrien	illyrienne	illyriens	illyriennes
illégal	illégale	illégaux	illégales
illégitime	illégitime	illégitimes	illégitimes
iléal	iléale	iléaux	iléales
iléo-caecal	iléo-caecale	iléo-caecaux	iléo-caecales
imagier	imagière	imagiers	imagières
imaginable	imaginable	imaginables	imaginables
imaginaire	imaginaire	imaginaires	imaginaires
imaginal	imaginale	imaginaux	imaginales
imaginant	imaginante	imaginants	imaginantes
imaginatif	imaginative	imaginatifs	imaginatives
imagé	imagée	imagés	imagées
imbattable	imbattable	imbattables	imbattables
imberbe	imberbe	imberbes	imberbes
imbriqué	imbriquée	imbriqués	imbriquées
imbrûlé	imbrûlée	imbrûlés	imbrûlées
imbu	imbue	imbus	imbues
imbuvable	imbuvable	imbuvables	imbuvables
imbécile	imbécile	imbéciles	imbéciles
imitable	imitable	imitables	imitables
imitateur	imitatrice	imitateurs	imitatrices
imitatif	imitative	imitatifs	imitatives
imité	imitée	imités	imitées
immaculé	immaculée	immaculés	immaculées
immanent	immanente	immanents	immanentes
immanentiste	immanentiste	immanentistes	immanentistes
immangeable	immangeable	immangeables	immangeables
immanquable	immanquable	immanquables	immanquables
immarcescible	immarcescible	immarcescibles	immarcescibles
immariable	immariable	immariables	immariables
immature	immature	immatures	immatures
immatérialiste	immatérialiste	immatérialistes	immatérialistes
immatériel	immatérielle	immatériels	immatérielles
immense	immense	immenses	immenses
immensurable	immensurable	immensurables	immensurables
immergé	immergée	immergés	immergées
immersif	immersive	immersifs	immersives
immettable	immettable	immettables	immettables
immeuble	immeuble	immeubles	immeubles
immigrant	immigrante	immigrants	immigrantes
immigré	immigrée	immigrés	immigrées
imminent	imminente	imminents	imminentes
immobile	immobile	immobiles	immobiles
immobilier	immobilière	immobiliers	immobilières
immobiliste	immobiliste	immobilistes	immobilistes
immodeste	immodeste	immodestes	immodestes
immodéré	immodérée	immodérés	immodérées
immonde	immonde	immondes	immondes
immoral	immorale	immoraux	immorales
immoraliste	immoraliste	immoralistes	immoralistes
immortel	immortelle	immortels	immortelles
immotivé	immotivée	immotivés	immotivées
immuable	immuable	immuables	immuables
immun	immune	immuns	immunes
immunisant	immunisante	immunisants	immunisantes
immunitaire	immunitaire	immunitaires	immunitaires
immunocompétent	immunocompétente	immunocompétents	immunocompétentes
immunodépresseur			
immunodépressif	immunodépressive	immunodépressifs	immunodépressives
immunodéprimé	immunodéprimée	immunodéprimés	immunodéprimées
immunogène	immunogène	immunogènes	immunogènes
immunologique	immunologique	immunologiques	immunologiques
immunosuppresseur			
immunotolérant	immunotolérante	immunotolérants	immunotolérantes
immédiat	immédiate	immédiats	immédiates
immémorial	immémoriale	immémoriaux	immémoriales
immérité	imméritée	immérités	imméritées
impair	impaire	impairs	impaires
impalpable	impalpable	impalpables	impalpables
impaludé	impaludée	impaludés	impaludées
imparable	imparable	imparables	imparables
impardonnable	impardonnable	impardonnables	impardonnables
imparfait	imparfaite	imparfaits	imparfaites
imparidigité	imparidigitée	imparidigités	imparidigitées
imparipenné	imparipennée	imparipennés	imparipennées
imparisyllabique	imparisyllabique	imparisyllabiques	imparisyllabiques
impartageable	impartageable	impartageables	impartageables
impartial	impartiale	impartiaux	impartiales
impassible	impassible	impassibles	impassibles
impatient	impatiente	impatients	impatientes
impatientant	impatientante	impatientants	impatientantes
impavide	impavide	impavides	impavides
impayable	impayable	impayables	impayables
impayé	impayée	impayés	impayées
impeccable	impecc	impeccables	impeccables
impensable	impensable	impensables	impensables
impensé	impensée	impensés	impensées
imperceptible	imperceptible	imperceptibles	imperceptibles
imperdable	imperdable	imperdables	imperdables
imperfectible	imperfectible	imperfectibles	imperfectibles
imperfectif	imperfective	imperfectifs	imperfectives
imperméabilisant	imperméabilisante	imperméabilisants	imperméabilisantes
imperméable	imperméable	imperméables	imperméables
impersonnel	impersonnelle	impersonnels	impersonnelles
impertinent	impertinente	impertinents	impertinentes
imperturbable	imperturbable	imperturbables	imperturbables
impie	impie	impies	impies
impitoyable	impitoyable	impitoyables	impitoyables
implacable	implacable	implacables	implacables
implantable	implantable	implantables	implantables
implexe	implexe	implexes	implexes
implicite	implicite	implicites	implicites
implorant	implorante	implorants	implorantes
implosif	implosive	implosifs	implosives
implémenté	implémentée	implémentés	implémentées
impoli	impolie	impolis	impolies
impolitique	impolitique	impolitiques	impolitiques
impondérable	impondérable	impondérables	impondérables
impopulaire	impopulaire	impopulaires	impopulaires
importable	importable	importables	importables
important	importante	importants	importantes
importateur	importatrice	importateurs	importatrices
importun	importune	importuns	importunes
imposable	imposable	imposables	imposables
imposant	imposante	imposants	imposantes
impossible	impossible	impossibles	impossibles
impotent	impotente	impotents	impotentes
impraticable	impraticable	impraticables	impraticables
imprenable	imprenable	imprenables	imprenables
imprescriptible	imprescriptible	imprescriptibles	imprescriptibles
impressionnable	impressionnable	impressionnables	impressionnables
impressionnant	impressionnante	impressionnants	impressionnantes
impressionniste	impressionniste	impressionnistes	impressionnistes
imprimable	imprimable	imprimables	imprimables
imprimant	imprimante	imprimants	imprimantes
imprimé	imprimée	imprimés	imprimées
improbable	improbable	improbables	improbables
improductif	improductive	improductifs	improductives
impromptu	impromptue	impromptus	impromptues
imprononçable	imprononçable	imprononçables	imprononçables
impropre	impropre	impropres	impropres
improuvable	improuvable	improuvables	improuvables
improuvé	improuvée	improuvés	improuvées
imprudent	imprudente	imprudents	imprudentes
imprécatoire	imprécatoire	imprécatoires	imprécatoires
imprécis	imprécise	imprécis	imprécises
imprévisible	imprévisible	imprévisibles	imprévisibles
imprévoyant	imprévoyante	imprévoyants	imprévoyantes
imprévu	imprévue	imprévus	imprévues
impubliable	impubliable	impubliables	impubliables
impubère	impubère	impubères	impubères
impudent	impudente	impudents	impudentes
impudique	impudique	impudiques	impudiques
impuissant	impuissante	impuissants	impuissantes
impulsif	impulsive	impulsifs	impulsives
impuni	impunie	impunis	impunies
impunissable	impunissable	impunissables	impunissables
impur	impure	impurs	impures
imputable	imputable	imputables	imputables
imputrescible	imputrescible	imputrescibles	imputrescibles
impécunieux	impécunieuse	impécunieux	impécunieuses
impénitent	impénitente	impénitents	impénitentes
impénétrable	impénétrable	impénétrables	impénétrables
impératif	impérative	impératifs	impératives
impérial	impériale	impériaux	impériales
impérialiste	impérialiste	impérialistes	impérialistes
impérieux	impérieuse	impérieux	impérieuses
impérissable	impérissable	impérissables	impérissables
impétigineux	impétigineuse	impétigineux	impétigineuses
impétueux	impétueuse	impétueux	impétueuses
inabordable	inabordable	inabordables	inabordables
inabrité	inabritée	inabrités	inabritées
inaccentué	inaccentuée	inaccentués	inaccentuées
inacceptable	inacceptable	inacceptables	inacceptables
inaccessible	inaccessible	inaccessibles	inaccessibles
inaccompli	inaccomplie	inaccomplis	inaccomplies
inaccordable	inaccordable	inaccordables	inaccordables
inaccoutumé	inaccoutumée	inaccoutumés	inaccoutumées
inachevé	inachevée	inachevés	inachevées
inactif	inactive	inactifs	inactives
inactivé	inactivée	inactivés	inactivées
inactuel	inactuelle	inactuels	inactuelles
inadaptable	inadaptable	inadaptables	inadaptables
inadapté	inadaptée	inadaptés	inadaptées
inadmissible	inadmissible	inadmissibles	inadmissibles
inadéquat	inadéquate	inadéquats	inadéquates
inaffectif	inaffective	inaffectifs	inaffectives
inaliénable	inaliénable	inaliénables	inaliénables
inaltérable	inaltérable	inaltérables	inaltérables
inaltéré	inaltérée	inaltérés	inaltérées
inamical	inamicale	inamicaux	inamicales
inamissible	inamissible	inamissibles	inamissibles
inamovible	inamovible	inamovibles	inamovibles
inanalysable	inanalysable	inanalysables	inanalysables
inanimé	inanimée	inanimés	inanimées
inanitié	inanitiée	inanitiés	inanitiées
inapaisable	inapaisable	inapaisables	inapaisables
inapaisé	inapaisée	inapaisés	inapaisées
inaperçu	inaperçue	inaperçus	inaperçues
inapplicable	inapplicable	inapplicables	inapplicables
inappliqué	inappliquée	inappliqués	inappliquées
inapprivoisé	inapprivoisée	inapprivoisés	inapprivoisées
inappréciable	inappréciable	inappréciables	inappréciables
inapprécié	inappréciée	inappréciés	inappréciées
inapte	inapte	inaptes	inaptes
inarrachable	inarrachable	inarrachables	inarrachables
inarticulable	inarticulable	inarticulables	inarticulables
inarticulé	inarticulée	inarticulés	inarticulées
inassimilable	inassimilable	inassimilables	inassimilables
inassouvi	inassouvie	inassouvis	inassouvies
inassouvissable	inassouvissable	inassouvissables	inassouvissables
inattaquable	inattaquable	inattaquables	inattaquables
inatteignable	inatteignable	inatteignables	inatteignables
inattendu	inattendue	inattendus	inattendues
inattentif	inattentive	inattentifs	inattentives
inaudible	inaudible	inaudibles	inaudibles
inaugural	inaugurale	inauguraux	inaugurales
inauthentique	inauthentique	inauthentiques	inauthentiques
inavouable	inavouable	inavouables	inavouables
inavoué	inavouée	inavoués	inavouées
inca	inca	incas	incas
incalculable	incalculable	incalculables	incalculables
incandescent	incandescente	incandescents	incandescentes
incantatoire	incantatoire	incantatoires	incantatoires
incapable	incapable	incapables	incapables
incapacitant	incapacitante	incapacitants	incapacitantes
incarnadin	incarnadine	incarnadins	incarnadines
incarnat	incarnate	incarnats	incarnates
incarné	incarnée	incarnés	incarnées
incasique	incasique	incasiques	incasiques
incassable	incassable	incassables	incassables
incendiaire	incendiaire	incendiaires	incendiaires
incendié	incendiée	incendiés	incendiées
incertain	incertaine	incertains	incertaines
incessant	incessante	incessants	incessantes
incessible	incessible	incessibles	incessibles
incestueux	incestueuse	incestueux	incestueuses
inchangeable	inchangeable	inchangeables	inchangeables
inchangé	inchangée	inchangés	inchangées
inchantable	inchantable	inchantables	inchantables
inchauffable	inchauffable	inchauffables	inchauffables
inchavirable	inchavirable	inchavirables	inchavirables
inchoatif	inchoative	inchoatifs	inchoatives
incident	incidente	incidents	incidentes
incis	incise	incis	incises
incisif	incisive	incisifs	incisives
incisé	incisée	incisés	incisées
incitant	incitante	incitants	incitantes
incitatif	incitative	incitatifs	incitatives
incivil	incivile	incivils	inciviles
incivique	incivique	inciviques	inciviques
inclassable	inclassable	inclassables	inclassables
inclinable	inclinable	inclinables	inclinables
inclinant	inclinante	inclinants	inclinantes
incliné	inclinée	inclinés	inclinées
inclus	incluse	inclus	incluses
inclusif	inclusive	inclusifs	inclusives
inclément	inclémente	incléments	inclémentes
incoagulable	incoagulable	incoagulables	incoagulables
incoercible	incoercible	incoercibles	incoercibles
incohérent	incohérente	incohérents	incohérentes
incoiffable	incoiffable	incoiffables	incoiffables
incollable	incollable	incollables	incollables
incolore	incolore	incolores	incolores
incombant	incombante	incombants	incombantes
incombustible	incombustible	incombustibles	incombustibles
incomestible	incomestible	incomestibles	incomestibles
incommensurable	incommensurable	incommensurables	incommensurables
incommodant	incommodante	incommodants	incommodantes
incommode	incommode	incommodes	incommodes
incommodé	incommodée	incommodés	incommodées
incommunicable	incommunicable	incommunicables	incommunicables
incomparable	incomparable	incomparables	incomparables
incompatible	incompatible	incompatibles	incompatibles
incomplet	incomplète	incomplets	incomplètes
incompressible	incompressible	incompressibles	incompressibles
incompris	incomprise	incompris	incomprises
incompréhensible	incompréhensible	incompréhensibles	incompréhensibles
incompréhensif	incompréhensive	incompréhensifs	incompréhensives
incompétent	incompétente	incompétents	incompétentes
inconcevable	inconcevable	inconcevables	inconcevables
inconciliable	inconciliable	inconciliables	inconciliables
inconditionnel	inconditionnelle	inconditionnels	inconditionnelles
inconditionné	inconditionnée	inconditionnés	inconditionnées
inconfortable	inconfortable	inconfortables	inconfortables
incongelable	incongelable	incongelables	incongelables
incongru	incongrue	incongrus	incongrues
inconnaissable	inconnaissable	inconnaissables	inconnaissables
inconnu	inconnue	inconnus	inconnues
inconscient	inconsciente	inconscients	inconscientes
inconsidéré	inconsidérée	inconsidérés	inconsidérées
inconsistant	inconsistante	inconsistants	inconsistantes
inconsolable	inconsolable	inconsolables	inconsolables
inconsolé	inconsolée	inconsolés	inconsolées
inconsommable	inconsommable	inconsommables	inconsommables
inconstant	inconstante	inconstants	inconstantes
inconstatable	inconstatable	inconstatables	inconstatables
inconstitutionnel	inconstitutionnelle	inconstitutionnels	inconstitutionnelles
inconstructible	inconstructible	inconstructibles	inconstructibles
inconséquent	inconséquente	inconséquents	inconséquentes
incontestable	incontestable	incontestables	incontestables
incontesté	incontestée	incontestés	incontestées
incontinent	incontinente	incontinents	incontinentes
incontournable	incontournable	incontournables	incontournables
incontrôlable	incontrôlable	incontrôlables	incontrôlables
incontrôlé	incontrôlée	incontrôlés	incontrôlées
inconvenant	inconvenante	inconvenants	inconvenantes
inconvertible	inconvertible	inconvertibles	inconvertibles
incorporable	incorporable	incorporables	incorporables
incorporant	incorporante	incorporants	incorporantes
incorporel	incorporelle	incorporels	incorporelles
incorporé	incorporée	incorporés	incorporées
incorrect	incorrecte	incorrects	incorrectes
incorrigible	incorrigible	incorrigibles	incorrigibles
incorruptible	incorruptible	incorruptibles	incorruptibles
increvable	increvable	increvables	increvables
incriminable	incriminable	incriminables	incriminables
incriminant	incriminante	incriminants	incriminantes
incriminateur	incriminatrice	incriminateurs	incriminatrices
incriminé	incriminée	incriminés	incriminées
incristallisable	incristallisable	incristallisables	incristallisables
incrochetable	incrochetable	incrochetables	incrochetables
incroyable	incroyable	incroyables	incroyables
incroyant	incroyante	incroyants	incroyantes
incrustant	incrustante	incrustants	incrustantes
incrusté	incrustée	incrustés	incrustées
incrédule	incrédule	incrédules	incrédules
incréé	incréée	incréés	incréées
incubant	incubante	incubants	incubantes
incubateur	incubatrice	incubateurs	incubatrices
inculpable	inculpable	inculpables	inculpables
inculpé	inculpée	inculpés	inculpées
inculte	inculte	incultes	incultes
incultivable	incultivable	incultivables	incultivables
incultivé	incultivée	incultivés	incultivées
incunable	incunable	incunables	incunables
incurable	incurable	incurables	incurables
incurieux	incurieuse	incurieux	incurieuses
incurvé	incurvée	incurvés	incurvées
incus	incuse	incus	incuses
indatable	indatable	indatables	indatables
indemne	indemne	indemnes	indemnes
indemnisable	indemnisable	indemnisables	indemnisables
indemnitaire	indemnitaire	indemnitaires	indemnitaires
indenté	indentée	indentés	indentées
indescriptible	indescriptible	indescriptibles	indescriptibles
indestructible	indestructible	indestructibles	indestructibles
indianiste	indianiste	indianistes	indianistes
indicateur	indicatrice	indicateurs	indicatrices
indicatif	indicative	indicatifs	indicatives
indiciaire	indiciaire	indiciaires	indiciaires
indicible	indicible	indicibles	indicibles
indiciel	indicielle	indiciels	indicielles
indien	indienne	indiens	indiennes
indifférencié	indifférenciée	indifférenciés	indifférenciées
indifférent	indifférente	indifférents	indifférentes
indigent	indigente	indigents	indigentes
indigeste	indigeste	indigestes	indigestes
indigne	indigne	indignes	indignes
indigné	indignée	indignés	indignées
indigotier	indigotière	indigotiers	indigotières
indigène	indigène	indigènes	indigènes
indigète	indigète	indigètes	indigètes
indigéniste	indigéniste	indigénistes	indigénistes
indiqué	indiquée	indiqués	indiquées
indirect	indirecte	indirects	indirectes
indiscernable	indiscernable	indiscernables	indiscernables
indiscipliné	indisciplinée	indisciplinés	indisciplinées
indiscret	indiscrète	indiscrets	indiscrètes
indiscriminé	indiscriminée	indiscriminés	indiscriminées
indiscutable	indiscutable	indiscutables	indiscutables
indiscuté	indiscutée	indiscutés	indiscutées
indispensable	indispensable	indispensables	indispensables
indisponible	indisponible	indisponibles	indisponibles
indisposé	indisposée	indisposés	indisposées
indissociable	indissociable	indissociables	indissociables
indissoluble	indissoluble	indissolubles	indissolubles
indistinct	indistincte	indistincts	indistinctes
individualisable	individualisable	individualisables	individualisables
individualiste	individualiste	individualistes	individualistes
individualisé	individualisée	individualisés	individualisées
individuel	individuelle	individuels	individuelles
indivis	indivise	indivis	indivises
indivisible	indivisible	indivisibles	indivisibles
indo-européen	indo-européenne	indo-européens	indo-européennes
indochinois	indochinoise	indochinois	indochinoises
indocile	indocile	indociles	indociles
indolent	indolente	indolents	indolentes
indolore	indolore	indolores	indolores
indomptable	indomptable	indomptables	indomptables
indompté	indomptée	indomptés	indomptées
indonésien	indonésienne	indonésiens	indonésiennes
indu	indue	indus	indues
indubitable	indubitable	indubitables	indubitables
inducteur	inductrice	inducteurs	inductrices
inductif	inductive	inductifs	inductives
indulgent	indulgente	indulgents	indulgentes
indumenté	indumentée	indumentés	indumentées
induré	indurée	indurés	indurées
industrialisant	industrialisante	industrialisants	industrialisantes
industriel	industrielle	industriels	industrielles
industrieux	industrieuse	industrieux	industrieuses
indéboulonnable	indéboulonnable	indéboulonnables	indéboulonnables
indébrouillable	indébrouillable	indébrouillables	indébrouillables
indécachetable	indécachetable	indécachetables	indécachetables
indécelable	indécelable	indécelables	indécelables
indécemment	indécemmente	indécemments	indécemmentes
indécent	indécente	indécents	indécentes
indéchiffrable	indéchiffrable	indéchiffrables	indéchiffrables
indéchirable	indéchirable	indéchirables	indéchirables
indécidable	indécidable	indécidables	indécidables
indécis	indécise	indécis	indécises
indéclinable	indéclinable	indéclinables	indéclinables
indécollable	indécollable	indécollables	indécollables
indécomposable	indécomposable	indécomposables	indécomposables
indécrassable	indécrassable	indécrassables	indécrassables
indécrochable	indécrochable	indécrochables	indécrochables
indécrottable	indécrottable	indécrottables	indécrottables
indéfectible	indéfectible	indéfectibles	indéfectibles
indéfendable	indéfendable	indéfendables	indéfendables
indéfini	indéfinie	indéfinis	indéfinies
indéfinissable	indéfinissable	indéfinissables	indéfinissables
indéformable	indéformable	indéformables	indéformables
indéfrichable	indéfrichable	indéfrichables	indéfrichables
indéfrisable	indéfrisable	indéfrisables	indéfrisables
indéhiscent	indéhiscente	indéhiscents	indéhiscentes
indélibéré	indélibérée	indélibérés	indélibérées
indélicat	indélicate	indélicats	indélicates
indélébile	indélébile	indélébiles	indélébiles
indémaillable	indémaillable	indémaillables	indémaillables
indémodable	indémodable	indémodables	indémodables
indémontable	indémontable	indémontables	indémontables
indémontrable	indémontrable	indémontrables	indémontrables
indéniable	indéniable	indéniables	indéniables
indénombrable	indénombrable	indénombrables	indénombrables
indépassable	indépassable	indépassables	indépassables
indépendant	indépendante	indépendants	indépendantes
indépendantiste	indépendantiste	indépendantistes	indépendantistes
indéracinable	indéracinable	indéracinables	indéracinables
indéréglable	indéréglable	indéréglables	indéréglables
indésirable	indésirable	indésirables	indésirables
indéterminable	indéterminable	indéterminables	indéterminables
indéterministe	indéterministe	indéterministes	indéterministes
indéterminé	indéterminée	indéterminés	indéterminées
indévissable	indévissable	indévissables	indévissables
ineffable	ineffable	ineffables	ineffables
ineffaçable	ineffaçable	ineffaçables	ineffaçables
inefficace	inefficace	inefficaces	inefficaces
inemployable	inemployable	inemployables	inemployables
inemployé	inemployée	inemployés	inemployées
inentamé	inentamée	inentamés	inentamées
inenvisageable	inenvisageable	inenvisageables	inenvisageables
inepte	inepte	ineptes	ineptes
inerme	inerme	inermes	inermes
inerte	inerte	inertes	inertes
inertiel	inertielle	inertiels	inertielles
inescomptable	inescomptable	inescomptables	inescomptables
inespéré	inespérée	inespérés	inespérées
inesthétique	inesthétique	inesthétiques	inesthétiques
inestimable	inestimable	inestimables	inestimables
inexact	inexacte	inexacts	inexactes
inexcusable	inexcusable	inexcusables	inexcusables
inexercé	inexercée	inexercés	inexercées
inexistant	inexistante	inexistants	inexistantes
inexorable	inexorable	inexorables	inexorables
inexpert	inexperte	inexperts	inexpertes
inexpiable	inexpiable	inexpiables	inexpiables
inexpié	inexpiée	inexpiés	inexpiées
inexplicable	inexplicable	inexplicables	inexplicables
inexpliqué	inexpliquée	inexpliqués	inexpliquées
inexploitable	inexploitable	inexploitables	inexploitables
inexploité	inexploitée	inexploités	inexploitées
inexplorable	inexplorable	inexplorables	inexplorables
inexploré	inexplorée	inexplorés	inexplorées
inexplosible	inexplosible	inexplosibles	inexplosibles
inexpressif	inexpressive	inexpressifs	inexpressives
inexprimable	inexprimable	inexprimables	inexprimables
inexprimé	inexprimée	inexprimés	inexprimées
inexpugnable	inexpugnable	inexpugnables	inexpugnables
inexpérimenté	inexpérimentée	inexpérimentés	inexpérimentées
inextensible	inextensible	inextensibles	inextensibles
inextinguible	inextinguible	inextinguibles	inextinguibles
inextirpable	inextirpable	inextirpables	inextirpables
inextricable	inextricable	inextricables	inextricables
inexécutable	inexécutable	inexécutables	inexécutables
inexécuté	inexécutée	inexécutés	inexécutées
infaillibiliste	infaillibiliste	infaillibilistes	infaillibilistes
infaillible	infaillible	infaillibles	infaillibles
infaisable	infaisable	infaisables	infaisables
infamant	infamante	infamants	infamantes
infanticide	infanticide	infanticides	infanticides
infantile	infantile	infantiles	infantiles
infantilisant	infantilisante	infantilisants	infantilisantes
infatigable	infatigable	infatigables	infatigables
infatué	infatuée	infatués	infatuées
infect	infecte	infects	infectes
infectant	infectante	infectants	infectantes
infectieux	infectieuse	infectieux	infectieuses
infecté	infectée	infectés	infectées
infermentescible	infermentescible	infermentescibles	infermentescibles
infernal	infernale	infernaux	infernales
infertile	infertile	infertiles	infertiles
infestant	infestante	infestants	infestantes
infesté	infestée	infestés	infestées
infeutrable	infeutrable	infeutrables	infeutrables
infidèle	infidèle	infidèles	infidèles
infime	infime	infimes	infimes
infini	infinie	infinis	infinies
infinitif	infinitive	infinitifs	infinitives
infinitésimal	infinitésimale	infinitésimaux	infinitésimales
infirmatif	infirmative	infirmatifs	infirmatives
infirme	infirme	infirmes	infirmes
infirmier	infirmière	infirmiers	infirmières
inflammable	inflammable	inflammables	inflammables
inflammatoire	inflammatoire	inflammatoires	inflammatoires
inflationniste	inflationniste	inflationnistes	inflationnistes
inflexible	inflexible	inflexibles	inflexibles
inflexionnel	inflexionnelle	inflexionnels	inflexionnelles
inflorescentiel	inflorescentielle	inflorescentiels	inflorescentielles
influent	influente	influents	influentes
influençable	influençable	influençables	influençables
infléchi	infléchie	infléchis	infléchies
infléchissable	infléchissable	infléchissables	infléchissables
infondé	infondée	infondés	infondées
informant	informante	informants	informantes
informatif	informative	informatifs	informatives
informationnel	informationnelle	informationnels	informationnelles
informatique	informatique	informatiques	informatiques
informatisable	informatisable	informatisables	informatisables
informe	informe	informes	informes
informel	informelle	informels	informelles
informulé	informulée	informulés	informulées
infortuné	infortunée	infortunés	infortunées
infranchissable	infranchissable	infranchissables	infranchissables
infrarouge	infrarouge	infrarouges	infrarouges
infrastructurel	infrastructurelle	infrastructurels	infrastructurelles
infroissable	infroissable	infroissables	infroissables
infructueux	infructueuse	infructueux	infructueuses
infumable	infumable	infumables	infumables
infundibulaire	infundibulaire	infundibulaires	infundibulaires
infundibuliforme	infundibuliforme	infundibuliformes	infundibuliformes
infus	infuse	infus	infuses
infusible	infusible	infusibles	infusibles
infâme	infâme	infâmes	infâmes
infère	infère	infères	infères
infécond	inféconde	inféconds	infécondes
inféodé	inféodée	inféodés	inféodées
inférieur	inférieure	inférieurs	inférieures
inférovarié	inférovariée	inférovariés	inférovariées
ingagnable	ingagnable	ingagnables	ingagnables
ingambe	ingambe	ingambes	ingambes
ingouche	ingouche	ingouches	ingouches
ingouvernable	ingouvernable	ingouvernables	ingouvernables
ingrat	ingrate	ingrats	ingrates
ingresque	ingresque	ingresques	ingresques
ingriste	ingriste	ingristes	ingristes
inguinal	inguinale	inguinaux	inguinales
inguérissable	inguérissable	inguérissables	inguérissables
ingélif	ingélive	ingélifs	ingélives
ingénieux	ingénieuse	ingénieux	ingénieuses
ingénu	ingénue	ingénus	ingénues
ingérable	ingérable	ingérables	ingérables
inhabile	inhabile	inhabiles	inhabiles
inhabitable	inhabitable	inhabitables	inhabitables
inhabituel	inhabituelle	inhabituels	inhabituelles
inhabité	inhabitée	inhabités	inhabitées
inhalateur	inhalatrice	inhalateurs	inhalatrices
inharmonieux	inharmonieuse	inharmonieux	inharmonieuses
inhibant	inhibante	inhibants	inhibantes
inhibiteur	inhibitrice	inhibiteurs	inhibitrices
inhibitif	inhibitive	inhibitifs	inhibitives
inhibé	inhibée	inhibés	inhibées
inhospitalier	inhospitalière	inhospitaliers	inhospitalières
inhumain	inhumaine	inhumains	inhumaines
inhérent	inhérente	inhérents	inhérentes
inimaginable	inimaginable	inimaginables	inimaginables
inimitable	inimitable	inimitables	inimitables
inimité	inimitée	inimités	inimitées
ininflammable	ininflammable	ininflammables	ininflammables
inintelligent	inintelligente	inintelligents	inintelligentes
inintelligible	inintelligible	inintelligibles	inintelligibles
ininterrompu	ininterrompue	ininterrompus	ininterrompues
inintéressant	inintéressante	inintéressants	inintéressantes
inique	inique	iniques	iniques
initial	initiale	initiaux	initiales
initiateur	initiatrice	initiateurs	initiatrices
initiatique	initiatique	initiatiques	initiatiques
injectable	injectable	injectables	injectables
injecteur	injectrice	injecteurs	injectrices
injectif	injective	injectifs	injectives
injecté	injectée	injectés	injectées
injoignable	injoignable	injoignables	injoignables
injonctif	injonctive	injonctifs	injonctives
injouable	injouable	injouables	injouables
injurieux	injurieuse	injurieux	injurieuses
injuste	injuste	injustes	injustes
injustifiable	injustifiable	injustifiables	injustifiables
injustifié	injustifiée	injustifiés	injustifiées
inlassable	inlassable	inlassables	inlassables
innavigable	innavigable	innavigables	innavigables
innocent	innocente	innocents	innocentes
innombrable	innombrable	innombrables	innombrables
innominé	innominée	innominés	innominées
innommable	innommable	innommables	innommables
innommé	innommée	innommés	innommées
innomé	innomée	innomés	innomées
innovant	innovante	innovants	innovantes
innovateur	innovatrice	innovateurs	innovatrices
inné	innée	innés	innées
innéiste	innéiste	innéistes	innéistes
inobservable	inobservable	inobservables	inobservables
inobservé	inobservée	inobservés	inobservées
inoccupé	inoccupée	inoccupés	inoccupées
inoculable	inoculable	inoculables	inoculables
inoculant	inoculante	inoculants	inoculantes
inodore	inodore	inodores	inodores
inoffensif	inoffensive	inoffensifs	inoffensives
inondable	inondable	inondables	inondables
inondé	inondée	inondés	inondées
inopiné	inopinée	inopinés	inopinées
inopportun	inopportune	inopportuns	inopportunes
inopposable	inopposable	inopposables	inopposables
inopérable	inopérable	inopérables	inopérables
inopérant	inopérante	inopérants	inopérantes
inorganique	inorganique	inorganiques	inorganiques
inorganisable	inorganisable	inorganisables	inorganisables
inorganisé	inorganisée	inorganisés	inorganisées
inoubliable	inoubliable	inoubliables	inoubliables
inouï	inouïe	inouïs	inouïes
inoxydable	inoxydable	inoxydables	inoxydables
inqualifiable	inqualifiable	inqualifiables	inqualifiables
inquiet	inquiète	inquiets	inquiètes
inquisiteur	inquisitrice	inquisiteurs	inquisitrices
inquisitoire	inquisitoire	inquisitoires	inquisitoires
inquisitorial	inquisitoriale	inquisitoriaux	inquisitoriales
inquiétant	inquiétante	inquiétants	inquiétantes
inracontable	inracontable	inracontables	inracontables
insaisissable	insaisissable	insaisissables	insaisissables
insalissable	insalissable	insalissables	insalissables
insalubre	insalubre	insalubres	insalubres
insane	insane	insanes	insanes
insatiable	insatiable	insatiables	insatiables
insatisfaisant	insatisfaisante	insatisfaisants	insatisfaisantes
insatisfait	insatisfaite	insatisfaits	insatisfaites
inscripteur	inscriptrice	inscripteurs	inscriptrices
inscriptible	inscriptible	inscriptibles	inscriptibles
inscrit	inscrite	inscrits	inscrites
insecticide	insecticide	insecticides	insecticides
insectifuge	insectifuge	insectifuges	insectifuges
insectivore	insectivore	insectivores	insectivores
insensible	insensible	insensibles	insensibles
insensé	insensée	insensés	insensées
insermenté	insermentée	insermentés	insermentées
insidieux	insidieuse	insidieux	insidieuses
insignifiant	insignifiante	insignifiants	insignifiantes
insincère	insincère	insincères	insincères
insinuant	insinuante	insinuants	insinuantes
insipide	insipide	insipides	insipides
insistant	insistante	insistants	insistantes
insociable	insociable	insociables	insociables
insolent	insolente	insolents	insolentes
insolite	insolite	insolites	insolites
insoluble	insoluble	insolubles	insolubles
insolvable	insolvable	insolvables	insolvables
insomniaque	insomniaque	insomniaques	insomniaques
insomnieux	insomnieuse	insomnieux	insomnieuses
insondable	insondable	insondables	insondables
insonore	insonore	insonores	insonores
insouciant	insouciante	insouciants	insouciantes
insoucieux	insoucieuse	insoucieux	insoucieuses
insoumis	insoumise	insoumis	insoumises
insoupçonnable	insoupçonnable	insoupçonnables	insoupçonnables
insoupçonné	insoupçonnée	insoupçonnés	insoupçonnées
insoutenable	insoutenable	insoutenables	insoutenables
inspirant	inspirante	inspirants	inspirantes
inspiré	inspirée	inspirés	inspirées
instable	instable	instables	instables
installé	installée	installés	installées
instant	instante	instants	instantes
instantané	instantanée	instantanés	instantanées
instinctif	instinctive	instinctifs	instinctives
instinctuel	instinctuelle	instinctuels	instinctuelles
institutionnel	institutionnelle	institutionnels	institutionnelles
instructeur	instructrice	instructeurs	instructrices
instructif	instructive	instructifs	instructives
instruit	instruite	instruits	instruites
instrumentaire	instrumentaire	instrumentaires	instrumentaires
instrumental	instrumentale	instrumentaux	instrumentales
insubmersible	insubmersible	insubmersibles	insubmersibles
insubordonné	insubordonnée	insubordonnés	insubordonnées
insuffisant	insuffisante	insuffisants	insuffisantes
insulaire	insulaire	insulaires	insulaires
insulinique	insulinique	insuliniques	insuliniques
insultant	insultante	insultants	insultantes
insulteur	insulteuse	insulteurs	insulteuses
insupportable	insupportable	insupportables	insupportables
insurgé	insurgée	insurgés	insurgées
insurmontable	insurmontable	insurmontables	insurmontables
insurpassable	insurpassable	insurpassables	insurpassables
insurrectionnel	insurrectionnelle	insurrectionnels	insurrectionnelles
insécable	insécable	insécables	insécables
inséparable	inséparable	inséparables	inséparables
insérable	insérable	insérables	insérables
intact	intacte	intacts	intactes
intactile	intactile	intactiles	intactiles
intangible	intangible	intangibles	intangibles
intarissable	intarissable	intarissables	intarissables
intellectualiste	intellectualiste	intellectualistes	intellectualistes
intellectuel	intellectuelle	intellectuels	intellectuelles
intelligent	intelligente	intelligents	intelligentes
intelligible	intelligible	intelligibles	intelligibles
intempestif	intempestive	intempestifs	intempestives
intemporel	intemporelle	intemporels	intemporelles
intempérant	intempérante	intempérants	intempérantes
intenable	intenable	intenables	intenables
intense	intense	intenses	intenses
intensif	intensive	intensifs	intensives
intentionnel	intentionnelle	intentionnels	intentionnelles
intentionné	intentionnée	intentionnés	intentionnées
interactif	interactive	interactifs	interactives
interafricain	interafricaine	interafricains	interafricaines
interahamwe	interahamwe	interahamwes	interahamwes
interallié	interalliée	interalliés	interalliées
interaméricain	interaméricaine	interaméricains	interaméricaines
interastral	interastrale	interastraux	interastrales
interauriculaire	interauriculaire	interauriculaires	interauriculaires
interbancaire	interbancaire	interbancaires	interbancaires
intercalaire	intercalaire	intercalaires	intercalaires
intercellulaire	intercellulaire	intercellulaires	intercellulaires
intercepteur	interceptrice	intercepteurs	interceptrices
intercepté	interceptée	interceptés	interceptées
interchangeable	interchangeable	interchangeables	interchangeables
intercommunal	intercommunale	intercommunaux	intercommunales
intercontinental	intercontinentale	intercontinentaux	intercontinentales
intercostal	intercostale	intercostaux	intercostales
intercotidal	intercotidale	intercotidaux	intercotidales
interculturel	interculturelle	interculturels	interculturelles
intercurrent	intercurrente	intercurrents	intercurrentes
interdigital	interdigitale	interdigitaux	interdigitales
interdisciplinaire	interdisciplinaire	interdisciplinaires	interdisciplinaires
interdépartemental	interdépartementale	interdépartementaux	interdépartementales
interdépendant	interdépendante	interdépendants	interdépendantes
interethnique	interethnique	interethniques	interethniques
interglaciaire	interglaciaire	interglaciaires	interglaciaires
intergouvernemental	intergouvernementale	intergouvernementaux	intergouvernementales
interindividuel	interindividuelle	interindividuels	interindividuelles
interjectif	interjective	interjectifs	interjectives
interlinéaire	interlinéaire	interlinéaires	interlinéaires
interlocutoire	interlocutoire	interlocutoires	interlocutoires
interlope	interlope	interlopes	interlopes
interloqué	interloquée	interloqués	interloquées
interminable	interminable	interminables	interminables
interministériel	interministérielle	interministériels	interministérielles
intermittent	intermittente	intermittents	intermittentes
intermoléculaire	intermoléculaire	intermoléculaires	intermoléculaires
intermusculaire	intermusculaire	intermusculaires	intermusculaires
intermédiaire	intermédiaire	intermédiaires	intermédiaires
internalisateur	internalisatrice	internalisateurs	internalisatrices
international	internationale	internationaux	internationales
internationaliste	internationaliste	internationalistes	internationalistes
interne	interne	internes	internes
interné	internée	internés	internées
interoculaire	interoculaire	interoculaires	interoculaires
interocéanique	interocéanique	interocéaniques	interocéaniques
interosseux	interosseuse	interosseux	interosseuses
interpariétal	interpariétale	interpariétaux	interpariétales
interparlementaire	interparlementaire	interparlementaires	interparlementaires
interpersonnel	interpersonnelle	interpersonnels	interpersonnelles
interplanétaire	interplanétaire	interplanétaires	interplanétaires
interposé	interposée	interposés	interposées
interprofessionnel	interprofessionnelle	interprofessionnels	interprofessionnelles
interprétable	interprétable	interprétables	interprétables
interprétant	interprétante	interprétants	interprétantes
interprétatif	interprétative	interprétatifs	interprétatives
interreligieux	interreligieuse	interreligieux	interreligieuses
interrogateur	interrogatrice	interrogateurs	interrogatrices
interrogatif	interrogative	interrogatifs	interrogatives
interrupteur	interruptrice	interrupteurs	interruptrices
interruptif	interruptive	interruptifs	interruptives
interrégional	interrégionale	interrégionals	interrégionales
intersectoriel	intersectorielle	intersectoriels	intersectorielles
intersecté	intersectée	intersectés	intersectées
intersexuel	intersexuelle	intersexuels	intersexuelles
intersexué	intersexuée	intersexués	intersexuées
intersidéral	intersidérale	intersidéraux	intersidérales
interstellaire	interstellaire	interstellaires	interstellaires
intersyndical	intersyndicale	intersyndicaux	intersyndicales
intertropical	intertropicale	intertropicaux	intertropicales
interurbain	interurbaine	interurbains	interurbaines
intervallaire	intervallaire	intervallaires	intervallaires
intervenant	intervenante	intervenants	intervenantes
interventionniste	interventionniste	interventionnistes	interventionnistes
intervertébral	intervertébrale	intervertébraux	intervertébrales
interviewé	interviewée	interviewés	interviewées
intervocalique	intervocalique	intervocaliques	intervocaliques
interzonal	interzonale	interzonaux	interzonales
interétatique	interétatique	interétatiques	interétatiques
intestin	intestine	intestins	intestines
intestinal	intestinale	intestinaux	intestinales
intime	intime	intimes	intimes
intimidable	intimidable	intimidables	intimidables
intimidant	intimidante	intimidants	intimidantes
intimidateur	intimidatrice	intimidateurs	intimidatrices
intimiste	intimiste	intimistes	intimistes
intolérable	intolérable	intolérables	intolérables
intolérant	intolérante	intolérants	intolérantes
intouchable	intouchable	intouchables	intouchables
intoxicant	intoxicante	intoxicants	intoxicantes
intoxiqué	intoxiquée	intoxiqués	intoxiquées
intra-atomique	intra-atomique	intra-atomiques	intra-atomiques
intracardiaque	intracardiaque	intracardiaques	intracardiaques
intracellulaire	intracellulaire	intracellulaires	intracellulaires
intracrânien	intracrânienne	intracrâniens	intracrâniennes
intradermique	intradermique	intradermiques	intradermiques
intraduisible	intraduisible	intraduisibles	intraduisibles
intraitable	intraitable	intraitables	intraitables
intramoléculaire	intramoléculaire	intramoléculaires	intramoléculaires
intramontagnard	intramontagnarde	intramontagnards	intramontagnardes
intramusculaire	intramusculaire	intramusculaires	intramusculaires
intransigeant	intransigeante	intransigeants	intransigeantes
intransitif	intransitive	intransitifs	intransitives
intransmissible	intransmissible	intransmissibles	intransmissibles
intransportable	intransportable	intransportables	intransportables
intranucléaire	intranucléaire	intranucléaires	intranucléaires
intraveineux	intraveineuse	intraveineux	intraveineuses
intrigant	intrigante	intrigants	intrigantes
intrinsèque	intrinsèque	intrinsèques	intrinsèques
introductible	introductible	introductibles	introductibles
introductif	introductive	introductifs	introductives
introrse	introrse	introrses	introrses
introspectif	introspective	introspectifs	introspectives
introuvable	introuvable	introuvables	introuvables
introverti	introvertie	introvertis	introverties
intrus	intruse	intrus	intruses
intrusif	intrusive	intrusifs	intrusives
intrépide	intrépide	intrépides	intrépides
intuitif	intuitive	intuitifs	intuitives
intuitionniste	intuitionniste	intuitionnistes	intuitionnistes
intègre	intègre	intègres	intègres
intégrable	intégrable	intégrables	intégrables
intégral	intégrale	intégraux	intégrales
intégrant	intégrante	intégrants	intégrantes
intégrateur	intégratrice	intégrateurs	intégratrices
intégrationniste	intégrationniste	intégrationnistes	intégrationnistes
intégriste	intégriste	intégristes	intégristes
intégré	intégrée	intégrés	intégrées
intéressant	intéressante	intéressants	intéressantes
intérieur	intérieure	intérieurs	intérieures
intérimaire	intérimaire	intérimaires	intérimaires
intéroceptif	intéroceptive	intéroceptifs	intéroceptives
inuit	inuit	inuits	inuits
inusable	inusable	inusables	inusables
inusité	inusitée	inusités	inusitées
inusuel	inusuelle	inusuels	inusuelles
inutile	inutile	inutiles	inutiles
inutilisable	inutilisable	inutilisables	inutilisables
inutilisé	inutilisée	inutilisés	inutilisées
invaincu	invaincue	invaincus	invaincues
invalidant	invalidante	invalidants	invalidantes
invalide	invalide	invalides	invalides
invariable	invariable	invariables	invariables
invariant	invariante	invariants	invariantes
invasif	invasive	invasifs	invasives
invendable	invendable	invendables	invendables
invendu	invendue	invendus	invendues
inventeur	inventrice	inventeurs	inventrices
inventif	inventive	inventifs	inventives
inversable	inversable	inversables	inversables
inverse	inverse	inverses	inverses
inversible	inversible	inversibles	inversibles
inversif	inversive	inversifs	inversives
inverti	invertie	invertis	inverties
invertébré	invertébrée	invertébrés	invertébrées
investigateur	investigatrice	investigateurs	investigatrices
invincible	invincible	invincibles	invincibles
inviolable	inviolable	inviolables	inviolables
inviolé	inviolée	inviolés	inviolées
invisible	invisible	invisibles	invisibles
invitant	invitante	invitants	invitantes
invitatoire	invitatoire	invitatoires	invitatoires
invivable	invivable	invivables	invivables
invocable	invocable	invocables	invocables
invocateur	invocatrice	invocateurs	invocatrices
invocatoire	invocatoire	invocatoires	invocatoires
involontaire	involontaire	involontaires	involontaires
involucré	involucrée	involucrés	involucrées
involutif	involutive	involutifs	involutives
involuté	involutée	involutés	involutées
invraisemblable	invraisemblable	invraisemblables	invraisemblables
invulnérable	invulnérable	invulnérables	invulnérables
invérifiable	invérifiable	invérifiables	invérifiables
invétéré	invétérée	invétérés	invétérées
inébranlable	inébranlable	inébranlables	inébranlables
inéchangeable	inéchangeable	inéchangeables	inéchangeables
inécoutable	inécoutable	inécoutables	inécoutables
inécouté	inécoutée	inécoutés	inécoutées
inédit	inédite	inédits	inédites
inégal	inégale	inégaux	inégales
inégalable	inégalable	inégalables	inégalables
inégalitaire	inégalitaire	inégalitaires	inégalitaires
inégalé	inégalée	inégalés	inégalées
inélastique	inélastique	inélastiques	inélastiques
inéligible	inéligible	inéligibles	inéligibles
inéliminable	inéliminable	inéliminables	inéliminables
inéluctable	inéluctable	inéluctables	inéluctables
inélégant	inélégante	inélégants	inélégantes
inénarrable	inénarrable	inénarrables	inénarrables
inéprouvé	inéprouvée	inéprouvés	inéprouvées
inépuisable	inépuisable	inépuisables	inépuisables
inépuisé	inépuisée	inépuisés	inépuisées
inéquitable	inéquitable	inéquitables	inéquitables
inétendu	inétendue	inétendus	inétendues
inévitable	inévitable	inévitables	inévitables
iodeux	iodeuse	iodeux	iodeuses
iodhydrique	iodhydrique	iodhydriques	iodhydriques
iodique	iodique	iodiques	iodiques
iodotannique	iodotannique	iodotanniques	iodotanniques
ioduré	iodurée	iodurés	iodurées
iodé	iodée	iodés	iodées
ionien	ionienne	ioniens	ioniennes
ionique	ionique	ioniques	ioniques
ionisant	ionisante	ionisants	ionisantes
ionosphérique	ionosphérique	ionosphériques	ionosphériques
irakien	irakienne	irakiens	irakiennes
iranien	iranienne	iraniens	iraniennes
iraqien	iraqienne	iraqiens	iraqiennes
iraquien	iraquienne	iraquiens	iraquiennes
irascible	irascible	irascibles	irascibles
iridescent	iridescente	iridescents	iridescentes
iridien	iridienne	iridiens	iridiennes
iridié	iridiée	iridiés	iridiées
irisable	irisable	irisables	irisables
irisé	irisée	irisés	irisées
irlandais	irlandaise	irlandais	irlandaises
ironique	ironique	ironiques	ironiques
ironisant	ironisante	ironisants	ironisantes
iroquois	iroquoise	iroquois	iroquoises
irrachetable	irrachetable	irrachetables	irrachetables
irradiant	irradiante	irradiants	irradiantes
irraisonnable	irraisonnable	irraisonnables	irraisonnables
irraisonné	irraisonnée	irraisonnés	irraisonnées
irrationaliste	irrationaliste	irrationalistes	irrationalistes
irrationnel	irrationnelle	irrationnels	irrationnelles
irrattrapable	irrattrapable	irrattrapables	irrattrapables
irrecevable	irrecevable	irrecevables	irrecevables
irremplaçable	irremplaçable	irremplaçables	irremplaçables
irrespectueux	irrespectueuse	irrespectueux	irrespectueuses
irrespirable	irrespirable	irrespirables	irrespirables
irresponsable	irresponsable	irresponsables	irresponsables
irrigable	irrigable	irrigables	irrigables
irritable	irritable	irritables	irritables
irritant	irritante	irritants	irritantes
irritatif	irritative	irritatifs	irritatives
irrité	irritée	irrités	irritées
irréalisable	irréalisable	irréalisables	irréalisables
irréaliste	irréaliste	irréalistes	irréalistes
irréalisé	irréalisée	irréalisés	irréalisées
irréconciliable	irréconciliable	irréconciliables	irréconciliables
irrécouvrable	irrécouvrable	irrécouvrables	irrécouvrables
irrécupérable	irrécupérable	irrécupérables	irrécupérables
irrécusable	irrécusable	irrécusables	irrécusables
irrédentiste	irrédentiste	irrédentistes	irrédentistes
irréductible	irréductible	irréductibles	irréductibles
irréel	irréelle	irréels	irréelles
irréfléchi	irréfléchie	irréfléchis	irréfléchies
irréformable	irréformable	irréformables	irréformables
irréfragable	irréfragable	irréfragables	irréfragables
irréfrénable	irréfrénable	irréfrénables	irréfrénables
irréfutable	irréfutable	irréfutables	irréfutables
irréfuté	irréfutée	irréfutés	irréfutées
irrégularisable	irrégularisable	irrégularisables	irrégularisables
irrégulier	irrégulière	irréguliers	irrégulières
irréligieux	irréligieuse	irréligieux	irréligieuses
irrémissible	irrémissible	irrémissibles	irrémissibles
irrémédiable	irrémédiable	irrémédiables	irrémédiables
irréparable	irréparable	irréparables	irréparables
irrépressible	irrépressible	irrépressibles	irrépressibles
irréprochable	irréprochable	irréprochables	irréprochables
irrépréhensible	irrépréhensible	irrépréhensibles	irrépréhensibles
irrésistible	irrésistible	irrésistibles	irrésistibles
irrésolu	irrésolue	irrésolus	irrésolues
irrétrécissable	irrétrécissable	irrétrécissables	irrétrécissables
irréversible	irréversible	irréversibles	irréversibles
irrévocable	irrévocable	irrévocables	irrévocables
irrévélé	irrévélée	irrévélés	irrévélées
irrévérencieux	irrévérencieuse	irrévérencieux	irrévérencieuses
irénique	irénique	iréniques	iréniques
ischiatique	ischiatique	ischiatiques	ischiatiques
ischémique	ischémique	ischémiques	ischémiques
isentropique	isentropique	isentropiques	isentropiques
iseran	iserane	iserans	iseranes
isiaque	isiaque	isiaques	isiaques
islamique	islamique	islamiques	islamiques
islamiste	islamiste	islamistes	islamistes
islandais	islandaise	islandais	islandaises
ismaélien	ismaélienne	ismaéliens	ismaéliennes
ismaélite	ismaélite	ismaélites	ismaélites
ismaïlien	ismaïlienne	ismaïliens	ismaïliennes
isobare	isobare	isobares	isobares
isobathe	isobathe	isobathes	isobathes
isocarène	isocarène	isocarènes	isocarènes
isochore	isochore	isochores	isochores
isochromatique	isochromatique	isochromatiques	isochromatiques
isochrone	isochrone	isochrones	isochrones
isochronique	isochronique	isochroniques	isochroniques
isoclinal	isoclinale	isoclinaux	isoclinales
isocline	isocline	isoclines	isoclines
isocèle	isocèle	isocèles	isocèles
isodynamique	isodynamique	isodynamiques	isodynamiques
isogame	isogame	isogames	isogames
isoglosse	isoglosse	isoglosses	isoglosses
isogone	isogone	isogones	isogones
isohypse	isohypse	isohypses	isohypses
isohyète	isohyète	isohyètes	isohyètes
isolable	isolable	isolables	isolables
isolant	isolante	isolants	isolantes
isolateur	isolatrice	isolateurs	isolatrices
isolationniste	isolationniste	isolationnistes	isolationnistes
isologue	isologue	isologues	isologues
isolé	isolée	isolés	isolées
isomorphe	isomorphe	isomorphes	isomorphes
isomère	isomère	isomères	isomères
isométrique	isométrique	isométriques	isométriques
isopode	isopode	isopodes	isopodes
isosiste	isosiste	isosistes	isosistes
isostatique	isostatique	isostatiques	isostatiques
isosyllabique	isosyllabique	isosyllabiques	isosyllabiques
isoséiste	isoséiste	isoséistes	isoséistes
isotherme	isotherme	isothermes	isothermes
isothermique	isothermique	isothermiques	isothermiques
isotone	isotone	isotones	isotones
isotonique	isotonique	isotoniques	isotoniques
isotope	isotope	isotopes	isotopes
isotopique	isotopique	isotopiques	isotopiques
isotrope	isotrope	isotropes	isotropes
israélien	israélienne	israéliens	israéliennes
israélite	israélite	israélites	israélites
issant	issante	issants	issantes
issu	issue	issus	issues
isthmique	isthmique	isthmiques	isthmiques
isérois	iséroise	isérois	iséroises
italianisant	italianisante	italianisants	italianisantes
italien	italienne	italiens	italiennes
italique	italique	italiques	italiques
ithyphallique	ithyphallique	ithyphalliques	ithyphalliques
itinéraire	itinéraire	itinéraires	itinéraires
itinérant	itinérante	itinérants	itinérantes
itératif	itérative	itératifs	itératives
ivoirien	ivoirienne	ivoiriens	ivoiriennes
ivoirin	ivoirine	ivoirins	ivoirines
ivoiro-libérien	ivoiro-libérienne	ivoiro-libériens	ivoiro-libériennes
ivre	ivre	ivres	ivres
jacasseur	jacasseuse	jacasseurs	jacasseuses
jacent	jacente	jacents	jacentes
jacobin	jacobine	jacobins	jacobines
jacobite	jacobite	jacobites	jacobites
jaculatoire	jaculatoire	jaculatoires	jaculatoires
jaillissant	jaillissante	jaillissants	jaillissantes
jalonneur	jalonneuse	jalonneurs	jalonneuses
jaloux	jalouse	jaloux	jalouses
jamaïcain	jamaïcaine	jamaïcains	jamaïcaines
jamaïquain	jamaïquaine	jamaïquains	jamaïquaines
jambier	jambière	jambiers	jambières
jambé	jambée	jambés	jambées
janséniste	janséniste	jansénistes	jansénistes
japonais	japonaise	japonais	japonaises
japonisant	japonisante	japonisants	japonisantes
jappeur	jappeuse	jappeurs	jappeuses
jardineux	jardineuse	jardineux	jardineuses
jardinier	jardinière	jardiniers	jardinières
jarreté	jarretée	jarretés	jarretées
jaseur	jaseuse	jaseurs	jaseuses
jaspé	jaspée	jaspés	jaspées
jaunasse	jaunasse	jaunasses	jaunasses
jaune	jaune	jaunes	jaunes
jaunet	jaunette	jaunets	jaunettes
jauni	jaunie	jaunis	jaunies
jaunissant	jaunissante	jaunissants	jaunissantes
jaunâtre	jaunâtre	jaunâtres	jaunâtres
javanais	javanaise	javanais	javanaises
javeleur	javeleuse	javeleurs	javeleuses
javelé	javelée	javelés	javelées
jaïn	jaïne	jaïns	jaïnes
jdanovien	jdanovienne	jdanoviens	jdanoviennes
jdanovo-maoïste	jdanovo-maoïste	jdanovo-maoïstes	jdanovo-maoïstes
je-m'en-fichiste	je-m'en-fichiste	je-m'en-fichistes	je-m'en-fichistes
jectisse	jectisse	jectisses	jectisses
jetable	jetable	jetables	jetables
jeune	jeune	jeunes	jeunes
jobard	jobarde	jobards	jobardes
joignable	joignable	joignables	joignables
jointif	jointive	jointifs	jointives
joli	jolie	jolis	jolies
jordanien	jordanienne	jordaniens	jordaniennes
jouable	jouable	jouables	jouables
joufflue	joufflue	joufflues	joufflues
journalier	journalière	journaliers	journalières
journalistique	journalistique	journalistiques	journalistiques
jovial	joviale	joviaux	joviales
joyeux	joyeuse	joyeux	joyeuses
jubilatoire	jubilatoire	jubilatoires	jubilatoires
judaïque	judaïque	judaïques	judaïques
judiciaire	judiciaire	judiciaires	judiciaires
judicieux	judicieuse	judicieux	judicieuses
juif	juive	juifs	juives
julien	julienne	juliens	juliennes
jumeau	jumelle	jumeaux	jumelles
jupitérien	jupitérienne	jupitériens	jupitériennes
juridictionnel	juridictionnelle	juridictionnels	juridictionnelles
juridique	juridique	juridiques	juridiques
jusqu'au-boutiste	jusqu'au-boutiste	jusqu'au-boutistes	jusqu'au-boutistes
juste	juste	justes	justes
justifiable	justifiable	justifiables	justifiables
justificateur	justificatrice	justificateurs	justificatrices
justificatif	justificative	justificatifs	justificatives
juteux	juteuse	juteux	juteuses
juvénile	juvénile	juvéniles	juvéniles
jéciste	jéciste	jécistes	jécistes
jésuite	jésuite	jésuites	jésuites
jésuitique	jésuitique	jésuitiques	jésuitiques
kafkaïen	kafkaïenne	kafkaïens	kafkaïennes
kampuchéen	kampuchéenne	kampuchéens	kampuchéennes
kanak	kanake	kanaks	kanakes
karenni	karennie	karennis	karennies
kasaïen	kasaïenne	kasaïens	kasaïennes
kazakh	kazakhe	kazakhs	kazakhes
keynésien	keynésienne	keynésiens	keynésiennes
khmer	khmère	khmers	khmères
khomeiniste	khomeiniste	khomeinistes	khomeinistes
khrouchtchévien	khrouchtchévienne	khrouchtchéviens	khrouchtchéviennes
kibboutzique	kibboutzique	kibboutziques	kibboutziques
kilométrique	kilométrique	kilométriques	kilométriques
kirghiz	kirghize	kirghiz	kirghizes
kosovar	kosovare	kosovars	kosovares
koumyck	koumycke	koumycks	koumyckes
koweïtien	koweïtienne	koweïtiens	koweïtiennes
kurde	kurde	kurdes	kurdes
kystique	kystique	kystiques	kystiques
kényan	kényane	kényans	kényanes
labial	labiale	labiaux	labiales
labile	labile	labiles	labiles
laborieux	laborieuse	laborieux	laborieuses
labourable	labourable	labourables	labourables
laconique	laconique	laconiques	laconiques
lacrymal	lacrymale	lacrymaux	lacrymales
lacrymogène	lacrymogène	lacrymogènes	lacrymogènes
lactique	lactique	lactiques	lactiques
lacté	lactée	lactés	lactées
lacunaire	lacunaire	lacunaires	lacunaires
lacustre	lacustre	lacustres	lacustres
lagosien	lagosienne	lagosiens	lagosiennes
laid	laide	laids	laides
laineux	laineuse	laineux	laineuses
laiteux	laiteuse	laiteux	laiteuses
lambrissé	lambrissée	lambrissés	lambrissées
lamentable	lamentable	lamentables	lamentables
lancinant	lancinante	lancinants	lancinantes
lancéolé	lancéolée	lancéolés	lancéolées
langagier	langagière	langagiers	langagières
langoureux	langoureuse	langoureux	langoureuses
languide	languide	languides	languides
languissant	languissante	languissants	languissantes
lapidaire	lapidaire	lapidaires	lapidaires
large	large	larges	larges
larmoyant	larmoyante	larmoyants	larmoyantes
larvaire	larvaire	larvaires	larvaires
larvé	larvée	larvés	larvées
laryngectomisé	laryngectomisée	laryngectomisés	laryngectomisées
laryngien	laryngienne	laryngiens	laryngiennes
laryngé	laryngée	laryngés	laryngées
las	lasse	las	lasses
lascif	lascive	lascifs	lascives
lassant	lassante	lassants	lassantes
latent	latente	latents	latentes
latin	latine	latins	latines
latéral	latérale	latéraux	latérales
laudatif	laudative	laudatifs	laudatives
lavable	lavable	lavables	lavables
laxatif	laxative	laxatifs	laxatives
laxiste	laxiste	laxistes	laxistes
lazariste	lazariste	lazaristes	lazaristes
laïc	laïque	laïcs	laïques
lent	lente	lents	lentes
lenticelle	lenticelle	lenticelles	lenticelles
lenticulaire	lenticulaire	lenticulaires	lenticulaires
lepéniste	lepéniste	lepénistes	lepénistes
lesbien	lesbienne	lesbiens	lesbiennes
letton	lettonne	lettons	lettonnes
leucocyté	leucocytée	leucocytés	leucocytées
leucoplaquettaire	leucoplaquettaire	leucoplaquettaires	leucoplaquettaires
levant	levante	levants	levantes
lexical	lexicale	lexicaux	lexicales
lexicographique	lexicographique	lexicographiques	lexicographiques
lianescent	lianescente	lianescents	lianescentes
liant	liante	liants	liantes
libanais	libanaise	libanais	libanaises
libertaire	libertaire	libertaires	libertaires
libre	libre	libres	libres
libyen	libyenne	libyens	libyennes
libéral	libérale	libéraux	libérales
libérateur	libératrice	libérateurs	libératrices
libératoire	libératoire	libératoires	libératoires
libérien	libérienne	libériens	libériennes
licenciable	licenciable	licenciables	licenciables
licencieux	licencieuse	licencieux	licencieuses
licite	licite	licites	licites
ligamentaire	ligamentaire	ligamentaires	ligamentaires
ligamenteux	ligamenteuse	ligamenteux	ligamenteuses
ligneux	ligneuse	ligneux	ligneuses
lilliputien	lilliputienne	lilliputiens	lilliputiennes
lillois	lilloise	lillois	lilloises
limbique	limbique	limbiques	limbiques
liminaire	liminaire	liminaires	liminaires
limitatif	limitative	limitatifs	limitatives
limitrophe	limitrophe	limitrophes	limitrophes
limité	limitée	limités	limitées
limoneux	limoneuse	limoneux	limoneuses
limpide	limpide	limpides	limpides
linguistique	linguistique	linguistiques	linguistiques
linéaire	linéaire	linéaires	linéaires
linéaire-lancéolé	linéaire-lancéolée	linéaires-lancéolés	linéaires-lancéolées
lipidique	lipidique	lipidiques	lipidiques
liposoluble	liposoluble	liposolubles	liposolubles
lippu	lippue	lippus	lippues
liquidable	liquidable	liquidables	liquidables
liquidatif	liquidative	liquidatifs	liquidatives
liquide	liquide	liquides	liquides
liquoreux	liquoreuse	liquoreux	liquoreuses
liquéfiable	liquéfiable	liquéfiables	liquéfiables
liquéfiant	liquéfiante	liquéfiants	liquéfiantes
lisible	lisible	lisibles	lisibles
lisse	lisse	lisses	lisses
lithique	lithique	lithiques	lithiques
litigieux	litigieuse	litigieux	litigieuses
littoral	littorale	littoraux	littorales
littéraire	littéraire	littéraires	littéraires
littéral	littérale	littéraux	littérales
lituanien	lituanienne	lituaniens	lituaniennes
liturgique	liturgique	liturgiques	liturgiques
livide	livide	livides	livides
livrable	livrable	livrables	livrables
livresque	livresque	livresques	livresques
liégeois	liégeoise	liégeois	liégeoises
lobé	lobée	lobés	lobées
local	locale	locaux	locales
localisable	localisable	localisables	localisables
locatif	locative	locatifs	locatives
logarithmique	logarithmique	logarithmiques	logarithmiques
logeable	logeable	logeables	logeables
logiciel	logicielle	logiciels	logicielles
logique	logique	logiques	logiques
logistique	logistique	logistiques	logistiques
lointain	lointaine	lointains	lointaines
loisible	loisible	loisibles	loisibles
lombaire	lombaire	lombaires	lombaires
lombard	lombarde	lombards	lombardes
londonien	londonienne	londoniens	londoniennes
long	longue	longs	longues
longitudinal	longitudinale	longitudinaux	longitudinales
loquace	loquace	loquaces	loquaces
loqueteux	loqueteuse	loqueteux	loqueteuses
lorrain	lorrainne	lorrains	lorrainnes
louable	louable	louables	louables
loufoque	louf	loufoques	loufoques
lourd	lourde	lourds	lourdes
loyal	loyale	loyaux	loyales
lozérien	lozérienne	lozériens	lozériennes
lubrifiant	lubrifiante	lubrifiants	lubrifiantes
lubrique	lubrique	lubriques	lubriques
lucide	lucide	lucides	lucides
lucratif	lucrative	lucratifs	lucratives
ludique	ludique	ludiques	ludiques
lugubre	lugubre	lugubres	lugubres
luisant	luisante	luisants	luisantes
luminescent	luminescente	luminescents	luminescentes
lumineux	lumineuse	lumineux	lumineuses
luné	lunée	lunés	lunées
luxembourgeois	luxembourgeoise	luxembourgeois	luxembourgeoises
luxueux	luxueuse	luxueux	luxueuses
luxuriant	luxuriante	luxuriants	luxuriantes
luxurieux	luxurieuse	luxurieux	luxurieuses
lymphatique	lymphatique	lymphatiques	lymphatiques
lyonnais	lyonnaise	lyonnais	lyonnaises
lyrique	lyrique	lyriques	lyriques
lysergique	lysergique	lysergiques	lysergiques
lâche	lâche	lâches	lâches
légal	légale	légaux	légales
légaliste	légaliste	légalistes	légalistes
légendaire	légendaire	légendaires	légendaires
léger	légère	légers	légères
législatif	législative	législatifs	législatives
légitime	légitime	légitimes	légitimes
lénifiant	lénifiante	lénifiants	lénifiantes
léniniste	léniniste	léninistes	léninistes
léonin	léonine	léonins	léonines
léopardé	léopardée	léopardés	léopardées
lépidote	lépidote	lépidotes	lépidotes
lésionnel	lésionnelle	lésionnels	lésionnelles
léthargique	léthargique	léthargiques	léthargiques
macabre	macabre	macabres	macabres
machiavélique	machiavélique	machiavéliques	machiavéliques
machinal	machinale	machinaux	machinales
machine	machine	machines	machines
machiste	machiste	machistes	machistes
macho	macho	machos	machos
macrocytaire	macrocytaire	macrocytaires	macrocytaires
macroprudentiel	macroprudentielle	macroprudentiels	macroprudentielles
macroscopique	macroscopique	macroscopiques	macroscopiques
macroéconomique	macroéconomique	macroéconomiques	macroéconomiques
macédonien	macédonienne	macédoniens	macédoniennes
madrilène	madrilène	madrilènes	madrilènes
madré	madrée	madrés	madrées
mafieux	mafieuse	mafieux	mafieuses
maghrébin	maghrébine	maghrébins	maghrébines
magique	magique	magiques	magiques
magistral	magistrale	magistraux	magistrales
magnanime	magnanime	magnanimes	magnanimes
magnifique	magnifique	magnifiques	magnifiques
magnétique	magnétique	magnétiques	magnétiques
maharashtrien	maharashtrienne	maharashtriens	maharashtriennes
mahrate	mahrate	mahrates	mahrates
maigre	maigre	maigres	maigres
maigrelet	maigrelette	maigrelets	maigrelettes
maint	mainte	maints	maintes
majestueux	majestueuse	majestueux	majestueuses
majeur	majeure	majeurs	majeures
majoritaire	majoritaire	majoritaires	majoritaires
majuscule	majuscule	majuscules	majuscules
mal			
malade	malade	malades	malades
maladif	maladive	maladifs	maladives
maladroit	maladroite	maladroits	maladroites
malaisien	malaisienne	malaisiens	malaisiennes
malaisé	malaisée	malaisés	malaisées
malcommode	malcommode	malcommodes	malcommodes
malencontreux	malencontreuse	malencontreux	malencontreuses
malentendant	malentendante	malentendants	malentendantes
malfaisant	malfaisante	malfaisants	malfaisantes
malfamé	malfamée	malfamés	malfamées
malformé	malformée	malformés	malformées
malhabile	malhabile	malhabiles	malhabiles
malheureux	malheureuse	malheureux	malheureuses
malhonnête	malhonnête	malhonnêtes	malhonnêtes
malicieux	malicieuse	malicieux	malicieuses
malien	malienne	maliens	maliennes
malin	maligne	malins	malignes
malingre	malingre	malingres	malingres
malléable	malléable	malléables	malléables
malodorant	malodorante	malodorants	malodorantes
malpoli	malpolie	malpolis	malpolies
malsain	malsaine	malsains	malsaines
malsonnant	malsonnante	malsonnants	malsonnantes
malséant	malséante	malséants	malséantes
malveillant	malveillante	malveillants	malveillantes
malvenu	malvenue	malvenus	malvenues
maléfique	maléfique	maléfiques	maléfiques
mamelonné	mamelonnée	mamelonnés	mamelonnées
mammaire	mammaire	mammaires	mammaires
managérial	managériale	managériaux	managériales
manchot	manchote	manchots	manchotes
mangeable	mangeable	mangeables	mangeables
maniable	maniable	maniables	maniables
maniaque	maniaque	maniaques	maniaques
manichéen	manichéenne	manichéens	manichéennes
manifeste	manifeste	manifestes	manifestes
manipulable	manipulable	manipulables	manipulables
manipulatoire	manipulatoire	manipulatoires	manipulatoires
manoeuvrable	manoeuvrable	manoeuvrables	manoeuvrables
mansardé	mansardée	mansardés	mansardées
manuel	manuelle	manuels	manuelles
manufacturier	manufacturière	manufacturiers	manufacturières
manufacturé	manufacturée	manufacturés	manufacturées
manuscrit	manuscrite	manuscrits	manuscrites
maoïste	maoïste	maoïstes	maoïstes
mapuche	mapuche	mapuches	mapuches
marbré	marbrée	marbrés	marbrées
marchand	marchande	marchands	marchandes
marginal	marginale	marginaux	marginales
mariable	mariable	mariables	mariables
marin	marine	marins	marines
marital	maritale	maritaux	maritales
maritime	maritime	maritimes	maritimes
marmoréen	marmoréenne	marmoréens	marmoréennes
marneux	marneuse	marneux	marneuses
marocain	marocaine	marocains	marocaines
marquant	marquante	marquants	marquantes
marqué	marquée	marqués	marquées
marrant	marrante	marrants	marrantes
marri	marrie	marris	marries
marron	marron	marron	marron
marseillais	marseillaise	marseillais	marseillaises
marsupial	marsupiale	marsupiaux	marsupiales
martial	martiale	martiaux	martiales
martynien	martynienne	martyniens	martyniennes
marxien	marxienne	marxiens	marxiennes
marxiste	marxiste	marxistes	marxistes
marxiste-léniniste	marxiste-léniniste	marxistes-léninistes	marxistes-léninistes
marécageux	marécageuse	marécageux	marécageuses
marémoteur	marémotrice	marémoteurs	marémotrices
masculin	masculine	masculins	masculines
masochiste	masochiste	masochistes	masochistes
massacrant	massacrante	massacrants	massacrantes
massif	massive	massifs	massives
mat	mate	mats	mates
matelassé	matelassée	matelassés	matelassées
maternel	maternelle	maternels	maternelles
mathématique	mathématique	mathématiques	mathématiques
matinal	matinale	matinaux	matinales
matriarcal	matriarcale	matriarcaux	matriarcales
matriciel	matricielle	matriciels	matricielles
matrimonial	matrimoniale	matrimoniaux	matrimoniales
mature	mature	matures	matures
matérialiste	matérialiste	matérialistes	matérialistes
matériel	matérielle	matériels	matérielles
mauricien	mauricienne	mauriciens	mauriciennes
mauritanien	mauritanienne	mauritaniens	mauritaniennes
maussade	maussade	maussades	maussades
mauvais	mauvaise	mauvais	mauvaises
mauve	mauve	mauves	mauves
maximal	maximale	maximaux	maximales
maçonnique	maçonnique	maçonniques	maçonniques
maîtrisable	maîtrisable	maîtrisables	maîtrisables
meilleur	meilleure	meilleurs	meilleures
melba	melba	melbas	melbas
membraneux	membraneuse	membraneux	membraneuses
menaçant	menaçante	menaçants	menaçantes
mensonger	mensongère	mensongers	mensongères
menstruel	menstruelle	menstruels	menstruelles
mensuel	mensuelle	mensuels	mensuelles
mental	mentale	mentaux	mentales
mentholé	mentholée	mentholés	mentholées
menu	menue	menus	menues
mercantile	mercantile	mercantiles	mercantiles
mercenaire	mercenaire	mercenaires	mercenaires
merveilleux	merveilleuse	merveilleux	merveilleuses
mesquin	mesquine	mesquins	mesquines
messianique	messianique	messianiques	messianiques
mesurable	mesurable	mesurables	mesurables
mettable	mettable	mettables	mettables
meurtrier	meurtrière	meurtriers	meurtrières
meusien	meusienne	meusiens	meusiennes
mexicain	mexicaine	mexicains	mexicaines
microbien	microbienne	microbiens	microbiennes
microscopique	microscopique	microscopiques	microscopiques
microéconomique	microéconomique	microéconomiques	microéconomiques
mielleux	mielleuse	mielleux	mielleuses
mien	mienne	miens	miennes
mignard	mignarde	mignards	mignardes
migrateur	migratrice	migrateurs	migratrices
migratoire	migratoire	migratoires	migratoires
militaire	militaire	militaires	militaires
militant	militante	militants	militantes
militariste	militariste	militaristes	militaristes
milliardaire	milliardaire	milliardaires	milliardaires
milliardième	milliardième	milliardièmes	milliardièmes
millimétrique	millimétrique	millimétriques	millimétriques
millimétré	millimétrée	millimétrés	millimétrées
millionième	millionième	millionièmes	millionièmes
mimétique	mimétique	mimétiques	mimétiques
minable	minable	minables	minables
mince	mince	minces	minces
mineur	mineure	mineurs	mineures
miniature	miniature	miniatures	miniatures
minier	minière	miniers	minières
minimal	minimale	minimaux	minimales
minimaliste	minimaliste	minimalistes	minimalistes
minime	minime	minimes	minimes
minimum	minimum	minimums	minimums
ministériel	ministérielle	ministériels	ministérielles
minoritaire	minoritaire	minoritaires	minoritaires
minuscule	minuscule	minuscules	minuscules
minutieux	minutieuse	minutieux	minutieuses
minéral	minérale	minéraux	minérales
minéralogique	minéralogique	minéralogiques	minéralogiques
miracle	miracle	miracles	miracles
miraculeux	miraculeuse	miraculeux	miraculeuses
mirifique	mirifique	mirifiques	mirifiques
mirobolant	mirobolante	mirobolants	mirobolantes
misanthropique	misanthropique	misanthropiques	misanthropiques
miscible	miscible	miscibles	miscibles
misogyne	misogyne	misogynes	misogynes
missionnaire	missionnaire	missionnaires	missionnaires
misérable	misérable	misérables	misérables
miséreux	miséreuse	miséreux	miséreuses
miséricordieux	miséricordieuse	miséricordieux	miséricordieuses
mitochondrial	mitochondriale	mitochondriaux	mitochondriales
mitoyen	mitoyenne	mitoyens	mitoyennes
mixte	mixte	mixtes	mixtes
mièvre	mièvre	mièvres	mièvres
mnésique	mnésique	mnésiques	mnésiques
mobile	mobile	mobiles	mobiles
mobilier	mobilière	mobiliers	mobilières
mobilisable	mobilisable	mobilisables	mobilisables
mobilisateur	mobilisatrice	mobilisateurs	mobilisatrices
moche	moche	moches	moches
modal	modale	modaux	modales
moderne	moderne	modernes	modernes
modernisateur	modernisatrice	modernisateurs	modernisatrices
moderniste	moderniste	modernistes	modernistes
modernitaire	modernitaire	modernitaires	modernitaires
modeste	modeste	modestes	modestes
modifiable	modifiable	modifiables	modifiables
modificatif	modificative	modificatifs	modificatives
modique	modique	modiques	modiques
modulable	modulable	modulables	modulables
modulaire	modulaire	modulaires	modulaires
modèle	modèle	modèles	modèles
moelleux	moelleuse	moelleux	moelleuses
mogol	mogole	mogols	mogoles
moindre	moindre	moindres	moindres
moite	moite	moites	moites
moldave	moldave	moldaves	moldaves
moldovien	moldovienne	moldoviens	moldoviennes
molletonneux	molletonneuse	molletonneux	molletonneuses
molletonné	molletonnée	molletonnés	molletonnées
moléculaire	moléculaire	moléculaires	moléculaires
momentané	momentanée	momentanés	momentanées
monacal	monacale	monacaux	monacales
monarchique	monarchique	monarchiques	monarchiques
monastique	monastique	monastiques	monastiques
mondial	mondiale	mondiaux	mondiales
mongol	mongole	mongols	mongoles
mongolien	mongolienne	mongoliens	mongoliennes
mongoloïde	mongoloïde	mongoloïdes	mongoloïdes
monnayable	monnayable	monnayables	monnayables
monocellulaire	monocellulaire	monocellulaires	monocellulaires
monochrome	monochrome	monochromes	monochromes
monocorde	monocorde	monocordes	monocordes
monoculaire	monoculaire	monoculaires	monoculaires
monoethnique	monoethnique	monoethniques	monoethniques
monogame	monogame	monogames	monogames
monolithique	monolithique	monolithiques	monolithiques
monomère	monomère	monomères	monomères
monoparental	monoparentale	monoparentaux	monoparentales
monophotonique	monophotonique	monophotoniques	monophotoniques
monopoliste	monopoliste	monopolistes	monopolistes
monopolistique	monopolistique	monopolistiques	monopolistiques
monosyllabique	monosyllabique	monosyllabiques	monosyllabiques
monothéiste	monothéiste	monothéistes	monothéistes
monotone	monotone	monotones	monotones
monovalent	monovalente	monovalents	monovalentes
monoïque	monoïque	monoïques	monoïques
monstrueux	monstrueuse	monstrueux	monstrueuses
montagnard	montagnarde	montagnards	montagnardes
montagneux	montagneuse	montagneux	montagneuses
montant	montante	montants	montantes
montpellierrain	montpellierrainne	montpellierrains	montpellierrainnes
montrable	montrable	montrables	montrables
monumental	monumentale	monumentaux	monumentales
monétaire	monétaire	monétaires	monétaires
monétariste	monétariste	monétaristes	monétaristes
moral	morale	moraux	morales
moralisant	moralisante	moralisants	moralisantes
moralisateur	moralisatrice	moralisateurs	moralisatrices
moraliste	moraliste	moralistes	moralistes
morbide	morbide	morbides	morbides
mordant	mordante	mordants	mordantes
mordorant	mordorante	mordorants	mordorantes
mordoré	mordorée	mordorés	mordorées
morganatique	morganatique	morganatiques	morganatiques
morisque	morisque	morisques	morisques
morose	morose	moroses	moroses
morphinique	morphinique	morphiniques	morphiniques
morphiné	morphinée	morphinés	morphinées
morpho-syntaxique	morpho-syntaxique	morpho-syntaxiques	morpho-syntaxiques
morphologique	morphologique	morphologiques	morphologiques
mort	morte	morts	mortes
mort-né	mort-née	mort-nés	mort-nées
mortel	mortelle	mortels	mortelles
mortifiant	mortifiante	mortifiants	mortifiantes
mortifère	mortifère	mortifères	mortifères
moscovite	moscovite	moscovites	moscovites
mossi	mossie	mossis	mossies
moteur	motrice	moteurs	motrices
motivant	motivante	motivants	motivantes
mou	molle	mous	molles
moulant	moulante	moulants	moulantes
mouride	mouride	mourides	mourides
mourman	mourmane	mourmans	mourmanes
moussant	moussante	moussants	moussantes
mousseux	mousseuse	mousseux	mousseuses
moussu	moussue	moussus	moussues
moustérien	moustérienne	moustériens	moustériennes
moutonnant	moutonnante	moutonnants	moutonnantes
moutonnier	moutonnière	moutonniers	moutonnières
mouvant	mouvante	mouvants	mouvantes
moyen	moyenne	moyens	moyennes
moyenâgeux	moyenâgeuse	moyenâgeux	moyenâgeuses
mozambicain	mozambicaine	mozambicains	mozambicaines
muet	muette	muets	muettes
mugissant	mugissante	mugissants	mugissantes
multicellulaire	multicellulaire	multicellulaires	multicellulaires
multicolore	multicolore	multicolores	multicolores
multiculturel	multiculturelle	multiculturels	multiculturelles
multidimensionnel	multidimensionnelle	multidimensionnels	multidimensionnelles
multidisciplinaire	multidisciplinaire	multidisciplinaires	multidisciplinaires
multiethnique	multiethnique	multiethniques	multiethniques
multifoliolé	multifoliolée	multifoliolés	multifoliolées
multiforme	multiforme	multiformes	multiformes
multilatéral	multilatérale	multilatéraux	multilatérales
multilingue	multilingue	multilingues	multilingues
multimédia	multimédia	multimédias	multimédias
multinational	multinationale	multinationaux	multinationales
multiple	multiple	multiples	multiples
multiplicatif	multiplicative	multiplicatifs	multiplicatives
multiracial	multiraciale	multiraciaux	multiraciales
municipal	municipale	municipaux	municipales
munificent	munificente	munificents	munificentes
mural	murale	muraux	murales
muriqué	muriquée	muriqués	muriquées
murmurant	murmurante	murmurants	murmurantes
muscarinique	muscarinique	muscariniques	muscariniques
musculaire	musculaire	musculaires	musculaires
musical	musicale	musicaux	musicales
musicien	musicienne	musiciens	musiciennes
musulman	musulmane	musulmans	musulmanes
mutable	mutable	mutables	mutables
mutant	mutante	mutants	mutantes
mutilant	mutilante	mutilants	mutilantes
mutualiste	mutualiste	mutualistes	mutualistes
mutuel	mutuelle	mutuels	mutuelles
mycobactérien	mycobactérienne	mycobactériens	mycobactériennes
myocardique	myocardique	myocardiques	myocardiques
mystique	mystique	mystiques	mystiques
mystérieux	mystérieuse	mystérieux	mystérieuses
mythique	mythique	mythiques	mythiques
mythologique	mythologique	mythologiques	mythologiques
mytilicole	mytilicole	mytilicoles	mytilicoles
mâle	mâle	mâles	mâles
mécanique	mécanique	mécaniques	mécaniques
mécaniste	mécaniste	mécanistes	mécanistes
mécanographique	mécanographique	mécanographiques	mécanographiques
méchant	méchante	méchants	méchantes
méconnaissable	méconnaissable	méconnaissables	méconnaissables
mécontent	mécontente	mécontents	mécontentes
médian	médiane	médians	médianes
médiat	médiate	médiats	médiates
médiatique	médiatique	médiatiques	médiatiques
médical	médicale	médicaux	médicales
médicamenteux	médicamenteuse	médicamenteux	médicamenteuses
médicinal	médicinale	médicinaux	médicinales
médiocre	médiocre	médiocres	médiocres
médique	médique	médiques	médiques
méditatif	méditative	méditatifs	méditatives
méditerranéen	méditerranéenne	méditerranéens	méditerranéennes
médiéval	médiévale	médiévaux	médiévales
médullaire	médullaire	médullaires	médullaires
méfiant	méfiant	méfiants	méfiants
mégalithique	mégalithique	mégalithiques	mégalithiques
mélancolique	mélancolique	mélancoliques	mélancoliques
mélangeable	mélangeable	mélangeables	mélangeables
mélanésien	mélanésienne	mélanésiens	mélanésiennes
mélioratif	méliorative	mélioratifs	mélioratives
mélodieux	mélodieuse	mélodieux	mélodieuses
mélodique	mélodique	mélodiques	mélodiques
mélodramatique	mélodramatique	mélodramatiques	mélodramatiques
mémorable	mémorable	mémorables	mémorables
mémoriel	mémorielle	mémoriels	mémorielles
ménager	ménagère	ménagers	ménagères
méningé	méningée	méningés	méningées
méprisable	méprisable	méprisables	méprisables
méprisant	méprisante	méprisants	méprisantes
méricarpe	méricarpe	méricarpes	méricarpes
méridien	méridienne	méridiens	méridiennes
méridional	méridionale	méridionals	méridionales
méritant	méritante	méritants	méritantes
méritoire	méritoire	méritoires	méritoires
mérité	méritée	mérités	méritées
méromorphe	méromorphe	méromorphes	méromorphes
mésallié	mésalliée	mésalliés	mésalliées
mésencéphalique	mésencéphalique	mésencéphaliques	mésencéphaliques
mésentérique	mésentérique	mésentériques	mésentériques
mésolimbique	mésolimbique	mésolimbiques	mésolimbiques
métabolique	métabolique	métaboliques	métaboliques
métabotropique	métabotropique	métabotropiques	métabotropiques
métallifère	métallifère	métallifères	métallifères
métallique	métallique	métalliques	métalliques
métallographique	métallographique	métallographiques	métallographiques
métallurgique	métallurgique	métallurgiques	métallurgiques
métaphorique	métaphorique	métaphoriques	métaphoriques
métaphysique	métaphysique	métaphysiques	métaphysiques
métatarsien	métatarsienne	métatarsiens	métatarsiennes
méthodique	méthodique	méthodiques	méthodiques
méthodologique	méthodologique	méthodologiques	méthodologiques
méticuleux	méticuleuse	méticuleux	méticuleuses
métonymique	métonymique	métonymiques	métonymiques
métrologique	métrologique	métrologiques	métrologiques
métropolitain	métropolitaine	métropolitains	métropolitaines
météorique	météorique	météoriques	météoriques
météorologique	météorologique	météorologiques	météorologiques
même	même	mêmes	mêmes
mûr	mûre	mûrs	mûres
n-ième	n-ième	n-ièmes	n-ièmes
nain	naine	nains	naines
naissant	naissante	naissants	naissantes
namibien	namibienne	namibiens	namibiennes
nancéien	nancéienne	nancéiens	nancéiennes
nanti	nantie	nantis	nanties
napoléonien	napoléonienne	napoléoniens	napoléoniennes
narcissique	narcissique	narcissiques	narcissiques
narquois	narquoise	narquois	narquoises
narratif	narrative	narratifs	narratives
nasillard	nasillarde	nasillards	nasillardes
nassérien	nassérienne	nassériens	nassériennes
natal	natale	natals	natales
nataliste	nataliste	natalistes	natalistes
natatoire	natatoire	natatoires	natatoires
national	nationale	nationaux	nationales
national-socialiste	national-socialiste	national-socialistes	national-socialistes
nationaliste	nationaliste	nationalistes	nationalistes
naturaliste	naturaliste	naturalistes	naturalistes
naturel	naturelle	naturels	naturelles
naturiste	naturiste	naturistes	naturistes
naturé	naturée	naturés	naturées
nauséabond	nauséabonde	nauséabonds	nauséabondes
nauséeux	nauséeuse	nauséeux	nauséeuses
nautique	nautique	nautiques	nautiques
naval	navale	navals	navales
navigable	navigable	navigables	navigables
navrant	navrante	navrants	navrantes
naxalite	naxalite	naxalites	naxalites
nazi	nazie	nazis	nazies
naïf	naïve	naïfs	naïves
nectarifère	nectarifère	nectarifères	nectarifères
neigeux	neigeuse	neigeux	neigeuses
nervalien	nervalienne	nervaliens	nervaliennes
nerveux	nerveuse	nerveux	nerveuses
nervié	nerviée	nerviés	nerviées
net	nette	nets	nettes
neuf	neuve	neufs	neuves
neuro-cognitif	neuro-cognitive	neuro-cognitifs	neuro-cognitives
neurofibrillaire	neurofibrillaire	neurofibrillaires	neurofibrillaires
neurologique	neurologique	neurologiques	neurologiques
neuronal	neuronale	neuronaux	neuronales
neuropathologique	neuropathologique	neuropathologiques	neuropathologiques
neuropsychatrique	neuropsychatrique	neuropsychatriques	neuropsychatriques
neuropsychologique	neuropsychologique	neuropsychologiques	neuropsychologiques
neutre	neutre	neutres	neutres
neuvième	neuvième	neuvièmes	neuvièmes
new-yorkais	new-yorkaise	new-yorkais	new-yorkaises
newtonien	newtonienne	newtoniens	newtoniennes
niable	niable	niables	niables
niais	niaise	niais	niaises
nicaraguayen	nicaraguayenne	nicaraguayens	nicaraguayennes
nickelé	nickelée	nickelés	nickelées
nigaud	nigaude	nigauds	nigaudes
nigérian	nigériane	nigérians	nigérianes
nigérien	nigérienne	nigériens	nigériennes
niominka	niominka	niominkas	niominkas
nippon	nippone	nippons	nippones
nitré	nitrée	nitrés	nitrées
niçois	niçoise	niçois	niçoises
nième	nième	nièmes	nièmes
noble	noble	nobles	nobles
nocif	nocive	nocifs	nocives
nocturne	nocturne	nocturnes	nocturnes
noir	noire	noirs	noires
noirâtre	noirâtre	noirâtres	noirâtres
nomade	nomade	nomades	nomades
nombreux	nombreuse	nombreux	nombreuses
nombriliste	nombriliste	nombrilistes	nombrilistes
nominal	nominale	nominaux	nominales
nominatif	nominative	nominatifs	nominatives
non-résident	non-résidente	non-résidents	non-résidentes
non-salarié	non-salariée	non-salariés	non-salariées
nordique	nordique	nordiques	nordiques
nordiste	nordiste	nordistes	nordistes
normal	normale	normaux	normales
normatif	normative	normatifs	normatives
norvégien	norvégienne	norvégiens	norvégiennes
nosocomial	nosocomiale	nosocomiaux	nosocomiales
nosographique	nosographique	nosographiques	nosographiques
nostalgique	nostalgique	nostalgiques	nostalgiques
notable	notable	notables	notables
notarial	notariale	notariaux	notariales
notarié	notariée	notariés	notariées
notionnel	notionnelle	notionnels	notionnelles
notoire	notoire	notoires	notoires
noueux	noueuse	noueux	noueuses
nourricier	nourricière	nourriciers	nourricières
nourrissant	nourrissante	nourrissants	nourrissantes
nouveau	nouvelle	nouveaux	nouvelles
novateur	novatrice	novateurs	novatrices
nu	nue	nus	nues
nuageux	nuageuse	nuageux	nuageuses
nubile	nubile	nubiles	nubiles
nucléaire	nucléaire	nucléaires	nucléaires
nucléosidique	nucléosidique	nucléosidiques	nucléosidiques
nucléé	nucléée	nucléés	nucléées
nuisible	nuisible	nuisibles	nuisibles
nul	nulle	nuls	nulles
nullissime	nullissime	nullissimes	nullissimes
numéraire	numéraire	numéraires	numéraires
numéral	numérale	numéraux	numérales
numérique	numérique	numériques	numériques
nuptial	nuptiale	nuptiaux	nuptiales
nutritif	nutritive	nutritifs	nutritives
nutritionnel	nutritionnelle	nutritionnels	nutritionnelles
nymphal	nymphale	nymphaux	nymphales
nègre	nègre	nègres	nègres
néandertalien	néandertalienne	néandertaliens	néandertaliennes
nébuleux	nébuleuse	nébuleux	nébuleuses
nécessaire	nécessaire	nécessaires	nécessaires
nécrologique	nécrologique	nécrologiques	nécrologiques
nécrotico-inflammatoire	nécrotico-inflammatoire	nécrotico-inflammatoires	nécrotico-inflammatoires
néerlandais	néerlandaise	néerlandais	néerlandaises
néfaste	néfaste	néfastes	néfastes
négatif	négative	négatifs	négatives
négationniste	négationniste	négationnistes	négationnistes
négligeable	négligeable	négligeables	négligeables
négligent	négligente	négligents	négligentes
négociable	négociable	négociables	négociables
néo-zélandais	néo-zélandaise	néo-zélandais	néo-zélandaises
néofasciste	néofasciste	néofascistes	néofascistes
néolibéral	néolibérale	néolibéraux	néolibérales
néolithique	néolithique	néolithiques	néolithiques
néomaoïste	néomaoïste	néomaoïstes	néomaoïstes
néonatal	néonatale	néonatals	néonatales
néophyte	néophyte	néophytes	néophytes
néphrétique	néphrétique	néphrétiques	néphrétiques
névralgique	névralgique	névralgiques	névralgiques
névrotique	névrotique	névrotiques	névrotiques
nôtre	nôtre	nôtres	nôtres
obconique	obconique	obconiques	obconiques
obcordé	obcordée	obcordés	obcordées
objectal	objectale	objectaux	objectales
objectif	objective	objectifs	objectives
objectivisé	objectivisée	objectivisés	objectivisées
obligataire	obligataire	obligataires	obligataires
obligatoire	obligatoire	obligatoires	obligatoires
obligeant	obligeante	obligeants	obligeantes
oblique	oblique	obliques	obliques
oblong	oblongue	oblongs	oblongues
obovale	obovale	obovales	obovales
obové	obovée	obovés	obovées
obscur	obscure	obscurs	obscures
obscurantiste	obscurantiste	obscurantistes	obscurantistes
obscène	obscène	obscènes	obscènes
observable	observable	observables	observables
observateur	observatrice	observateurs	observatrices
obsessionnel	obsessionnelle	obsessionnels	obsessionnelles
obsolescent	obsolescente	obsolescents	obsolescentes
obsolète	obsolète	obsolètes	obsolètes
obstiné	obstinée	obstinés	obstinées
obstétrical	obstétricale	obstétricaux	obstétricales
obsédant	obsédante	obsédants	obsédantes
obséquieux	obséquieuse	obséquieux	obséquieuses
obtenable	obtenable	obtenables	obtenables
obtus	obtuse	obtus	obtuses
obéissant	obéissante	obéissants	obéissantes
occasionnel	occasionnelle	occasionnels	occasionnelles
occidental	occidentale	occidentaux	occidentales
occipital	occipitale	occipitaux	occipitales
occitan	occitane	occitans	occitanes
occlusif	occlusive	occlusifs	occlusives
occulte	occulte	occultes	occultes
occupé	occupée	occupés	occupées
octaédrique	octaédrique	octaédriques	octaédriques
octogonal	octogonale	octogonaux	octogonales
oculaire	oculaire	oculaires	oculaires
océanique	océanique	océaniques	océaniques
océanographique	océanographique	océanographiques	océanographiques
odieux	odieuse	odieux	odieuses
odorant	odorante	odorants	odorantes
odoriférant	odoriférante	odoriférants	odoriférantes
oecuménique	oecuménique	oecuméniques	oecuméniques
oedipien	oedipienne	oedipiens	oedipiennes
oedémateux	oedémateuse	oedémateux	oedémateuses
oeso-gastro-duodénal	oeso-gastro-duodénale	oeso-gastro-duodénaux	oeso-gastro-duodénales
oesophagien	oesophagienne	oesophagiens	oesophagiennes
off-shore	off-shore	off-shores	off-shores
offensant	offensante	offensants	offensantes
offensif	offensive	offensifs	offensives
officiel	officielle	officiels	officielles
officieux	officieuse	officieux	officieuses
officinal	officinale	officinaux	officinales
offshore	offshore	offshores	offshores
ogival	ogivale	ogivaux	ogivales
ogoni	ogonie	ogonis	ogonies
oiseux	oiseuse	oiseux	oiseuses
olfactif	olfactive	olfactifs	olfactives
oligarchique	oligarchique	oligarchiques	oligarchiques
olive	olive	olives	olives
olivâtre	olivâtre	olivâtres	olivâtres
olympien	olympienne	olympiens	olympiennes
olympique	olympique	olympiques	olympiques
oléagineux	oléagineuse	oléagineux	oléagineuses
oléicole	oléicole	oléicoles	oléicoles
ombilical	ombilicale	ombilicaux	ombilicales
ombrageux	ombrageuse	ombrageux	ombrageuses
ombrophile	ombrophile	ombrophiles	ombrophiles
omnipotent	omnipotente	omnipotents	omnipotentes
omniprésent	omniprésente	omniprésents	omniprésentes
omniscient	omnisciente	omniscients	omniscientes
omnivore	omnivore	omnivores	omnivores
on-line	on-line	on-lines	on-lines
onctueux	onctueuse	onctueux	onctueuses
ondoyant	ondoyante	ondoyants	ondoyantes
ondulant	ondulante	ondulants	ondulantes
ondulatoire	ondulatoire	ondulatoires	ondulatoires
onduleux	onduleuse	onduleux	onduleuses
onguiculé	onguiculée	onguiculés	onguiculées
onirique	onirique	oniriques	oniriques
ontarien	ontarienne	ontariens	ontariennes
ontologique	ontologique	ontologiques	ontologiques
onusien	onusienne	onusiens	onusiennes
onzième	onzième	onzièmes	onzièmes
onéreux	onéreuse	onéreux	onéreuses
opalescent	opalescente	opalescents	opalescentes
opalin	opaline	opalins	opalines
opaque	opaque	opaques	opaques
ophtalmologique	ophtalmologique	ophtalmologiques	ophtalmologiques
opiniâtre	opiniâtre	opiniâtres	opiniâtres
opportun	opportune	opportuns	opportunes
opportuniste	opportuniste	opportunistes	opportunistes
opposable	opposable	opposables	opposables
oppressant	oppressante	oppressants	oppressantes
oppressif	oppressive	oppressifs	oppressives
optatif	optative	optatifs	optatives
optimal	optimale	optimaux	optimales
optimaliste	optimaliste	optimalistes	optimalistes
optimiste	optimiste	optimistes	optimistes
optionnel	optionnelle	optionnels	optionnelles
optique	optique	optiques	optiques
opulent	opulente	opulents	opulentes
opérable	opérable	opérables	opérables
opérant	opérante	opérants	opérantes
opérationnel	opérationnelle	opérationnels	opérationnelles
opératoire	opératoire	opératoires	opératoires
orageux	orageuse	orageux	orageuses
oral	orale	oraux	orales
oralisant	oralisante	oralisants	oralisantes
orange	orange	oranges	oranges
orangé	orangée	orangés	orangées
orbiculaire	orbiculaire	orbiculaires	orbiculaires
orbital	orbitale	orbitaux	orbitales
orchestral	orchestrale	orchestraux	orchestrales
ordinaire	ordinaire	ordinaires	ordinaires
ordinal	ordinale	ordinaux	ordinales
ordurier	ordurière	orduriers	ordurières
organique	organique	organiques	organiques
organisationnel	organisationnelle	organisationnels	organisationnelles
organisatrice	organisatrice	organisatrices	organisatrices
organoleptique	organoleptique	organoleptiques	organoleptiques
orgiaque	orgiaque	orgiaques	orgiaques
orgueilleux	orgueilleuse	orgueilleux	orgueilleuses
orientable	orientable	orientables	orientables
oriental	orientale	orientaux	orientales
originaire	originaire	originaires	originaires
original	originale	originaux	originales
originel	originelle	originels	originelles
ornemental	ornementale	ornementaux	ornementales
oromo	oromo	oromos	oromos
orphelin	orpheline	orphelins	orphelines
orthodoxe	orthodoxe	orthodoxes	orthodoxes
orthogonal	orthogonale	orthogonaux	orthogonales
orthographique	orthographique	orthographiques	orthographiques
orthophonique	orthophonique	orthophoniques	orthophoniques
orthopédique	orthopédique	orthopédiques	orthopédiques
orthostatique	orthostatique	orthostatiques	orthostatiques
oscillant	oscillante	oscillants	oscillantes
oscillatoire	oscillatoire	oscillatoires	oscillatoires
osseux	osseuse	osseux	osseuses
ostensible	ostensible	ostensibles	ostensibles
ostentatoire	ostentatoire	ostentatoires	ostentatoires
ostréicole	ostréicole	ostréicoles	ostréicoles
ostéo-cartilagineux	ostéo-cartilagineuse	ostéo-cartilagineux	ostéo-cartilagineuses
ottoman	ottomane	ottomans	ottomanes
ougandais	ougandaise	ougandais	ougandaises
ourlé	ourlée	ourlés	ourlées
outrageant	outrageante	outrageants	outrageantes
outrageux	outrageuse	outrageux	outrageuses
outrancier	outrancière	outranciers	outrancières
outrecuidant	outrecuidante	outrecuidants	outrecuidantes
ouvert	ouverte	ouverts	ouvertes
ouvrable	ouvrable	ouvrables	ouvrables
ouvrant	ouvrante	ouvrants	ouvrantes
ouvrier	ouvrière	ouvriers	ouvrières
ouvré	ouvrée	ouvrés	ouvrées
ouzbek	ouzbèke	ouzbeks	ouzbèkes
ouïgour	ouïgoure	ouïgours	ouïgoures
ovale	ovale	ovales	ovales
ovale-lancéolé	ovale-lancéolée	ovales-lancéolés	ovales-lancéolées
ovarien	ovarienne	ovariens	ovariennes
overbooké	overbookée	overbookés	overbookées
ovin	ovine	ovins	ovines
ovoïdal	ovoïdale	ovoïdaux	ovoïdales
ovoïde	ovoïde	ovoïdes	ovoïdes
ovulé	ovulée	ovulés	ovulées
oxhydrique	oxhydrique	oxhydriques	oxhydriques
oxydable	oxydable	oxydables	oxydables
oxydant	oxydante	oxydants	oxydantes
pachtoune	pachtoune	pachtounes	pachtounes
pacifique	pacifique	pacifiques	pacifiques
pacifiste	pacifiste	pacifistes	pacifistes
packagé	packagée	packagés	packagées
pacsé	pacsée	pacsés	pacsées
paillard	paillarde	paillards	paillardes
pailleté	pailletée	pailletés	pailletées
paisible	paisible	paisibles	paisibles
pakistanais	pakistanaise	pakistanais	pakistanaises
palestinien	palestinienne	palestiniens	palestiniennes
palingénésique	palingénésique	palingénésiques	palingénésiques
palliatif	palliative	palliatifs	palliatives
palpable	palpable	palpables	palpables
palpitant	palpitante	palpitants	palpitantes
palustre	palustre	palustres	palustres
paléohydrologique	paléohydrologique	paléohydrologiques	paléohydrologiques
paléontologique	paléontologique	paléontologiques	paléontologiques
panafricain	panafricaine	panafricains	panafricaines
panaméen	panaméenne	panaméens	panaméennes
panasiatique	panasiatique	panasiatiques	panasiatiques
panchypriote	panchypriote	panchypriotes	panchypriotes
pancréatique	pancréatique	pancréatiques	pancréatiques
panique	panique	paniques	paniques
panislamique	panislamique	panislamiques	panislamiques
panoptique	panoptique	panoptiques	panoptiques
pantagruélique	pantagruélique	pantagruéliques	pantagruéliques
pantelant	pantelante	pantelants	pantelantes
pantois	pantoise	pantois	pantoises
papal	papale	papaux	papales
paperassier	paperassière	paperassiers	paperassières
papillotant	papillotante	papillotants	papillotantes
papyracé	papyracée	papyracés	papyracées
parabolique	parabolique	paraboliques	paraboliques
paradisiaque	paradisiaque	paradisiaques	paradisiaques
paradoxal	paradoxale	paradoxaux	paradoxales
parafiscal	parafiscale	parafiscaux	parafiscales
parafé	parafée	parafés	parafées
paraguayen	paraguayenne	paraguayens	paraguayennes
parallèle	parallèle	parallèles	parallèles
paralysant	paralysante	paralysants	paralysantes
paramilitaire	paramilitaire	paramilitaires	paramilitaires
paramédical	paramédicale	paramédicaux	paramédicales
paramétrique	paramétrique	paramétriques	paramétriques
parano	parano	paranos	paranos
parapublic	parapublique	parapublics	parapubliques
parasitaire	parasitaire	parasitaires	parasitaires
parcellaire	parcellaire	parcellaires	parcellaires
parcimonieux	parcimonieuse	parcimonieux	parcimonieuses
pardonnable	pardonnable	pardonnables	pardonnables
pareil	pareille	pareils	pareilles
parental	parentale	parentaux	parentales
parentéral	parentérale	parentéraux	parentérales
paresseux	paresseuse	paresseux	paresseuses
parfait	parfaite	parfaits	parfaites
paripenné	paripennée	paripennés	paripennées
parisien	parisienne	parisiens	parisiennes
paritaire	paritaire	paritaires	paritaires
pariétal	pariétale	pariétaux	pariétales
parlant	parlante	parlants	parlantes
parlementaire	parlementaire	parlementaires	parlementaires
parménidien	parménidienne	parménidiens	parménidiennes
paroissial	paroissiale	paroissiaux	paroissiales
paronymique	paronymique	paronymiques	paronymiques
paroxysmique	paroxysmique	paroxysmiques	paroxysmiques
paroxystique	paroxystique	paroxystiques	paroxystiques
partageable	partageable	partageables	partageables
partant	partante	partants	partantes
parthe	parthe	parthes	parthes
parthénogénétique	parthénogénétique	parthénogénétiques	parthénogénétiques
partial	partiale	partiaux	partiales
participatif	participative	participatifs	participatives
particulier	particulière	particuliers	particulières
partiel	partielle	partiels	partielles
partisan	partisane	partisans	partisanes
partitif	partitive	partitifs	partitives
pascal	pascale	pascaux	pascales
pascalien	pascalienne	pascaliens	pascaliennes
passable	passable	passables	passables
passagère	passagère	passagères	passagères
passible	passible	passibles	passibles
passif	passive	passifs	passives
passionnant	passionnante	passionnants	passionnantes
passionnel	passionnelle	passionnels	passionnelles
passéiste	passéiste	passéistes	passéistes
pastoral	pastorale	pastoraux	pastorales
patent	patente	patents	patentes
paternel	paternelle	paternels	paternelles
pathogène	pathogène	pathogènes	pathogènes
pathologique	pathologique	pathologiques	pathologiques
pathétique	pathétique	pathétiques	pathétiques
patibulaire	patibulaire	patibulaires	patibulaires
patient	patiente	patients	patientes
patriarcal	patriarcale	patriarcaux	patriarcales
patrilocal	patrilocale	patrilocaux	patrilocales
patrimonial	patrimoniale	patrimoniaux	patrimoniales
patriote	patriote	patriotes	patriotes
patriotique	patriotique	patriotiques	patriotiques
patron	patronne	patrons	patronnes
patronal	patronale	patronaux	patronales
paulinien	paulinienne	pauliniens	pauliniennes
pauvre	pauvre	pauvres	pauvres
payable	payable	payables	payables
payant	payante	payants	payantes
paysager	paysagère	paysagers	paysagères
paysan	paysanne	paysans	paysannes
pectiné	pectinée	pectinés	pectinées
pectoral	pectorale	pectoraux	pectorales
peinard	peinarde	peinards	peinardes
pelliculaire	pelliculaire	pelliculaires	pelliculaires
pelté	peltée	peltés	peltées
pelucheux	pelucheuse	pelucheux	pelucheuses
penaud	penaude	penauds	penaudes
pendable	pendable	pendables	pendables
pendant	pendante	pendants	pendantes
pendulaire	pendulaire	pendulaires	pendulaires
penné	pennée	pennés	pennées
pensable	pensable	pensables	pensables
pensant	pensante	pensants	pensantes
pensif	pensive	pensifs	pensives
pentafoliolé	pentafoliolée	pentafoliolés	pentafoliolées
pentagonal	pentagonale	pentagonaux	pentagonales
pentamère	pentamère	pentamères	pentamères
perceptible	perceptible	perceptibles	perceptibles
perceptif	perceptive	perceptifs	perceptives
percevable	percevable	percevables	percevables
perclus	percluse	perclus	percluses
percutant	percutante	percutants	percutantes
perfectible	perfectible	perfectibles	perfectibles
perfide	perfide	perfides	perfides
performant	performante	performants	performantes
permanent	permanente	permanents	permanentes
permissif	permissive	permissifs	permissives
permutable	permutable	permutables	permutables
perméable	perméable	perméables	perméables
pernicieux	pernicieuse	pernicieux	pernicieuses
perpendiculaire	perpendiculaire	perpendiculaires	perpendiculaires
perplexe	perplexe	perplexes	perplexes
perpétuel	perpétuelle	perpétuels	perpétuelles
pers	perse	pers	perses
persan	persane	persans	persanes
persique	persique	persiques	persiques
persistant	persistante	persistants	persistantes
persistent	persistente	persistents	persistentes
perso	perso	persos	persos
personnel	personnelle	personnels	personnelles
perspicace	perspicace	perspicaces	perspicaces
persuasif	persuasive	persuasifs	persuasives
persévérant	persévérante	persévérants	persévérantes
pertinent	pertinente	pertinents	pertinentes
pervers	perverse	pervers	perverses
perçant	perçante	perçants	perçantes
pesant	pesante	pesants	pesantes
pessimiste	pessimiste	pessimistes	pessimistes
pestilentiel	pestilentielle	pestilentiels	pestilentielles
petit	p'tite	p'tits	p'tites
peul	peule	peuls	peules
phalloïde	phalloïde	phalloïdes	phalloïdes
pharaonique	pharaonique	pharaoniques	pharaoniques
pharmaceutique	pharmaceutique	pharmaceutiques	pharmaceutiques
pharmacocinétique	pharmacocinétique	pharmacocinétiques	pharmacocinétiques
pharmacologique	pharmacologique	pharmacologiques	pharmacologiques
philanthrope	philanthrope	philanthropes	philanthropes
philanthropique	philanthropique	philanthropiques	philanthropiques
philatélique	philatélique	philatéliques	philatéliques
philharmonique	philharmonique	philharmoniques	philharmoniques
philippin	philippinne	philippins	philippinnes
philosophal	philosophale	philosophaux	philosophales
philosophe	philosophe	philosophes	philosophes
philosophique	philosophique	philosophiques	philosophiques
phonologique	phonologique	phonologiques	phonologiques
phonétique	phonétique	phonétiques	phonétiques
phosphaté	phosphatée	phosphatés	phosphatées
phosphorescent	phosphorescente	phosphorescents	phosphorescentes
photographique	photographique	photographiques	photographiques
photométrique	photométrique	photométriques	photométriques
photovoltaïque	photovoltaïque	photovoltaïques	photovoltaïques
photoélectrique	photoélectrique	photoélectriques	photoélectriques
phrastique	phrastique	phrastiques	phrastiques
phréatique	phréatique	phréatiques	phréatiques
phylogénétique	phylogénétique	phylogénétiques	phylogénétiques
physiologique	physiologique	physiologiques	physiologiques
physionomiste	physionomiste	physionomistes	physionomistes
physique	physique	physiques	physiques
phénique	phénique	phéniques	phéniques
phénoménal	phénoménale	phénoménaux	phénoménales
phénotypé	phénotypée	phénotypés	phénotypées
piagétien	piagétienne	piagétiens	piagétiennes
picard	picarde	picards	picardes
picaresque	picaresque	picaresques	picaresques
pictural	picturale	picturaux	picturales
pierreux	pierreuse	pierreux	pierreuses
pieux	pieuse	pieux	pieuses
pigmentaire	pigmentaire	pigmentaires	pigmentaires
pileux	pileuse	pileux	pileuses
pimpant	pimpante	pimpants	pimpantes
pingre	pingre	pingres	pingres
pionnier	pionnière	pionniers	pionnières
piquant	piquante	piquants	piquantes
piranésien	piranésienne	piranésiens	piranésiennes
pire	pire	pires	pires
piteux	piteuse	piteux	piteuses
pitoyable	pitoyable	pitoyables	pitoyables
pittoresque	pittoresque	pittoresques	pittoresques
pivotant	pivotante	pivotants	pivotantes
piètre	piètre	piètres	piètres
piétonnier	piétonnière	piétonniers	piétonnières
placide	placide	placides	placides
plagal	plagale	plagaux	plagales
plaintif	plaintive	plaintifs	plaintives
plaisant	plaisante	plaisants	plaisantes
plan	plane	plans	planes
plantaire	plantaire	plantaires	plantaires
plantureux	plantureuse	plantureux	plantureuses
planétaire	planétaire	planétaires	planétaires
plasmatique	plasmatique	plasmatiques	plasmatiques
plastique	plastique	plastiques	plastiques
plat	plate	plats	plates
platonique	platonique	platoniques	platoniques
plausible	plausible	plausibles	plausibles
plein	pleine	pleins	pleines
pleutre	pleutre	pleutres	pleutres
pliable	pliable	pliables	pliables
pliant	pliante	pliants	pliantes
plongeant	plongeante	plongeants	plongeantes
plural	plurale	pluraux	plurales
pluraliste	pluraliste	pluralistes	pluralistes
pluriannuel	pluriannuelle	pluriannuels	pluriannuelles
pluridisciplinaire	pluridisciplinaire	pluridisciplinaires	pluridisciplinaires
pluriel	plurielle	pluriels	plurielles
pluriethnique	pluriethnique	pluriethniques	pluriethniques
pluripenné	pluripennée	pluripennés	pluripennées
pluvial	pluviale	pluviaux	pluviales
pluvieux	pluvieuse	pluvieux	pluvieuses
plébéien	plébéienne	plébéiens	plébéiennes
plénier	plénière	pléniers	plénières
pléonastique	pléonastique	pléonastiques	pléonastiques
pléthorique	pléthorique	pléthoriques	pléthoriques
pneumatique	pneumatique	pneumatiques	pneumatiques
pochtronné	pochtronnée	pochtronnés	pochtronnées
poignant	poignante	poignants	poignantes
poilu	poilue	poilus	poilues
pointu	pointue	pointus	pointues
poisseux	poisseuse	poisseux	poisseuses
poissonneux	poissonneuse	poissonneux	poissonneuses
poissonnier	poissonnière	poissonniers	poissonnières
polaire	polaire	polaires	polaires
poli	polie	polis	polies
policier	policière	policiers	policières
polissable	polissable	polissables	polissables
politicien	politicienne	politiciens	politiciennes
politique	politique	politiques	politiques
pollinique	pollinique	polliniques	polliniques
polluant	polluante	polluants	polluantes
polonais	polonaise	polonais	polonaises
poltron	poltronne	poltrons	poltronnes
polychrome	polychrome	polychromes	polychromes
polygame	polygame	polygames	polygames
polyglotte	polyglotte	polyglottes	polyglottes
polygonal	polygonale	polygonaux	polygonales
polymorphe	polymorphe	polymorphes	polymorphes
polynomial	polynomiale	polynomiaux	polynomiales
polynésien	polynésienne	polynésiens	polynésiennes
polyphonique	polyphonique	polyphoniques	polyphoniques
polysémique	polysémique	polysémiques	polysémiques
polyvalent	polyvalente	polyvalents	polyvalentes
polyédrique	polyédrique	polyédriques	polyédriques
pommelé	pommelée	pommelés	pommelées
pompeux	pompeuse	pompeux	pompeuses
pompidolien	pompidolienne	pompidoliens	pompidoliennes
pompier	pompier	pompiers	pompiers
ponctuel	ponctuelle	ponctuels	ponctuelles
pondéral	pondérale	pondéraux	pondérales
pondéreux	pondéreuse	pondéreux	pondéreuses
pontifical	pontificale	pontificaux	pontificales
populacier	populacière	populaciers	populacières
populaire	populaire	populaires	populaires
populeux	populeuse	populeux	populeuses
populiste	populiste	populistes	populistes
porcin	porcine	porcins	porcines
poreux	poreuse	poreux	poreuses
pornographique	pornographique	pornographiques	pornographiques
portable	portable	portables	portables
portant	portante	portants	portantes
portatif	portative	portatifs	portatives
porteur	porteuse	porteurs	porteuses
portocain	portocaine	portocains	portocaines
portoricain	portoricaine	portoricains	portoricaines
portuaire	portuaire	portuaires	portuaires
portugais	portugaise	portugais	portugaises
portuguais	portuguaise	portuguais	portuguaises
positif	positive	positifs	positives
posologique	posologique	posologiques	posologiques
possessif	possessive	possessifs	possessives
possible	possible	possibles	possibles
postal	postale	postaux	postales
postforestier	postforestière	postforestiers	postforestières
posthume	posthume	posthumes	posthumes
postindustriel	postindustrielle	postindustriels	postindustrielles
postmoderne	postmoderne	postmodernes	postmodernes
postnatal	postnatale	postnatals	postnatales
postopératoire	postopératoire	postopératoires	postopératoires
postural	posturale	posturaux	posturales
postérieur	postérieure	postérieurs	postérieures
potable	potable	potables	potables
potager	potagère	potagers	potagères
potelé	potelée	potelés	potelées
potencé	potencée	potencés	potencées
potentiel	potentielle	potentiels	potentielles
poudreux	poudreuse	poudreux	poudreuses
poupin	poupine	poupins	poupines
pourfendeur	pourfendeuse	pourfendeurs	pourfendeuses
pourpre	pourpre	pourpres	pourpres
pourpré	pourprée	pourprés	pourprées
pourrissant	pourrissante	pourrissants	pourrissantes
poussif	poussive	poussifs	poussives
poussiéreux	poussiéreuse	poussiéreux	poussiéreuses
poétique	poétique	poétiques	poétiques
pragmatique	pragmatique	pragmatiques	pragmatiques
praticable	praticable	praticables	praticables
pratique	pratique	pratiques	pratiques
premier	première	premiers	premières
prenable	prenable	prenables	prenables
prenant	prenante	prenants	prenantes
presbytérien	presbytérienne	presbytériens	presbytériennes
prescriptif	prescriptive	prescriptifs	prescriptives
pressant	pressante	pressants	pressantes
pressé	pressée	pressés	pressées
preste	preste	prestes	prestes
prestigieux	prestigieuse	prestigieux	prestigieuses
primaire	primaire	primaires	primaires
primesautier	primesautière	primesautiers	primesautières
primitif	primitive	primitifs	primitives
primordial	primordiale	primordiaux	primordiales
princier	princière	princiers	princières
principal	principale	principaux	principales
printanier	printanière	printaniers	printanières
prioritaire	prioritaire	prioritaires	prioritaires
prismatique	prismatique	prismatiques	prismatiques
prisonnier	prisonnière	prisonniers	prisonnières
prisé	prisée	prisés	prisées
privatif	privative	privatifs	privatives
proactif	proactive	proactifs	proactives
probable	probable	probables	probables
probant	probante	probants	probantes
probatoire	probatoire	probatoires	probatoires
probe	probe	probes	probes
problématique	problématique	problématiques	problématiques
prochain	prochaine	prochains	prochaines
proche	proche	proches	proches
procréateur	procréatrice	procréateurs	procréatrices
prodigieux	prodigieuse	prodigieux	prodigieuses
producteur	productrice	producteurs	productrices
productif	productive	productifs	productives
productiviste	productiviste	productivistes	productivistes
professionnel	professionnelle	professionnels	professionnelles
professoral	professorale	professoraux	professorales
profitable	profitable	profitables	profitables
profond	profonde	profonds	profondes
progouvernemental	progouvernementale	progouvernementaux	progouvernementales
programmable	programmable	programmables	programmables
programmatique	programmatique	programmatiques	programmatiques
progressif	progressive	progressifs	progressives
progressiste	progressiste	progressistes	progressistes
prohibitif	prohibitive	prohibitifs	prohibitives
projectif	projective	projectifs	projectives
prolifique	prolifique	prolifiques	prolifiques
prolifère	prolifère	prolifères	prolifères
prolixe	prolixe	prolixes	prolixes
prolétarien	prolétarienne	prolétariens	prolétariennes
prometteur	prometteuse	prometteurs	prometteuses
promotionnel	promotionnelle	promotionnels	promotionnelles
prompt	prompte	prompts	promptes
prométhéen	prométhéenne	prométhéens	prométhéennes
pronominal	pronominale	pronominaux	pronominales
prononçable	prononçable	prononçables	prononçables
prophylactique	prophylactique	prophylactiques	prophylactiques
prophétique	prophétique	prophétiques	prophétiques
propice	propice	propices	propices
proportionnaliste	proportionnaliste	proportionnalistes	proportionnalistes
proportionnel	proportionnelle	proportionnels	proportionnelles
proposable	proposable	proposables	proposables
propositionnel	propositionnelle	propositionnels	propositionnelles
propre	propre	propres	propres
propriétaire	propriétaire	propriétaires	propriétaires
propulsif	propulsive	propulsifs	propulsives
prorogeable	prorogeable	prorogeables	prorogeables
prosaïque	prosaïque	prosaïques	prosaïques
prosodique	prosodique	prosodiques	prosodiques
prospectif	prospective	prospectifs	prospectives
prospère	prospère	prospères	prospères
prostatique	prostatique	prostatiques	prostatiques
prostré	prostrée	prostrés	prostrées
prosélytique	prosélytique	prosélytiques	prosélytiques
protecteur	protectrice	protecteurs	protectrices
protectionniste	protectionniste	protectionnistes	protectionnistes
protestaire	protestaire	protestaires	protestaires
protestant	protestante	protestants	protestantes
protidique	protidique	protidiques	protidiques
protocolaire	protocolaire	protocolaires	protocolaires
protonational	protonationale	protonationaux	protonationales
protubérant	protubérante	protubérants	protubérantes
protéique	protéique	protéiques	protéiques
proustien	proustienne	proustiens	proustiennes
prouvable	prouvable	prouvables	prouvables
provençal	provençale	provençaux	provençales
proverbial	proverbiale	proverbiaux	proverbiales
providentiel	providentielle	providentiels	providentielles
provincial	provinciale	provinciaux	provinciales
provisionnel	provisionnelle	provisionnels	provisionnelles
provisoire	provisoire	provisoires	provisoires
provocant	provocante	provocants	provocantes
provocateur	provocatrice	provocateurs	provocatrices
proéminent	proéminente	proéminents	proéminentes
prud'homal	prud'homale	prud'homaux	prud'homales
prude	prude	prudes	prudes
prudent	prudente	prudents	prudentes
prussien	prussienne	prussiens	prussiennes
préalable	préalable	préalables	préalables
précaire	précaire	précaires	précaires
précambrien	précambrienne	précambriens	précambriennes
précautionneux	précautionneuse	précautionneux	précautionneuses
précieux	précieuse	précieux	précieuses
précis	précise	précis	précises
précoce	précoce	précoces	précoces
préconscient	préconsciente	préconscients	préconscientes
précédent	précédente	précédents	précédentes
prédatoire	prédatoire	prédatoires	prédatoires
prédictif	prédictive	prédictifs	prédictives
prédominant	prédominante	prédominants	prédominantes
prédécoupé	prédécoupée	prédécoupés	prédécoupées
préemballé	préemballée	préemballés	préemballées
préemptif	préemptive	préemptifs	préemptives
préexistant	préexistante	préexistants	préexistantes
préfectoral	préfectorale	préfectoraux	préfectorales
préforestier	préforestière	préforestiers	préforestières
préférable	préférable	préférables	préférables
préférentiel	préférentielle	préférentiels	préférentielles
prégnant	prégnante	prégnants	prégnantes
préhenseur	préhenseuse	préhenseurs	préhenseuses
préhensile	préhensile	préhensiles	préhensiles
préhistorique	préhistorique	préhistoriques	préhistoriques
préjudiciable	préjudiciable	préjudiciables	préjudiciables
préjudiciel	préjudicielle	préjudiciels	préjudicielles
préliminaire	préliminaire	préliminaires	préliminaires
prématuré	prématurée	prématurés	prématurées
prémonitoire	prémonitoire	prémonitoires	prémonitoires
prénatal	prénatale	prénatals	prénatales
prénuptial	prénuptiale	prénuptiaux	prénuptiales
préoccupant	préoccupante	préoccupants	préoccupantes
préoccupé	préoccupée	préoccupés	préoccupées
préopératoire	préopératoire	préopératoires	préopératoires
préparatoire	préparatoire	préparatoires	préparatoires
prépondérant	prépondérante	prépondérants	prépondérantes
préscolaire	préscolaire	préscolaires	préscolaires
présent	présente	présents	présentes
présentable	présentable	présentables	présentables
présidentiel	présidentielle	présidentiels	présidentielles
présomptif	présomptive	présomptifs	présomptives
présomptueux	présomptueuse	présomptueux	présomptueuses
prétentieux	prétentieuse	prétentieux	prétentieuses
prétorien	prétorienne	prétoriens	prétoriennes
prévenant	prévenante	prévenants	prévenantes
préventif	préventive	préventifs	préventives
prévisible	prévisible	prévisibles	prévisibles
prévisionnel	prévisionnelle	prévisionnels	prévisionnelles
prévoyant	prévoyante	prévoyants	prévoyantes
préélectoral	préélectorale	préélectoraux	préélectorales
prééminent	prééminente	prééminents	prééminentes
prêt	prête	prêts	prêtes
psychanalytique	psychanalytique	psychanalytiques	psychanalytiques
psychiatrique	psychiatrique	psychiatriques	psychiatriques
psychique	psychique	psychiques	psychiques
psychobiologique	psychobiologique	psychobiologiques	psychobiologiques
psycholinguistique	psycholinguistique	psycholinguistiques	psycholinguistiques
psychologique	psychologique	psychologiques	psychologiques
psychologue	psychologue	psychologues	psychologues
psychomoteur	psychomotrice	psychomoteurs	psychomotrices
psychopathologique	psychopathologique	psychopathologiques	psychopathologiques
psychosocial	psychosociale	psychosociaux	psychosociales
psychosomatique	psychosomatique	psychosomatiques	psychosomatiques
psychothérapeutique	psychothérapeutique	psychothérapeutiques	psychothérapeutiques
psychothérapique	psychothérapique	psychothérapiques	psychothérapiques
psychotique	psychotique	psychotiques	psychotiques
psychotrope	psychotrope	psychotropes	psychotropes
psychédélique	psychédélique	psychédéliques	psychédéliques
puant	puante	puants	puantes
pubertaire	pubertaire	pubertaires	pubertaires
pubescent	pubescente	pubescents	pubescentes
publiable	publiable	publiables	publiables
public	publique	publics	publiques
publicitaire	publicitaire	publicitaires	publicitaires
pudibond	pudibonde	pudibonds	pudibondes
pudique	pudique	pudiques	pudiques
pueblo	pueblo	pueblos	pueblos
pugnace	pugnace	pugnaces	pugnaces
puissant	puissante	puissants	puissantes
pulmonaire	pulmonaire	pulmonaires	pulmonaires
pulpeux	pulpeuse	pulpeux	pulpeuses
pulsant	pulsante	pulsants	pulsantes
pulsionnel	pulsionnelle	pulsionnels	pulsionnelles
pulsé	pulsée	pulsés	pulsées
pulvérulent	pulvérulente	pulvérulents	pulvérulentes
punique	punique	puniques	puniques
punissable	punissable	punissables	punissables
punitif	punitive	punitifs	punitives
pur	pure	purs	pures
purgatif	purgative	purgatifs	purgatives
purique	purique	puriques	puriques
puriste	puriste	puristes	puristes
puritain	puritaine	puritains	puritaines
purpurin	purpurine	purpurins	purpurines
purulent	purulente	purulents	purulentes
pusillanime	pusillanime	pusillanimes	pusillanimes
pustuleux	pustuleuse	pustuleux	pustuleuses
putatif	putative	putatifs	putatives
putrescible	putrescible	putrescibles	putrescibles
putride	putride	putrides	putrides
putschiste	putschiste	putschistes	putschistes
puéril	puérile	puérils	puériles
puîné	puînée	puînés	puînées
pygmé	pygmée	pygmés	pygmées
pyramidal	pyramidale	pyramidaux	pyramidales
pâle	pâle	pâles	pâles
pâlot	pâlote	pâlots	pâlotes
pâteux	pâteuse	pâteux	pâteuses
pécuniaire	pécuniaire	pécuniaires	pécuniaires
pédagogique	pédagogique	pédagogiques	pédagogiques
pédant	pédante	pédants	pédantes
pédantesque	pédantesque	pédantesques	pédantesques
pédestre	pédestre	pédestres	pédestres
pédiatrique	pédiatrique	pédiatriques	pédiatriques
pégylé	pégylée	pégylés	pégylées
péjoratif	péjorative	péjoratifs	péjoratives
pékinois	pékinoise	pékinois	pékinoises
pélohygrophile	pélohygrophile	pélohygrophiles	pélohygrophiles
pénal	pénale	pénaux	pénales
pénalisant	pénalisante	pénalisants	pénalisantes
pénaliste	pénaliste	pénalistes	pénalistes
pénible	pénible	pénibles	pénibles
pénitentiaire	pénitentiaire	pénitentiaires	pénitentiaires
pénétrant	pénétrante	pénétrants	pénétrantes
péremptoire	péremptoire	péremptoires	péremptoires
pérenne	pérenne	pérennes	pérennes
péridural	péridurale	périduraux	péridurales
périlleux	périlleuse	périlleux	périlleuses
périmé	périmée	périmés	périmées
périnatal	périnatale	périnatals	périnatales
périodique	périodique	périodiques	périodiques
périphérique	périphérique	périphériques	périphériques
périssable	périssable	périssables	périssables
péristyle	péristyle	péristyles	péristyles
péritonéal	péritonéale	péritonéaux	péritonéales
péroniste	péroniste	péronistes	péronistes
péruvien	péruvienne	péruviens	péruviennes
pétaloïde	pétaloïde	pétaloïdes	pétaloïdes
pétaradant	pétaradante	pétaradants	pétaradantes
pétillant	pétillante	pétillants	pétillantes
pétiolulé	pétiolulée	pétiolulés	pétiolulées
pétrifiant	pétrifiante	pétrifiants	pétrifiantes
pétroglyphique	pétroglyphique	pétroglyphiques	pétroglyphiques
pétrolier	pétrolière	pétroliers	pétrolières
pétrolifère	pétrolifère	pétrolifères	pétrolifères
pétulant	pétulante	pétulants	pétulantes
qatari	qatarie	qataris	qataries
quadrangulaire	quadrangulaire	quadrangulaires	quadrangulaires
quadriennal	quadriennale	quadriennaux	quadriennales
quadrifoliolé	quadrifoliolée	quadrifoliolés	quadrifoliolées
quadrilatéral	quadrilatérale	quadrilatéraux	quadrilatérales
quadripartite	quadripartite	quadripartites	quadripartites
qualifiable	qualifiable	qualifiables	qualifiables
qualifiant	qualifiante	qualifiants	qualifiantes
qualificatif	qualificative	qualificatifs	qualificatives
qualifié	qualifiée	qualifiés	qualifiées
qualitatif	qualitative	qualitatifs	qualitatives
quantifiable	quantifiable	quantifiables	quantifiables
quantique	quantique	quantiques	quantiques
quantitatif	quantitative	quantitatifs	quantitatives
quaternaire	quaternaire	quaternaires	quaternaires
quatorzième	quatorzième	quatorzièmes	quatorzièmes
quatrième	quatrième	quatrièmes	quatrièmes
quelconque	quelconque	quelconques	quelconques
quelque	quelqu'	quelques	quelques
querelleur	querelleuse	querelleurs	querelleuses
quinquennal	quinquennale	quinquennaux	quinquennales
quinteux	quinteuse	quinteux	quinteuses
quinzième	quinzième	quinzièmes	quinzièmes
quotidien	quotidienne	quotidiens	quotidiennes
québecois	québecoise	québecois	québecoises
québécois	québécoise	québécois	québécoises
quérable	quérable	quérables	quérables
rabbinique	rabbinique	rabbiniques	rabbiniques
rabelaisien	rabelaisienne	rabelaisiens	rabelaisiennes
rabique	rabique	rabiques	rabiques
raboteux	raboteuse	raboteux	raboteuses
raccommodable	raccommodable	raccommodables	raccommodables
rachetable	rachetable	rachetables	rachetables
rachidien	rachidienne	rachidiens	rachidiennes
racial	raciale	raciaux	raciales
racine	racine	racines	racines
raciologique	raciologique	raciologiques	raciologiques
raciste	raciste	racistes	racistes
racontable	racontable	racontables	racontables
racé	racée	racés	racées
radical	radicale	radicaux	radicales
radieux	radieuse	radieux	radieuses
radin	radine	radins	radines
radioactif	radioactive	radioactifs	radioactives
radiographique	radiographique	radiographiques	radiographiques
radioguidé	radioguidée	radioguidés	radioguidées
radiologique	radiologique	radiologiques	radiologiques
radiophonique	radiophonique	radiophoniques	radiophoniques
radiotélévisé	radiotélévisée	radiotélévisés	radiotélévisées
raffiné	raffinée	raffinés	raffinées
rafraîchissant	rafraîchissante	rafraîchissants	rafraîchissantes
rageur	rageuse	rageurs	rageuses
raide	raide	raides	raides
raisonnable	raisonnable	raisonnables	raisonnables
rajeunissant	rajeunissante	rajeunissants	rajeunissantes
rameux	rameuse	rameux	rameuses
rampant	rampante	rampants	rampantes
rancunier	rancunière	rancuniers	rancunières
randomisé	randomisée	randomisés	randomisées
rapace	rapace	rapaces	rapaces
raphial	raphialle	raphials	raphialles
rapiat	rapiat	rapiats	rapiats
rapide	rapide	rapides	rapides
raplati	raplatie	raplatis	raplaties
rappelable	rappelable	rappelables	rappelables
rare	rare	rares	rares
rarissime	rarissime	rarissimes	rarissimes
rasant	rasante	rasants	rasantes
rase	rase	rases	rases
rassurant	rassurante	rassurants	rassurantes
rationaliste	rationaliste	rationalistes	rationalistes
rationnel	rationnelle	rationnels	rationnelles
rattachable	rattachable	rattachables	rattachables
rattrapable	rattrapable	rattrapables	rattrapables
rauque	rauque	rauques	rauques
ravissant	ravissante	ravissants	ravissantes
rayonnant	rayonnante	rayonnants	rayonnantes
reaganien	reaganienne	reaganiens	reaganiennes
rebelle	rebelle	rebelles	rebelles
rebutant	rebutante	rebutants	rebutantes
recevable	recevable	recevables	recevables
recommandable	recommandable	recommandables	recommandables
reconductible	reconductible	reconductibles	reconductibles
reconnaissable	reconnaissable	reconnaissables	reconnaissables
reconnaissant	reconnaissante	reconnaissants	reconnaissantes
reconstituant	reconstituante	reconstituants	reconstituantes
recouvrable	recouvrable	recouvrables	recouvrables
recrudescent	recrudescente	recrudescents	recrudescentes
recrépi	recrépie	recrépis	recrépies
rectal	rectale	rectaux	rectales
rectangulaire	rectangulaire	rectangulaires	rectangulaires
rectifiable	rectifiable	rectifiables	rectifiables
rectificatif	rectificative	rectificatifs	rectificatives
rectiligne	rectiligne	rectilignes	rectilignes
rectilinéaire	rectilinéaire	rectilinéaires	rectilinéaires
rectionnel	rectionnelle	rectionnels	rectionnelles
rectoral	rectorale	rectoraux	rectorales
reculé	reculée	reculés	reculées
redondant	redondante	redondants	redondantes
redoutable	redoutable	redoutables	redoutables
refondateur	refondatrice	refondateurs	refondatrices
regardant	regardante	regardants	regardantes
regrettable	regrettable	regrettables	regrettables
relatif	relative	relatifs	relatives
relationnel	relationnelle	relationnels	relationnelles
relative	relative	relatives	relatives
religieux	religieuse	religieux	religieuses
relou	relou	relous	relous
reluisant	reluisante	reluisants	reluisantes
remarquable	remarquable	remarquables	remarquables
remboursable	remboursable	remboursables	remboursables
remontant	remontante	remontants	remontantes
remorqueur	remorqueuse	remorqueurs	remorqueuses
remplaçable	remplaçable	remplaçables	remplaçables
remuant	remuante	remuants	remuantes
remédiable	remédiable	remédiables	remédiables
renaissant	renaissante	renaissants	renaissantes
renaturé	renaturée	renaturés	renaturées
renflé	renflée	renflés	renflées
renouvelable	renouvelable	renouvelables	renouvelables
rentable	rentable	rentables	rentables
rentrant	rentrante	rentrants	rentrantes
renversant	renversante	renversants	renversantes
replet	replète	replets	replètes
reposant	reposante	reposants	reposantes
repoussant	repoussante	repoussants	repoussantes
reproducteur	reproductrice	reproducteurs	reproductrices
reproductible	reproductible	reproductibles	reproductibles
représentable	représentable	représentables	représentables
représentatif	représentative	représentatifs	représentatives
reptilien	reptilienne	reptiliens	reptiliennes
repu	repue	repus	repues
repérable	repérable	repérables	repérables
respectable	respectable	respectables	respectables
respectif	respective	respectifs	respectives
respectueux	respectueuse	respectueux	respectueuses
respirable	respirable	respirables	respirables
respiratoire	respiratoire	respiratoires	respiratoires
resplendissant	resplendissante	resplendissants	resplendissantes
responsabilisant	responsabilisante	responsabilisants	responsabilisantes
responsable	responsable	responsables	responsables
ressemblant	ressemblante	ressemblants	ressemblantes
restant	restante	restants	restantes
restituable	restituable	restituables	restituables
restrictif	restrictive	restrictifs	restrictives
retardateur	retardatrice	retardateurs	retardatrices
retentissant	retentissante	retentissants	retentissantes
retombant	retombante	retombants	retombantes
retors	retorse	retors	retorses
revendicatif	revendicative	revendicatifs	revendicatives
revigorant	revigorante	revigorants	revigorantes
revêche	revêche	revêches	revêches
rhumatismal	rhumatismale	rhumatismaux	rhumatismales
rhumatoïde	rhumatoïde	rhumatoïdes	rhumatoïdes
rhénan	rhénane	rhénans	rhénanes
rhétorique	rhétorique	rhétoriques	rhétoriques
riant	riante	riants	riantes
ribonucléique	ribonucléique	ribonucléiques	ribonucléiques
riche	riche	riches	riches
richissime	richissime	richissimes	richissimes
ridicule	ridicule	ridicules	ridicules
rigide	rigide	rigides	rigides
rigolard	rigolarde	rigolards	rigolardes
rigolo	rigolote	rigolos	rigolotes
rigoriste	rigoriste	rigoristes	rigoristes
rigoureux	rigoureuse	rigoureux	rigoureuses
rimbaldien	rimbaldienne	rimbaldiens	rimbaldiennes
ringard	ringarde	ringards	ringardes
ripicole	ripicole	ripicoles	ripicoles
risible	risible	risibles	risibles
rituel	rituelle	rituels	rituelles
rival	rivale	rivaux	rivales
riverain	riveraine	riverains	riveraines
rivulaire	rivulaire	rivulaires	rivulaires
roboratif	roborative	roboratifs	roboratives
robotique	robotique	robotiques	robotiques
robuste	robuste	robustes	robustes
rocailleux	rocailleuse	rocailleux	rocailleuses
rocambolesque	rocambolesque	rocambolesques	rocambolesques
rocheux	rocheuse	rocheux	rocheuses
rococo	rococo	rococos	rococos
roide	roide	roides	roides
romain	romaine	romains	romaines
roman	romane	romans	romanes
romand	romande	romands	romandes
romanesque	romanesque	romanesques	romanesques
romantique	romantique	romantiques	romantiques
rond	ronde	ronds	rondes
rondelet	rondelette	rondelets	rondelettes
ronflant	ronflante	ronflants	ronflantes
rongeur	rongeuse	rongeurs	rongeuses
rooseveltien	rooseveltienne	rooseveltiens	rooseveltiennes
rose	rose	roses	roses
rosse	rosse	rosses	rosses
rosâtre	rosâtre	rosâtres	rosâtres
rosé	rosée	rosés	rosées
rotatif	rotative	rotatifs	rotatives
rotatoire	rotatoire	rotatoires	rotatoires
roublard	roublarde	roublards	roublardes
roucoulant	roucoulante	roucoulants	roucoulantes
rouge	rouge	rouges	rouges
rougeâtre	rougeâtre	rougeâtres	rougeâtres
rougissant	rougissante	rougissants	rougissantes
roumain	roumaine	roumains	roumaines
roumanophone	roumanophone	roumanophones	roumanophones
roussâtre	roussâtre	roussâtres	roussâtres
routier	routière	routiers	routières
routinier	routinière	routiniers	routinières
roux	rousse	roux	rousses
roué	rouée	roués	rouées
royal	royale	royaux	royales
rubicond	rubiconde	rubiconds	rubicondes
rude	rude	rudes	rudes
rudimentaire	rudimentaire	rudimentaires	rudimentaires
rugueux	rugueuse	rugueux	rugueuses
ruineux	ruineuse	ruineux	ruineuses
ruisselant	ruisselante	ruisselants	ruisselantes
ruminant	ruminante	ruminants	ruminantes
runique	runique	runiques	runiques
rupestre	rupestre	rupestres	rupestres
rural	rurale	ruraux	rurales
russe	russe	russes	russes
rutilant	rutilante	rutilants	rutilantes
rwandais	rwandaise	rwandais	rwandaises
râpeux	râpeuse	râpeux	râpeuses
réactif	réactive	réactifs	réactives
réactionnaire	réactionnaire	réactionnaires	réactionnaires
réactionnel	réactionnelle	réactionnels	réactionnelles
réaganien	réaganienne	réaganiens	réaganiennes
réalisable	réalisable	réalisables	réalisables
réalisateur	réalisatrice	réalisateurs	réalisatrices
réaliste	réaliste	réalistes	réalistes
rébarbatif	rébarbative	rébarbatifs	rébarbatives
récalcitrant	récalcitrante	récalcitrants	récalcitrantes
récapitulatif	récapitulative	récapitulatifs	récapitulatives
récent	récente	récents	récentes
réceptaculaire	réceptaculaire	réceptaculaires	réceptaculaires
récepteur	réceptrice	récepteurs	réceptrices
réceptif	réceptive	réceptifs	réceptives
récessif	récessive	récessifs	récessives
récessionniste	récessionniste	récessionnistes	récessionnistes
réciproque	réciproque	réciproques	réciproques
réconfortant	réconfortante	réconfortants	réconfortantes
récréatif	récréative	récréatifs	récréatives
récupérable	récupérable	récupérables	récupérables
récurrent	récurrente	récurrents	récurrentes
récursif	récursive	récursifs	récursives
récusable	récusable	récusables	récusables
rédactionnel	rédactionnelle	rédactionnels	rédactionnelles
rédhibitoire	rédhibitoire	rédhibitoires	rédhibitoires
réducteur	réductrice	réducteurs	réductrices
réductible	réductible	réductibles	réductibles
réduit	réduite	réduits	réduites
réel	réelle	réels	réelles
réescomptable	réescomptable	réescomptables	réescomptables
réfléchissant	réfléchissante	réfléchissants	réfléchissantes
réformateur	réformatrice	réformateurs	réformatrices
réformiste	réformiste	réformistes	réformistes
réfractaire	réfractaire	réfractaires	réfractaires
réfrigérant	réfrigérante	réfrigérants	réfrigérantes
réfutable	réfutable	réfutables	réfutables
référence	référence	références	références
référendaire	référendaire	référendaires	référendaires
référent	référente	référents	référentes
référentiel	référentielle	référentiels	référentielles
régalien	régalienne	régaliens	régaliennes
régimentaire	régimentaire	régimentaires	régimentaires
régional	régionale	régionaux	régionales
régionaliste	régionaliste	régionalistes	régionalistes
réglable	réglable	réglables	réglables
réglementaire	réglementaire	réglementaires	réglementaires
régnant	régnante	régnants	régnantes
régressif	régressive	régressifs	régressives
régularisateur	régularisatrice	régularisateurs	régularisatrices
régulateur	régulatrice	régulateurs	régulatrices
régulier	régulière	réguliers	régulières
régénérable	régénérable	régénérables	régénérables
régénérateur	régénératrice	régénérateurs	régénératrices
réitératif	réitérative	réitératifs	réitératives
réjouissant	réjouissante	réjouissants	réjouissantes
rémanent	rémanente	rémanents	rémanentes
rémunérateur	rémunératrice	rémunérateurs	rémunératrices
rénal	rénale	rénaux	rénales
rénumératoire	rénumératoire	rénumératoires	rénumératoires
réparable	réparable	réparables	réparables
répondeur	répondeuse	répondeurs	répondeuses
répressif	répressive	répressifs	répressives
réprobateur	réprobatrice	réprobateurs	réprobatrices
répréhensible	répréhensible	répréhensibles	répréhensibles
républicain	républicaine	républicains	républicaines
répugnant	répugnante	répugnants	répugnantes
réputé	réputée	réputés	réputées
répétitif	répétitive	répétitifs	répétitives
réserviste	réserviste	réservistes	réservistes
résidentiel	résidentielle	résidentiels	résidentielles
résiduel	résiduelle	résiduels	résiduelles
résiliable	résiliable	résiliables	résiliables
résineux	résineuse	résineux	résineuses
résistant	résistante	résistants	résistantes
résolu	résolue	résolus	résolues
résoluble	résoluble	résolubles	résolubles
résonnant	résonnante	résonnants	résonnantes
rétho-romanche	rétho-romanche	rétho-romanches	rétho-romanches
réticent	réticente	réticents	réticentes
réticulaire	réticulaire	réticulaires	réticulaires
réticulé	réticulée	réticulés	réticulées
rétif	rétive	rétifs	rétives
rétinien	rétinienne	rétiniens	rétiniennes
rétractile	rétractile	rétractiles	rétractiles
rétroactif	rétroactive	rétroactifs	rétroactives
rétroflexe	rétroflexe	rétroflexes	rétroflexes
rétrograde	rétrograde	rétrogrades	rétrogrades
rétropéritonéal	rétropéritonéale	rétropéritonéaux	rétropéritonéales
rétrospectif	rétrospective	rétrospectifs	rétrospectives
rétréci	rétrécie	rétrécis	rétrécies
rétu	rétue	rétus	rétues
réunionnais	réunionnaise	réunionnais	réunionnaises
réutilisable	réutilisable	réutilisables	réutilisables
réversible	réversible	réversibles	réversibles
révisable	révisable	révisables	révisables
révisionniste	révisionniste	révisionnistes	révisionnistes
révocable	révocable	révocables	révocables
révoltant	révoltante	révoltants	révoltantes
révolu	révolue	révolus	révolues
révolutionnaire	révolutionnaire	révolutionnaires	révolutionnaires
révulsif	révulsive	révulsifs	révulsives
révélateur	révélatrice	révélateurs	révélatrices
révérencieux	révérencieuse	révérencieux	révérencieuses
révérent	révérente	révérents	révérentes
rééligible	rééligible	rééligibles	rééligibles
rêche	rêche	rêches	rêches
rêveur	rêveuse	rêveurs	rêveuses
sabbatique	sabbatique	sabbatiques	sabbatiques
sableux	sableuse	sableux	sableuses
sablonneux	sablonneuse	sablonneux	sablonneuses
sacerdotal	sacerdotale	sacerdotaux	sacerdotales
sacral	sacrale	sacraux	sacrales
sacramentel	sacramentelle	sacramentels	sacramentelles
sacrosaint	sacrosainte	sacrosaints	sacrosaintes
sadique	sadique	sadiques	sadiques
sadomasochiste	sadomasochiste	sadomasochistes	sadomasochistes
sagace	sagace	sagaces	sagaces
sage	sage	sages	sages
sagitté	sagittée	sagittés	sagittées
saharien	saharienne	sahariens	sahariennes
sahraoui	sahraouie	sahraouis	sahraouies
sahélien	sahélienne	sahéliens	sahéliennes
saignant	saignante	saignants	saignantes
saillant	saillante	saillants	saillantes
sain	saine	sains	saines
saint	sainte	saints	saintes
saint-simonien	saint-simonienne	saint-simoniens	saint-simoniennes
saisissable	saisissable	saisissables	saisissables
saisissant	saisissante	saisissants	saisissantes
saisonnier	saisonnière	saisonniers	saisonnières
salace	salace	salaces	salaces
salarial	salariale	salariaux	salariales
salaud	salaude	salauds	salaudes
salazariste	salazariste	salazaristes	salazaristes
sale	sale	sales	sales
salique	salique	saliques	saliques
salissant	salissante	salissants	salissantes
salivaire	salivaire	salivaires	salivaires
salop	salope	salops	salopes
salubre	salubre	salubres	salubres
salutaire	salutaire	salutaires	salutaires
salvadorien	salvadorienne	salvadoriens	salvadoriennes
salvateur	salvatrice	salvateurs	salvatrices
sanctionnable	sanctionnable	sanctionnables	sanctionnables
sandiniste	sandiniste	sandinistes	sandinistes
sanglant	sanglante	sanglants	sanglantes
sanglotant	sanglotante	sanglotants	sanglotantes
sanguin	sanguine	sanguins	sanguines
sanguinaire	sanguinaire	sanguinaires	sanguinaires
sanguinolent	sanguinolente	sanguinolents	sanguinolentes
sanitaire	sanitaire	sanitaires	sanitaires
sanskrit	sanskrite	sanskrits	sanskrites
saoudien	saoudienne	saoudiens	saoudiennes
saoudite	saoudite	saoudites	saoudites
saoul	saoule	saouls	saoules
saoûl	saoûle	saoûls	saoûles
sarcastique	sarcastique	sarcastiques	sarcastiques
sardonique	sardonique	sardoniques	sardoniques
sarmate	sarmate	sarmates	sarmates
sarmenteux	sarmenteuse	sarmenteux	sarmenteuses
sassanide	sassanide	sassanides	sassanides
satanique	satanique	sataniques	sataniques
sataniste	sataniste	satanistes	satanistes
satellitaire	satellitaire	satellitaires	satellitaires
satellite	satellite	satellites	satellites
satirique	satirique	satiriques	satiriques
satisfaisant	satisfaisante	satisfaisants	satisfaisantes
satisfait	satisfaite	satisfaits	satisfaites
sauf	sauve	saufs	sauves
saugrenu	saugrenue	saugrenus	saugrenues
saumoné	saumonée	saumonés	saumonées
saumâtre	saumâtre	saumâtres	saumâtres
saur	saure	saurs	saures
sautillant	sautillante	sautillants	sautillantes
sauvage	sauvage	sauvages	sauvages
savant	savante	savants	savantes
savonneux	savonneuse	savonneux	savonneuses
savoureux	savoureuse	savoureux	savoureuses
savoyard	savoyarde	savoyards	savoyardes
saxon	saxonne	saxons	saxonnes
scabreux	scabreuse	scabreux	scabreuses
scandaleux	scandaleuse	scandaleux	scandaleuses
scandinave	scandinave	scandinaves	scandinaves
scannerisé	scannerisée	scannerisés	scannerisées
scarieux	scarieuse	scarieux	scarieuses
scatologique	scatologique	scatologiques	scatologiques
sceptique	sceptique	sceptiques	sceptiques
schismatique	schismatique	schismatiques	schismatiques
schisteux	schisteuse	schisteux	schisteuses
schizophrène	schizophrène	schizophrènes	schizophrènes
schizophrénique	schizophrénique	schizophréniques	schizophréniques
schumpétérien	schumpétérienne	schumpétériens	schumpétériennes
schématique	schématique	schématiques	schématiques
scientifico-technique	scientifico-technique	scientifico-techniques	scientifico-techniques
scientifique	scientifique	scientifiques	scientifiques
scintillant	scintillante	scintillants	scintillantes
scléral	sclérale	scléraux	sclérales
scléreux	scléreuse	scléreux	scléreuses
scolaire	scolaire	scolaires	scolaires
scoriacé	scoriacée	scoriacés	scoriacées
scriptural	scripturale	scripturaux	scripturales
scrupuleux	scrupuleuse	scrupuleux	scrupuleuses
scrutateur	scrutatrice	scrutateurs	scrutatrices
sculptural	sculpturale	sculpturaux	sculpturales
scythique	scythique	scythiques	scythiques
scélérat	scélérate	scélérats	scélérates
scénique	scénique	scéniques	scéniques
scénographique	scénographique	scénographiques	scénographiques
sec	sèche	secs	sèches
second	seconde	seconds	secondes
secondaire	secondaire	secondaires	secondaires
seconde	seconde	secondes	secondes
secourable	secourable	secourables	secourables
secourant	secourante	secourants	secourantes
secret	secrète	secrets	secrètes
sectaire	sectaire	sectaires	sectaires
sectoriel	sectorielle	sectoriels	sectorielles
seigneurial	seigneuriale	seigneuriaux	seigneuriales
seizième	seizième	seizièmes	seizièmes
seldjoukide	seldjoukide	seldjoukides	seldjoukides
semblable	semblable	semblables	semblables
semestriel	semestrielle	semestriels	semestrielles
sempervirent	sempervirente	sempervirents	sempervirentes
sempiternel	sempiternelle	sempiternels	sempiternelles
senestre	senestre	senestres	senestres
senghorien	senghorienne	senghoriens	senghoriennes
sensationnel	sensationnelle	sensationnels	sensationnelles
sensible	sensible	sensibles	sensibles
sensoriel	sensorielle	sensoriels	sensorielles
sensuel	sensuelle	sensuels	sensuelles
sensé	sensée	sensés	sensées
sentencieux	sentencieuse	sentencieux	sentencieuses
sentimental	sentimentale	sentimentaux	sentimentales
septennal	septennale	septennaux	septennales
septentrional	septentrionale	septentrionaux	septentrionales
septicide	septicide	septicides	septicides
septique	septique	septiques	septiques
septième	septième	septièmes	septièmes
sequiturque	sequiturque	sequunturque	sequunturque
serbe	serbe	serbes	serbes
serein	sereine	sereins	sereines
serviable	serviable	serviables	serviables
servile	servile	serviles	serviles
sessile	sessile	sessiles	sessiles
seul	seule	seuls	seules
sexiste	sexiste	sexistes	sexistes
sexuel	sexuelle	sexuels	sexuelles
sexué	sexuée	sexués	sexuées
sexy	sexy	sexys	sexys
seyant	seyante	seyants	seyantes
shakespearien	shakespearienne	shakespeariens	shakespeariennes
sibyllin	sibylline	sibyllins	sibyllines
sibérien	sibérienne	sibériens	sibériennes
siccatif	siccative	siccatifs	siccatives
sicilien	sicilienne	siciliens	siciliennes
sidéral	sidérale	sidéraux	sidérales
sidérant	sidérante	sidérants	sidérantes
sidérurgique	sidérurgique	sidérurgiques	sidérurgiques
sien	sienne	siens	siennes
sierra-léonais	sierra-léonaise	sierra-léonais	sierra-léonaises
sifflant	sifflante	sifflants	sifflantes
signalétique	signalétique	signalétiques	signalétiques
signifiant	signifiante	signifiants	signifiantes
significatif	significative	significatifs	significatives
sikh	sikhe	sikhs	sikhes
silencieux	silencieuse	silencieux	silencieuses
silésien	silésienne	silésiens	silésiennes
simiesque	simiesque	simiesques	simiesques
similaire	similaire	similaires	similaires
simple	simple	simples	simples
simplifiable	simplifiable	simplifiables	simplifiables
simplificateur	simplificatrice	simplificateurs	simplificatrices
simplissime	simplissime	simplissimes	simplissimes
simpliste	simpliste	simplistes	simplistes
simultané	simultanée	simultanés	simultanées
sincère	sincère	sincères	sincères
singapourien	singapourienne	singapouriens	singapouriennes
singulier	singulière	singuliers	singulières
sinistre	sinistre	sinistres	sinistres
sinistré	sinistrée	sinistrés	sinistrées
sinueux	sinueuse	sinueux	sinueuses
sinusal	sinusale	sinusaux	sinusales
sinusoïdal	sinusoïdale	sinusoïdaux	sinusoïdales
sinué	sinuée	sinués	sinuées
sioniste	sioniste	sionistes	sionistes
sirupeux	sirupeuse	sirupeux	sirupeuses
sismologique	sismologique	sismologiques	sismologiques
situationnel	situationnelle	situationnels	situationnelles
situationniste	situationniste	situationnistes	situationnistes
situé	située	situés	situées
sixième	sixième	sixièmes	sixièmes
skiable	skiable	skiables	skiables
slave	slave	slaves	slaves
slavophile	slavophile	slavophiles	slavophiles
slovaque	slovaque	slovaques	slovaques
slovène	slovène	slovènes	slovènes
snob	snob	snobs	snobs
sobre	sobre	sobres	sobres
sociable	sociable	sociables	sociables
social	sociale	socials	sociales
social-démocrate	social-démocrate	social-démocrates	social-démocrates
socialiste	socialiste	socialistes	socialistes
socioculturel	socioculturelle	socioculturels	socioculturelles
sociologique	sociologique	sociologiques	sociologiques
socioprofessionnel	socioprofessionnelle	socioprofessionnels	socioprofessionnelles
socioéconomique	socioéconomique	socioéconomiques	socioéconomiques
sociétal	sociétale	sociétaux	sociétales
socratique	socratique	socratiques	socratiques
soft	soft	softs	softs
sogdien	sogdienne	sogdiens	sogdiennes
soignant	soignante	soignants	soignantes
soigneux	soigneuse	soigneux	soigneuses
solaire	solaire	solaires	solaires
solennel	solennelle	solennels	solennelles
solidaire	solidaire	solidaires	solidaires
solide	solide	solides	solides
solitaire	solitaire	solitaires	solitaires
soluble	soluble	solubles	solubles
solutréen	solutréenne	solutréens	solutréennes
solvable	solvable	solvables	solvables
solénoïdal	solénoïdale	solénoïdaux	solénoïdales
somalien	somalienne	somaliens	somaliennes
somatique	somatique	somatiques	somatiques
sombre	sombre	sombres	sombres
sommaire	sommaire	sommaires	sommaires
somnolent	somnolente	somnolents	somnolentes
somoziste	somoziste	somozistes	somozistes
somptuaire	somptuaire	somptuaires	somptuaires
somptueux	somptueuse	somptueux	somptueuses
songeur	songeuse	songeurs	songeuses
sonnant	sonnante	sonnants	sonnantes
sonore	sonore	sonores	sonores
sorcier	sorcière	sorciers	sorcières
sordide	sordide	sordides	sordides
sortable	sortable	sortables	sortables
sortant	sortante	sortants	sortantes
sot	sotte	sots	sottes
soucieux	soucieuse	soucieux	soucieuses
soudain	soudaine	soudains	soudaines
soudanais	soudanaise	soudanais	soudanaises
soudanien	soudanienne	soudaniens	soudaniennes
souffrant	souffrante	souffrants	souffrantes
soufi	soufie	soufis	soufies
souhaitable	souhaitable	souhaitables	souhaitables
souple	souple	souples	souples
soupçonnable	soupçonnable	soupçonnables	soupçonnables
soupçonneux	soupçonneuse	soupçonneux	soupçonneuses
sourcilleux	sourcilleuse	sourcilleux	sourcilleuses
sourd	sourde	sourds	sourdes
souriant	souriante	souriants	souriantes
sournois	sournoise	sournois	sournoises
sous-cortico-spinal	sous-cortico-spinale	sous-cortico-spinaux	sous-cortico-spinales
sous-dural	sous-durale	sous-duraux	sous-durales
sous-jacent	sous-jacente	sous-jacents	sous-jacentes
sous-tendu	sous-tendue	sous-tendus	sous-tendues
soutenable	soutenable	soutenables	soutenables
souterrain	souterraine	souterrains	souterraines
souverain	souveraine	souverains	souveraines
souverainiste	souverainiste	souverainistes	souverainistes
soviétique	soviétique	soviétiques	soviétiques
soyeux	soyeuse	soyeux	soyeuses
soûl	soûle	soûls	soûles
soûlant	soûlante	soûlants	soûlantes
spacial	spaciale	spaciaux	spaciales
spacieux	spacieuse	spacieux	spacieuses
spartiate	spartiate	spartiates	spartiates
spasmodique	spasmodique	spasmodiques	spasmodiques
spatial	spatiale	spatials	spatiales
spatio-temporel	spatio-temporelle	spatio-temporels	spatio-temporelles
spectacle	spectacle	spectacles	spectacles
spectaculaire	spectaculaire	spectaculaires	spectaculaires
spectral	spectrale	spectraux	spectrales
sphinctérien	sphinctérienne	sphinctériens	sphinctériennes
sphérique	sphérique	sphériques	sphériques
spinal	spinale	spinaux	spinales
spinescent	spinescente	spinescents	spinescentes
spiritualiste	spiritualiste	spiritualistes	spiritualistes
spirituel	spirituelle	spirituels	spirituelles
splendide	splendide	splendides	splendides
spongiforme	spongiforme	spongiformes	spongiformes
spontané	spontanée	spontanés	spontanées
sporadique	sporadique	sporadiques	sporadiques
sportif	sportive	sportifs	sportives
spécial	spéciale	spéciaux	spéciales
spécialiste	spécialiste	spécialistes	spécialistes
spécialisé	spécialisée	spécialisés	spécialisées
spécieux	spécieuse	spécieux	spécieuses
spécifique	spécifique	spécifiques	spécifiques
spéculatif	spéculative	spéculatifs	spéculatives
spéléologique	spéléologique	spéléologiques	spéléologiques
squelettique	squelettique	squelettiques	squelettiques
sri-lankais	sri-lankaise	sri-lankais	sri-lankaises
stabilisateur	stabilisatrice	stabilisateurs	stabilisatrices
stable	stable	stables	stables
stagnant	stagnante	stagnants	stagnantes
stalinien	stalinienne	staliniens	staliniennes
stallonien	stallonienne	stalloniens	stalloniennes
staminal	staminalle	staminals	staminalles
statif	stative	statifs	statives
statique	statique	statiques	statiques
statistique	statistique	statistiques	statistiques
statutaire	statutaire	statutaires	statutaires
stellaire	stellaire	stellaires	stellaires
stigmatique	stigmatique	stigmatiques	stigmatiques
stigmatisant	stigmatisante	stigmatisants	stigmatisantes
stimulant	stimulante	stimulants	stimulantes
stipité	stipitée	stipités	stipitées
stipulaire	stipulaire	stipulaires	stipulaires
stolonifère	stolonifère	stolonifères	stolonifères
stomacal	stomacale	stomacaux	stomacales
stoïque	stoïque	stoïques	stoïques
stratosphérique	stratosphérique	stratosphériques	stratosphériques
stratégique	stratégique	stratégiques	stratégiques
stressant	stressante	stressants	stressantes
striatal	striatale	striataux	striatales
strict	stricte	stricts	strictes
strident	stridente	stridents	stridentes
strigilleux	strigilleuse	strigilleux	strigilleuses
structural	structurale	structuraux	structurales
structurant	structurante	structurants	structurantes
structurel	structurelle	structurels	structurelles
studieux	studieuse	studieux	studieuses
stupide	stupide	stupides	stupides
stupéfait	stupéfaite	stupéfaits	stupéfaites
stupéfiant	stupéfiante	stupéfiants	stupéfiantes
sténographique	sténographique	sténographiques	sténographiques
stérile	stérile	stériles	stériles
stérilisant	stérilisante	stérilisants	stérilisantes
stéréophonique	stéréophonique	stéréophoniques	stéréophoniques
stéréoscopique	stéréoscopique	stéréoscopiques	stéréoscopiques
suave	suave	suaves	suaves
subacuminé	subacuminée	subacuminés	subacuminées
subalterne	subalterne	subalternes	subalternes
subangulaire	subangulaire	subangulaires	subangulaires
subdésertique	subdésertique	subdésertiques	subdésertiques
subit	subite	subits	subites
subjectif	subjective	subjectifs	subjectives
subjectiviste	subjectiviste	subjectivistes	subjectivistes
sublime	sublime	sublimes	sublimes
sublingual	sublinguale	sublinguaux	sublinguales
subrepteur	subreptrice	subrepteurs	subreptrices
subrogatif	subrogative	subrogatifs	subrogatives
subrogatoire	subrogatoire	subrogatoires	subrogatoires
subsaharien	subsaharienne	subsahariens	subsahariennes
subsidiaire	subsidiaire	subsidiaires	subsidiaires
subsonique	subsonique	subsoniques	subsoniques
substantiel	substantielle	substantiels	substantielles
substituable	substituable	substituables	substituables
substitutif	substitutive	substitutifs	substitutives
subséquent	subséquente	subséquents	subséquentes
subtil	subtile	subtils	subtiles
subtropical	subtropicale	subtropicaux	subtropicales
subulé	subulée	subulés	subulées
suburbain	suburbaine	suburbains	suburbaines
subversif	subversive	subversifs	subversives
subéreux	subéreuse	subéreux	subéreuses
successif	successive	successifs	successives
succinct	succincte	succincts	succinctes
succint	succinte	succints	succintes
succulent	succulente	succulents	succulentes
sucrière	sucrière	sucrières	sucrières
sudoripare	sudoripare	sudoripares	sudoripares
suffisant	suffisante	suffisants	suffisantes
suffocant	suffocante	suffocants	suffocantes
suggestif	suggestive	suggestifs	suggestives
suicidaire	suicidaire	suicidaires	suicidaires
suisse	suisse	suisses	suisses
suivant	suivante	suivants	suivantes
sulfureux	sulfureuse	sulfureux	sulfureuses
sulfurique	sulfurique	sulfuriques	sulfuriques
superbe	superbe	superbes	superbes
superficiel	superficielle	superficiels	superficielles
superflu	superflue	superflus	superflues
superfétatoire	superfétatoire	superfétatoires	superfétatoires
supergrand	supergrande	supergrands	supergrandes
superposable	superposable	superposables	superposables
supersonique	supersonique	supersoniques	supersoniques
superstitieux	superstitieuse	superstitieux	superstitieuses
suppliant	suppliante	suppliants	suppliantes
supplémentaire	supplémentaire	supplémentaires	supplémentaires
supportable	supportable	supportables	supportables
supranational	supranationale	supranationaux	supranationales
suprême	suprême	suprêmes	suprêmes
supère	supère	supères	supères
supérieur	supérieure	supérieurs	supérieures
sur	sur	surs	surs
surabondant	surabondante	surabondants	surabondantes
suraigu	suraiguë	suraigus	suraiguës
suranné	surannée	surannés	surannées
surhumain	surhumaine	surhumains	surhumaines
surinamien	surinamienne	surinamiens	surinamiennes
surmontable	surmontable	surmontables	surmontables
surnaturel	surnaturelle	surnaturels	surnaturelles
surprenant	surprenante	surprenants	surprenantes
surprise	surprise	surprises	surprises
surréaliste	surréaliste	surréalistes	surréalistes
surréel	surréelle	surréels	surréelles
surrénal	surrénale	surrénaux	surrénales
survivant	survivante	survivants	survivantes
susceptible	susceptible	susceptibles	susceptibles
susindiqué	susindiquée	susindiqués	susindiquées
susnommé	susnommée	susnommés	susnommées
suspect	suspecte	suspects	suspectes
suspensif	suspensive	suspensifs	suspensives
susvisé	susvisée	susvisés	susvisées
suédois	suédoise	suédois	suédoises
svelte	svelte	sveltes	sveltes
swahili	swahilie	swahilis	swahilies
syllabique	syllabique	syllabiques	syllabiques
sylvestre	sylvestre	sylvestres	sylvestres
sylvicole	sylvicole	sylvicoles	sylvicoles
symbolique	symbolique	symboliques	symboliques
sympa	sympa	sympas	sympas
sympathique	sympathique	sympathiques	sympathiques
symphonique	symphonique	symphoniques	symphoniques
sympodial	sympodiale	sympodiaux	sympodiales
symptomatique	symptomatique	symptomatiques	symptomatiques
symétrique	symétrique	symétriques	symétriques
synallagmatique	synallagmatique	synallagmatiques	synallagmatiques
synaptique	synaptique	synaptiques	synaptiques
syncarpique	syncarpique	syncarpiques	syncarpiques
synchrone	synchrone	synchrones	synchrones
synchronique	synchronique	synchroniques	synchroniques
synchronisé	synchronisée	synchronisés	synchronisées
synclinal	synclinale	synclinaux	synclinales
syncrétique	syncrétique	syncrétiques	syncrétiques
syndical	syndicale	syndicaux	syndicales
synergique	synergique	synergiques	synergiques
synonyme	synonyme	synonymes	synonymes
synonymique	synonymique	synonymiques	synonymiques
synoptique	synoptique	synoptiques	synoptiques
syntaxique	syntaxique	syntaxiques	syntaxiques
synthétique	synthétique	synthétiques	synthétiques
syphilitique	syphilitique	syphilitiques	syphilitiques
syrien	syrienne	syriens	syriennes
systématique	systématique	systématiques	systématiques
séant	séante	séants	séantes
sébacé	sébacée	sébacés	sébacées
sécant	sécante	sécants	sécantes
sécessionniste	sécessionniste	sécessionnistes	sécessionnistes
sécréteur	sécrétrice	sécréteurs	sécrétrices
séculaire	séculaire	séculaires	séculaires
sécurisant	sécurisante	sécurisants	sécurisantes
sécuritaire	sécuritaire	sécuritaires	sécuritaires
sédatif	sédative	sédatifs	sédatives
sédentaire	sédentaire	sédentaires	sédentaires
sédimentaire	sédimentaire	sédimentaires	sédimentaires
séduisant	séduisante	séduisants	séduisantes
ségrégatif	ségrégative	ségrégatifs	ségrégatives
séismique	séismique	séismiques	séismiques
sélect	sélect	sélects	sélects
sélectif	sélective	sélectifs	sélectives
séleucide	séleucide	séleucides	séleucides
sémantique	sémantique	sémantiques	sémantiques
sémillant	sémillante	sémillants	sémillantes
séminal	séminale	séminaux	séminales
sémiologique	sémiologique	sémiologiques	sémiologiques
sémite	sémite	sémites	sémites
sémitique	sémitique	sémitiques	sémitiques
sénatorial	sénatoriale	sénatoriaux	sénatoriales
sénestre	sénestre	sénestres	sénestres
sénile	sénile	séniles	séniles
sépaloïde	sépaloïde	sépaloïdes	sépaloïdes
séparable	séparable	séparables	séparables
séparatiste	séparatiste	séparatistes	séparatistes
sépulcral	sépulcrale	sépulcraux	sépulcrales
séquentiel	séquentielle	séquentiels	séquentielles
séraphique	séraphique	séraphiques	séraphiques
séreux	séreuse	séreux	séreuses
séricicole	séricicole	séricicoles	séricicoles
sériculture	sériculture	séricultures	séricultures
sériel	sérielle	sériels	sérielles
sérieux	sérieuse	sérieux	sérieuses
sérologique	sérologique	sérologiques	sérologiques
séropositif	séropositive	séropositifs	séropositives
sérotoninergique	sérotoninergique	sérotoninergiques	sérotoninergiques
sévère	sévère	sévères	sévères
sûr	sûre	sûrs	sûres
tabagique	tabagique	tabagiques	tabagiques
tabou	taboue	tabous	taboues
tacheté	tachetée	tachetés	tachetées
tacite	tacite	tacites	tacites
taciturne	taciturne	taciturnes	taciturnes
tactile	tactile	tactiles	tactiles
tactique	tactique	tactiques	tactiques
tadjik	tadjike	tadjiks	tadjikes
tagué	taguée	tagués	taguées
talentueux	talentueuse	talentueux	talentueuses
taliban	taliban	talibans	talibans
talmudique	talmudique	talmudiques	talmudiques
tamoul	tamoule	tamouls	tamoules
tangent	tangente	tangents	tangentes
tangible	tangible	tangibles	tangibles
tantrique	tantrique	tantriques	tantriques
tanzanien	tanzanienne	tanzaniens	tanzaniennes
tapageur	tapageuse	tapageurs	tapageuses
tapant	tapante	tapants	tapantes
taquin	taquine	taquins	taquines
tardif	tardive	tardifs	tardives
tarifaire	tarifaire	tarifaires	tarifaires
tartare	tartare	tartares	tartares
tatare	tatare	tatares	tatares
tatillon	tatillonne	tatillons	tatillonnes
taurin	taurine	taurins	taurines
tauromachique	tauromachique	tauromachiques	tauromachiques
tautologique	tautologique	tautologiques	tautologiques
taxable	taxable	taxables	taxables
taxonomique	taxonomique	taxonomiques	taxonomiques
taylorien	taylorienne	tayloriens	tayloriennes
taylorisable	taylorisable	taylorisables	taylorisables
taïwanais	taïwanaise	taïwanais	taïwanaises
tchadien	tchadienne	tchadiens	tchadiennes
tchèque	tchèque	tchèques	tchèques
tchécoslovaque	tchécoslovaque	tchécoslovaques	tchécoslovaques
tchétchène	tchétchène	tchétchènes	tchétchènes
technique	technique	techniques	techniques
technocratique	technocratique	technocratiques	technocratiques
technologique	technologique	technologiques	technologiques
technophile	technophile	technophiles	technophiles
technétronique	technétronique	technétroniques	technétroniques
tectonique	tectonique	tectoniques	tectoniques
tel	telle	tels	telles
tellurique	tellurique	telluriques	telluriques
temporaire	temporaire	temporaires	temporaires
temporal	temporale	temporaux	temporales
temporel	temporelle	temporels	temporelles
temporisateur	temporisatrice	temporisateurs	temporisatrices
tempérant	tempérante	tempérants	tempérantes
tempétueux	tempétueuse	tempétueux	tempétueuses
tenable	tenable	tenables	tenables
tenace	tenace	tenaces	tenaces
tenant	tenante	tenants	tenantes
tendancieux	tendancieuse	tendancieux	tendancieuses
tendineux	tendineuse	tendineux	tendineuses
tendre	tendre	tendres	tendres
tentaculaire	tentaculaire	tentaculaires	tentaculaires
tentant	tentante	tentants	tentantes
terminal	terminale	terminaux	terminales
terminologique	terminologique	terminologiques	terminologiques
ternaire	ternaire	ternaires	ternaires
terne	terne	ternes	ternes
terné	ternée	ternés	ternées
terre-neuvien	terre-neuvienne	terre-neuviens	terre-neuviennes
terrestre	terrestre	terrestres	terrestres
terreux	terreuse	terreux	terreuses
terrible	terrible	terribles	terribles
terrien	terrienne	terriens	terriennes
terrifiant	terrifiante	terrifiants	terrifiantes
territorial	territoriale	territorials	territoriales
terroriste	terroriste	terroristes	terroristes
tertiaire	tertiaire	tertiaires	tertiaires
testamentaire	testamentaire	testamentaires	testamentaires
texan	texane	texans	texanes
textile	textile	textiles	textiles
textuel	textuelle	textuels	textuelles
thailandais	thailandaise	thailandais	thailandaises
thalamique	thalamique	thalamiques	thalamiques
thalassémique	thalassémique	thalassémiques	thalassémiques
thatchérien	thatchérienne	thatchériens	thatchériennes
thaï	thaïe	thaïs	thaïes
thaïlandais	thaïlandaise	thaïlandais	thaïlandaises
thermal	thermale	thermaux	thermales
thermique	thermique	thermiques	thermiques
thermogénique	thermogénique	thermogéniques	thermogéniques
thermonucléaire	thermonucléaire	thermonucléaires	thermonucléaires
thermoélectrique	thermoélectrique	thermoélectriques	thermoélectriques
thoracique	thoracique	thoraciques	thoraciques
thyroïdien	thyroïdienne	thyroïdiens	thyroïdiennes
thématique	thématique	thématiques	thématiques
théocratique	théocratique	théocratiques	théocratiques
théologien	théologienne	théologiens	théologiennes
théologique	théologique	théologiques	théologiques
théorique	théorique	théoriques	théoriques
thérapeutique	thérapeutique	thérapeutiques	thérapeutiques
théâtral	théâtrale	théâtraux	théâtrales
tibétain	tibétaine	tibétains	tibétaines
tien	tienne	tiens	tiennes
tiers-mondiste	tiers-mondiste	tiers-mondistes	tiers-mondistes
tigrigna	tigrigna	tigrignas	tigrignas
tigré	tigrée	tigrés	tigrées
timide	timide	timides	timides
timorais	timoraise	timorais	timoraises
tissulaire	tissulaire	tissulaires	tissulaires
titanesque	titanesque	titanesques	titanesques
titanien	titanienne	titaniens	titaniennes
titanique	titanique	titaniques	titaniques
titiste	titiste	titistes	titistes
titrisé	titrisée	titrisés	titrisées
titubant	titubante	titubants	titubantes
titulaire	titulaire	titulaires	titulaires
tiède	tiède	tièdes	tièdes
togolais	togolaise	togolais	togolaises
tolérable	tolérable	tolérables	tolérables
tolérant	tolérante	tolérants	tolérantes
tombant	tombante	tombants	tombantes
tomentelleux	tomentelleuse	tomentelleux	tomentelleuses
tomenteux	tomenteuse	tomenteux	tomenteuses
tonal	tonale	tonals	tonales
tonifiant	tonifiante	tonifiants	tonifiantes
tonitruant	tonitruante	tonitruants	tonitruantes
tonnant	tonnante	tonnants	tonnantes
topique	topique	topiques	topiques
topographique	topographique	topographiques	topographiques
topologique	topologique	topologiques	topologiques
toponymique	toponymique	toponymiques	toponymiques
torpide	torpide	torpides	torpides
torrentiel	torrentielle	torrentiels	torrentielles
torrentueux	torrentueuse	torrentueux	torrentueuses
torride	torride	torrides	torrides
torrijiste	torrijiste	torrijistes	torrijistes
tortueux	tortueuse	tortueux	tortueuses
torturant	torturante	torturants	torturantes
torve	torve	torves	torves
total	totale	totaux	totales
totalisateur	totalisatrice	totalisateurs	totalisatrices
totalitaire	totalitaire	totalitaires	totalitaires
totémique	totémique	totémiques	totémiques
touareg	touareg	touaregs	touaregs
touchant	touchante	touchants	touchantes
touffu	touffue	touffus	touffues
toulonnais	toulonnaise	toulonnais	toulonnaises
toulousain	toulousainne	toulousains	toulousainnes
tourbeux	tourbeuse	tourbeux	tourbeuses
tourbillonnant	tourbillonnante	tourbillonnants	tourbillonnantes
touristique	touristique	touristiques	touristiques
tournant	tournante	tournants	tournantes
tout	toute	tous	toutes
tout-petit	toute-petite	tous-petits	toutes-petites
tout-puissant	toute-puissante	tout-puissants	toutes-puissantes
toxique	toxique	toxiques	toxiques
traditionaliste	traditionaliste	traditionalistes	traditionalistes
traditionnel	traditionnelle	traditionnels	traditionnelles
traduisible	traduisible	traduisibles	traduisibles
tragique	tragique	tragiques	tragiques
trail		trails	
traitable	traitable	traitables	traitables
traitant	traitante	traitants	traitantes
tranchant	tranchante	tranchants	tranchantes
tranquille	tranquille	tranquilles	tranquilles
tranquillisant	tranquillisante	tranquillisants	tranquillisantes
transactionnel	transactionnelle	transactionnels	transactionnelles
transalpin	transalpine	transalpins	transalpines
transatlantique	transatlantique	transatlantiques	transatlantiques
transcendant	transcendante	transcendants	transcendantes
transcendantal	transcendantale	transcendantaux	transcendantales
transcripteur	transcriptrice	transcripteurs	transcriptrices
transdisciplinaire	transdisciplinaire	transdisciplinaires	transdisciplinaires
transfini	transfinie	transfinis	transfinies
transformable	transformable	transformables	transformables
transfrontalier	transfrontalière	transfrontaliers	transfrontalières
transfusionnel	transfusionnelle	transfusionnels	transfusionnelles
transférable	transférable	transférables	transférables
transgénique	transgénique	transgéniques	transgéniques
transhumant	transhumante	transhumants	transhumantes
transitif	transitive	transitifs	transitives
transitionel	transitionelle	transitionels	transitionelles
transitoire	transitoire	transitoires	transitoires
translucide	translucide	translucides	translucides
transmembranaire	transmembranaire	transmembranaires	transmembranaires
transmissible	transmissible	transmissibles	transmissibles
transmuable	transmuable	transmuables	transmuables
transocéanique	transocéanique	transocéaniques	transocéaniques
transparent	transparente	transparents	transparentes
transportable	transportable	transportables	transportables
transposable	transposable	transposables	transposables
transsaharien	transsaharienne	transsahariens	transsahariennes
transvaalien	transvaalienne	transvaaliens	transvaaliennes
transversal	transversale	transversaux	transversales
transverse	transverse	transverses	transverses
trapu	trapue	trapus	trapues
traumatique	traumatique	traumatiques	traumatiques
traumatisant	traumatisante	traumatisants	traumatisantes
travailleur	travailleuse	travailleurs	travailleuses
travailliste	travailliste	travaillistes	travaillistes
traversable	traversable	traversables	traversables
travestissable	travestissable	travestissables	travestissables
traçant	traçante	traçants	traçantes
traînant	traînante	traînants	traînantes
traître	traître	traîtres	traîtres
treizième	treizième	treizièmes	treizièmes
tremblant	tremblante	tremblants	tremblantes
tremblotant	tremblotante	tremblotants	tremblotantes
trentième	trentième	trentièmes	trentièmes
triangulaire	triangulaire	triangulaires	triangulaires
tribal	tribale	tribaux	tribales
triboélectrique	triboélectrique	triboélectriques	triboélectriques
tributaire	tributaire	tributaires	tributaires
tricentenaire	tricentenaire	tricentenaires	tricentenaires
tricolore	tricolore	tricolores	tricolores
tricorne	tricorne	tricornes	tricornes
tridimensionnel	tridimensionnelle	tridimensionnels	tridimensionnelles
triennal	triennale	triennaux	triennales
trifoliolé	trifoliolée	trifoliolés	trifoliolées
trigone	trigone	trigones	trigones
trigonométrique	trigonométrique	trigonométriques	trigonométriques
trijambiste	trijambiste	trijambistes	trijambistes
trilatéral	trilatérale	trilatéraux	trilatérales
trilingue	trilingue	trilingues	trilingues
trilobé	trilobée	trilobés	trilobées
trimestriel	trimestrielle	trimestriels	trimestrielles
trimère	trimère	trimères	trimères
trinervé	trinervée	trinervés	trinervées
triomphal	triomphale	triomphaux	triomphales
triomphaliste	triomphaliste	triomphalistes	triomphalistes
triomphant	triomphante	triomphants	triomphantes
tripartite	tripartite	tripartites	tripartites
triphasé	triphasée	triphasés	triphasées
triple	triple	triples	triples
trisannuel	trisannuelle	trisannuels	trisannuelles
triste	triste	tristes	tristes
tristounet	tristounette	tristounets	tristounettes
trivial	triviale	triviaux	triviales
troisième	troisième	troisièmes	troisièmes
trompeur	trompeuse	trompeurs	trompeuses
tropical	tropicale	tropicaux	tropicales
tropophile	tropophile	tropophiles	tropophiles
trotskyste	trotskyste	trotskystes	trotskystes
troublant	troublante	troublants	troublantes
trouble	trouble	troubles	troubles
troupier	troupière	troupiers	troupières
truculent	truculente	truculents	truculentes
trébuchant	trébuchante	trébuchants	trébuchantes
trépidant	trépidante	trépidants	trépidantes
tsariste	tsariste	tsaristes	tsaristes
tsotsi	tsotsi	tsotsis	tsotsis
tswana	tswana	tswanas	tswanas
tubulaire	tubulaire	tubulaires	tubulaires
tubéreux	tubéreuse	tubéreux	tubéreuses
tumulaire	tumulaire	tumulaires	tumulaires
tumultueux	tumultueuse	tumultueux	tumultueuses
tunisien	tunisienne	tunisiens	tunisiennes
turbulent	turbulente	turbulents	turbulentes
turc	turque	turcs	turques
turcophone	turcophone	turcophones	turcophones
turpide	turpide	turpides	turpides
turquoise	turquoise	turquoises	turquoises
tutoral	tutorale	tutorals	tutorales
tutsi	tutsie	tutsis	tutsies
tutélaire	tutélaire	tutélaires	tutélaires
typique	typique	typiques	typiques
typographique	typographique	typographiques	typographiques
typologique	typologique	typologiques	typologiques
tyrannique	tyrannique	tyranniques	tyranniques
tégumentaire	tégumentaire	tégumentaires	tégumentaires
télescopique	télescopique	télescopiques	télescopiques
téléchargeable	téléchargeable	téléchargeables	téléchargeables
télégraphique	télégraphique	télégraphiques	télégraphiques
télégénique	télégénique	télégéniques	télégéniques
télématique	télématique	télématiques	télématiques
télépathique	télépathique	télépathiques	télépathiques
téléphonique	téléphonique	téléphoniques	téléphoniques
télévisuel	télévisuelle	télévisuels	télévisuelles
télévisé	télévisée	télévisés	télévisées
témoin	témoin	témoins	témoins
téméraire	téméraire	téméraires	téméraires
ténu	ténue	ténus	ténues
tétragonal	tétragonale	tétragonaux	tétragonales
tétragone	tétragone	tétragones	tétragones
tétramère	tétramère	tétramères	tétramères
tétraédrique	tétraédrique	tétraédriques	tétraédriques
tôlé	tôlée	tôlés	tôlées
ubiquitaire	ubiquitaire	ubiquitaires	ubiquitaires
ubuesque	ubuesque	ubuesques	ubuesques
ukrainien	ukrainienne	ukrainiens	ukrainiennes
ultime	ultime	ultimes	ultimes
ultraconservateur	ultraconservatrice	ultraconservateurs	ultraconservatrices
ultracourt	ultracourte	ultracourts	ultracourtes
ultralibéral	ultralibérale	ultralibéraux	ultralibérales
ultraminoritaire	ultraminoritaire	ultraminoritaires	ultraminoritaires
ultramoderne	ultramoderne	ultramodernes	ultramodernes
ultranationaliste	ultranationaliste	ultranationalistes	ultranationalistes
ultraviolet	ultraviolette	ultraviolets	ultraviolettes
ultérieur	ultérieure	ultérieurs	ultérieures
unanime	unanime	unanimes	unanimes
uni	unie	unis	unies
uniate	uniate	uniates	uniates
unicaméral	unicamérale	unicaméraux	unicamérales
unicolore	unicolore	unicolores	unicolores
unidimensionnel	unidimensionnelle	unidimensionnels	unidimensionnelles
unidirectionnel	unidirectionnelle	unidirectionnels	unidirectionnelles
unifoliolé	unifoliolée	unifoliolés	unifoliolées
uniforme	uniforme	uniformes	uniformes
unilatéral	unilatérale	unilatéraux	unilatérales
unilingue	unilingue	unilingues	unilingues
uniloculaire	uniloculaire	uniloculaires	uniloculaires
uninervé	uninervée	uninervés	uninervées
unioniste	unioniste	unionistes	unionistes
uniovulé	uniovulée	uniovulés	uniovulées
unipare	unipare	unipares	unipares
unipolaire	unipolaire	unipolaires	unipolaires
unique	unique	uniques	uniques
unisexe	unisexe	unisexes	unisexes
unitaire	unitaire	unitaires	unitaires
universaliste	universaliste	universalistes	universalistes
universel	universelle	universels	universelles
universitaire	universitaire	universitaires	universitaires
univoque	univoque	univoques	univoques
urbain	urbaine	urbains	urbaines
urbanistique	urbanistique	urbanistiques	urbanistiques
urgent	urgente	urgents	urgentes
urgentiste	urgentiste	urgentistes	urgentistes
urinaire	urinaire	urinaires	urinaires
urique	urique	uriques	uriques
ursodésoxycholique	ursodésoxycholique	ursodésoxycholiques	ursodésoxycholiques
urugayen	urugayenne	urugayens	urugayennes
usant	usante	usants	usantes
usuel	usuelle	usuels	usuelles
usufructuaire	usufructuaire	usufructuaires	usufructuaires
usuraire	usuraire	usuraires	usuraires
usurpatoire	usurpatoire	usurpatoires	usurpatoires
utile	utile	utiles	utiles
utilisable	utilisable	utilisables	utilisables
utilitaire	utilitaire	utilitaires	utilitaires
utopique	utopique	utopiques	utopiques
utopiste	utopiste	utopistes	utopistes
utérin	utérine	utérins	utérines
vacant	vacante	vacants	vacantes
vaccinal	vaccinale	vaccinals	vaccinales
vache	vache	vaches	vaches
vacillant	vacillante	vacillants	vacillantes
vaginal	vaginale	vaginaux	vaginales
vague	vague	vagues	vagues
vaillant	vaillante	vaillants	vaillantes
vain	vaine	vains	vaines
vairon	vairone	vairons	vairones
valable	valable	valables	valables
valdôtain	valdôtaine	valdôtains	valdôtaines
valeureux	valeureuse	valeureux	valeureuses
validable	validable	validables	validables
valide	valide	valides	valides
valorisant	valorisante	valorisants	valorisantes
valvaire	valvaire	valvaires	valvaires
valvulaire	valvulaire	valvulaires	valvulaires
valvé	valvée	valvés	valvées
vanillé	vanillée	vanillés	vanillées
vaniteux	vaniteuse	vaniteux	vaniteuses
vaporeux	vaporeuse	vaporeux	vaporeuses
variable	variable	variables	variables
variqueux	variqueuse	variqueux	variqueuses
variétal	variétale	variétaux	variétales
vasculaire	vasculaire	vasculaires	vasculaires
vaseux	vaseuse	vaseux	vaseuses
vasoconstricteur	vasoconstrictrice	vasoconstricteurs	vasoconstrictrices
vasodilatateur	vasodilatatrice	vasodilatateurs	vasodilatatrices
vaste	vaste	vastes	vastes
vaudouiste	vaudouiste	vaudouistes	vaudouistes
vectoriel	vectorielle	vectoriels	vectorielles
vegétal	vegétale	vegétaux	vegétales
veineux	veineuse	veineux	veineuses
veiné	veinée	veinés	veinées
velouté	veloutée	veloutés	veloutées
velu	velue	velus	velues
vendable	vendable	vendables	vendables
vendéen	vendéenne	vendéens	vendéennes
venimeux	venimeuse	venimeux	venimeuses
venteux	venteuse	venteux	venteuses
ventilatoire	ventilatoire	ventilatoires	ventilatoires
ventral	ventrale	ventraux	ventrales
ventriculaire	ventriculaire	ventriculaires	ventriculaires
ventripotent	ventripotente	ventripotents	ventripotentes
ventru	ventrue	ventrus	ventrues
verbal	verbale	verbaux	verbales
verbeux	verbeuse	verbeux	verbeuses
verdoyant	verdoyante	verdoyants	verdoyantes
verdâtre	verdâtre	verdâtres	verdâtres
vergeté	vergetée	vergetés	vergetées
verglacé	verglacée	verglacés	verglacées
verglaçant	verglaçante	verglaçants	verglaçantes
vermeil	vermeille	vermeils	vermeilles
vermiculé	vermiculée	vermiculés	vermiculées
vernaculaire	vernaculaire	vernaculaires	vernaculaires
versatile	versatile	versatiles	versatiles
verseur	verseuse	verseurs	verseuses
vert	verte	verts	vertes
vertdegrisé	vertdegrisée	vertdegrisés	vertdegrisées
vertical	verticale	verticaux	verticales
vertigineux	vertigineuse	vertigineux	vertigineuses
vertueux	vertueuse	vertueux	vertueuses
vertébral	vertébrale	vertébraux	vertébrales
vestibulaire	vestibulaire	vestibulaires	vestibulaires
vestimentaire	vestimentaire	vestimentaires	vestimentaires
veule	veule	veules	veules
vexant	vexante	vexants	vexantes
vexatoire	vexatoire	vexatoires	vexatoires
viable	viable	viables	viables
viager	viagère	viagers	viagères
vibrant	vibrante	vibrants	vibrantes
vibratile	vibratile	vibratiles	vibratiles
vibratoire	vibratoire	vibratoires	vibratoires
vicieux	vicieuse	vicieux	vicieuses
vicinal	vicinale	vicinaux	vicinales
victime	victime	victimes	victimes
victorien	victorienne	victoriens	victoriennes
victorieux	victorieuse	victorieux	victorieuses
vide	vide	vides	vides
vieillissant	vieillissante	vieillissants	vieillissantes
vieillot	vieillotte	vieillots	vieillottes
vierge	vierge	vierges	vierges
vietnamien	vietnamienne	vietnamiens	vietnamiennes
vieux	vieille	vieux	vieilles
vif	vive	vifs	vives
vigilant	vigilante	vigilants	vigilantes
vigoureux	vigoureuse	vigoureux	vigoureuses
vil	vile	vils	viles
vilain	vilaine	vilains	vilaines
villageois	villageoise	villageois	villageoises
villeux	villeuse	villeux	villeuses
vindicatif	vindicative	vindicatifs	vindicatives
vineux	vineuse	vineux	vineuses
vingtième	vingtième	vingtièmes	vingtièmes
vinicole	vinicole	vinicoles	vinicoles
violacé	violacée	violacés	violacées
violent	violente	violents	violentes
violet	violette	violets	violettes
viral	virale	viraux	virales
virginal	virginale	virginaux	virginales
viril	virile	virils	viriles
virologique	virologique	virologiques	virologiques
virtuel	virtuelle	virtuels	virtuelles
virulent	virulente	virulents	virulentes
virémique	virémique	virémiques	virémiques
viscéral	viscérale	viscéraux	viscérales
visible	visible	visibles	visibles
visqueux	visqueuse	visqueux	visqueuses
visuel	visuelle	visuels	visuelles
visuo-spatial	visuo-spatiale	visuo-spatiaux	visuo-spatiales
vital	vitale	vitaux	vitales
viticole	viticole	viticoles	viticoles
vitreux	vitreuse	vitreux	vitreuses
vivable	vivable	vivables	vivables
vivace	vivace	vivaces	vivaces
vivant	vivante	vivants	vivantes
vivifiant	vivifiante	vivifiants	vivifiantes
vivrier	vivrière	vivriers	vivrières
vocal	vocale	vocaux	vocales
voisin	voisine	voisins	voisines
volage	volage	volages	volages
volatil	volatile	volatils	volatiles
volcanique	volcanique	volcaniques	volcaniques
volontaire	volontaire	volontaires	volontaires
volontariste	volontariste	volontaristes	volontaristes
voltairien	voltairienne	voltairiens	voltairiennes
voltaïque	voltaïque	voltaïques	voltaïques
volubile	volubile	volubiles	volubiles
volumineux	volumineuse	volumineux	volumineuses
volumique	volumique	volumiques	volumiques
volumétrique	volumétrique	volumétriques	volumétriques
volémique	volémique	volémiques	volémiques
vomitif	vomitive	vomitifs	vomitives
vorace	vorace	voraces	voraces
vosgien	vosgienne	vosgiens	vosgiennes
voyant	voyante	voyants	voyantes
vrai	vraie	vrais	vraies
vraisemblable	vraisemblable	vraisemblables	vraisemblables
vulgaire	vulgaire	vulgaires	vulgaires
vulnérable	vulnérable	vulnérables	vulnérables
végétal	végétale	végétaux	végétales
végétatif	végétative	végétatifs	végétatives
véhiculaire	véhiculaire	véhiculaires	véhiculaires
véhément	véhémente	véhéments	véhémentes
vélaire	vélaire	vélaires	vélaires
vélivole	vélivole	vélivoles	vélivoles
véloce	véloce	véloces	véloces
vénal	vénale	vénaux	vénales
véniel	vénielle	véniels	vénielles
vénitien	vénitienne	vénitiens	vénitiennes
vénusien	vénusienne	vénusiens	vénusiennes
vénéneux	vénéneuse	vénéneux	vénéneuses
vénérable	vénérable	vénérables	vénérables
vénézuélien	vénézuélienne	vénézuéliens	vénézuéliennes
véreux	véreuse	véreux	véreuses
véridique	véridique	véridiques	véridiques
vérifiable	vérifiable	vérifiables	vérifiables
vérificatif	vérificative	vérificatifs	vérificatives
véritable	véritable	véritables	véritables
vésiculaire	vésiculaire	vésiculaires	vésiculaires
vétilleux	vétilleuse	vétilleux	vétilleuses
vétuste	vétuste	vétustes	vétustes
vétérinaire	vétérinaire	vétérinaires	vétérinaires
vôtre	vôtre	vôtres	vôtres
wafdiste	wafdiste	wafdistes	wafdistes
wallon	wallonne	wallons	wallonnes
wapemba	wapemba	wapembas	wapembas
washingtonien	washingtonienne	washingtoniens	washingtoniennes
wellingtonien	wellingtonienne	wellingtoniens	wellingtoniennes
wiki		wikis	
wisigoth	wisigothe	wisigoths	wisigothes
wisigothique	wisigothique	wisigothiques	wisigothiques
wolof	wolof	wolofs	wolofs
wundtien	wundtienne	wundtiens	wundtiennes
xhosa	xhosa	xhosas	xhosas
xiphoïde	xiphoïde	xiphoïdes	xiphoïdes
xiphoïdien	xiphoïdienne	xiphoïdiens	xiphoïdiennes
xylographique	xylographique	xylographiques	xylographiques
xénophobe	xénophobe	xénophobes	xénophobes
xérohéliophile	xérohéliophile	xérohéliophiles	xérohéliophiles
xérophytique	xérophytique	xérophytiques	xérophytiques
yakoute	yakoute	yakoutes	yakoutes
yoruba	yoruba	yorubas	yorubas
yougoslave	yougoslave	yougoslaves	yougoslaves
zambésien	zambésienne	zambésiens	zambésiennes
zapatiste	zapatiste	zapatistes	zapatistes
zaïrois	zaïroise	zaïrois	zaïroises
zoochore	zoochore	zoochores	zoochores
zoologique	zoologique	zoologiques	zoologiques
zoulou	zouloue	zoulous	zouloues
zygomorphe	zygomorphe	zygomorphes	zygomorphes
zélé	zélée	zélés	zélées
âcre	âcre	âcres	âcres
âgé	âgée	âgés	âgées
ânonnant	ânonnante	ânonnants	ânonnantes
âpre	âpre	âpres	âpres
ébahi	ébahie	ébahis	ébahies
ébaubi	ébaubie	ébaubis	ébaubies
éberlué	éberluée	éberlués	éberluées
ébionite	ébionite	ébionites	ébionites
éblouissant	éblouissante	éblouissants	éblouissantes
ébouriffant	ébouriffante	ébouriffants	ébouriffantes
ébouriffé	ébouriffée	ébouriffés	ébouriffées
ébrieux	ébrieuse	ébrieux	ébrieuses
ébrié	ébriée	ébriés	ébriées
ébroudeur	ébroudeuse	ébroudeurs	ébroudeuses
ébroïcien	ébroïcienne	ébroïciens	ébroïciennes
éburné	éburnée	éburnés	éburnées
éburnéen	éburnéenne	éburnéens	éburnéennes
écailleux	écailleuse	écailleux	écailleuses
écaillé	écaillée	écaillés	écaillées
écarlate	écarlate	écarlates	écarlates
écartelé	écartelée	écartelés	écartelées
écarté	écartée	écartés	écartées
écervelé	écervelée	écervelés	écervelées
échancré	échancrée	échancrés	échancrées
échangeable	échangeable	échangeables	échangeables
échangiste	échangiste	échangistes	échangistes
échantillonné	échantillonnée	échantillonnés	échantillonnées
échappé	échappée	échappés	échappées
échaudé	échaudée	échaudés	échaudées
échauffant	échauffante	échauffants	échauffantes
échauffé	échauffée	échauffés	échauffées
échevelé	échevelée	échevelés	échevelées
échevinal	échevinale	échevinaux	échevinales
échiqueté	échiquetée	échiquetés	échiquetées
échographique	échographique	échographiques	échographiques
échotier	échotière	échotiers	échotières
échu	échue	échus	échues
échéant	échéante	échéants	échéantes
éclairant	éclairante	éclairants	éclairantes
éclaircissant	éclaircissante	éclaircissants	éclaircissantes
éclairé	éclairée	éclairés	éclairées
éclatant	éclatante	éclatants	éclatantes
éclaté	éclatée	éclatés	éclatées
éclectique	éclectique	éclectiques	éclectiques
éclipsant	éclipsante	éclipsants	éclipsantes
écliptique	écliptique	écliptiques	écliptiques
éclopé	éclopée	éclopés	éclopées
éclusier	éclusière	éclusiers	éclusières
écoeurant	écoeurante	écoeurants	écoeurantes
écolier	écolière	écoliers	écolières
écolo	écolo	écolos	écolos
écologique	écologique	écologiques	écologiques
écologiste	écologiste	écologistes	écologistes
économe	économe	économes	économes
économique	économique	économiques	économiques
économiste	économiste	économistes	économistes
économétrique	économétrique	économétriques	économétriques
écorché	écorchée	écorchés	écorchées
écossais	écossaise	écossais	écossaises
écoté	écotée	écotés	écotées
écoutant	écoutante	écoutants	écoutantes
écrasant	écrasante	écrasants	écrasantes
écrasé	écrasée	écrasés	écrasées
écru	écrue	écrus	écrues
écrémé	écrémée	écrémés	écrémées
éculé	éculée	éculés	éculées
écumant	écumante	écumants	écumantes
écumeux	écumeuse	écumeux	écumeuses
édenté	édentée	édentés	édentées
édifiant	édifiante	édifiants	édifiantes
édificateur	édificatrice	édificateurs	édificatrices
édilitaire	édilitaire	édilitaires	édilitaires
édimbourgeois	édimbourgeoise	édimbourgeois	édimbourgeoises
éditeur	éditrice	éditeurs	éditrices
éditiorialiste	éditiorialiste	éditiorialistes	éditiorialistes
éditorial	éditoriale	éditoriaux	éditoriales
éducable	éducable	éducables	éducables
éducateur	éducatrice	éducateurs	éducatrices
éducatif	éducative	éducatifs	éducatives
éducationnel	éducationnelle	éducationnels	éducationnelles
édulcorant	édulcorante	édulcorants	édulcorantes
édénique	édénique	édéniques	édéniques
égaillé	égaillée	égaillés	égaillées
égal	égale	égaux	égales
égalable	égalable	égalables	égalables
égalisant	égalisante	égalisants	égalisantes
égalisateur	égalisatrice	égalisateurs	égalisatrices
égalitaire	égalitaire	égalitaires	égalitaires
égalitariste	égalitariste	égalitaristes	égalitaristes
égaré	égarée	égarés	égarées
égayant	égayante	égayants	égayantes
égocentrique	égocentrique	égocentriques	égocentriques
égotique	égotique	égotiques	égotiques
égotiste	égotiste	égotistes	égotistes
égoïste	égoïste	égoïstes	égoïstes
égreneur	égreneuse	égreneurs	égreneuses
égrillard	égrillarde	égrillards	égrillardes
égrisé	égrisée	égrisés	égrisées
égrotant	égrotante	égrotants	égrotantes
égueulé	égueulée	égueulés	égueulées
égyptien	égyptienne	égyptiens	égyptiennes
égéen	égéenne	égéens	égéennes
éhonté	éhontée	éhontés	éhontées
éjaculateur	éjaculatrice	éjaculateurs	éjaculatrices
éjaculatoire	éjaculatoire	éjaculatoires	éjaculatoires
éjectable	éjectable	éjectables	éjectables
éjecteur	éjectrice	éjecteurs	éjectrices
élaborateur	élaboratrice	élaborateurs	élaboratrices
élaboré	élaborée	élaborés	élaborées
élancé	élancée	élancés	élancées
élastique	élastique	élastiques	élastiques
élavé	élavée	élavés	élavées
élaïdique	élaïdique	élaïdiques	élaïdiques
électif	élective	électifs	électives
électoral	électorale	électoraux	électorales
électoraliste	électoraliste	électoralistes	électoralistes
électrique	électrique	électriques	électriques
électrisable	électrisable	électrisables	électrisables
électrisant	électrisante	électrisants	électrisantes
électro-acoustique	électro-acoustique	électro-acoustiques	électro-acoustiques
électrobiologique	électrobiologique	électrobiologiques	électrobiologiques
électrocapillaire	électrocapillaire	électrocapillaires	électrocapillaires
électrochimique	électrochimique	électrochimiques	électrochimiques
électrocinétique	électrocinétique	électrocinétiques	électrocinétiques
électrodynamique	électrodynamique	électrodynamiques	électrodynamiques
électroencéphalographique	électroencéphalographique	électroencéphalographiques	électroencéphalographiques
électrogène	électrogène	électrogènes	électrogènes
électroluminescent	électroluminescente	électroluminescents	électroluminescentes
électrolysable	électrolysable	électrolysables	électrolysables
électrolytique	électrolytique	électrolytiques	électrolytiques
électromagnétique	électromagnétique	électromagnétiques	électromagnétiques
électromoteur	électromotrice	électromoteurs	électromotrices
électromécanique	électromécanique	électromécaniques	électromécaniques
électronique	électronique	électroniques	électroniques
électronucléaire	électronucléaire	électronucléaires	électronucléaires
électroportatif	électroportative	électroportatifs	électroportatives
électropositif	électropositive	électropositifs	électropositives
électrostatique	électrostatique	électrostatiques	électrostatiques
électrotechnique	électrotechnique	électrotechniques	électrotechniques
éleveur	éleveuse	éleveurs	éleveuses
élevé	élevée	élevés	élevées
éligible	éligible	éligibles	éligibles
éliminateur	éliminatrice	éliminateurs	éliminatrices
éliminatoire	éliminatoire	éliminatoires	éliminatoires
élingué	élinguée	élingués	élinguées
élisabéthain	élisabéthaine	élisabéthains	élisabéthaines
élitaire	élitaire	élitaires	élitaires
élitiste	élitiste	élitistes	élitistes
élogieux	élogieuse	élogieux	élogieuses
éloigné	éloignée	éloignés	éloignées
éloquent	éloquente	éloquents	éloquentes
élu	élue	élus	élues
élusif	élusive	élusifs	élusives
éluvial	éluviale	éluviaux	éluviales
éluvionnaire	éluvionnaire	éluvionnaires	éluvionnaires
élyséen	élyséenne	élyséens	élyséennes
éléate	éléate	éléates	éléates
éléatique	éléatique	éléatiques	éléatiques
élégant	élégante	élégants	élégantes
élégiaque	élégiaque	élégiaques	élégiaques
élémentaire	élémentaire	élémentaires	élémentaires
éléphantesque	éléphantesque	éléphantesques	éléphantesques
éléphantiasique	éléphantiasique	éléphantiasiques	éléphantiasiques
éléphantin	éléphantine	éléphantins	éléphantines
élévateur	élévatrice	élévateurs	élévatrices
élévatoire	élévatoire	élévatoires	élévatoires
émacié	émaciée	émaciés	émaciées
émancipateur	émancipatrice	émancipateurs	émancipatrices
émancipé	émancipée	émancipés	émancipées
émarginé	émarginée	émarginés	émarginées
émergent	émergente	émergents	émergentes
émergé	émergée	émergés	émergées
émerillonné	émerillonnée	émerillonnés	émerillonnées
émetteur	émettrice	émetteurs	émettrices
émigrant	émigrante	émigrants	émigrantes
émigré	émigrée	émigrés	émigrées
éminent	éminente	éminents	éminentes
éminentissime	éminentissime	éminentissimes	éminentissimes
émissaire	émissaire	émissaires	émissaires
émissif	émissive	émissifs	émissives
émollient	émolliente	émollients	émollientes
émotif	émotive	émotifs	émotives
émotionnable	émotionnable	émotionnables	émotionnables
émotionnant	émotionnante	émotionnants	émotionnantes
émotionnel	émotionnelle	émotionnels	émotionnelles
émoulu	émoulue	émoulus	émoulues
émoustillant	émoustillante	émoustillants	émoustillantes
émouvant	émouvante	émouvants	émouvantes
ému	émue	émus	émues
émulsif	émulsive	émulsifs	émulsives
émulsifiable	émulsifiable	émulsifiables	émulsifiables
émulsionnable	émulsionnable	émulsionnables	émulsionnables
émulsionnant	émulsionnante	émulsionnants	émulsionnantes
éméché	éméchée	éméchés	éméchées
émérite	émérite	émérites	émérites
émétique	émétique	émétiques	émétiques
énantiomorphe	énantiomorphe	énantiomorphes	énantiomorphes
énantiotrope	énantiotrope	énantiotropes	énantiotropes
énarque	énarque	énarques	énarques
énergique	énergique	énergiques	énergiques
énergisant	énergisante	énergisants	énergisantes
énergivore	énergivore	énergivores	énergivores
énergétique	énergétique	énergétiques	énergétiques
énervant	énervante	énervants	énervantes
énervé	énervée	énervés	énervées
énigmatique	énigmatique	énigmatiques	énigmatiques
énième	énième	énièmes	énièmes
énonciatif	énonciative	énonciatifs	énonciatives
énorme	énorme	énormes	énormes
énormissime	énormissime	énormissimes	énormissimes
énumérable	énumérable	énumérables	énumérables
énumératif	énumérative	énumératifs	énumératives
énurétique	énurétique	énurétiques	énurétiques
éocène	éocène	éocènes	éocènes
éolien	éolienne	éoliens	éoliennes
éosinophile	éosinophile	éosinophiles	éosinophiles
épais	épaisse	épais	épaisses
épaississant	épaississante	épaississants	épaississantes
épaississeur			
épanoui	épanouie	épanouis	épanouies
épanouissant	épanouissante	épanouissants	épanouissantes
épargnant	épargnante	épargnants	épargnantes
épars	éparse	épars	éparses
épatant	épatante	épatants	épatantes
épateur	épateuse	épateurs	épateuses
épaté	épatée	épatés	épatées
épeirogénique	épeirogénique	épeirogéniques	épeirogéniques
épenthétique	épenthétique	épenthétiques	épenthétiques
éperdu	éperdue	éperdus	éperdues
épeuré	épeurée	épeurés	épeurées
éphémère	éphémère	éphémères	éphémères
épicrânien	épicrânienne	épicrâniens	épicrâniennes
épicurien	épicurienne	épicuriens	épicuriennes
épicycloïdal	épicycloïdale	épicycloïdaux	épicycloïdales
épicène	épicène	épicènes	épicènes
épicé	épicée	épicés	épicées
épidermique	épidermique	épidermiques	épidermiques
épidémiologique	épidémiologique	épidémiologiques	épidémiologiques
épidémique	épidémique	épidémiques	épidémiques
épigastrique	épigastrique	épigastriques	épigastriques
épigrammatique	épigrammatique	épigrammatiques	épigrammatiques
épigraphique	épigraphique	épigraphiques	épigraphiques
épigyne	épigyne	épigynes	épigynes
épigé	épigée	épigés	épigées
épilatoire	épilatoire	épilatoires	épilatoires
épileptiforme	épileptiforme	épileptiformes	épileptiformes
épileptique	épileptique	épileptiques	épileptiques
épineux	épineuse	épineux	épineuses
épinglé	épinglée	épinglés	épinglées
épiphane	épiphane	épiphanes	épiphanes
épiphyte	épiphyte	épiphytes	épiphytes
épiphénoméniste	épiphénoméniste	épiphénoménistes	épiphénoménistes
épique	épique	épiques	épiques
épirogénique	épirogénique	épirogéniques	épirogéniques
épirote	épirote	épirotes	épirotes
épiscopal	épiscopale	épiscopaux	épiscopales
épisodique	épisodique	épisodiques	épisodiques
épistolaire	épistolaire	épistolaires	épistolaires
épistémologique	épistémologique	épistémologiques	épistémologiques
épithète	épithète	épithètes	épithètes
épithélial	épithéliale	épithéliaux	épithéliales
épizootique	épizootique	épizootiques	épizootiques
éploré	éplorée	éplorés	éplorées
éplucheur	éplucheuse	éplucheurs	éplucheuses
épointé	épointée	épointés	épointées
éponyme	éponyme	éponymes	éponymes
époustouflant	époustouflante	époustouflants	époustouflantes
époustouflé	époustouflée	époustouflés	époustouflées
épouvantable	épouvantable	épouvantables	épouvantables
épouvanté	épouvantée	épouvantés	épouvantées
époxyde	époxyde	époxydes	époxydes
épris	éprise	épris	éprises
éprouvant	éprouvante	éprouvants	éprouvantes
éprouvé	éprouvée	éprouvés	éprouvées
épuisable	épuisable	épuisables	épuisables
épuisant	épuisante	épuisants	épuisantes
épuisé	épuisée	épuisés	épuisées
épurateur	épuratrice	épurateurs	épuratrices
épuratif	épurative	épuratifs	épuratives
épuratoire	épuratoire	épuratoires	épuratoires
épuré	épurée	épurés	épurées
équatorial	équatoriale	équatoriaux	équatoriales
équatorien	équatorienne	équatoriens	équatoriennes
équestre	équestre	équestres	équestres
équiangle	équiangle	équiangles	équiangles
équidistant	équidistante	équidistants	équidistantes
équilatère	équilatère	équilatères	équilatères
équilatéral	équilatérale	équilatéraux	équilatérales
équilibrant	équilibrante	équilibrants	équilibrantes
équilibré	équilibrée	équilibrés	équilibrées
équimoléculaire	équimoléculaire	équimoléculaires	équimoléculaires
équimultiple	équimultiple	équimultiples	équimultiples
équin	équine	équins	équines
équinoxial	équinoxiale	équinoxiaux	équinoxiales
équipollent	équipollente	équipollents	équipollentes
équipollé	équipollée	équipollés	équipollées
équipolé	équipolée	équipolés	équipolées
équipotent	équipotente	équipotents	équipotentes
équipotentiel	équipotentielle	équipotentiels	équipotentielles
équiprobable	équiprobable	équiprobables	équiprobables
équipé	équipée	équipés	équipées
équitable	équitable	équitables	équitables
équitant	équitante	équitants	équitantes
équivalent	équivalente	équivalents	équivalentes
équivoque	équivoque	équivoques	équivoques
éraillé	éraillée	éraillés	éraillées
érecteur	érectrice	érecteurs	érectrices
érectile	érectile	érectiles	érectiles
éreintant	éreintante	éreintants	éreintantes
éreinteur	éreinteuse	éreinteurs	éreinteuses
éreinté	éreintée	éreintés	éreintées
éristique	éristique	éristiques	éristiques
érogène	érogène	érogènes	érogènes
érosif	érosive	érosifs	érosives
érotique	érotique	érotiques	érotiques
érotomane	érotomane	érotomanes	érotomanes
érotomaniaque	érotomaniaque	érotomaniaques	érotomaniaques
érubescent	érubescente	érubescents	érubescentes
éruciforme	éruciforme	éruciformes	éruciformes
érudit	érudite	érudits	érudites
érugineux	érugineuse	érugineux	érugineuses
éruptif	éruptive	éruptifs	éruptives
érysipélateux	érysipélateuse	érysipélateux	érysipélateuses
érythrocytaire	érythrocytaire	érythrocytaires	érythrocytaires
érythropoïétique	érythropoïétique	érythropoïétiques	érythropoïétiques
érythréen	érythréenne	érythréens	érythréennes
érythémateux	érythémateuse	érythémateux	érythémateuses
érémitique	érémitique	érémitiques	érémitiques
érésipélateux	érésipélateuse	érésipélateux	érésipélateuses
ésotérique	ésotérique	ésotériques	ésotériques
établi	établie	établis	établies
étale	étale	étales	étales
étalier	étalière	étaliers	étalières
étanche	étanche	étanches	étanches
étasunien	étasunienne	étasuniens	étasuniennes
étatique	étatique	étatiques	étatiques
étatiste	étatiste	étatistes	étatistes
éteint	éteinte	éteints	éteintes
étendu	étendue	étendus	étendues
éternel	éternelle	éternels	éternelles
éthiopien	éthiopienne	éthiopiens	éthiopiennes
éthique	éthique	éthiques	éthiques
éthologique	éthologique	éthologiques	éthologiques
éthylique	éthylique	éthyliques	éthyliques
éthylénique	éthylénique	éthyléniques	éthyléniques
éthéromane	éthéromane	éthéromanes	éthéromanes
éthéré	éthérée	éthérés	éthérées
étincelant	étincelante	étincelants	étincelantes
étiologique	étiologique	étiologiques	étiologiques
étiolé	étiolée	étiolés	étiolées
étique	étique	étiques	étiques
étiqueté	étiquetée	étiquetés	étiquetées
étirable	étirable	étirables	étirables
étireur	étireuse	étireurs	étireuses
étoffé	étoffée	étoffés	étoffées
étoilé	étoilée	étoilés	étoilées
étonnant	étonnante	étonnants	étonnantes
étonné	étonnée	étonnés	étonnées
étouffant	étouffante	étouffants	étouffantes
étouffé	étouffée	étouffés	étouffées
étourdi	étourdie	étourdis	étourdies
étourdissant	étourdissante	étourdissants	étourdissantes
étrange	étrange	étranges	étranges
étranger	étrangère	étrangers	étrangères
étrangleur	étrangleuse	étrangleurs	étrangleuses
étranglé	étranglée	étranglés	étranglées
étriqué	étriquée	étriqués	étriquées
étroit	étroite	étroits	étroites
étrusque	étrusque	étrusques	étrusques
étudiant	étudiante	étudiants	étudiantes
étymologique	étymologique	étymologiques	étymologiques
étésien	étésienne	étésiens	étésiennes
évacuant	évacuante	évacuants	évacuantes
évacuateur	évacuatrice	évacuateurs	évacuatrices
évacué	évacuée	évacués	évacuées
évadé	évadée	évadés	évadées
évaluable	évaluable	évaluables	évaluables
évaluatif	évaluative	évaluatifs	évaluatives
évanescent	évanescente	évanescents	évanescentes
évangélique	évangélique	évangéliques	évangéliques
évangélisateur	évangélisatrice	évangélisateurs	évangélisatrices
évangéliste	évangéliste	évangélistes	évangélistes
évanoui	évanouie	évanouis	évanouies
évaporable	évaporable	évaporables	évaporables
évaporatoire	évaporatoire	évaporatoires	évaporatoires
évaporé	évaporée	évaporés	évaporées
évasif	évasive	évasifs	évasives
évasé	évasée	évasés	évasées
éveillé	éveillée	éveillés	éveillées
éventuel	éventuelle	éventuels	éventuelles
éventé	éventée	éventés	éventées
évident	évidente	évidents	évidentes
évidé	évidée	évidés	évidées
évitable	évitable	évitables	évitables
évocable	évocable	évocables	évocables
évocateur	évocatrice	évocateurs	évocatrices
évocatoire	évocatoire	évocatoires	évocatoires
évolutif	évolutive	évolutifs	évolutives
évolutionniste	évolutionniste	évolutionnistes	évolutionnistes
évolué	évoluée	évolués	évoluées
événementiel	événementielle	événementiels	événementielles
îlien	îlienne	îliens	îliennes
