4x4	m	4x4
abaca	m	abacas
abacule	m	abacules
abaisse	f	abaisses
abaisse-langue	m	abaisse-langue
abaissement	m	abaissements
abaisseur	m	abaisseurs
abaissée	f	abaissées
abajoue	f	abajoues
abalourdissement	m	abalourdissements
abandon	m	abandons
abandonnement	m	abandonnements
abandonné	m	abandonnés
abandonnée	f	abandonnées
abaque	m	abaques
abasourdissement	m	abasourdissements
abat	m	abats
abat-foin	m	abat-foin
abat-jour	m	abat-jour
abat-vent	m	abat-vent
abat-voix	m	abat-voix
abatage	m	abatages
abatant	m	abatants
abattage	m	abattages
abattant	m	abattants
abattement	m	abattements
abatteur	m	abatteurs
abattis	m	abattis
abattoir	m	abattoirs
abattu	m	abattus
abatture	f	abattures
abattée	f	abattées
abatée	f	abatées
abbatiale	f	abbatiales
abbattage	m	abbattages
abbattement	m	abbattements
abbaye	f	abbayes
abbesse	f	abbesses
abbevillien	m	abbevilliens
abbevillienne	f	abbevilliennes
abbé	m	abbés
abcès	m	abcès
abcédation	f	abcédations
abdication	f	abdications
abdomen	m	abdomens
abducteur	m	abducteurs
abduction	f	abductions
abecquement	m	abecquements
abeille	f	abeilles
aber	m	abers
aberrance	f	aberrances
aberration	f	aberrations
abhorration	f	abhorrations
abiétinée	f	abiétinées
abjection	f	abjections
abjuration	f	abjurations
ablatif	m	ablatifs
ablation	f	ablations
able	m	ables
ableret	m	ablerets
ablette	f	ablettes
ablier	m	abliers
ablocage	m	ablocages
ablution	f	ablutions
ablégat	m	ablégats
abnégation	f	abnégations
aboi	m	abois
aboiement	m	aboiements
abolissement	m	abolissements
abolition	f	abolitions
abolitionnisme	m	abolitionnismes
abomination	f	abominations
abondement	m	abondements
abonnage	m	abonnages
abonnement	m	abonnements
abonnissement	m	abonnissements
abonné	m	abonnés
abonnée	f	abonnées
abord	m	abords
abordage	m	abordages
abordement	m	abordements
abornage	m	abornages
abornement	m	abornements
abortif	m	abortifs
abot	m	abots
abouchage	m	abouchages
abouchement	m	abouchements
aboulie	f	aboulies
about	m	abouts
aboutage	m	aboutages
aboutement	m	aboutements
aboutissement	m	aboutissements
aboyeur	m	aboyeurs
aboyeuse	f	aboyeuses
abrasage	m	abrasages
abrasement	m	abrasements
abrasif	m	abrasifs
abrasion	f	abrasions
abreuvage	m	abreuvages
abreuvement	m	abreuvements
abreuvoir	m	abreuvoirs
abri	m	abris
abri-sous-roche	m	abris-sous-roche
abricot	m	abricots
abricotier	m	abricotiers
abricoté	m	abricotés
abritement	m	abritements
abrivent	m	abrivents
abrogation	f	abrogations
abroutissement	m	abroutissements
abrupt	m	abrupts
abruti	m	abrutis
abrutie	f	abruties
abrutissement	m	abrutissements
abrègement	m	abrègements
abréaction	f	abréactions
abrégement	m	abrégements
abrégé	m	abrégés
abréviation	f	abréviations
abscisse	f	abscisses
absconse	f	absconses
absence	f	absences
absent	m	absents
absente	f	absentes
absentéisme	m	absentéismes
abside	f	absides
absidiole	f	absidioles
absinthage	m	absinthages
absinthe	f	absinthes
absinthisme	m	absinthismes
absolu	m	absolus
absolue	f	absolues
absolution	f	absolutions
absolutisation	f	absolutisations
absolutisme	m	absolutismes
absorbant	m	absorbants
absorbation	f	absorbations
absorbeur	m	absorbeurs
absorption	f	absorptions
absorptivité	f	absorptivités
absoute	f	absoutes
abstention	f	abstentions
abstentionnisme	m	abstentionnismes
abstersion	f	abstersions
abstinence	f	abstinences
abstinent	m	abstinents
abstinente	f	abstinentes
abstraction	f	abstractions
abstractionnisme	m	abstractionnismes
abstrait	m	abstraits
absurde	m	absurdes
absurdité	f	absurdités
abu	m	abu
abus	m	abus
abusement	m	abusements
abuseur	m	abuseurs
abuseuse	f	abuseuses
abyme	m	abymes
abysse	m	abysses
abyssin	m	abyssins
abyssine	f	abyssines
abyssinien	m	abyssiniens
abyssinienne	f	abyssiniennes
abâtardissement	m	abâtardissements
abèchement	m	abèchements
abéchement	m	abéchements
abécédaire	m	abécédaires
abée	f	abées
abêtissement	m	abêtissements
abîme	m	abîmes
abîmement	m	abîmements
acabit	m	acabits
acacia	m	acacias
académicien	m	académiciens
académicienne	f	académiciennes
académie	f	académies
académisme	m	académismes
acajou	m	acajous
acalèphe	m	acalèphes
acanthacée	f	acanthacées
acanthe	f	acanthes
acanthocéphale	m	acanthocéphales
acanthoptérygien	m	acanthoptérygiens
acanthoptérygienne	f	acanthoptérygiennes
acarien	m	acariens
acariâtreté	f	acariâtretés
acarus	m	acarus
accablement	m	accablements
accalmie	f	accalmies
accaparation	f	accaparations
accaparement	m	accaparements
accapareur	m	accapareurs
accapareuse	f	accapareuses
accensement	m	accensements
accensinement	m	accensinements
accent	m	accents
accentuation	f	accentuations
acceptabilité	f	acceptabilités
acceptant	m	acceptants
acceptante	f	acceptantes
acceptation	f	acceptations
accepteur	m	accepteurs
acception	f	acceptions
accessibilité	f	accessibilités
accession	f	accessions
accessit	m	accessits
accessoire	m	accessoires
accessoirisation	f	accessoirisations
accident	m	accidents
accidentologie	f	accidentologies
accipiens	m	accipiens
accise	f	accises
acclamation	f	acclamations
acclimatation	f	acclimatations
acclimatement	m	acclimatements
acclimation	f	acclimations
accointance	f	accointances
accointement	m	accointements
accoisement	m	accoisements
accolade	f	accolades
accolage	m	accolages
accolement	m	accolements
accolerie	f	accoleries
accommodage	m	accommodages
accommodat	m	accommodats
accommodation	f	accommodations
accommodement	m	accommodements
accompagnant	m	accompagnants
accompagnante	f	accompagnantes
accompagnateur	m	accompagnateurs
accompagnatrice	f	accompagnatrices
accompagnement	m	accompagnements
accompli	m	accomplis
accomplissement	m	accomplissements
accorage	m	accorages
accord	m	accords
accordage	m	accordages
accordaille	f	accordailles
accordement	m	accordements
accordeur	m	accordeurs
accordoir	m	accordoirs
accordé	m	accordés
accordée	f	accordées
accordéon	m	accordéons
accore	f	accores
accostage	m	accostages
accostement	m	accostements
accot	m	accots
accotement	m	accotements
accotoir	m	accotoirs
accouchement	m	accouchements
accoucheur	m	accoucheurs
accoucheuse	f	accoucheuses
accouchée	f	accouchées
accoudement	m	accoudements
accoudoir	m	accoudoirs
accouplage	m	accouplages
accouple	f	accouples
accouplement	m	accouplements
accourcissement	m	accourcissements
accoutrement	m	accoutrements
accoutumance	f	accoutumances
accoutumée	f	accoutumées
accouvage	m	accouvages
accroc	m	accrocs
accrochage	m	accrochages
accroche	f	accroches
accroche-coeur	m	accroche-coeur
accrochement	m	accrochements
accrocheur	m	accrocheurs
accrocheuse	f	accrocheuses
accroissement	m	accroissements
accroupissement	m	accroupissements
accru	m	accrus
accrue	f	accrues
accréditation	f	accréditations
accréditement	m	accréditements
accréditeur	m	accréditeurs
accréditif	m	accréditifs
accrédité	m	accrédités
accréditée	f	accréditées
accrétion	f	accrétions
accu	m	accus
accueil	m	accueils
accueillement	m	accueillements
acculage	m	acculages
acculturation	f	acculturations
acculée	f	acculées
accumulateur	m	accumulateurs
accumulation	f	accumulations
accusateur	m	accusateurs
accusatrice	f	accusatrices
accusatif	m	accusatifs
accusation	f	accusations
accusé	m	accusés
accusée	f	accusées
accès	m	accès
accédant	m	accédants
accélérateur	m	accélérateurs
accélération	f	accélérations
accélérographe	m	accélérographes
accéléromètre	m	accéléromètres
accéléré	m	accélérés
ace	m	aces
acensement	m	acensements
acerbité	f	acerbités
acescence	f	acescences
achaine	m	achaines
achalandage	m	achalandages
achalandement	m	achalandements
achalasie	f	achalasies
achard	m	achards
acharisme	m	acharismes
acharnement	m	acharnements
acharné	m	acharnés
acharnée	f	acharnées
achat	m	achats
ache	f	aches
acheminement	m	acheminements
acheteur	m	acheteurs
acheteuse	f	acheteuses
acheuléen	m	acheuléens
achevage	m	achevages
achevé	m	achevés
achigan	m	achigans
achillée	f	achillées
acholie	f	acholies
achondroplasie	f	achondroplasies
achoppement	m	achoppements
achromat	m	achromats
achromaticité	f	achromaticités
achromatisation	f	achromatisations
achromatisme	m	achromatismes
achromatopsie	f	achromatopsies
achromie	f	achromies
achylie	f	achylies
achète	m	achètes
achèvement	m	achèvements
achéen	m	achéens
achéenne	f	achéennes
acidalie	f	acidalies
acide	m	acides
acidifiant	m	acidifiants
acidification	f	acidifications
acidimètre	m	acidimètres
acidimétrie	f	acidimétries
acidité	f	acidités
acidocétose	f	acidocétoses
acidose	f	acidoses
acidulation	f	acidulations
acier	m	aciers
acinus	m	acinus
acinésie	f	acinésies
aciérage	m	aciérages
aciération	f	aciérations
aciérie	f	aciéries
acmite	f	acmites
acmé	m	acmés
acméisme	m	acméismes
acné	f	acnés
acolytat	m	acolytats
acompte	m	acomptes
acon	m	acons
aconage	m	aconages
aconier	m	aconiers
aconit	m	aconits
aconitine	f	aconitines
acoquinage	m	acoquinages
acoquinement	m	acoquinements
acore	m	acores
acotylédone	f	acotylédones
acoumètre	m	acoumètres
acoumétrie	f	acoumétries
acouphène	m	acouphènes
acousticien	m	acousticiens
acousticienne	f	acousticiennes
acoustique	f	acoustiques
acquiescement	m	acquiescements
acquiescence	f	acquiescences
acquis	m	acquis
acquisition	f	acquisitions
acquit	m	acquits
acquitement	m	acquitements
acquittement	m	acquittements
acquitté	m	acquittés
acquittée	f	acquittées
acquéreur	m	acquéreurs
acquêt	m	acquêts
acridien	m	acridiens
acrimonie	f	acrimonies
acrobatie	f	acrobaties
acrocyanose	f	acrocyanoses
acrocéphalie	f	acrocéphalies
acrodynie	f	acrodynies
acroléine	f	acroléines
acromion	m	acromions
acromégalie	f	acromégalies
acromégalisation	f	acromégalisations
acron	m	acrons
acronyme	m	acronymes
acrophobie	f	acrophobies
acropole	f	acropoles
acrostiche	m	acrostiches
acrotère	m	acrotères
acrylique	m	acryliques
actant	m	actants
acte	m	actes
acteur	m	acteurs
actrice	f	actrices
actif	m	actifs
active	f	actives
actine	f	actines
acting	m	actings
actiniaire	m	actiniaires
actinide	m	actinides
actinie	f	actinies
actinisme	m	actinismes
actinite	f	actinites
actinium	m	actiniums
actinologie	f	actinologies
actinomycine	f	actinomycines
actinomycose	f	actinomycoses
actinomycète	m	actinomycètes
actinomètre	m	actinomètres
actinométrie	f	actinométries
actinopode	m	actinopodes
actinoscopie	f	actinoscopies
actinote	f	actinotes
actinothérapie	f	actinothérapies
action	f	actions
actionnalisme	m	actionnalismes
actionnariat	m	actionnariats
actionnement	m	actionnements
actionneur	m	actionneurs
activant	m	activants
activateur	m	activateurs
activation	f	activations
active	f	actives
activeur	m	activeurs
activisme	m	activismes
activité	f	activités
actualisation	f	actualisations
actualité	f	actualités
actuariat	m	actuariats
actuateur	m	actuateurs
actuation	f	actuations
actée	f	actées
acuité	f	acuités
aculéate	m	aculéates
acuponcteur	m	acuponcteurs
acuponctrice	f	acuponctrices
acuponcture	f	acuponctures
acupuncteur	m	acupuncteurs
acupunctrice	f	acupunctrices
acupuncture	f	acupunctures
acyle	m	acyles
acylium	m	acylium
acéphale	m	acéphales
acétamide	m	acétamides
acétaminophène	m	acétaminophènes
acétate	m	acétates
acétification	f	acétifications
acétobacter	m	acétobacters
acétone	f	acétones
acétonurie	f	acétonuries
acétonémie	f	acétonémies
acétylation	f	acétylations
acétylcholine	f	acétylcholines
acétyle	m	acétyles
acétylisation	f	acétylisations
acétylure	m	acétylures
acétylène	m	acétylènes
adage	m	adages
adagio	m	adagios
adamien	m	adamiens
adamisme	m	adamismes
adamite	f	adamites
adaptabilité	f	adaptabilités
adaptateur	m	adaptateurs
adaptatrice	f	adaptatrices
adaptation	f	adaptations
addax	m	addax
addenda	m	addenda
addendum	m	addendums
addiction	f	addictions
additif	m	additifs
addition	f	additions
additionnement	m	additionnements
additionneur	m	additionneurs
adducteur	m	adducteurs
adduction	f	adductions
adent	m	adents
adermine	f	adermines
adhérence	f	adhérences
adhérent	m	adhérents
adhérente	f	adhérentes
adhésif	m	adhésifs
adhésion	f	adhésions
adhésivité	f	adhésivités
adiabatique	f	adiabatiques
adiantum	m	adiantums
adiaphorèse	f	adiaphorèses
adieu	m	adieux
adipolyse	f	adipolyses
adipopexie	f	adipopexies
adipose	f	adiposes
adiposité	f	adiposités
adipsie	f	adipsies
adjectif	m	adj..
adjectivateur	m	adjectivateurs
adjectivation	f	adjectivations
adjoint	m	adjoints
adjointe	f	adjointes
adjonction	f	adjonctions
adjudant	m	adjudants
adjudant-chef	m	adjudants-chefs
adjudicateur	m	adjudicateurs
adjudicatrice	f	adjudicatrices
adjudication	f	adjudications
adjuration	f	adjurations
adjuvance	f	adjuvances
adjuvant	m	adjuvants
adjuvat	m	adjuvats
adminicule	m	adminicules
administrance	f	administrances
administrateur	m	administrateurs
administratrice	f	administratrices
administratif	m	administratifs
administrative	f	administratives
administration	f	administrations
administré	m	administrés
administrée	f	administrées
admirateur	m	admirateurs
admiratrice	f	admiratrices
admiration	f	admirations
admis	m	admis
admise	f	admises
admissibilité	f	admissibilités
admission	f	admissions
admittance	f	admittances
admittatur	m	admittaturs
admixtion	f	admixtions
admonestation	f	admonestations
admonition	f	admonitions
admonétation	f	admonétations
adobe	m	adobes
adolescence	f	adolescences
adolescent	m	adolescents
adolescente	f	adolescentes
adoptant	m	adoptants
adoptante	f	adoptantes
adoptianisme	m	adoptianismes
adoptif	m	adoptifs
adoptive	f	adoptives
adoption	f	adoptions
adopté	m	adoptés
adoptée	f	adoptées
adorant	m	adorants
adorateur	m	adorateurs
adoratrice	f	adoratrices
adoration	f	adorations
adornement	m	adornements
adoré	m	adorés
adorée	f	adorées
ados	m	ados
adossement	m	adossements
adoubement	m	adoubements
adoublement	m	adoublements
adouci	m	adoucis
adoucissage	m	adoucissages
adoucissant	m	adoucissants
adoucissement	m	adoucissements
adoucisseur	m	adoucisseurs
adragante	f	adragantes
adressage	m	adressages
adresse	f	adresses
adret	m	adrets
adrénaline	f	adrénalines
adrénergique	m	adrénergiques
adsl	m	adsl
adsorbant	m	adsorbants
adsorbat	m	adsorbats
adsorption	f	adsorptions
adstrat	m	adstrats
adulaire	f	adulaires
adulateur	m	adulateurs
adulatrice	f	adulatrices
adulation	f	adulations
adultisme	m	adultismes
adultère	m	adultères
adultération	f	adultérations
adustion	f	adustions
advection	f	advections
adverbe	m	adv..
adverbialisation	f	adverbialisations
adversité	f	adversités
advènement	m	advènements
adynamie	f	adynamies
adèle	f	adèles
adénite	f	adénites
adénocarcinome	m	adénocarcinomes
adénogramme	m	adénogrammes
adénomatose	f	adénomatoses
adénome	m	adénomes
adénopathie	f	adénopathies
adénosine	f	adénosines
adénovirus	m	adénovirus
adénoïdectomie	f	adénoïdectomies
adénylate	m	adénylates
adéquation	f	adéquations
aegagropile	m	aegagropiles
aegosome	m	aegosomes
aepyornis	m	aepyornis
aeschne	f	aeschnes
aethusa	f	aethusas
affabilité	f	affabilités
affabulateur	m	affabulateurs
affabulatrice	f	affabulatrices
affabulation	f	affabulations
affacturage	m	affacturages
affactureur	m	affactureurs
affadissement	m	affadissements
affaiblissement	m	affaiblissements
affaiblisseur	m	affaiblisseurs
affairage	m	affairages
affaire	f	affaires
affairement	m	affairements
affairisme	m	affairismes
affairé	m	affairés
affairée	f	affairées
affaissement	m	affaissements
affaitage	m	affaitages
affaitement	m	affaitements
affaiteur	m	affaiteurs
affalage	m	affalages
affale	f	affales
affalement	m	affalements
affamation	f	affamations
affamement	m	affamements
affameur	m	affameurs
affameuse	f	affameuses
affamé	m	affamés
affamée	f	affamées
affect	m	affects
affectation	f	affectations
affectif	m	affectifs
affective	f	affectives
affection	f	affections
affectivité	f	affectivités
affecté	m	affectés
affectée	f	affectées
affenage	m	affenages
affermage	m	affermages
affermissement	m	affermissements
affichage	m	affichages
affiche	f	affiches
affichette	f	affichettes
afficheur	m	afficheurs
afficheuse	f	afficheuses
affidation	f	affidations
affidavit	m	affidavits
affidé	m	affidés
affidée	f	affidées
affilage	m	affilages
affileur	m	affileurs
affiliation	f	affiliations
affilié	m	affiliés
affiliée	f	affiliées
affiloir	m	affiloirs
affilée	f	affilées
affinage	m	affinages
affination	f	affinations
affinement	m	affinements
affineur	m	affineurs
affinité	f	affinités
affiquet	m	affiquets
affirmation	f	affirmations
affirmative	f	affirmatives
affleurage	m	affleurages
affleurement	m	affleurements
affleurée	f	affleurées
affliction	f	afflictions
affligement	m	affligements
affligé	m	affligés
affligée	f	affligées
afflouage	m	afflouages
affluence	f	affluences
affluent	m	affluents
afflux	m	afflux
affolement	m	affolements
affolé	m	affolés
affolée	f	affolées
afforage	m	afforages
affouage	m	affouages
affouagement	m	affouagements
affouillement	m	affouillements
affouragement	m	affouragements
affourchage	m	affourchages
affourche	f	affourches
affourchement	m	affourchements
affourragement	m	affourragements
affranchi	m	affranchis
affranchie	f	affranchies
affranchissement	m	affranchissements
affreux	m	affreux
affreuse	f	affreuses
affriolage	m	affriolages
affriolement	m	affriolements
affriquée	f	affriquées
affront	m	affronts
affrontation	f	affrontations
affrontement	m	affrontements
affronterie	f	affronteries
affrètement	m	affrètements
affréteur	m	affréteurs
affublement	m	affublements
affurage	m	affurages
affusion	f	affusions
afféage	m	afféages
afféagement	m	afféagements
afféterie	f	afféteries
affût	m	affûts
affûtage	m	affûtages
affûtement	m	affûtements
affûteur	m	affûteurs
affûteuse	f	affûteuses
afghan	m	afghans
afghane	f	afghanes
aficionado	m	aficionados
africain	m	africains
africaine	f	africaines
africanisation	f	africanisations
africanisme	m	africanismes
africanité	f	africanités
afrikaans	m	afrikaans
agace	f	agaces
agacement	m	agacements
agacerie	f	agaceries
agalactie	f	agalacties
agami	m	agamis
agamie	f	agamies
agamète	f	agamètes
agar	m	agars
agar-agar	m	agar-agar
agaric	m	agarics
agaricacée	f	agaricacées
agate	f	agates
agave	m	agaves
agavé	m	agavés
age	m	ages
agence	f	agences
agencement	m	agencements
agenda	m	agendas
agenouillage	m	agenouillages
agenouillement	m	agenouillements
agenouilloir	m	agenouilloirs
aggiornamento	m	aggiornamentos
agglomérant	m	agglomérants
agglomérat	m	agglomérats
agglomération	f	agglomérations
aggloméré	m	agglomérés
agglutination	f	agglutinations
agglutinement	m	agglutinements
aggravation	f	aggravations
aggravement	m	aggravements
agha	m	aghas
agilité	f	agilités
agio	m	agios
agiotage	m	agiotages
agioteur	m	agioteurs
agissement	m	agissements
agitage	m	agitages
agitateur	m	agitateurs
agitatrice	f	agitatrices
agitation	f	agitations
agitement	m	agitements
agité	m	agités
agitée	f	agitées
aglyphe	m	aglyphes
agnat	m	agnats
agnathe	m	agnathes
agneau	m	agneaux
agnelage	m	agnelages
agnelet	m	agnelets
agnelin	m	agnelins
agneline	f	agnelines
agnellement	m	agnellements
agnelée	f	agnelées
agnosie	f	agnosies
agnosticisme	m	agnosticismes
agnèlement	m	agnèlements
agonie	f	agonies
agonisant	m	agonisants
agonisante	f	agonisantes
agoniste	m	agonistes
agora	f	agoras
agoraphobie	f	agoraphobies
agouti	m	agoutis
agrafage	m	agrafages
agrafe	f	agrafes
agrafeur	f	agrafeurs
agrafeuse	f	agrafeuses
agrainage	m	agrainages
agrammatisme	m	agrammatismes
agrandissement	m	agrandissements
agrandisseur	m	agrandisseurs
agranulocytose	f	agranulocytoses
agraphie	f	agraphies
agrarien	m	agrariens
agrarienne	f	agrariennes
agrenage	m	agrenages
agresseur	m	agresseurs
agressif	m	agressifs
agression	f	agressions
agressive	f	agressives
agressivité	f	agressivités
agressé	m	agressés
agressée	f	agressées
agreste	m	agrestes
agrichage	m	agrichages
agrichement	m	agrichements
agriculteur	m	agriculteurs
agricultrice	f	agricultrices
agriculture	f	agricultures
agrile	m	agriles
agrion	m	agrions
agriote	m	agriotes
agripaume	f	agripaumes
agrippage	m	agrippages
agrippement	m	agrippements
agrochimie	f	agrochimies
agrologie	f	agrologies
agronomie	f	agronomies
agrostide	f	agrostides
agrostis	f	agrostis
agrotis	m	agrotis
agrotourisme	m	agrotourismes
agroupement	m	agroupements
agrume	m	agrumes
agrumiculture	f	agrumicultures
agrès	m	agrès
agréable	m	agréables
agréage	m	agréages
agréation	f	agréations
agréement	m	agréements
agrégat	m	agrégats
agrégatif	f	agrégatifs
agrégation	f	agrégations
agrégé	m	agrégés
agrément	m	agréments
agrémentation	f	agrémentations
agréé	m	agréés
agréée	f	agréées
aguardiente	f	aguardientes
aguerrissement	m	aguerrissements
agueusie	f	agueusies
agui	m	aguis
aguichage	m	aguichages
aguicherie	f	aguicheries
aguicheur	m	aguicheurs
aguicheuse	f	aguicheuses
agénésie	f	agénésies
agérate	m	agérates
ahan	m	ahans
ahanement	m	ahanements
aheurtement	m	aheurtements
ahuri	m	ahuris
ahurie	f	ahuries
ahurissement	m	ahurissements
aiche	f	aiches
aidance	f	aidances
aidant	m	aidants
aide-comptable	m	aides-comptables
aide-mémoire	m	aide-mémoire
aide-soignant	m	aide-soignants
aide-soignante	f	aide-soignantes
aiglefin	m	aiglefins
aiglon	m	aiglons
aiglonne	f	aiglonnes
aigre	m	aigres
aigrefin	m	aigrefins
aigremoine	f	aigremoines
aigrette	f	aigrettes
aigreur	f	aigreurs
aigri	m	aigris
aigrie	f	aigries
aigrin	m	aigrins
aigrissement	m	aigrissements
aigu	m	aigus
aiguail	m	aiguails
aigue	f	aigues
aigue-marine	f	aigues-marines
aiguillage	m	aiguillages
aiguillat	m	aiguillats
aiguille	f	aiguilles
aiguilletage	m	aiguilletages
aiguillette	f	aiguillettes
aiguilleur	m	aiguilleurs
aiguillon	m	aiguillons
aiguillonnement	m	aiguillonnements
aiguillot	m	aiguillots
aiguillée	f	aiguillées
aiguisage	m	aiguisages
aiguisement	m	aiguisements
aiguiseur	m	aiguiseurs
aiguiseuse	f	aiguiseuses
aiguisoir	m	aiguisoirs
aiguière	f	aiguières
ail	m	aulx
ailante	m	ailantes
aile	f	ailes
aileron	m	ailerons
ailette	f	ailettes
ailier	m	ailiers
ailleurs	m	ailleurs
ailloli	m	aillolis
aimant	m	aimants
aimantation	f	aimantations
aimé	m	aimés
aimée	f	aimées
aine	f	aines
air	m	airs
airain	m	airains
airbus	m	airbus
aire	f	aires
airedale	m	airedales
airelle	f	airelles
ais	m	ais
aisance	f	aisances
aise	f	aises
aisseau	m	aisseaux
aisselle	f	aisselles
aisy	m	aisys
ajointement	m	ajointements
ajonc	m	ajoncs
ajour	m	ajours
ajourage	m	ajourages
ajourement	m	ajourements
ajournement	m	ajournements
ajourné	m	ajournés
ajournée	f	ajournées
ajout	m	ajouts
ajoute	f	ajoutes
ajouté	m	ajoutés
ajustage	m	ajustages
ajustement	m	ajustements
ajusteur	m	ajusteurs
akinésie	f	akinésies
akkadien	m	akkadiens
akkadienne	f	akkadiennes
akvavit	m	akvavits
akène	m	akènes
alabandine	f	alabandines
alabastrite	f	alabastrites
alacrité	f	alacrités
alaise	f	alaises
alambic	m	alambics
alambiquage	m	alambiquages
alandier	m	alandiers
alanguissement	m	alanguissements
alanine	f	alanines
alarme	f	alarmes
alarmisme	m	alarmismes
alastrim	m	alastrims
alaterne	m	alaternes
albanais	m	albanais
albanaise	f	albanaises
albatros	m	albatros
alberge	f	alberges
albergier	m	albergiers
albigeois	m	albigeois
albigeoise	f	albigeoises
albinisme	m	albinismes
albite	f	albites
albuginée	f	albuginées
albugo	m	albugos
album	m	albums
albumen	m	albumens
albumine	f	albumines
albuminoïde	m	albuminoïdes
albuminurie	f	albuminuries
albumose	f	albumoses
albâtre	m	albâtres
albédo	m	albédos
alcade	m	alcades
alcalescence	f	alcalescences
alcali	m	alcalis
alcalimètre	m	alcalimètres
alcalimétrie	f	alcalimétries
alcalin	m	alcalins
alcalinisation	f	alcalinisations
alcalinité	f	alcalinités
alcalisation	f	alcalisations
alcalose	f	alcaloses
alcaloïde	m	alcaloïdes
alcarazas	m	alcarazas
alcazar	m	alcazars
alchimie	f	alchimies
alchémille	f	alchémilles
alcool	m	alcools
alcoolat	m	alcoolats
alcoolature	f	alcoolatures
alcoolification	f	alcoolifications
alcoolisation	f	alcoolisations
alcoolisme	m	alcoolismes
alcoolodépendance	f	alcoolodépendances
alcoologie	f	alcoologies
alcoolé	m	alcoolés
alcoolémie	f	alcoolémies
alcoomètre	m	alcoomètres
alcootest	m	alcootests
alcoran	m	alcorans
alcotest	m	alcotests
alcoyle	m	alcoyles
alcyne	m	alcynes
alcyon	m	alcyons
alcyonaire	m	alcyonaires
alcène	m	alcènes
alcôve	f	alcôves
alderman	m	aldermen
aldol	m	aldols
aldostérone	f	aldostérones
aldéhyde	m	aldéhydes
ale	f	ales
alentissement	m	alentissements
alentour	m	alentours
aleph	m	aleph
alerte	f	alertes
aleurite	m	aleurites
aleurode	m	aleurodes
aleurone	f	aleurones
alevin	m	alevins
alevinage	m	alevinages
alevinier	m	aleviniers
alevinière	f	alevinières
alexandra	m	alexandras
alexandrin	m	alexandrins
alexandrine	f	alexandrines
alexie	f	alexies
alexine	f	alexines
alezan	m	alezans
alfa	m	alfas
alfange	f	alfanges
alfatier	m	alfatiers
alfatière	f	alfatières
alfénide	m	alfénides
algarade	f	algarades
algazelle	f	algazelles
algidité	f	algidités
algie	f	algies
alginate	m	alginates
algine	f	algines
algol	m	algols
algorithme	m	algorithmes
algorithmique	f	algorithmiques
algue	f	algues
algèbre	f	algèbres
algébrisation	f	algébrisations
algérianisation	f	algérianisations
algérien	m	algériens
algérienne	f	algériennes
alibi	m	alibis
aliboufier	m	aliboufiers
alidade	f	alidades
alignement	m	alignements
alignée	f	alignées
aligoté	m	aligotés
aliment	m	aliments
alimentation	f	alimentations
alinéa	m	alinéas
alios	m	alios
aliquote	f	aliquotes
alise	f	alises
alisier	m	alisiers
alismacée	f	alismacées
alisme	m	alismes
alitement	m	alitements
alité	m	alités
alitée	f	alitées
alizari	m	alizaris
alizarine	f	alizarines
alizier	m	aliziers
alizé	m	alizés
aliènement	m	aliènements
aliénabilité	f	aliénabilités
aliénateur	m	aliénateurs
aliénatrice	f	aliénatrices
aliénation	f	aliénations
aliéné	m	aliénés
aliénée	f	aliénées
alkermès	m	alkermès
alkylation	f	alkylations
alkékenge	f	alkékenges
allaitement	m	allaitements
allant	m	allants
allante	m	allantes
allantoïde	f	allantoïdes
allegro	m	allegri
alleluia	m	alleluias
allemand	m	allemands
allemande	f	allemandes
allemande	f	allemandes
aller	m	allers
aller-retour	m	aller-retour
aller/retour	m	aller/retours
allergie	f	allergies
allergologie	f	allergologies
allergène	m	allergènes
alleu	m	alleux
alleutier	m	alleutiers
alliage	m	alliages
alliaire	f	alliaires
alliance	f	alliances
alligator	m	alligators
allitération	f	allitérations
allié	m	alliés
alliée	f	alliées
allocation	f	allocations
allocentrisme	m	allocentrismes
allocution	f	allocutions
allogamie	f	allogamies
allogreffe	f	allogreffes
allogène	m	allogènes
allonge	f	allonges
allongement	m	allongements
allopathie	f	allopathies
allophone	m	allophones
allopurinol	m	allopurinols
allostérie	f	allostéries
allotissement	m	allotissements
allotropie	f	allotropies
alluchon	m	alluchons
allumage	m	allumages
allume-cigare	m	allume-cigare
allume-cigares	m	allume-cigares
allume-feu	m	allume-feu
allume-gaz	m	allume-gaz
allumement	m	allumements
allumette	f	allumettes
allumettier	m	allumettiers
allumeur	m	allumeurs
allumeuse	f	allumeuses
allumeuse	f	allumeuses
allumoir	m	allumoirs
allure	f	allures
allusion	f	allusions
alluvion	f	alluvions
alluvionnement	m	alluvionnements
allyle	m	allyles
allylène	m	allylènes
allèchement	m	allèchements
allège	f	allèges
allègement	m	allègements
allèle	m	allèles
allène	m	allènes
allée	f	allées
allégation	f	allégations
allégeage	m	allégeages
allégeance	f	allégeances
allégement	m	allégements
allégorie	f	allégories
allégorisation	f	allégorisations
allégrement	m	allégrements
allégresse	f	allégresses
allégretto	m	allégrettos
allégro	m	allégros
alléluia	m	alléluias
almageste	m	almagestes
almanach	m	almanachs
almandin	m	almandins
almasilium	m	almasiliums
almicantarat	m	almicantarats
almée	f	almées
alogie	f	alogies
aloi	m	alois
alopécie	f	alopécies
alose	f	aloses
alouate	m	alouates
alouette	f	alouettes
alourdissement	m	alourdissements
aloyage	m	aloyages
aloyau	m	aloyaux
aloès	m	aloès
alpaga	m	alpagas
alpage	m	alpages
alpax	m	alpax
alpe	f	alpes
alpenstock	m	alpenstocks
alpha	m	alpha
alphabet	m	alphabets
alphabétisation	f	alphabétisations
alphabétisme	m	alphabétismes
alphonse	m	alphonses
alpiculteur	m	alpiculteurs
alpiculture	f	alpicultures
alpinisme	m	alpinismes
alpiste	m	alpistes
alsace	m	alsaces
alsacien	m	alsaciens
alsacienne	f	alsaciennes
altaïque	m	altaïques
altercation	f	altercations
altermondialisme	m	altermondialismes
alternance	f	alternances
alternat	m	alternats
alternateur	m	alternateurs
alternative	f	alternatives
altesse	f	altesses
althaea	m	althaeas
altimètre	m	altimètres
altimétrie	f	altimétries
altiport	m	altiports
altise	f	altises
altitude	f	altitudes
altocumulus	m	altocumulus
altruisme	m	altruismes
altérabilité	f	altérabilités
altérant	m	altérants
altération	f	altérations
altérité	f	altérités
alucite	f	alucites
aluette	f	aluettes
aluminage	m	aluminages
aluminate	m	aluminates
alumine	f	alumines
aluminiage	m	aluminiages
aluminium	m	aluminiums
aluminosilicate	m	aluminosilicates
aluminothermie	f	aluminothermies
aluminure	f	aluminures
alun	m	aluns
alunage	m	alunages
alunation	f	alunations
alunissage	m	alunissages
alunite	f	alunites
alysse	f	alysses
alysson	m	alyssons
alyte	m	alytes
alèse	f	alèses
aléa	m	aléas
alémanique	m	alémaniques
alépine	f	alépines
alérion	m	alérions
alésage	m	alésages
aléseur	m	aléseurs
aléseuse	f	aléseuses
aléseuse	f	aléseuses
alésoir	m	alésoirs
alêne	f	alênes
amabilité	f	amabilités
amadou	m	amadous
amadouement	m	amadouements
amadouvier	m	amadouviers
amaigrissement	m	amaigrissements
amalgamation	f	amalgamations
amalgame	m	amalgames
amandaie	f	amandaies
amande	f	amandes
amandier	m	amandiers
amanite	f	amanites
amant	m	amants
amante	f	amantes
amarantacée	f	amarantacées
amareyeur	m	amareyeurs
amarinage	m	amarinages
amarrage	m	amarrages
amarre	f	amarres
amaryllidacée	f	amaryllidacées
amas	m	amas
amassage	m	amassages
amassement	m	amassements
amassette	f	amassettes
amatelotage	m	amatelotages
amateurisme	m	amateurismes
amaurose	f	amauroses
amazone	f	amazones
amazonien	m	amazoniens
amazonienne	f	amazoniennes
amazonite	f	amazonites
ambassade	f	ambassades
ambassadeur	m	ambassadeurs
ambassadrice	f	ambassadrices
ambiance	f	ambiances
ambigu	m	ambigus
ambiguïté	f	ambiguïtés
ambiophonie	f	ambiophonies
ambitieux	m	ambitieux
ambitieuse	f	ambitieuses
ambition	f	ambitions
ambivalence	f	ambivalences
amble	m	ambles
amblyopie	f	amblyopies
amblyoscope	m	amblyoscopes
amblystome	m	amblystomes
ambon	m	ambons
ambre	m	ambres
ambroisie	f	ambroisies
ambrosie	f	ambrosies
ambulacre	m	ambulacres
ambulance	f	ambulances
ambulancier	m	ambulanciers
ambulancière	f	ambulancières
ambulant	m	ambulants
ambulante	f	ambulantes
ambulation	f	ambulations
amen	m	amen
amenage	m	amenages
amende	f	amendes
amendement	m	amendements
amentifère	m	amentifères
amenuisement	m	amenuisements
amenée	f	amenées
amer	m	amers
amerrissage	m	amerrissages
amertume	f	amertumes
ameublement	m	ameublements
ameublissement	m	ameublissements
ameutement	m	ameutements
amharique	m	amhariques
ami	m	amis
amie	f	amies
amiante	m	amiantes
amibe	f	amibes
amibiase	f	amibiases
amicale	f	amicales
amict	m	amicts
amide	m	amides
amidon	m	amidons
amidonnage	m	amidonnages
amidonnerie	f	amidonneries
amidonnier	m	amidonniers
amidopyrine	f	amidopyrines
amie	f	amies
amincissement	m	amincissements
amine	f	amines
aminoplaste	m	aminoplastes
amiral	m	amiraux
amirauté	f	amirautés
amitié	f	amitiés
amitose	f	amitoses
amitriptyline	f	amitriptylines
ammodyte	f	ammodytes
ammoniaque	f	ammoniaques
ammonisation	f	ammonisations
ammonite	f	ammonites
ammonium	m	ammoniums
ammophile	f	ammophiles
amniocentèse	f	amniocentèses
amnios	m	amnios
amnioscopie	f	amnioscopies
amnistie	f	amnisties
amnistié	m	amnistiés
amnistiée	f	amnistiées
amnésie	f	amnésies
amochage	m	amochages
amodiateur	m	amodiateurs
amodiation	f	amodiations
amoindrissement	m	amoindrissements
amollissement	m	amollissements
amome	m	amomes
amoncelage	m	amoncelages
amoncellement	m	amoncellements
amoncèlement	m	amoncèlements
amont	m	amonts
amontillado	m	amontillados
amoralisme	m	amoralismes
amoralité	f	amoralités
amorce	f	amorces
amorcement	m	amorcements
amorti	m	amortis
amortie	f	amorties
amortie	f	amorties
amortissage	m	amortissages
amortissement	m	amortissements
amortisseur	m	amortisseurs
amorçage	m	amorçages
amour	m	amours
amour-propre	m	amours-propres
amourette	f	amourettes
amoureux	m	amoureux
amoureuse	f	amoureuses
amovibilité	f	amovibilités
amoxicilline	f	amoxicillines
amphi	m	amphis
amphiarthrose	f	amphiarthroses
amphibie	m	amphibies
amphibien	m	amphibiens
amphibole	f	amphiboles
amphibologie	f	amphibologies
amphictyon	m	amphictyons
amphictyonie	f	amphictyonies
amphigouri	m	amphigouris
amphimixie	f	amphimixies
amphioxus	m	amphioxus
amphisbène	m	amphisbènes
amphithéâtre	m	amphithéâtres
amphitryon	m	amphitryons
ampholyte	m	ampholytes
amphore	f	amphores
amphétamine	f	amphétamines
ampleur	f	ampleurs
ampli	m	amplis
ampliation	f	ampliations
amplication	f	amplications
amplificateur	m	amplificateurs
amplification	f	amplifications
amplitude	f	amplitudes
ampoule	f	ampoules
ampullaire	f	ampullaires
amputation	f	amputations
amputé	m	amputés
amputée	f	amputées
ampère	m	ampères
ampèremètre	m	ampèremètres
ampélidacée	f	ampélidacées
ampélographie	f	ampélographies
ampélopsis	m	ampélopsis
amulette	f	amulettes
amurage	m	amurages
amure	f	amures
amusant	m	amusants
amuse-gueule	m	amuse-gueule
amusement	m	amusements
amusette	f	amusettes
amuseur	m	amuseurs
amuseuse	f	amuseuses
amusie	f	amusies
amuïssement	m	amuïssements
amygdale	f	amygdales
amygdalectomie	f	amygdalectomies
amygdalite	f	amygdalites
amylase	f	amylases
amylasémie	f	amylasémies
amyle	m	amyles
amylobacter	m	amylobacters
amylène	m	amylènes
amyotrophie	f	amyotrophies
amélioration	f	améliorations
améliorissement	m	améliorissements
aménagement	m	aménagements
aménageur	m	aménageurs
aménité	f	aménités
aménorrhée	f	aménorrhées
américain	m	américains
américaine	f	américaines
américaine	f	américaines
américanisation	f	américanisations
américanisme	m	américanismes
américanité	f	américanités
américanophilie	f	américanophilies
américium	m	américiums
amérindien	m	amérindiens
amérindienne	f	amérindiennes
amétropie	f	amétropies
an	m	ans
ana	m	ana
anabaptisme	m	anabaptismes
anabolisant	m	anabolisants
anabolisme	m	anabolismes
anabolite	m	anabolites
anacardier	m	anacardiers
anachorétisme	m	anachorétismes
anachronisme	m	anachronismes
anacoluthe	f	anacoluthes
anaconda	m	anacondas
anacrouse	f	anacrouses
anacruse	f	anacruses
anaglyphe	m	anaglyphes
anaglyptique	f	anaglyptiques
anagogie	f	anagogies
anagramme	f	anagrammes
anale	f	anales
analeptique	m	analeptiques
analgésie	f	analgésies
analgésique	m	analgésiques
analité	f	analités
analogie	f	analogies
analogon	m	analogons
analphabétisme	m	analphabétismes
analycité	f	analycités
analysant	m	analysants
analyse	f	analyses
analyseur	m	analyseurs
analysé	m	analysés
analysée	f	analysées
analytique	f	analytiques
anamnèse	f	anamnèses
anamorphose	f	anamorphoses
ananas	m	ananas
anapeste	m	anapestes
anaphase	f	anaphases
anaphore	f	anaphores
anaphorèse	f	anaphorèses
anaphrodisie	f	anaphrodisies
anaphylaxie	f	anaphylaxies
anaplastie	f	anaplasties
anar	m	anars
anarchie	f	anarchies
anarchisant	m	anarchisants
anarchisante	f	anarchisantes
anarchisation	f	anarchisations
anarchisme	m	anarchismes
anarcho-syndicalisme	m	anarcho-syndicalismes
anarthrie	f	anarthries
anasarque	f	anasarques
anastigmat	m	anastigmats
anastomose	f	anastomoses
anastrophe	f	anastrophes
anathématisation	f	anathématisations
anathémisation	f	anathémisations
anatidé	m	anatidés
anatife	m	anatifes
anatocisme	m	anatocismes
anatomie	f	anatomies
anatomisation	f	anatomisations
anatomopathologie	f	anatomopathologies
anavenin	m	anavenins
anaérobiose	f	anaérobioses
anche	f	anches
anchois	m	anchois
ancien	m	anciens
ancienne	f	anciennes
ancienneté	f	anciennetés
ancolie	f	ancolies
ancrage	m	ancrages
ancre	f	ancres
andain	m	andains
andalou	m	andalous
andalouse	f	andalouses
andante	m	andantes
andin	m	andins
andine	f	andines
andouille	f	andouilles
andouiller	m	andouillers
andouillette	f	andouillettes
andrinople	f	andrinoples
androcée	m	androcées
androgenèse	f	androgenèses
androgène	m	androgènes
androgénie	f	androgénies
andrologie	f	andrologies
andropause	f	andropauses
androstérone	f	androstérones
androïde	m	androïdes
andrène	m	andrènes
andésite	f	andésites
anecdote	f	anecdotes
anecdotier	m	anecdotiers
anecdotière	f	anecdotières
anesthésiant	m	anesthésiants
anesthésie	f	anesthésies
anesthésiologie	f	anesthésiologies
anesthésique	m	anesthésiques
aneth	m	aneths
anfractuosité	f	anfractuosités
angarie	f	angaries
ange	m	anges
angelet	m	angelets
angelot	m	angelots
angelus	m	angelus
angevin	m	angevins
angevine	f	angevines
angiectasie	f	angiectasies
angiite	f	angiites
angine	f	angines
angineux	m	angineux
angineuse	f	angineuses
angiocardiographie	f	angiocardiographies
angiocholite	f	angiocholites
angiographie	f	angiographies
angiologie	f	angiologies
angiome	m	angiomes
angioplastie	f	angioplasties
angiosperme	f	angiospermes
anglais	m	anglais
anglaise	f	anglaises
anglaisage	m	anglaisages
anglaise	f	anglaises
angle	m	angles
angledozer	m	angledozers
anglet	m	anglets
anglican	m	anglicans
anglicane	f	anglicanes
anglicanisme	m	anglicanismes
anglicisant	m	anglicisants
anglicisation	f	anglicisations
anglicisme	m	anglicismes
anglo-normand	m	anglo-normands
anglo-normande	f	anglo-normandes
anglo-saxon	m	anglo-saxons
anglo-saxonne	f	anglo-saxonnes
anglomanie	f	anglomanies
anglophilie	f	anglophilies
anglophobie	f	anglophobies
angoisse	f	angoisses
angoissé	m	angoissés
angoissée	f	angoissées
angolais	m	angolais
angolaise	f	angolaises
angon	m	angons
angor	m	angors
angora	m	angoras
angstroem	m	angstroems
anguille	f	anguilles
anguillidé	m	anguillidés
anguillule	f	anguillules
anguillère	f	anguillères
angulaire	m	angulaires
angusticlave	m	angusticlaves
angustura	f	angusturas
angusture	f	angustures
angéite	f	angéites
angélisation	f	angélisations
angélisme	m	angélismes
angélus	m	angélus
anhidrose	f	anhidroses
anhydride	m	anhydrides
anhydrite	f	anhydrites
anhélation	f	anhélations
ani	m	anis
anicroche	f	anicroches
aniline	f	anilines
anilisme	m	anilismes
anima	m	animas
animadversion	f	animadversions
animal	m	animaux
animalcule	m	animalcules
animalerie	f	animaleries
animalisation	f	animalisations
animalité	f	animalités
animateur	m	animateurs
animatrice	f	animatrices
animation	f	animations
anime	f	animes
animisme	m	animismes
animosité	f	animosités
animé	m	animés
anion	m	anions
anis	m	anis
anisette	f	anisettes
anisogamie	f	anisogamies
anisotropie	f	anisotropies
anisé	m	anisés
ankylose	f	ankyloses
annale	f	annales
annalité	f	annalités
anneau	m	anneaux
annellation	f	annellations
annelé	m	annelés
annexe	f	annexes
annexion	f	annexions
annexionnisme	m	annexionnismes
annihilation	f	annihilations
anniversaire	m	anniversaires
annonce	f	annonces
annonceur	m	annonceurs
annonceuse	f	annonceuses
annonciateur	m	annonciateurs
annonciation	f	annonciations
annoncier	m	annonciers
annoncière	f	annoncières
annone	f	annones
annotateur	m	annotateurs
annotatrice	f	annotatrices
annotation	f	annotations
annuaire	m	annuaires
annualisation	f	annualisations
annualité	f	annualités
annuité	f	annuités
annulaire	m	annulaires
annulation	f	annulations
année	f	années
année-lumière	f	années-lumières
anobli	m	anoblis
anoblie	f	anoblies
anoblissement	m	anoblissements
anode	f	anodes
anodisation	f	anodisations
anomala	m	anomalas
anomale	m	anomales
anomalie	f	anomalies
anomie	f	anomies
anonymat	m	anonymats
anonymisation	f	anonymisations
anophtalmie	f	anophtalmies
anophèle	m	anophèles
anorak	m	anoraks
anorexie	f	anorexies
anormal	m	anormaux
anormale	f	anormales
anormalisation	f	anormalisations
anormalité	f	anormalités
anosmie	f	anosmies
anoure	m	anoures
anoxémie	f	anoxémies
ansage	m	ansages
anse	f	anses
anspect	m	anspects
ansérine	f	ansérines
antagonisation	f	antagonisations
antagonisme	m	antagonismes
antalgique	m	antalgiques
antan	m	antans
ante	f	antes
antenne	f	antennes
anthologie	f	anthologies
anthonome	m	anthonomes
anthozoaire	m	anthozoaires
anthracite	m	anthracites
anthracnose	f	anthracnoses
anthracose	f	anthracoses
anthracène	m	anthracènes
anthraquinone	f	anthraquinones
anthrax	m	anthrax
anthropocentrisme	m	anthropocentrismes
anthropogenèse	f	anthropogenèses
anthropogénie	f	anthropogénies
anthropologie	f	anthropologies
anthropomorphisation	f	anthropomorphisations
anthropomorphisme	m	anthropomorphismes
anthropométrie	f	anthropométries
anthroponyme	m	anthroponymes
anthropophage	m	anthropophages
anthropophagie	f	anthropophagies
anthropopithèque	m	anthropopithèques
anthrène	m	anthrènes
anthère	f	anthères
anthémis	f	anthémis
anthérozoïde	m	anthérozoïdes
anti-américanisme	m	anti-américanismes
antiacide	m	antiacides
antialcoolisme	m	antialcoolismes
antiallergique	m	antiallergiques
antiaméricanisme	f	antiaméricanismes
antiatome	m	antiatomes
antibiotique	m	antibiotiques
antibois	m	antibois
antiboise	f	antiboises
antibrouillage	m	antibrouillages
anticancéreux	m	anticancéreux
anticathode	f	anticathodes
antichambre	f	antichambres
antichrèse	f	antichrèses
anticipation	f	anticipations
anticlérical	m	anticléricaux
anticléricale	f	anticléricales
anticléricalisme	m	anticléricalismes
anticoagulant	m	anticoagulants
anticolonialisme	m	anticolonialismes
anticommunisme	m	anticommunismes
anticonformisme	m	anticonformismes
anticorps	m	anticorps
anticorpuscule	m	anticorpuscules
anticryptogamique	m	anticryptogamiques
anticyclone	m	anticyclones
antidatage	m	antidatages
antidatation	f	antidatations
antidate	f	antidates
antidote	m	antidotes
antidéflagrant	m	antidéflagrants
antidépresseur	m	antidépresseurs
antienne	f	antiennes
antigel	m	antigels
antigravitation	f	antigravitations
antigène	m	antigènes
antihalo	m	antihalos
antihistaminique	m	antihistaminiques
antihéros	m	antihéros
antillais	m	antillais
antillaise	f	antillaises
antilogarithme	m	antilogarithmes
antilope	f	antilopes
antimatière	f	antimatières
antimilitarisme	m	antimilitarismes
antimite	m	antimites
antimoine	m	antimoines
antimonial	m	antimonials
antimoniure	m	antimoniures
antimorale	f	antimorales
antiméridien	m	antiméridiens
antinomie	f	antinomies
antioxydant	m	antioxydants
antipaludique	m	antipaludiques
antipaludéen	m	antipaludéens
antipape	m	antipapes
antiparasitage	m	antiparasitages
antiparasite	m	antiparasites
antiparlementarisme	m	antiparlementarismes
antiparticule	f	antiparticules
antipathie	f	antipathies
antipatriotisme	m	antipatriotismes
antiphonaire	m	antiphonaires
antiphrase	f	antiphrases
antipode	m	antipodes
antipyrétique	m	antipyrétiques
antiquaille	f	antiquailles
antiquité	f	antiquités
antiracisme	m	antiracismes
antiradar	m	antiradars
antiroman	m	antiromans
antirépublicain	m	antirépublicains
antirépublicaine	f	antirépublicaines
antirétroviral	m	antirétroviraux
antirévisionnisme	m	antirévisionnismes
antiscorbutique	m	antiscorbutiques
antisepsie	f	antisepsies
antiseptique	m	antiseptiques
antiseptisation	f	antiseptisations
antispasmodique	m	antispasmodiques
antistreptolysine	f	antistreptolysines
antistrophe	f	antistrophes
antisémitisme	m	antisémitismes
antithermique	m	antithermiques
antithèse	f	antithèses
antitoxine	f	antitoxines
antituberculeux	m	antituberculeux
antivol	m	antivols
antonyme	m	antonymes
antonymie	f	antonymies
antre	m	antres
antrustion	m	antrustions
antéchrist	m	antéchrists
antécédence	f	antécédences
antécédent	m	antécédents
antéfixe	f	antéfixes
antéposition	f	antépositions
antépénultième	f	antépénultièmes
antériorité	f	antériorités
anurie	f	anuries
anus	m	anus
anxiolytique	m	anxiolytiques
anxiété	f	anxiétés
anéantissement	m	anéantissements
anémie	f	anémies
anémographe	m	anémographes
anémomètre	m	anémomètres
anémone	f	anémones
anévrisme	m	anévrismes
anévrysme	m	anévrysmes
aoriste	m	aoristes
aorte	f	aortes
aortite	f	aortites
août	m	aoûts
aoûtat	m	aoûtats
aoûtement	m	aoûtements
aoûtien	m	aoûtiens
apagogie	f	apagogies
apaisement	m	apaisements
apanage	m	apanages
apartheid	m	apartheids
aparté	m	apartés
apathie	f	apathies
apax	m	apax
apepsie	f	apepsies
aperception	f	aperceptions
aperture	f	apertures
aperçu	m	aperçus
apesanteur	f	apesanteurs
apetissement	m	apetissements
apeurement	m	apeurements
apex	m	apex
aphasie	f	aphasies
aphidien	m	aphidiens
aphonie	f	aphonies
aphorisme	m	aphorismes
aphrodisiaque	m	aphrodisiaques
aphte	m	aphtes
aphélie	m	aphélies
aphérèse	f	aphérèses
api	m	api
apicale	f	apicales
apiculteur	m	apiculteurs
apiculture	f	apicultures
apidé	m	apidés
apiol	m	apiols
apion	m	apions
apiquage	m	apiquages
apitoiement	m	apitoiements
apiècement	m	apiècements
apiéceur	m	apiéceurs
aplanat	m	aplanats
aplanissement	m	aplanissements
aplasie	f	aplasies
aplat	m	aplats
aplatissage	m	aplatissages
aplatissement	m	aplatissements
aplatisseur	m	aplatisseurs
aplatissoir	m	aplatissoirs
aplatissoire	f	aplatissoires
aplomb	m	aplombs
apnée	f	apnées
apoastre	m	apoastres
apocalypse	f	apocalypses
apocalyptisme	m	apocalyptismes
apocope	f	apocopes
apocryphe	m	apocryphes
apocynacée	f	apocynacées
apogamie	f	apogamies
apogée	m	apogées
apolitisme	m	apolitismes
apollon	m	apollons
apologie	f	apologies
apologue	m	apologues
apologétique	f	apologétiques
apomorphine	f	apomorphines
aponévrose	f	aponévroses
apophonie	f	apophonies
apophtegme	m	apophtegmes
apophyse	f	apophyses
apoplexie	f	apoplexies
aporie	f	apories
aporétique	f	aporétiques
aposiopèse	f	aposiopèses
apostasie	f	apostasies
apostat	m	apostats
apostate	f	apostates
apostille	f	apostilles
apostolat	m	apostolats
apostrophe	f	apostrophes
apothicaire	m	apothicaires
apothème	m	apothèmes
apothéose	f	apothéoses
appairage	m	appairages
appairement	m	appairements
apparat	m	apparats
apparatchik	m	apparatchiks
apparatchike	f	apparatchikes
appareil	m	appareils
appareillade	f	appareillades
appareillage	m	appareillages
appareillement	m	appareillements
appareilleur	m	appareilleurs
apparence	f	apparences
apparentage	m	apparentages
apparentement	m	apparentements
appariage	m	appariages
appariement	m	appariements
appariteur	m	appariteurs
apparition	f	apparitions
appart	m	apparts
appartement	m	appartements
appartenance	f	appartenances
apparution	f	apparutions
appauvrissement	m	appauvrissements
appeal	m	appeals
appeau	m	appeaux
appel	m	appels
appelant	m	appelants
appelante	f	appelantes
appellatif	m	appellatifs
appellation	f	appellations
appelé	m	appelés
appelée	f	appelées
appendice	m	appendices
appendicectomie	f	appendicectomies
appendicite	f	appendicites
appendiculaire	m	appendiculaires
appentis	m	appentis
appertisation	f	appertisations
appesantissement	m	appesantissements
applaudimètre	m	applaudimètres
applaudissement	m	applaudissements
applaudisseur	m	applaudisseurs
applicabilité	f	applicabilités
applicage	m	applicages
applicateur	m	applicateurs
applicatrice	f	applicatrices
application	f	applications
applique	f	appliques
appoggiature	f	appoggiatures
appogiature	f	appogiatures
appoint	m	appoints
appointage	m	appointages
appointement	m	appointements
appointé	m	appointés
appointée	f	appointées
appontage	m	appontages
appontement	m	appontements
apponteur	m	apponteurs
apport	m	apports
apporteur	m	apporteurs
apposement	m	apposements
apposition	f	appositions
apprenant	m	apprenants
apprenti	m	apprentis
apprentie	f	apprenties
apprenti-sorcier	m	apprentis-sorciers
apprentissage	m	apprentissages
apprivoisement	m	apprivoisements
apprivoiseur	m	apprivoiseurs
apprivoiseuse	f	apprivoiseuses
approbateur	m	approbateurs
approbatrice	f	approbatrices
approbation	f	approbations
approbativité	f	approbativités
approchage	m	approchages
approche	f	approches
approchement	m	approchements
approfondissement	m	approfondissements
appropriage	m	appropriages
appropriation	f	appropriations
appropriement	m	appropriements
approuvé	m	approuvés
approvisionnement	m	approvisionnements
approvisionneur	m	approvisionneurs
approvisionneuse	f	approvisionneuses
approximation	f	approximations
appréciabilité	f	appréciabilités
appréciateur	m	appréciateurs
appréciation	f	appréciations
appréhendement	m	appréhendements
appréhension	f	appréhensions
apprêt	m	apprêts
apprêtage	m	apprêtages
apprêtement	m	apprêtements
apprêteur	m	apprêteurs
apprêteuse	f	apprêteuses
apprêteuse	f	apprêteuses
appui	m	appuis
appui-bras	m	appuis-bras
appui-main	m	appui-mains
appui-tête	m	appuis-tête
appuie-bras	m	appuie-bras
appuie-main	m	appuie-main
appuie-tête	m	appuie-tête
appuiement	m	appuiements
appât	m	appâts
appâtage	m	appâtages
appétence	f	appétences
appétit	m	appétits
appétition	f	appétitions
apragmatisme	m	apragmatismes
apraxie	f	apraxies
apriorisme	m	apriorismes
apriorité	f	apriorités
aprisme	m	aprismes
après-demain	m	après-demain
après-dîner	m	après-dîners
aprèm	m	
après-ski	m	après-ski
après-vente	f	après-ventes
apside	f	apsides
aptitude	f	aptitudes
aptérygote	m	aptérygotes
aptéryx	m	aptéryx
apurement	m	apurements
apériteur	m	apériteurs
apéritif	m	apéritifs
apérition	f	apéritions
apéro	m	apéros
apétale	f	apétales
apôtre	m	apôtres
aquaculteur	m	aquaculteurs
aquaculture	f	aquacultures
aquaplanage	m	aquaplanages
aquaplane	m	aquaplanes
aquaplaning	m	aquaplanings
aquarelle	f	aquarelles
aquarium	m	aquariums
aquasplash	m	aquasplashs
aquatinte	f	aquatintes
aquavit	m	aquavits
aquazole	m	aquazoles
aqueduc	m	aqueducs
aquiculteur	m	aquiculteurs
aquiculture	f	aquicultures
aquilon	m	aquilons
aquitain	m	aquitains
ara	m	aras
arabesque	f	arabesques
arabica	m	arabicas
arabisant	m	arabisants
arabisante	f	arabisantes
arabisation	f	arabisations
arabisme	m	arabismes
arabouch	m	arabouchs
arachide	f	arachides
arachnide	m	arachnides
aracée	f	aracées
aragonite	f	aragonites
araignée	f	araignées
araire	m	araires
aramon	m	aramons
araméen	m	araméens
araméenne	f	araméennes
arantèle	f	arantèles
aranéide	m	aranéides
arasage	m	arasages
arase	f	arases
arasement	m	arasements
araucaria	m	araucarias
arbalète	f	arbalètes
arbalétrier	m	arbalétriers
arbalétrière	f	arbalétrières
arbitrage	m	arbitrages
arbitraire	m	arbitraires
arbitration	f	arbitrations
arborescence	f	arborescences
arboretum	m	arboretums
arboricole	m	arboricoles
arboriculteur	m	arboriculteurs
arboricultrice	f	arboricultrices
arboriculture	f	arboricultures
arborisation	f	arborisations
arbouse	f	arbouses
arbousier	m	arbousiers
arbre	m	arbres
arbrisseau	m	arbrisseaux
arbuste	m	arbustes
arbustier	m	arbustiers
arc	m	arcs
arc-boutant	m	arcs-boutants
arc-doubleau	m	arc-doubleaus
arc-en-ciel	m	arcs-en-ciel
arcade	f	arcades
arcadien	m	arcadiens
arcage	m	arcages
arcane	m	arcanes
arcanne	f	arcannes
arcanson	m	arcansons
arcasse	f	arcasses
arcature	f	arcatures
arceau	m	arceaux
archal	m	archaux
archange	m	archanges
archaïsant	m	archaïsants
archaïsante	f	archaïsantes
archaïsation	f	archaïsations
archaïsme	m	archaïsmes
arche	f	arches
archelle	f	archelles
archer	m	archers
archère	f	archères
archerie	f	archeries
archet	m	archets
archetier	m	archetiers
archevêché	m	archevêchés
archevêque	m	archevêques
archiatre	m	archiatres
archichancelier	m	archichanceliers
archichancelière	f	archichancelières
archiconfrérie	f	archiconfréries
archidiacre	m	archidiacres
archiduc	m	archiducs
archiduchesse	f	archiduchesses
archiduchesse	f	archiduchesses
archiduché	m	archiduchés
archimandrite	m	archimandrites
archine	f	archines
archipel	m	archipels
archipelisation	f	archipelisations
archiphonème	m	archiphonèmes
archiprêtre	m	archiprêtres
archiptère	m	archiptères
architectonie	f	architectonies
architectonique	f	architectoniques
architecturage	m	architecturages
architecturation	f	architecturations
architecture	f	architectures
architrave	f	architraves
archivage	m	archivages
archive	f	archives
archivistique	f	archivistiques
archivolte	f	archivoltes
archière	f	archières
archiépiscopat	m	archiépiscopats
archontat	m	archontats
archonte	m	archontes
archère	f	archères
archèterie	f	archèteries
archée	f	archées
archégone	m	archégones
archéologie	f	archéologies
archéomagnétisme	m	archéomagnétismes
archéoptéryx	m	archéoptéryx
archétype	m	archétypes
arcure	f	arcures
ardennais	m	ardennais
ardennais	f	ardennaises
ardent	m	ardents
ardeur	f	ardeurs
ardillon	m	ardillons
ardoisage	m	ardoisages
ardoise	f	ardoises
ardoisière	f	ardoisières
ardéchois	m	ardéchois
ardéchoise	f	ardéchoises
ardéiforme	m	ardéiformes
are	m	ares
arec	m	arecs
arganier	m	arganiers
argas	m	argas
argent	m	argents
argentage	m	argentages
argentan	m	argentans
argentation	f	argentations
argenterie	f	argenteries
argenteur	m	argenteurs
argentier	m	argentiers
argentin	m	argentins
argentine	f	argentines
argentine	f	argentines
argentite	f	argentites
argenture	f	argentures
argien	m	argiens
argilane	f	argilanes
argile	f	argiles
argilière	f	argilières
argon	m	argons
argonide	m	argonides
argot	m	argots
argotier	m	argotiers
argotisme	m	argotismes
argoulet	m	argoulets
argousier	m	argousiers
argousin	m	argousins
argue	f	argues
argument	m	arguments
argumentaire	m	argumentaires
argumentant	m	argumentants
argumentateur	m	argumentateurs
argumentation	f	argumentations
argus	m	argus
argutie	f	arguties
argyraspide	m	argyraspides
argyrie	f	argyries
argyrisme	m	argyrismes
argyronète	f	argyronètes
argyrose	f	argyroses
arianisme	m	arianismes
aridité	f	aridités
arien	m	ariens
arienne	f	ariennes
ariette	f	ariettes
arille	m	arilles
arioso	m	ariosos
arisage	m	arisages
aristarque	m	aristarques
aristocratie	f	aristocraties
aristocratisation	f	aristocratisations
aristocratisme	m	aristocratismes
aristoloche	f	aristoloches
aristotélicien	m	aristotéliciens
aristotélicienne	f	aristotéliciennes
aristotélisme	m	aristotélismes
arithmomanie	f	arithmomanies
arithméticien	m	arithméticiens
arithméticienne	f	arithméticiennes
arithmétique	f	arithmétiques
arithmétisation	f	arithmétisations
arkose	f	arkoses
arlequin	m	arlequins
arlequine	f	arlequines
arlequinade	f	arlequinades
armada	f	armadas
armagnac	m	armagnacs
armailli	m	armaillis
armateur	m	armateurs
armatole	m	armatoles
armature	f	armatures
arme	f	armes
armeline	f	armelines
armement	m	armements
armet	m	armets
armeuse	f	armeuses
armille	f	armilles
arminianisme	m	arminianismes
armistice	m	armistices
armoire	f	armoires
armoirie	f	armoiries
armoise	f	armoises
armon	m	armons
armorial	m	armoriaux
armoricain	m	armoricains
armoricaine	f	armoricaines
armure	f	armures
armurerie	f	armureries
armurier	m	armuriers
armé	m	armés
armée	f	armées
arménien	m	arméniens
arménienne	f	arméniennes
arnaque	f	arnaques
arnaqueur	m	arnaqueurs
arnica	f	arnicas
arobe	f	arobes
aromate	m	aromates
aromatique	m	aromatiques
aromatisant	m	aromatisants
aromatisation	f	aromatisations
aronde	f	arondes
aroïdacée	f	aroïdacées
aroïdée	f	aroïdées
arpent	m	arpents
arpentage	m	arpentages
arpentement	m	arpentements
arpenteur	m	arpenteurs
arpenteuse	f	arpenteuses
arpenteuse	f	arpenteuses
arpette	f	arpettes
arpion	m	arpions
arpège	m	arpèges
arpègement	m	arpègements
arpète	f	arpètes
arquage	m	arquages
arquebusade	f	arquebusades
arquebuse	f	arquebuses
arquebusier	m	arquebusiers
arrachage	m	arrachages
arrachement	m	arrachements
arracheur	m	arracheurs
arracheuse	f	arracheuses
arracheuse	f	arracheuses
arrachis	m	arrachis
arraché	m	arrachés
arraisonnement	m	arraisonnements
arrangement	m	arrangements
arrangeur	m	arrangeurs
arrangée	f	arrangées
arrentement	m	arrentements
arrestation	f	arrestations
arrhement	m	arrhements
arrimage	m	arrimages
arrimeur	m	arrimeurs
arrivage	m	arrivages
arrivant	m	arrivants
arrivante	f	arrivantes
arrivisme	m	arrivismes
arrivé	m	arrivés
arrivée	f	arrivées
arrivée	f	arrivées
arrière-ban	m	arrière-bans
arrière-bec	m	arrière-becs
arrière-bouche	f	arrière-bouches
arrière-boutique	f	
arrière-cerveau	m	arrière-cerveaux
arrière-choeur	m	arrière-choeurs
arrière-corps	m	arrière-corps
arrière-cour	f	arrière-cours
arrière-cuisine	f	arrière-cuisines
arrière-faix	m	arrière-faix
arrière-garde	f	arrière-gardes
arrière-gorge	f	arrière-gorges
arrière-goût	m	arrière-goûts
arrière-grand-mère	f	arrière-grand-mères
arrière-grand-père	m	arrière-grands-pères
arrière-grand-tante	f	arrière-grand-tantes
arrière-pays	m	arrière-pays
arrière-pensée	f	arrière-pensées
arrière-petit-fils	m	arrière-petits-fils
arrière-petit-neveu	m	arrière-petits-neveux
arrière-petite-fille	f	arrière-petites-filles
arrière-petite-nièce	f	arrière-petites-nièces
arrière-plan	m	arrière-plans
arrière-saison	f	arrière-saisons
arrière-train	m	arrière-trains
arrière-vassal	m	arrière-vassaux
arriération	f	arriérations
arriéré	m	arriérés
arriérée	f	arriérées
arrobe	f	arrobes
arroche	f	arroches
arrogance	f	arrogances
arrogant	m	arrogants
arrogante	f	arrogantes
arrondi	m	arrondis
arrondissage	m	arrondissages
arrondissement	m	arrondissements
arrondissure	f	arrondissures
arrosage	m	arrosages
arrosement	m	arrosements
arroseur	m	arroseurs
arroseuse	f	arroseuses
arroseuse	f	arroseuses
arrosoir	m	arrosoirs
arroyo	m	arroyos
arrérage	m	arrérages
arrêt	m	arrêts
arrêtage	m	arrêtages
arrêtoir	m	arrêtoirs
arrêté	m	arrêtés
ars	m	ars
arsenal	m	arsenaux
arsenic	m	arsenics
arsine	f	arsines
arséniate	m	arséniates
arsénite	m	arsénites
arséniure	m	arséniures
art	m	arts
artefact	m	artefacts
artel	m	artels
arthralgie	f	arthralgies
arthrite	f	arthrites
arthritisme	m	arthritismes
arthrodie	f	arthrodies
arthrographie	f	arthrographies
arthropathie	f	arthropathies
arthropode	m	arthropodes
arthrose	f	arthroses
artichaut	m	artichauts
artichautière	f	artichautières
article	m	art.
articulaire	m	articulaires
articulation	f	articulations
articulet	m	articulets
articulé	m	articulés
artifice	m	artifices
artificialisation	f	artificialisations
artificialité	f	artificialités
artificier	m	artificiers
artillerie	f	artilleries
artilleur	m	artilleurs
artimon	m	artimons
artisan	m	artisans
artisanat	m	artisanats
artocarpe	m	artocarpes
artère	f	artères
artérialisation	f	artérialisations
artériectomie	f	artériectomies
artériographie	f	artériographies
artériole	f	artérioles
artérioscléreux	m	artérioscléreux
artérioscléreuse	f	artérioscléreuses
artériosclérose	f	artérioscléroses
artériotomie	f	artériotomies
artérite	f	artérites
artésien	m	artésiens
artésienne	f	artésiennes
arum	m	arums
aruspice	m	aruspices
aryen	m	aryens
aryenne	f	aryennes
aryle	m	aryles
arythmie	f	arythmies
aryténoïde	m	aryténoïdes
arçon	m	arçons
arçonnage	m	arçonnages
aréage	m	aréages
aréflexie	f	aréflexies
aréisme	m	aréismes
arénisation	f	arénisations
arénite	f	arénites
aréographie	f	aréographies
aréole	f	aréoles
aréomètre	m	aréomètres
aréométrie	f	aréométries
aréopage	m	aréopages
aréopagite	m	aréopagites
aréostyle	m	aréostyles
aréquier	m	aréquiers
arête	f	arêtes
arêtier	m	arêtiers
arôme	m	arômes
as	m	as
asbeste	f	asbestes
asbestose	f	asbestoses
ascaride	m	ascarides
ascaridiase	f	ascaridiases
ascaridiose	f	ascaridioses
ascaris	m	ascaris
ascendance	f	ascendances
ascendant	m	ascendants
ascendante	f	ascendantes
ascenseur	m	ascenseurs
ascension	f	ascensions
ascente	f	ascentes
ascidie	f	ascidies
ascite	f	ascites
asclépiadacée	f	asclépiadacées
ascèse	f	ascèses
ascétisme	m	ascétismes
asepsie	f	asepsies
aseptie	f	asepties
aseptisation	f	aseptisations
asexualité	f	asexualités
ashram	m	ashrams
asialie	f	asialies
asiatisation	f	asiatisations
asile	m	asiles
asociabilité	f	asociabilités
asocial	m	asociaux
asociale	f	asociales
asparagine	f	asparagines
asparagus	m	asparagus
aspartame	m	aspartames
aspe	m	aspes
aspect	m	aspects
asperge	f	asperges
aspergille	f	aspergilles
aspergillose	f	aspergilloses
aspergès	m	aspergès
aspermatisme	m	aspermatismes
aspersion	f	aspersions
aspersoir	m	aspersoirs
asphaltage	m	asphaltages
asphalte	m	asphaltes
asphodèle	m	asphodèles
asphyxie	f	asphyxies
asphyxié	m	asphyxiés
asphyxiée	f	asphyxiées
aspic	m	aspics
aspidistra	m	aspidistras
aspirant	m	aspirants
aspirante	f	aspirantes
aspirateur	m	aspirateurs
aspiration	f	aspirations
aspirine	f	aspirines
aspirée	f	aspirées
asple	m	asples
aspérité	f	aspérités
asque	m	asques
assa-foetida	m	assa-foetida
assagissement	m	assagissements
assaillant	m	assaillants
assaillante	f	assaillantes
assaillement	m	assaillements
assainissement	m	assainissements
assainisseur	m	assainisseurs
assaisonnement	m	assaisonnements
assassin	m	assassins
assassinat	m	assassinats
assassinement	m	assassinements
assaut	m	assauts
asse	f	asses
asseau	m	asseaux
assemblage	m	assemblages
assemblement	m	assemblements
assembleur	m	assembleurs
assembleuse	f	assembleuses
assembleuse	f	assembleuses
assemblé	m	assemblés
assemblée	f	assemblées
assentement	m	assentements
assentiment	m	assentiments
assentissement	m	assentissements
asseoiement	m	asseoiements
assermentation	f	assermentations
assermenté	m	assermentés
assermentée	f	assermentées
assertion	f	assertions
asservissement	m	asservissements
asservisseur	m	asservisseurs
assesseur	m	assesseurs
assette	f	assettes
asseyement	m	asseyements
assibilation	f	assibilations
assiduité	f	assiduités
assidéen	m	assidéens
assidéenne	f	assidéennes
assiette	f	assiettes
assiettée	f	assiettées
assignat	m	assignats
assignation	f	assignations
assignement	m	assignements
assigné	m	assignés
assignée	f	assignées
assimilateur	m	assimilateurs
assimilatrice	f	assimilatrices
assimilation	f	assimilations
assimilé	m	assimilés
assimilée	f	assimilées
assise	f	assises
assistanat	m	assistanats
assistance	f	assistances
assistant	m	assistants
assistante	f	assistantes
assisté	m	assistés
assistée	f	assistées
assiègement	m	assiègements
assiégeant	m	assiégeants
assiégeante	f	assiégeantes
assiégement	m	assiégements
assiégé	m	assiégés
assiégée	f	assiégées
association	f	assoc
associationnisme	m	associationnismes
associativité	f	associativités
associé	m	associés
assoiement	m	assoiements
assoiffé	m	assoiffés
assoiffée	f	assoiffées
assolement	m	assolements
assombrissement	m	assombrissements
assommade	f	assommades
assommage	m	assommages
assommement	m	assommements
assommeur	m	assommeurs
assommoir	m	assommoirs
assomption	f	assomptions
assonance	f	assonances
assortiment	m	assortiments
assortissage	m	assortissages
assortissement	m	assortissements
assoupissement	m	assoupissements
assouplissement	m	assouplissements
assouplisseur	m	assouplisseurs
assourdissement	m	assourdissements
assouvissance	f	assouvissances
assouvissement	m	assouvissements
assujetti	m	assujettis
assujettie	f	assujetties
assujettissement	m	assujettissements
assumation	f	assumations
assurage	m	assurages
assurance	f	assurances
assurance-chômage	f	assurance-chômages
assurance-crédit	f	assurances-crédits
assurance-vie	f	assurances-vie
assureur	m	assureurs
assuré	m	assurés
assurée	f	assurées
assuétude	f	assuétudes
assyrien	m	assyriens
assyrienne	f	assyriennes
assyriologie	f	assyriologies
assèchement	m	assèchements
asséchage	m	asséchages
assénement	m	assénements
astasie	f	astasies
astate	m	astates
asthme	m	asthmes
asthénie	f	asthénies
asthénosphère	f	asthénosphères
asti	m	astis
asticot	m	asticots
asticotage	m	asticotages
astigmatisme	m	astigmatismes
astiquage	m	astiquages
astique	f	astiques
astragale	m	astragales
astrakan	m	astrakans
astre	m	astres
astreinte	f	astreintes
astringence	f	astringences
astringent	m	astringents
astrobiologie	f	astrobiologies
astroblème	m	astroblèmes
astrolabe	m	astrolabes
astrologie	f	astrologies
astrolâtrie	f	astrolâtries
astrométrie	f	astrométries
astronautique	f	astronautiques
astronef	m	astronefs
astronomie	f	astronomies
astrophysique	f	astrophysiques
astuce	f	astuces
astéride	m	astérides
astérie	f	astéries
astérisque	m	astérisques
astéroïde	m	astéroïdes
astéréognosie	f	astéréognosies
asymptote	f	asymptotes
asymétrie	f	asymétries
asyndète	f	asyndètes
asynergie	f	asynergies
asystolie	f	asystolies
ataman	m	atamans
ataraxie	f	ataraxies
atavisme	m	atavismes
ataxie	f	ataxies
atelier	m	ateliers
atellane	f	atellanes
atermoiement	m	atermoiements
athanor	m	athanors
athlétisme	m	athlétismes
athrepsie	f	athrepsies
athymie	f	athymies
athéisation	f	athéisations
athéisme	m	athéismes
athénien	m	athéniens
athénienne	f	athéniennes
athénée	m	athénées
athérome	m	athéromes
athérosclérose	f	athéroscléroses
athétose	f	athétoses
atlanthrope	m	atlanthropes
atlantique	m	atlantiques
atlantisme	m	atlantismes
atlantosaure	m	atlantosaures
atlas	m	atlas
atmosphère	f	atmosphères
atoll	m	atolls
atome	m	atomes
atome-gramme	m	atomes-grammes
atomicité	f	atomicités
atomisation	f	atomisations
atomiseur	m	atomiseurs
atomisme	m	atomismes
atomistique	f	atomistiques
atomisé	m	atomisés
atomisée	f	atomisées
atonalité	f	atonalités
atonie	f	atonies
atour	m	atours
atout	m	atouts
atrabile	f	atrabiles
atriau	m	atriaux
atrium	m	atriums
atrocité	f	atrocités
atrophie	f	atrophies
atropine	f	atropines
atropinisation	f	atropinisations
atrésie	f	atrésies
attablement	m	attablements
attachage	m	attachages
attache	f	attaches
attachement	m	attachements
attaché	m	attachés
attachée	f	attachées
attaché-case	m	attaché-cases
attagène	m	attagènes
attaquant	m	attaquants
attaquante	f	attaquantes
attaque	f	attaques
attardement	m	attardements
attardé	m	attardés
attardée	f	attardées
atteinte	f	atteintes
attelage	m	attelages
attelle	f	attelles
attenance	f	attenances
attendrissement	m	attendrissements
attendrisseur	m	attendrisseurs
attendu	m	attendus
attentat	m	attentats
attente	f	attentes
attention	f	attentions
attentisme	m	attentismes
atterrage	m	atterrages
atterrissage	m	atterrissages
atterrissement	m	atterrissements
attestation	f	attestations
atticisme	m	atticismes
attifement	m	attifements
attique	m	attiques
attirail	m	attirails
attirance	f	attirances
attirement	m	attirements
attisement	m	attisements
attisoir	m	attisoirs
attitude	f	attitudes
attiédissement	m	attiédissements
attorney	m	attorneys
attoseconde	f	attosecondes
attouchement	m	attouchements
attracteur	m	attracteurs
attraction	f	attractions
attractivité	f	attractivités
attrait	m	attraits
attrapade	f	attrapades
attrapage	m	attrapages
attrape	f	attrapes
attrape-mouche	m	attrape-mouche
attrape-nigaud	m	attrape-nigaud
attribut	m	attributs
attribution	f	attributions
attrition	f	attritions
attroupement	m	attroupements
attèlement	m	attèlements
atténuance	f	atténuances
atténuateur	m	atténuateurs
atténuation	f	atténuations
attérage	m	attérages
atèle	m	atèles
atérien	m	atériens
au-delà	m	au-delà
aubade	f	aubades
aubain	m	aubains
aubaine	f	aubaines
aube	f	aubes
auberge	f	auberges
aubergine	f	aubergines
aubette	f	aubettes
aubier	m	aubiers
aubin	m	aubins
aubois	m	aubois
auboise	f	auboises
aubère	m	aubères
aubépine	f	aubépines
aucuba	m	aucubas
audace	f	audaces
audacieux	m	audacieux
audacieuse	f	audacieuses
audi-mutité	f	audi-mutités
audibilité	f	audibilités
audience	f	audiences
audiencier	m	audienciers
audimat	m	audimats
audimutité	f	audimutités
audio	f	
audioconférence	f	audioconférences
audiofréquence	f	audiofréquences
audiogramme	m	audiogrammes
audiomètre	m	audiomètres
audiométrie	f	audiométries
audiophone	m	audiophones
audiotel	m	audiotels
audiovisuel	m	audiovisuels
audit	m	audits
auditeur	m	auditeurs
auditrice	f	auditrices
auditif	m	auditifs
audition	f	auditions
auditoire	m	auditoires
auditorat	m	auditorats
auditorium	m	auditoriums
auge	f	auges
auget	m	augets
augment	m	augments
augmentatif	m	augmentatifs
augmentation	f	augmentations
augure	m	augures
auguste	m	augustes
augustin	m	augustins
augustine	f	augustines
augustinien	m	augustiniens
augustinienne	f	augustiniennes
augustinisme	m	augustinismes
aulne	m	aulnes
aumône	f	aumônes
aumônerie	f	aumôneries
aumônier	m	aumôniers
aumônière	f	aumônières
aunage	m	aunages
aura	f	auras
aurantiacée	f	aurantiacées
auriculaire	m	auriculaires
auricule	f	auricules
aurification	f	aurifications
aurige	m	auriges
aurignacien	m	aurignaciens
aurochs	m	aurochs
aurore	f	aurores
auréole	f	auréoles
auréomycine	f	auréomycines
auscultation	f	auscultations
auspice	m	auspices
aussière	f	aussières
australien	m	australiens
australienne	f	australiennes
australopithèque	m	australopithèques
austérité	f	austérités
autan	m	autans
autarcie	f	autarcies
autel	m	autels
auteur	m	auteurs
auteure	f	auteures
authenticité	f	authenticités
authentification	f	authentifications
autisme	m	autismes
auto-accusation	f	auto-accusations
auto-adhésif	m	auto-adhésifs
auto-allumage	m	auto-allumages
auto-amorçage	m	auto-amorçages
auto-imposition	f	auto-impositions
auto-intoxication	f	auto-intoxications
auto-stop	m	auto-stops
auto-stoppeur	m	auto-stoppeurs
auto-stoppeuse	f	auto-stoppeuses
auto-école	f	auto-écoles
autoberge	f	autoberges
autobiographie	f	autobiographies
autobus	m	autobus
autocar	m	autocars
autocensure	f	autocensures
autochenille	f	autochenilles
autochtonie	f	autochtonies
autoclave	m	autoclaves
autocollant	m	autocollants
autoconduction	f	autoconductions
autoconsommation	f	autoconsommations
autocontrôle	m	autocontrôles
autocopie	f	autocopies
autocratie	f	autocraties
autocritique	f	autocritiques
autocuiseur	m	autocuiseurs
autodafé	m	autodafés
autodestruction	f	autodestructions
autodiscipline	f	autodisciplines
autodrome	m	autodromes
autodéfense	f	autodéfenses
autodérision	f	autodérisions
autodétermination	f	autodéterminations
autofinancement	m	autofinancements
autofocus	m	autofocus
autofécondation	f	autofécondations
autogamie	f	autogamies
autogestion	f	autogestions
autogire	m	autogires
autographe	m	autographes
autographie	f	autographies
autoguidage	m	autoguidages
autojustification	f	autojustifications
autologue	m	autologues
automaticité	f	automaticités
automation	f	automations
automatique	m	automatiques
automatisation	f	automatisations
automatisme	m	automatismes
automitrailleuse	f	automitrailleuses
automne	m	automnes
automobile	f	automobiles
automobilisme	m	automobilismes
automorphisme	m	automorphismes
automoteur	m	automoteurs
automotrice	f	automotrices
automutilation	f	automutilations
automédication	f	automédications
automédon	m	automédons
autoneige	f	autoneiges
autonomie	f	autonomies
autonomisation	f	autonomisations
autonomisme	m	autonomismes
autonyme	m	autonymes
autophagie	f	autophagies
autoplastie	f	autoplasties
autopompe	f	autopompes
autoportrait	m	autoportraits
autopropulsion	f	autopropulsions
autopsie	f	autopsies
autopunition	f	autopunitions
autoradio	m	autoradios
autoradiographie	f	autoradiographies
autorail	m	autorails
autorisation	f	autorisations
autoritarisme	m	autoritarismes
autorité	f	autorités
autoroute	f	autoroutes
autoréglage	m	autoréglages
autorégulation	f	autorégulations
autosatisfaction	f	autosatisfactions
autoscopie	f	autoscopies
autostrade	f	autostrades
autosubsistance	f	autosubsistances
autosuffisance	f	autosuffisances
autosuggestion	f	autosuggestions
autosurveillance	f	autosurveillances
autotomie	f	autotomies
autotrophe	m	autotrophes
autour	m	autours
autovaccin	m	autovaccins
autovaccination	f	autovaccinations
autre	m	autre
autrichien	m	autrichiens
autrichienne	f	autrichiennes
autruche	f	autruches
auvent	m	auvents
auvergnat	m	auvergnats
auvergnate	f	auvergnates
auxine	f	auxines
avachissement	m	avachissements
aval	m	avals
avalage	m	avalages
avalanche	f	avalanches
avalement	m	avalements
avaleur	m	avaleurs
avalisation	f	avalisations
avaliseur	m	avaliseurs
avaloir	m	avaloirs
avaloire	f	avaloires
avance	f	avances
avancement	m	avancements
avancée	f	avancées
avanie	f	avanies
avant	m	avants
avant-bras	m	avant-bras
avant-corps	m	avant-corps
avant-coureur	m	avant-coureurs
avant-garde	f	avant-gardes
avant-gardisme	m	avant-gardismes
avant-goût	m	avant-goûts
avant-main	f	avant-mains
avant-port	m	avant-ports
avant-poste	m	avant-postes
avant-première	f	avant-premières
avant-projet	m	avant-projets
avant-propos	m	avant-propos
avant-scène	f	avant-scènes
avant-toit	m	avant-toits
avant-train	m	avant-trains
avant-veille	f	avant-veilles
avantage	m	avantages
avantageux	m	avantageux
avantageuse	f	avantageuses
avarice	f	avarices
avaricieux	m	avaricieux
avaricieuse	f	avaricieuses
avarie	f	avaries
avatar	m	avatars
ave	m	ave
aveline	f	avelines
avelinier	m	aveliniers
aven	m	avens
avenant	m	avenants
avenir	m	avenirs
avent	m	avents
aventure	f	aventures
aventurier	m	aventuriers
aventurière	f	aventurières
aventurine	f	aventurines
aventurisme	m	aventurismes
avenue	f	avenues
average	m	averages
avers	m	avers
averse	f	averses
aversion	f	aversions
avertissement	m	avertissements
avertisseur	m	avertisseurs
aveu	m	aveux
aveuglement	m	aveuglements
aveuglette	f	aveuglettes
aveulissement	m	aveulissements
aviateur	m	aviateurs
aviatrice	f	aviatrices
aviation	f	aviations
aviculteur	m	aviculteurs
avicultrice	f	avicultrices
aviculture	f	avicultures
avidité	f	avidités
avilissement	m	avilissements
avinage	m	avinages
avion	m	avions
avion-cargo	m	avions-cargos
avionique	f	avioniques
avionnette	f	avionnettes
avionneur	m	avionneurs
aviron	m	avirons
avis	m	avis
aviso	m	avisos
avitaillement	m	avitaillements
avitaminose	f	avitaminoses
avivage	m	avivages
avivement	m	avivements
avivé	m	avivés
avocaillon	m	avocaillons
avocasserie	f	avocasseries
avocat	m	avocats
avocate	f	avocates
avocatier	m	avocatiers
avocette	f	avocettes
avodiré	m	avodirés
avoine	f	avoines
avoir	m	avoirs
avoirdupoids	m	avoirdupoids
avortement	m	avortements
avorteur	m	avorteurs
avorton	m	avortons
avorté	m	avortés
avortée	f	avortées
avoué	m	avoués
avoyage	m	avoyages
avril	m	avrils
avulsion	f	avulsions
avènement	m	avènements
avé	m	avé
award	m	awards
axage	m	axages
axe	m	axes
axiologie	f	axiologies
axiomatique	f	axiomatiques
axiomatisation	f	axiomatisations
axiome	m	axiomes
axis	m	axis
axolotl	m	axolotls
axone	m	axones
axonge	f	axonges
axonométrie	f	axonométries
axérophtol	m	axérophtols
ay	m	ay
ayatollah	m	ayatollahs
aye	m	ayes
ayuntamiento	m	ayuntamientos
azalée	f	azalées
azerbaïdjanais	m	azerbaïdjanais
azerbaïdjanaise	f	azerbaïdjanaises
azerole	f	azeroles
azerolier	m	azeroliers
azilien	m	aziliens
azilienne	f	aziliennes
azimut	m	azimuts
azimutage	m	azimutages
azoospermie	f	azoospermies
azotate	m	azotates
azote	m	azotes
azotite	m	azotites
azotobacter	m	azotobacters
azoturie	f	azoturies
azotémie	f	azotémies
azulejo	m	azulejos
azur	m	azurs
azurage	m	azurages
azurant	m	azurants
azurement	m	azurements
azurite	f	azurites
azuré	m	azurés
azygos	f	azygos
azyme	m	azymes
azéri	m	azéris
azérie	f	azéries
aède	m	aèdes
aérage	m	aérages
aérateur	m	aérateurs
aération	f	aérations
aéro-club	m	aéro-clubs
aérobus	m	aérobus
aérodrome	m	aérodromes
aérodynamique	f	aérodynamiques
aérodynamisation	f	aérodynamisations
aérogare	f	aérogares
aéroglisseur	m	aéroglisseurs
aérogramme	m	aérogrammes
aérolite	m	aérolites
aérolithe	m	aérolithes
aérologie	f	aérologies
aéronautique	f	aéronautiques
aéronavale	f	aéronavales
aéronef	m	aéronefs
aérophagie	f	aérophagies
aéroplane	m	aéroplanes
aéroport	m	aéroports
aérosol	m	aérosols
aérospatiale	f	aérospatiales
aérostat	m	aérostats
aérotrain	m	aérotrains
aînesse	f	aînesses
aîné	m	aînés
aînée	f	aînées
aï	m	aïs
aïeul	m	aïeuls
aïeule	f	aïeules
aïkido	m	aïkido
aïoli	m	aïolis
b.d	f	b.d
b2b	m	b2b
b2c	m	b2c
babeurre	m	babeurres
babil	m	babils
babillage	m	babillages
babillard	m	babillards
babillarde	f	babillardes
babillarde	f	babillardes
babillement	m	babillements
babillerie	f	babilleries
babine	f	babines
babiole	f	babioles
babiroussa	m	babiroussas
babouche	f	babouches
babouchka	f	babouchkas
babouin	m	babouins
babouvisme	m	babouvismes
baby	m	babies
baby-boom	m	baby-booms
baby-boomer	m	baby-boomers
baby-foot	m	baby-foot
babylonien	m	babyloniens
babylonienne	f	babyloniennes
babysitting	m	babysittings
bac	m	bacs
bacante	f	bacantes
baccalauréat	m	baccalauréats
baccara	m	baccaras
baccarat	m	baccarats
bacchanal	m	bacchanals
bacchanale	f	bacchanales
bacchante	f	bacchantes
bachelier	m	bacheliers
bachelière	f	bachelières
bachi-bouzouk	m	bachi-bouzouks
bachot	m	bachots
bachotage	m	bachotages
bachotte	f	bachottes
bacille	m	bacilles
bacillose	f	bacilloses
back-office	m	back-offices
background	m	backgrounds
backup	m	backups
bacon	m	bacons
bactéricide	m	bactéricides
bactéridie	f	bactéridies
bactérie	f	bactéries
bactériologie	f	bactériologies
bactériophage	m	bactériophages
bactériémie	f	bactériémies
bacul	m	baculs
badaud	m	badauds
badaude	f	badaudes
badaudage	m	badaudages
badauderie	f	badauderies
baderne	f	badernes
badge	m	badges
badgeuse	f	badgeuses
badiane	f	badianes
badigeon	m	badigeons
badigeonnage	m	badigeonnages
badigeonneur	m	badigeonneurs
badigoince	f	badigoinces
badin	m	badins
badinage	m	badinages
badine	f	badines
badinerie	f	badineries
badminton	m	badmintons
badois	m	badois
badoise	f	badoises
baffe	f	baffes
baffle	m	baffles
bafouage	m	bafouages
bafouement	m	bafouements
bafouillage	m	bafouillages
bafouille	f	bafouilles
bafouillement	m	bafouillements
bafouilleur	m	bafouilleurs
bafouilleuse	f	bafouilleuses
bagad	m	bagads
bagage	m	bagages
bagarre	f	bagarres
bagarreur	m	bagarreurs
bagarreuse	f	bagarreuses
bagasse	f	bagasses
bagatelle	f	bagatelles
bagnard	m	bagnards
bagne	m	bagnes
bagnole	f	bagnoles
bagou	m	bagous
bagout	m	bagouts
baguage	m	baguages
bague	f	bagues
baguement	m	baguements
baguenaudage	m	baguenaudages
baguenaude	f	baguenaudes
baguenauderie	f	baguenauderies
baguenaudier	m	baguenaudiers
baguette	f	baguettes
baguettisant	m	baguettisants
baguier	m	baguiers
baha'isme	m	baha'ismes
baht	m	bahts
bahut	m	bahuts
bahutage	m	bahutages
bai	m	bais
baie	f	baies
baignade	f	baignades
baignage	m	baignages
baigneur	m	baigneurs
baigneuse	f	baigneuses
baigneuse	f	baigneuses
baignoire	f	baignoires
bail	m	baux
baille	f	bailles
bailleur	m	bailleurs
bailleresse	f	bailleuresses
bailli	m	baillis
bailliage	m	bailliages
bain	m	bains
bain-marie	m	bains-marie
baisade	f	baisades
baisage	m	baisages
baise	f	baises
baisemain	m	baisemains
baisement	m	baisements
baiser	m	baisers
baiseur	m	baiseurs
baiseuse	f	baiseuses
baissage	m	baissages
baisse	f	baisses
baissement	m	baissements
baissier	m	baissiers
baissière	f	baissières
baissoir	m	baissoirs
baissée	f	baissées
bajoue	f	bajoues
bajoyer	m	bajoyers
bakchich	m	bakchichs
baklava	m	baklavas
bakélisage	m	bakélisages
bakélisation	f	bakélisations
bakélite	f	bakélites
bal	m	bals
balade	f	balades
baladeur	m	baladeurs
baladeuse	f	baladeuses
baladin	m	baladins
balafon	m	balafons
balafre	f	balafres
balafré	m	balafrés
balafrée	f	balafrées
balai	m	balais
balai-brosse	m	balais-brosses
balalaïka	f	balalaïkas
balance	f	balances
balancelle	f	balancelles
balancement	m	balancements
balancier	m	balanciers
balancine	f	balancines
balane	f	balanes
balanite	f	balanites
balanoglosse	m	balanoglosses
balançage	m	balançages
balançoire	f	balançoires
balayage	m	balayages
balayement	m	balayements
balayette	f	balayettes
balayeur	m	balayeurs
balayeuse	f	balayeuses
balayeuse	f	balayeuses
balayure	f	balayures
balboa	m	balboas
balbutiement	m	balbutiements
balbuzard	m	balbuzards
balcon	m	balcons
balconnet	m	balconnets
baldaquin	m	baldaquins
baleine	f	baleines
baleineau	m	baleineaux
baleinier	m	baleiniers
baleinière	f	baleinières
balestron	m	balestrons
balinais	m	balinais
balinaise	f	balinaises
balisage	m	balisages
balise	f	balises
baliseur	m	baliseurs
balisier	m	balisiers
balistique	f	balistiques
balistite	f	balistites
balivage	m	balivages
baliveau	m	baliveaux
baliverne	f	balivernes
baliveur	m	baliveurs
balkanisation	f	balkanisations
ball	m	balls
ball-trap	m	ball-traps
ballade	f	ballades
balladurien	m	balladuriens
balladurienne	f	balladuriennes
ballant	m	ballants
ballast	m	ballasts
ballastage	m	ballastages
ballastière	f	ballastières
balle	f	balles
ballerine	f	ballerines
ballet	m	ballets
ballon	m	ballons
ballonnage	m	ballonnages
ballonnement	m	ballonnements
ballonnet	m	ballonnets
ballonné	m	ballonnés
ballot	m	ballots
ballote	f	ballotes
ballotin	m	ballotins
ballottage	m	ballottages
ballotte	f	ballottes
ballottement	m	ballottements
ballottine	f	ballottines
ballotté	m	ballottés
balluchon	m	balluchons
balnéation	f	balnéations
balnéothérapie	f	balnéothérapies
balourd	m	balourds
balourde	f	balourdes
balourdise	f	balourdises
balsa	m	balsas
balsamier	m	balsamiers
balsamine	f	balsamines
balsamique	m	balsamiques
balthazar	m	balthazars
baluchon	m	baluchons
balustrade	f	balustrades
balustre	m	balustres
balzane	f	balzanes
balèvre	f	balèvres
bambin	m	bambins
bambochade	f	bambochades
bamboche	f	bamboches
bambocheur	m	bambocheurs
bambocheuse	f	bambocheuses
bambou	m	bambous
bamboula	f	bamboulas
bamiléké	m	bamilékés
bamilékée	f	bamilékées
ban	m	bans
banalisation	f	banalisations
banalité	f	banalités
banane	f	bananes
bananeraie	f	bananeraies
bananier	m	bananiers
banat	m	banats
banc	m	bancs
bancal	m	bancals
banchage	m	banchages
banche	f	banches
banco	m	banco
bancoulier	m	bancouliers
bandage	m	bandages
bandaison	f	bandaisons
bande	f	bandes
bande-son	f	bandes-son
bande-vidéo	f	bande-vidéos
bandeau	m	bandeaux
bandelette	f	bandelettes
bandera	f	banderas
banderille	f	banderilles
banderillero	m	banderilleros
banderolage	m	banderolages
banderole	f	banderoles
bandit	m	bandits
banditisme	m	banditismes
bandonéon	m	bandonéons
bandoulière	f	bandoulières
bang	m	bangs
banian	m	banians
banjo	m	banjos
banking	m	bankings
banlieue	f	banlieues
banlieusard	m	banlieusards
banlieusarde	f	banlieusardes
banlon	m	banlons
banne	f	bannes
banneret	m	bannerets
banneton	m	bannetons
bannette	f	bannettes
banni	m	bannis
bannie	f	bannies
bannissement	m	bannissements
bannière	f	bannières
banque	f	banques
banqueroute	f	banqueroutes
banqueroutier	m	banqueroutiers
banquet	m	banquets
banquetage	m	banquetages
banqueteur	m	banqueteurs
banquette	f	banquettes
banquier	m	banquiers
banquise	f	banquises
bantou	m	bantous
bantoue	f	bantoues
bantoustan	m	bantoustans
baobab	m	baobabs
baoulé	m	baoulés
baoulée	f	baoulées
baptisme	m	baptismes
baptistaire	m	baptistaires
baptistère	m	baptistères
baptisé	m	baptisés
baptisée	f	baptisées
baptême	m	baptêmes
baquet	m	baquets
baquetage	m	baquetages
baqueture	f	baquetures
bar	m	bars
baragouin	m	baragouins
baragouinage	m	baragouinages
baragouineur	m	baragouineurs
baragouineuse	f	baragouineuses
baraka	f	barakas
baraquage	m	baraquages
baraque	f	baraques
baraquement	m	baraquements
baraterie	f	barateries
baratin	m	baratins
baratinage	m	baratinages
baratineur	m	baratineurs
barattage	m	barattages
baratte	f	barattes
barattement	m	barattements
baratté	m	barattés
baraudage	m	baraudages
barbacane	f	barbacanes
barbaque	f	barbaques
barbarerie	f	barbareries
barbaresque	m	barbaresques
barbarie	f	barbaries
barbarisation	f	barbarisations
barbarisme	m	barbarismes
barbeau	m	barbeaux
barbecue	m	barbecues
barbelure	f	barbelures
barbelé	m	barbelés
barbet	m	barbets
barbette	f	barbettes
barbiche	f	barbiches
barbichette	f	barbichettes
barbie	f	barbies
barbier	m	barbiers
barbification	f	barbifications
barbille	f	barbilles
barbillon	m	barbillons
barbital	m	barbitals
barbiturique	m	barbituriques
barbiturisme	m	barbiturismes
barbon	m	barbons
barbotage	m	barbotages
barbote	f	barbotes
barbotement	m	barbotements
barboteur	m	barboteurs
barboteuse	f	barboteuses
barboteuse	f	barboteuses
barbotin	m	barbotins
barbotine	f	barbotines
barbotière	f	barbotières
barbottage	m	barbottages
barbotte	f	barbottes
barbottement	m	barbottements
barbouillage	m	barbouillages
barbouille	f	barbouilles
barbouilleur	m	barbouilleurs
barbouilleuse	f	barbouilleuses
barbu	m	barbus
barbue	f	barbues
barbue	f	barbues
barbule	f	barbules
barcarolle	f	barcarolles
barcasse	f	barcasses
barcelonnette	f	barcelonnettes
bard	m	bards
barda	m	bardas
bardage	m	bardages
bardane	f	bardanes
bardeau	m	bardeaux
bardis	m	bardis
bardot	m	bardots
barguignade	f	barguignades
barguignage	m	barguignages
baril	m	barils
barillet	m	barillets
bariolage	m	bariolages
bariolure	f	bariolures
barlotière	f	barlotières
barmaid	f	barmaids
barman	m	barmans
barn	m	barns
barnabite	m	barnabites
barographe	m	barographes
baromètre	m	baromètres
baron	m	barons
baronne	f	baronnes
baronnage	m	baronnages
baronne	f	baronnes
baronnet	m	baronnets
baronnie	f	baronnies
baroquisation	f	baroquisations
baroquisme	m	baroquismes
baroscope	m	baroscopes
baroud	m	barouds
baroudage	m	baroudages
baroudeur	m	baroudeurs
barouf	m	baroufs
baroufle	m	baroufles
barque	f	barques
barquette	f	barquettes
barracuda	m	barracudas
barrage	m	barrages
barre	f	barres
barreau	m	barreaux
barrel	m	barrels
barrement	m	barrements
barrette	f	barrettes
barreur	m	barreurs
barreuse	f	barreuses
barricadage	m	barricadages
barricade	f	barricades
barricadement	m	barricadements
barrique	f	barriques
barrisme	m	barrismes
barrissement	m	barrissements
barrit	m	barrits
barrière	f	barrières
barrot	m	barrots
barrotage	m	barrotages
barré	m	barrés
bartavelle	f	bartavelles
barycentre	m	barycentres
barye	f	baryes
barymétrie	f	barymétries
baryon	m	baryons
barysphère	f	barysphères
baryte	f	barytes
barytine	f	barytines
baryton	m	barytons
baryum	m	baryums
barzoï	m	barzoïs
barème	m	barèmes
bas	m	bas
bas-bleu	m	bas-bleus
bas-côté	m	bas-côtés
bas-fond	m	bas-fonds
bas-mât	m	bas-mâts
bas-relief	m	bas-reliefs
bas-ventre	m	bas-ventres
basage	m	basages
basale	f	basales
basalte	m	basaltes
basane	f	basanes
basculage	m	basculages
bascule	f	bascules
basculement	m	basculements
basculeur	m	basculeurs
base	f	bases
base-ball	m	base-balls
baseball	m	baseballs
baseballeur	m	baseballeurs
baseballeuse	f	baseballeuses
baseline	f	baselines
baselle	f	baselles
basic	m	basics
basicité	f	basicités
baside	f	basides
basidiomycète	m	basidiomycètes
basilic	m	basilics
basilique	f	basiliques
basin	m	basins
basket-ball	m	basket-balls
basketteur	m	basketteurs
basketteuse	f	basketteuses
basoche	f	basoches
basophile	m	basophiles
basquaise	f	basquaises
basquine	f	basquines
basse	f	basses
basse-cour	f	basses-cours
bassesse	f	bassesses
basset	m	bassets
bassidji	m	bassidjis
bassin	m	bassins
bassinage	m	bassinages
bassine	f	bassines
bassinement	m	bassinements
bassinet	m	bassinets
bassinoire	f	bassinoires
basson	m	bassons
bastaing	m	bastaings
basterne	f	basternes
bastide	f	bastides
bastidon	m	bastidons
bastille	f	bastilles
basting	m	bastings
bastingage	m	bastingages
bastion	m	bastions
baston	f	bastons
bastonnade	f	bastonnades
bastonnage	m	bastonnages
bastos	f	bastos
bastringue	m	bastringues
bat	m	bats
bat-flanc	m	bat-flanc
bataclan	m	bataclans
bataille	f	batailles
batailleur	m	batailleurs
batailleuse	f	batailleuses
bataillon	m	bataillons
batardeau	m	batardeaux
batavia	f	batavias
batayole	f	batayoles
bateau	m	bateaux
bateau-feu	m	bateaux-feux
bateau-lavoir	m	bateaux-lavoirs
bateau-mouche	m	bateaux-mouches
bateau-pilote	m	bateaux-pilotes
batelage	m	batelages
batelet	m	batelets
batelier	m	bateliers
batelière	f	batelières
batellerie	f	batelleries
batelée	f	batelées
bathymétrie	f	bathymétries
bathyscaphe	m	bathyscaphes
bathysphère	f	bathysphères
batifolage	m	batifolages
batik	m	batiks
batiste	f	batistes
batoude	f	batoudes
batracien	m	batraciens
battage	m	battages
battaison	f	battaisons
battant	m	battants
battante	f	battantes
batte	f	battes
battellement	m	battellements
battement	m	battements
batterie	f	batteries
batteur	m	batteurs
batteuse	f	batteuses
batteuse	f	batteuses
battiture	f	battitures
battle-dress	m	battle-dress
battoir	m	battoirs
battologie	f	battologies
battu	m	battus
battue	f	battues
battue	f	battues
batture	f	battures
battée	f	battées
batée	f	batées
bau	m	baux
baud	m	bauds
baudelairien	m	baudelairiens
baudelairienne	f	baudelairiennes
baudet	m	baudets
baudrier	m	baudriers
baudroie	f	baudroies
baudruche	f	baudruches
bauge	f	bauges
bauhinia	m	bauhinias
baumier	m	baumiers
bauquière	f	bauquières
bauxite	f	bauxites
bavachage	m	bavachages
bavachement	m	bavachements
bavage	m	bavages
bavard	m	bavards
bavarde	f	bavardes
bavardage	m	bavardages
bavarois	m	bavarois
bavaroise	f	bavaroises
bavaroise	f	bavaroises
bavassage	m	bavassages
bavasserie	f	bavasseries
bave	f	baves
bavement	m	bavements
bavette	f	bavettes
baveuse	f	baveuses
bavière	f	bavières
bavochure	f	bavochures
bavoir	m	bavoirs
bavolet	m	bavolets
bavotement	m	bavotements
bavure	f	bavures
bay	m	bays
bayadère	f	bayadères
bayement	m	bayements
bayou	m	bayous
bayram	m	bayrams
bazar	m	bazars
bazardage	m	bazardages
bazardement	m	bazardements
bazari	m	bazaris
bazarie	f	bazaries
bazooka	m	bazookas
baïonnette	f	baïonnettes
baïram	m	baïrams
beagle	m	beagles
beau	m	beaux
belle	f	belles
beau-fils	m	beaux-fils
beau-frère	m	beaux-frères
beau-père	m	beaux-pères
beauceron	m	beaucerons
beauceronne	f	beauceronnes
beauf	m	beaufs
beaujolais	m	beaujolais
beaujolaise	f	beaujolaises
beaupré	m	beauprés
beauté	f	beautés
bec	m	becs
bec-croisé	m	becs-croisés
bec-d'âne	m	bec-d'ânes
bec-de-cane	m	becs-de-cane
bec-de-corbeau	m	becs-de-corbeau
bec-de-corbin	m	becs-de-corbin
bec-de-lièvre	m	becs-de-lièvre
becfigue	m	becfigues
becquerel	m	becquerels
becquet	m	becquets
becquetage	m	becquetages
becquetance	f	becquetances
becquotage	m	becquotages
becquée	f	becquées
bectance	f	bectances
bedaine	f	bedaines
bedeau	m	bedeaux
bedon	m	bedons
beefsteak	m	beefsteaks
beffroi	m	beffrois
beggard	m	beggards
behaviorisme	m	behaviorismes
beige	m	beiges
beigne	f	beignes
beignet	m	beignets
bel	m	bels
belette	f	belettes
belgicisme	m	belgicismes
belgradois	m	belgradois
belgradoise	f	belgradoises
belladone	f	belladones
belladonne	f	belladonnes
belle-de-jour	f	belles-de-jour
belle-de-nuit	f	belles-de-nuit
belle-doche	f	belle-doches
belle-famille	f	belles-familles
belle-fille	f	belles-filles
belle-mère	f	belles-mères
belle-soeur	f	belles-soeurs
bellicisme	m	bellicismes
bellifontain	m	bellifontains
bellifontaine	f	bellifontaines
belligérance	f	belligérances
belligérant	m	belligérants
belliqueux	m	belliqueux
belliqueuse	f	belliqueuses
belluaire	m	belluaires
bellâtre	m	bellâtres
belon	f	belons
belote	f	belotes
belouga	m	belougas
beluga	m	belugas
belvédère	m	belvédères
benchmark	m	benchmarks
benchmarking	m	benchmarkings
benfluorex	m	benfluorex
bengalie	f	bengalies
benjamin	m	benjamins
benjamine	f	benjamines
benjoin	m	benjoins
benne	f	bennes
benoîte	f	benoîtes
benoîtonnement	m	benoîtonnements
benoîtonnerie	f	benoîtonneries
benthos	m	benthos
bentonite	f	bentonites
benzidine	f	benzidines
benzine	f	benzines
benzoate	m	benzoates
benzodiazépine	f	benzodiazépines
benzol	m	benzols
benzolisme	m	benzolismes
benzonaphtol	m	benzonaphtols
benzoyle	m	benzoyles
benzyle	m	benzyles
benzène	m	benzènes
benêt	m	benêt
ber	m	bers
berbérisation	f	berbérisations
bercail	m	bercails
berce	f	berces
berceau	m	berceaux
bercelonnette	f	bercelonnettes
bercement	m	bercements
berceuse	f	berceuses
bergamasque	f	bergamasques
bergamote	f	bergamotes
bergamotier	m	bergamotiers
berge	f	berges
berger	m	bergers
bergère	f	bergères
bergerette	f	bergerettes
bergerie	f	bergeries
bergeronnette	f	bergeronnettes
berginisation	f	berginisations
bergère	f	bergères
berkélium	m	berkéliums
berline	f	berlines
berlingot	m	berlingots
berlue	f	berlues
berme	f	bermes
bermuda	m	bermudas
bermudien	m	bermudiens
bernache	f	bernaches
bernacle	f	bernacles
bernard	m	bernard
bernard-l'ermite	m	bernard-l'ermite
bernardin	m	bernardins
bernardine	f	bernardines
berne	f	bernes
bernement	m	bernements
berneur	m	berneurs
berneuse	f	berneuses
bernicle	f	bernicles
bernique	f	berniques
bernois	m	bernois
bernoise	f	bernoises
berrichon	m	berrichons
berrichonne	f	berrichonnes
bersaglier	m	bersagliers
berthe	f	berthes
berthon	m	berthons
bertillonnage	m	bertillonnages
berçante	f	berçantes
besace	f	besaces
besacier	m	besaciers
besacière	f	besacières
besaiguë	f	besaiguës
besant	m	besants
besogne	f	besognes
besognement	m	besognements
besogneux	m	besogneux
besogneuse	f	besogneuses
besoin	m	besoins
bessemer	m	bessemers
bessemérisation	f	bessemérisations
besson	m	bessons
bessonne	f	bessonnes
best-seller	m	best-sellers
bestiaire	m	bestiaires
bestialisation	f	bestialisations
bestialité	f	bestialités
bestiole	f	bestioles
bette	f	bettes
betterave	f	betteraves
betteravier	m	betteraviers
betteravière	f	betteravières
beuglage	m	beuglages
beuglant	m	beuglants
beuglante	f	beuglantes
beuglement	m	beuglements
beurette	f	
beurrage	m	beurrages
beurre	m	beurres
beurrerie	f	beurreries
beurrier	m	beurriers
beurré	m	beurrés
beurrée	f	beurrées
beuverie	f	beuveries
bey	m	beys
beylicat	m	beylicats
beylisme	m	beylismes
biacide	m	biacides
biais	m	biais
biaisage	m	biaisages
biaisement	m	biaisements
biathlon	m	biathlons
bibelot	m	bibelots
bibelotage	m	bibelotages
bibeloteur	m	bibeloteurs
bibeloteuse	f	bibeloteuses
bibelotier	m	bibelotiers
bibelotière	f	bibelotières
biberon	m	biberons
bibi	m	bibis
bibine	f	bibines
bible	f	bibles
bibliobus	m	bibliobus
bibliographie	f	bibliogr..
bibliomanie	f	bibliomanies
bibliophilie	f	bibliophilies
bibliothèque	f	bibliothèques
bibliothéconomie	f	bibliothéconomies
bic	m	bics
bicaméralisme	m	bicaméralismes
bicamérisme	m	bicamérismes
bicarbonate	m	bicarbonates
bicentenaire	m	bicentenaires
biceps	m	biceps
biche	f	biches
bichette	f	bichettes
bichlamar	m	bichlamars
bichlorure	m	bichlorures
bichof	m	bichofs
bichon	m	bichons
bichonne	f	bichonnes
bichonnage	m	bichonnages
bichromate	m	bichromates
bichromie	f	bichromies
bickford	m	bickfords
bicoque	f	bicoques
bicorne	m	bicornes
bicot	m	bicots
biculturalisme	m	biculturalismes
bicycle	m	bicycles
bicyclette	f	bicyclettes
bicéphale	m	bicéphales
bidasse	m	bidasses
bide	m	bides
bident	m	bidents
bidet	m	bidets
bidimensionnalité	f	bidimensionnalités
bidoche	f	bidoches
bidon	m	bidons
bidonnage	m	bidonnages
bidonville	m	bidonvilles
bidouillage	m	bidouillages
bidouille	f	bidouilles
bidouillerie	f	bidouilleries
bidouilleur	m	bidouilleurs
bidouilleuse	f	bidouilleuses
bidule	m	bidules
bief	m	biefs
bielle	f	bielles
biellette	f	biellettes
bien	m	biens
bien-aimé	m	bien-aimés
bien-aimée	f	bien-aimées
bien-dire	m	bien-dire
bien-fonds	m	biens-fonds
bien-fondé	m	
bien-jugé	m	bien-jugés
bien-pensant	m	bien-pensants
bien-pensante	f	bien-pensantes
bien-être	m	bien-être
bienfaisance	f	bienfaisances
bienfait	m	bienfaits
bienfaiteur	m	bienfaiteurs
bienfaitrice	f	bienfaitrices
bienheureux	m	bienheureux
bienheureuse	f	bienheureuses
biennale	f	biennales
bienséance	f	bienséances
bienveillance	f	bienveillances
bienvenu	f	bienvenus
bienvenue	f	bienvenues
biface	m	bifaces
biffage	m	biffages
biffe	f	biffes
biffement	m	biffements
biffin	m	biffins
biffure	f	biffures
bifteck	m	biftecks
bifurcation	f	bifurcations
bigamie	f	bigamies
bigarade	f	bigarades
bigaradier	m	bigaradiers
bigarreau	m	bigarreaux
bigarrure	f	bigarrures
bigeade	f	bigeades
biglerie	f	bigleries
bigleux	m	bigleux
bigleuse	f	bigleuses
bignonia	m	bignonias
bignoniacée	f	bignoniacées
bigophone	m	bigophones
bigornage	m	bigornages
bigorne	f	bigornes
bigorneau	m	bigorneaux
bigot	m	bigots
bigote	f	bigotes
bigoterie	f	bigoteries
bigotisme	m	bigotismes
bigoudi	m	bigoudis
bigue	f	bigues
biguine	f	biguines
bihoreau	m	bihoreaux
bijection	f	bijections
bijou	m	bijoux
bijouterie	f	bijouteries
bijoutier	m	bijoutiers
bijoutière	f	bijoutières
bikini	m	bikinis
bilabiale	f	bilabiales
bilame	m	bilames
bilan	m	bilans
bilatérale	f	bilatérales
bilatéralisation	f	bilatéralisations
bilatéralisme	m	bilatéralismes
bilatéralité	f	bilatéralités
bilboquet	m	bilboquets
bile	f	biles
bilharzie	f	bilharzies
bilharziose	f	bilharzioses
bilieux	m	bilieux
bilieuse	f	bilieuses
biligenèse	f	biligenèses
bilinguisation	f	bilinguisations
bilinguisme	m	bilinguismes
bilirubine	f	bilirubines
biliverdine	f	biliverdines
bill	m	bills
billage	m	billages
billard	m	billards
bille	f	billes
billet	m	billets
billette	f	billettes
billetterie	f	billetteries
billevesée	f	billevesées
billion	m	billions
billon	m	billons
billonnage	m	billonnages
billonnement	m	billonnements
billot	m	billots
bimane	m	bimanes
bimbelot	m	bimbelots
bimbeloterie	f	bimbeloteries
bimensuel	m	bimensuels
bimestre	m	bimestres
bimestriel	m	bimestriels
bimillénaire	m	bimillénaires
bimétallisme	m	bimétallismes
binage	m	binages
binard	m	binards
binette	f	binettes
bineur	m	bineurs
bineuse	f	bineuses
bineuse	f	bineuses
bingo	m	bingos
biniou	m	binious
binoclard	m	binoclards
binocle	m	binocles
binoculaire	f	binoculaires
bins	m	bins
binôme	m	binômes
bio	m	bios
biobibliographie	f	biobibliographies
biochimie	f	biochimies
biocide	m	biocides
bioclimatologie	f	bioclimatologies
bioconversion	f	bioconversions
biocratie	f	biocraties
biocénose	f	biocénoses
biodisponibilité	f	biodisponibilités
biodiversité	f	biodiversités
biodégradabilité	f	biodégradabilités
biodégradation	f	biodégradations
biogenèse	f	biogenèses
biographie	f	biographies
biogénique	f	biogéniques
biogéographie	f	biogéographies
bioinformaticien	m	bioinformaticiens
bioinformaticienne	f	bioinformaticiennes
bioinformatique	f	bioinformatiques
biologie	f	biologies
bioluminescence	f	bioluminescences
biomasse	f	biomasses
biome	m	biomes
biomorphisme	m	biomorphismes
biométrie	f	biométries
bionique	f	bioniques
biophysique	f	biophysiques
biopsie	f	biopsies
biosphère	f	biosphères
biospéléologie	f	biospéléologies
biostasie	f	biostasies
biostatistique	f	biostatistiques
biosynthèse	f	biosynthèses
biotechnologie	f	biotechnologies
biothérapie	f	biothérapies
biotine	f	biotines
biotite	f	biotites
biotope	m	biotopes
biotype	m	biotypes
biotypologie	f	biotypologies
biovigilance	f	biovigilances
bioxyde	m	bioxydes
bioéthique	f	bioéthiques
bipartisme	m	bipartismes
bipartition	f	bipartitions
bipied	m	bipieds
biplan	m	biplans
bipolarisation	f	bipolarisations
bipolarité	f	bipolarités
bique	f	biques
biquet	m	biquets
biquette	f	biquettes
biquette	f	biquettes
birapport	m	birapports
birbe	m	birbes
birman	m	birmans
birmane	f	birmanes
biroute	f	biroutes
birr	m	birrs
birème	f	birèmes
biréacteur	m	biréacteurs
biréfringence	f	biréfringences
bis	m	bis
bisage	m	bisages
bisaïeul	m	bisaïeuls
bisaïeule	f	bisaïeules
bisbille	f	bisbilles
biscaïen	m	biscaïens
biscaïenne	f	biscaïennes
bischof	m	bischofs
biscotin	m	biscotins
biscotte	f	biscottes
biscotterie	f	biscotteries
biscuit	m	biscuits
biscuiterie	f	biscuiteries
biscuitier	m	biscuitiers
biscuitière	f	biscuitières
biscôme	m	biscômes
bise	f	bises
biseau	m	biseaux
biseautage	m	biseautages
biset	m	bisets
bisexualité	f	bisexualités
bisexuel	m	bisexuels
bisexuelle	f	bisexuelles
bismuth	m	bismuths
bismuthine	f	bismuthines
bison	m	bisons
bisontin	m	bisontins
bisontine	f	bisontines
bisou	m	bisous
bisque	f	bisques
bissac	m	bissacs
bissection	f	bissections
bissectrice	f	bissectrices
bissel	m	bissels
bissexte	m	bissextes
bissexualité	f	bissexualités
bistorte	f	bistortes
bistouille	f	bistouilles
bistouri	m	bistouris
bistournage	m	bistournages
bistrage	m	bistrages
bistre	m	bistres
bistro	m	bistros
bistrot	m	bistrots
bisulfate	m	bisulfates
bisulfure	m	bisulfures
bit	m	bits
bite	f	bites
bitension	f	bitensions
biterrois	m	biterrois
biterroise	f	biterroises
bithérapie	f	bithérapies
bitord	m	bitords
bitos	m	bitos
bitte	f	bittes
bitture	f	bittures
bitumage	m	bitumages
bitume	m	bitumes
bituminage	m	bituminages
bitumisation	f	bitumisations
biture	f	bitures
bivalence	f	bivalences
bivalve	m	bivalves
biveau	m	biveaux
bivouac	m	bivouacs
bizarre	m	bizarres
bizarrerie	f	bizarreries
bizet	m	bizets
bizness	m	bizness
bizou	m	bizous
bizutage	m	bizutages
bière	f	bières
bièvre	m	bièvres
blabla	m	blablas
blablabla	m	blablabla
blablatage	m	blablatages
black-out	m	black-outs
blackboulage	m	blackboulages
blague	f	blagues
blagueur	m	blagueurs
blagueuse	f	blagueuses
blair	m	blairs
blaireau	m	blaireaux
blaireautage	m	blaireautages
blairisme	m	blairismes
blaisement	m	blaisements
blanc	m	blancs
blanc-bec	m	blancs-becs
blanc-estoc	m	blancs-estocs
blanc-manger	m	blancs-mangers
blanc-seing	m	blancs-seings
blanc-étoc	m	blancs-étocs
blanchaille	f	blanchailles
blanche	f	blanches
blanchet	m	blanchets
blancheur	f	blancheurs
blanchiment	m	blanchiments
blanchissage	m	blanchissages
blanchissement	m	blanchissements
blanchisserie	f	blanchisseries
blanchisseur	m	blanchisseurs
blanchisseuse	f	blanchisseuses
blandice	f	blandices
blanquette	f	blanquettes
blanquisme	m	blanquismes
blaps	m	blaps
blase	m	blases
blasement	m	blasements
blason	m	blasons
blasonnage	m	blasonnages
blasonnement	m	blasonnements
blasphème	m	blasphèmes
blasphémateur	m	blasphémateurs
blasphématrice	f	blasphématrices
blastoderme	m	blastodermes
blastogenèse	f	blastogenèses
blastomycose	f	blastomycoses
blastomycète	m	blastomycètes
blastomère	m	blastomères
blastopore	m	blastopores
blastula	f	blastulas
blatte	f	blattes
blatèrement	m	blatèrements
blazer	m	blazers
bled	m	bleds
blende	f	blendes
blennie	f	blennies
blennorragie	f	blennorragies
blennorrhée	f	blennorrhées
blessement	m	blessements
blessure	f	blessures
blessé	m	blessés
blessée	f	blessées
blette	f	blettes
blettissement	m	blettissements
blettissure	f	blettissures
bleu	m	bleus
bleue	f	bleues
bleuet	m	bleuets
bleuetière	f	bleuetières
bleuissage	m	bleuissages
bleuissement	m	bleuissements
bleusaille	f	bleusailles
bliaud	m	bliauds
blindage	m	blindages
blindé	m	blindés
blini	m	blinis
blister	m	blisters
blitzkrieg	f	blitzkriegs
blizzard	m	blizzards
bloc	m	blocs
bloc-cylindres	m	blocs-cylindres
bloc-moteur	m	blocs-moteurs
bloc-notes	m	blocs-notes
blocage	m	blocages
blocaille	f	blocailles
blockhaus	m	blockhaus
blocus	m	blocus
blog	m	blogs
blond	m	blonds
blonde	f	blondes
blondasse	f	blondasses
blonde	f	blondes
blondel	m	blondels
blondeur	f	blondeurs
blondin	m	blondins
blondine	f	blondines
blondinet	m	blondinets
blondinette	f	blondinettes
blondissement	m	blondissements
blondoiement	m	blondoiements
bloom	m	blooms
bloomer	m	bloomers
bloquage	m	bloquages
blottissement	m	blottissements
blouse	f	blouses
blouson	m	blousons
blousse	f	blousses
blue-jean	m	blue-jeans
blue-jeans	m	blue-jeans
blues	m	blues
bluet	m	bluets
bluette	f	bluettes
bluff	m	bluff
bluffeur	m	bluffeurs
bluffeuse	f	bluffeuses
blutage	m	blutages
bluterie	f	bluteries
blutoir	m	blutoirs
blâme	m	blâmes
blèsement	m	blèsements
blé	m	blés
blédard	m	blédards
blépharite	f	blépharites
blésement	m	blésements
blésité	f	blésités
blésois	m	blésois
blésoise	f	blésoises
blétissement	m	blétissements
blétissure	f	blétissures
blêmissement	m	blêmissements
boa	m	boas
board	m	boards
boat	m	boats
bob	m	bobs
bobard	m	bobards
bobby	m	bobbies
bobinage	m	bobinages
bobinasse	f	bobinasses
bobine	f	bobines
bobineau	m	bobineaus
bobinette	f	bobinettes
bobineur	m	bobineurs
bobineuse	f	bobineuses
bobineuse	f	bobineuses
bobinier	m	bobiniers
bobinoir	m	bobinoirs
bobinot	m	bobinots
bobo	m	bobos
bobonne	f	bobonnes
bobsleigh	m	bobsleighs
bobèche	f	bobèches
bocage	m	bocages
bocal	m	bocaux
bocard	m	bocards
bocardage	m	bocardages
bock	m	bocks
body	m	bodies
boette	f	boettes
boeuf	m	boeufs
boggie	m	boggies
boghead	m	bogheads
boghei	m	bogheis
bogie	m	bogies
bogotanais	m	bogotanais
bogotanaise	f	bogotanaises
boguet	m	boguets
bohémien	m	bohémiens
bohémienne	f	bohémiennes
boille	f	boilles
bois	m	bois
boisage	m	boisages
boisement	m	boisements
boiserie	f	boiseries
boiseur	m	boiseurs
boisseau	m	boisseaux
boisselier	m	boisseliers
boissellerie	f	boisselleries
boisson	f	boissons
boit-sans-soif	m	boit-sans-soif
boitage	m	boitages
boitement	m	boitements
boiterie	f	boiteries
boiteux	m	boiteux
boiteuse	f	boiteuses
boitillement	m	boitillements
boitte	f	boittes
bol	m	bols
bolchevisation	f	bolchevisations
bolchevisme	m	bolchevismes
bolchévisme	m	bolchévismes
boldo	m	boldos
bolduc	m	bolducs
bolet	m	bolets
bolide	m	bolides
bolier	m	boliers
bolivar	m	bolivars
bolivarien	m	bolivariens
bolivarienne	f	bolivariennes
bolivien	m	boliviens
bolivienne	f	boliviennes
bollard	m	bollards
bolomètre	m	bolomètres
bolée	f	bolées
boléro	m	boléros
bombage	m	bombages
bombance	f	bombances
bombardage	m	bombardages
bombarde	f	bombardes
bombardement	m	bombardements
bombarderie	f	bombarderies
bombardier	m	bombardiers
bombardon	m	bombardons
bombasse	f	bombasses
bombe	f	bombes
bombement	m	bombements
bombillement	m	bombillements
bombinement	m	bombinements
bombonne	f	bombonnes
bombyx	m	bombyx
bomji	m	bomjis
bomjie	f	bomjies
bon	m	bons
bonne	f	bonnes
bon-chrétien	m	bons-chrétiens
bon-papa	m	bons-papas
bonace	f	bonaces
bonapartisme	m	bonapartismes
bonasserie	f	bonasseries
bonbon	m	bonbons
bonbonne	f	bonbonnes
bonbonnière	f	bonbonnières
bond	m	bonds
bonde	f	bondes
bondelle	f	bondelles
bondieuserie	f	bondieuseries
bondissement	m	bondissements
bondon	m	bondons
bondrée	f	bondrées
bondérisation	f	bondérisations
bongo	m	bongos
bonheur	m	bonheurs
bonheur-du-jour	m	bonheurs-du-jour
bonhomie	f	bonhomies
bonhomme	m	bonshommes
boni	m	bonis
boniche	f	boniches
bonichon	m	bonichons
bonification	f	bonifications
boniment	m	boniments
bonimenteur	m	bonimenteurs
bonite	f	bonites
bonjour	m	bonjours
bonne	f	bonnes
bonne-maman	f	bonnes-mamans
bonnet	m	bonnets
bonnetade	f	bonnetades
bonneteau	m	bonneteaux
bonneterie	f	bonneteries
bonneteur	m	bonneteurs
bonnetier	m	bonnetiers
bonnetière	f	bonnetières
bonnetière	f	bonnetières
bonnette	f	bonnettes
bonniche	f	bonniches
bonsaï	m	bonsaïs
bonsoir	m	bonsoirs
bonté	f	bontés
bonus	m	bonus
bonze	m	bonzes
bonzesse	f	bonzesses
bonzerie	f	bonzeries
boogie	m	boogies
book	m	books
boom	m	booms
boomer	m	boomers
boomerang	m	boomerangs
booster	m	boosters
boot	m	boots
bop	m	bops
boqueteau	m	boqueteaux
bora	f	boras
borain	m	borains
boraine	f	boraines
borane	m	boranes
borassus	m	borassus
borate	m	borates
borax	m	borax
borborygme	m	borborygmes
borchtch	m	borchtchs
bord	m	bords
bordage	m	bordages
bordeaux	m	bordeaux
bordel	m	bordels
bordelais	m	bordelais
bordelaise	f	bordelaises
bordelaise	f	bordelaises
bordereau	m	bordereaux
borderie	f	borderies
bordier	m	bordiers
bordière	f	bordières
bordigue	f	bordigues
bordurage	m	bordurages
borduration	f	bordurations
bordure	f	bordures
bordé	m	bordés
bordée	f	bordées
bore	m	bores
borin	m	borins
borine	f	borines
bornage	m	bornages
borne	f	bornes
borraginacée	f	borraginacées
bort	m	borts
bortsch	m	bortschs
borure	m	borures
borée	m	borées
bosco	m	boscos
boscot	m	boscots
boscotte	f	boscottes
bosnien	m	bosniens
bosquet	m	bosquets
boss	m	boss
bossage	m	bossages
bosse	f	bosses
bosselage	m	bosselages
bossellement	m	bossellements
bosselure	f	bosselures
bossette	f	bossettes
bosseur	m	bosseurs
bossoir	m	bossoirs
bossu	m	bossus
bossue	f	bossues
bossèlement	m	bossèlements
boston	m	bostons
bostryche	m	bostryches
bot	m	bots
botanique	f	botaniques
botanisation	f	botanisations
bothriocéphale	m	bothriocéphales
botrytis	m	botrytis
bottage	m	bottages
botte	f	bottes
bottelage	m	bottelages
botteleur	m	botteleurs
botteleuse	f	botteleuses
botteleuse	f	botteleuses
bottier	m	bottiers
bottillon	m	bottillons
bottin	m	bottins
bottine	f	bottines
botulisme	m	botulismes
boubou	m	boubous
bouc	m	boucs
boucan	m	boucans
boucanage	m	boucanages
boucanier	m	boucaniers
boucau	m	boucaux
boucaud	m	boucauds
bouchage	m	bouchages
bouchardage	m	bouchardages
boucharde	f	bouchardes
bouche	f	bouches
bouche-trou	m	bouche-trous
bouchement	m	bouchements
boucherie	f	boucheries
boucholeur	m	boucholeurs
bouchon	m	bouchons
bouchonnage	m	bouchonnages
bouchonnement	m	bouchonnements
bouchonnier	m	bouchonniers
bouchot	m	bouchots
bouchoteur	m	bouchoteurs
bouchée	f	bouchées
bouclage	m	bouclages
bouclante	m	bouclantes
boucle	f	boucles
bouclement	m	bouclements
bouclette	f	bouclettes
bouclier	m	boucliers
boucot	m	boucots
bouddha	m	bouddhas
bouddhisme	m	bouddhismes
bouderie	f	bouderies
boudeur	m	boudeurs
boudeuse	f	boudeuses
boudeuse	f	boudeuses
boudin	m	boudins
boudinage	m	boudinages
boudinement	m	boudinements
boudineuse	f	boudineuses
boudoir	m	boudoirs
boue	f	boues
bouettage	m	bouettages
bouette	f	bouettes
boueur	m	boueurs
boueuse	f	boueuses
boueux	m	boueux
boueuse	f	boueuses
bouffage	m	bouffages
bouffante	f	bouffantes
bouffarde	f	bouffardes
bouffe	f	bouffes
bouffement	m	bouffements
bouffetance	f	bouffetances
bouffette	f	bouffettes
bouffissure	f	bouffissures
bouffon	m	bouffons
bouffonnerie	f	bouffonneries
bouffée	f	bouffées
bougainvillier	m	bougainvilliers
bougainvillée	f	bougainvillées
bouge	m	bouges
bougement	m	bougements
bougeoir	m	bougeoirs
bougeote	f	bougeotes
bougeotte	f	bougeottes
bougie	f	bougies
bougna	m	bougnas
bougnat	m	bougnats
bougon	m	bougons
bougonne	f	bougonnes
bougonnade	f	bougonnades
bougonnage	m	bougonnages
bougonnement	m	bougonnements
bougonnerie	f	bougonneries
bougonneur	m	bougonneurs
bougonneuse	f	bougonneuses
bougran	m	bougrans
bougre	m	bougres
bougresse	f	bougresses
boui	m	bouis
boui-boui	m	bouis-bouis
bouif	m	bouifs
bouillabaisse	f	bouillabaisses
bouillage	m	bouillages
bouille	f	bouilles
bouillement	m	bouillements
bouilleur	m	bouilleurs
bouilli	m	bouillis
bouillie	f	bouillies
bouillissage	m	bouillissages
bouilloire	f	bouilloires
bouillon	m	bouillons
bouillonnement	m	bouillonnements
bouillonné	m	bouillonnés
bouillotte	f	bouillottes
bouillottement	m	bouillottements
boulaie	f	boulaies
boulange	f	boulanges
boulanger	m	boulangers
boulangère	f	boulangères
boulangerie	f	boulangeries
boulangisme	m	boulangismes
boulant	m	boulants
boulbène	f	boulbènes
bouldozeur	m	bouldozeurs
boule	f	boules
boule-de-neige	f	boules-de-neige
bouleau	m	bouleaux
bouledogue	m	bouledogues
boulet	m	boulets
boulette	f	boulettes
boulevard	m	bd
bouleversement	m	bouleversements
boulier	m	bouliers
boulimie	f	boulimies
boulin	m	boulins
boulinage	m	boulinages
bouline	f	boulines
boulingrin	m	boulingrins
boulinier	m	bouliniers
boulinière	f	boulinières
boulisme	m	boulismes
boulochage	m	boulochages
boulodrome	m	boulodromes
bouloir	m	bouloirs
boulon	m	boulons
boulonnage	m	boulonnages
boulonnais	m	boulonnais
boulonnaise	f	boulonnaises
boulonnerie	f	boulonneries
boulot	m	boulots
boulotte	f	boulottes
boulé	m	boulés
boulê	f	boulês
boumerang	m	boumerangs
bouquet	m	bouquets
bouquetier	m	bouquetiers
bouquetin	m	bouquetins
bouquetière	f	bouquetières
bouquin	m	bouquins
bouquinade	f	bouquinades
bouquinage	m	bouquinages
bouquinerie	f	bouquineries
bouquineur	m	bouquineurs
bouquineuse	f	bouquineuses
bourbe	f	bourbes
bourbier	m	bourbiers
bourbillon	m	bourbillons
bourbon	m	bourbons
bourdaine	f	bourdaines
bourde	f	bourdes
bourdon	m	bourdons
bourdonnement	m	bourdonnements
bourg	m	bourgs
bourgade	f	bourgades
bourgeois	m	bourgeois
bourgeoise	f	bourgeoises
bourgeoise	f	bourgeoises
bourgeoisie	f	bourgeoisies
bourgeon	m	bourgeons
bourgeonnement	m	bourgeonnements
bourgeonnée	f	bourgeonnées
bourgeron	m	bourgerons
bourgmestre	m	bourgmestres
bourgogne	m	bourgognes
bourlingage	m	bourlingages
bourlingueur	m	bourlingueurs
bourlingueuse	f	bourlingueuses
bourrache	f	bourraches
bourrade	f	bourrades
bourrage	m	bourrages
bourras	m	bourras
bourrasque	f	bourrasques
bourreau	m	bourreaux
bourrelet	m	bourrelets
bourrelier	m	bourreliers
bourrellerie	f	bourrelleries
bourrette	f	bourrettes
bourriche	f	bourriches
bourrichon	m	bourrichons
bourricot	m	bourricots
bourrin	m	bourrins
bourriquet	m	bourriquets
bourroir	m	bourroirs
bourru	m	bourrus
bourrue	f	bourrues
bourrèlement	m	bourrèlements
bourrée	f	bourrées
bourse	f	bourses
boursicotage	m	boursicotages
boursicoteur	m	boursicoteurs
boursicoteuse	f	boursicoteuses
boursicotier	m	boursicotiers
boursicotière	f	boursicotières
boursoufflage	m	boursoufflages
boursoufflement	m	boursoufflements
boursoufflure	f	boursoufflures
boursouflage	m	boursouflages
boursouflement	m	boursouflements
boursouflure	f	boursouflures
bousage	m	bousages
bouscueil	m	bouscueils
bousculade	f	bousculades
bousculement	m	bousculements
bouse	f	bouses
bouseux	m	bouseux
bousier	m	bousiers
bousillage	m	bousillages
bousilleur	m	bousilleurs
bousilleuse	f	bousilleuses
bousin	m	bousins
boussole	f	boussoles
boustifaille	f	boustifailles
boustrophédon	m	boustrophédons
bout	m	bouts
bout-dehors	m	bouts-dehors
bout-rimé	m	bouts-rimés
boutade	f	boutades
boutage	m	boutages
boutant	m	boutants
boutargue	f	boutargues
boute-en-train	m	boute-en-train
boute-selle	m	boute-selle
boutefeu	m	boutefeux
bouteille	f	bouteilles
bouteiller	m	bouteillers
bouteillon	m	bouteillons
boutement	m	boutements
bouterollage	m	bouterollages
bouterolle	f	bouterolles
bouteroue	f	bouteroues
bouteur	m	bouteurs
boutique	f	boutiques
boutiquier	m	boutiquiers
boutiquière	f	boutiquières
boutisme	m	boutismes
boutisse	f	boutisses
boutoir	m	boutoirs
bouton	m	boutons
bouton-d'argent	m	boutons-d'argent
bouton-d'or	m	boutons-d'or
bouton-poussoir	m	boutons-poussoir
bouton-pression	m	boutons-pression
boutonnage	m	boutonnages
boutonnement	m	boutonnements
boutonnier	m	boutonniers
boutonnière	f	boutonnières
boutonnière	f	boutonnières
boutre	m	boutres
bouturage	m	bouturages
bouture	f	boutures
boutée	f	boutées
bouverie	f	bouveries
bouvet	m	bouvets
bouvetage	m	bouvetages
bouveteur	m	bouveteurs
bouveteuse	f	bouveteuses
bouveteuse	f	bouveteuses
bouvier	m	bouviers
bouvière	f	bouvières
bouvillon	m	bouvillons
bouvière	f	bouvières
bouvreuil	m	bouvreuils
bouvril	m	bouvrils
bouzouk	m	bouzouks
bouée	f	bouées
bovarysme	m	bovarysmes
bovidé	m	bovidés
bovin	m	bovins
bow-window	m	bow-windows
bowling	m	bowlings
box	m	box
box-calf	m	box-calfs
boxe	f	boxes
boxer	m	boxers
boxeur	m	boxeurs
boy	m	boys
boy-scout	m	boy-scouts
boyard	m	boyards
boyau	m	boyaux
boyauderie	f	boyauderies
boyaudier	m	boyaudiers
boycott	m	boycotts
boycottage	m	boycottages
boycotteur	m	boycotteurs
boycotteuse	f	boycotteuses
boësse	f	boësses
boëte	f	boëtes
boîte	f	boîtes
boîtier	m	boîtiers
brabant	m	brabants
bracelet	m	bracelets
bracelet-montre	m	bracelets-montres
brachiale	f	brachiales
brachialgie	f	brachialgies
brachiopode	m	brachiopodes
brachylogie	f	brachylogies
braconnage	m	braconnages
braconnier	m	braconniers
braconnière	f	braconnières
bractée	f	bractées
bradage	m	bradages
braderie	f	braderies
bradeur	m	bradeurs
bradeuse	f	bradeuses
bradycardie	f	bradycardies
bradype	m	bradypes
bradypepsie	f	bradypepsies
bradypsychie	f	bradypsychies
braguette	f	braguettes
brahmanisme	m	brahmanismes
brahmine	f	brahmines
brai	m	brais
braiement	m	braiements
braillard	m	braillards
braillarde	f	braillardes
braille	m	brailles
braillement	m	braillements
brailleur	m	brailleurs
brailleuse	f	brailleuses
braiment	m	braiments
brain-trust	m	brain-trusts
brainstorming	m	brainstormings
braisage	m	braisages
braise	f	braises
braisette	f	braisettes
braisillement	m	braisillements
braisière	f	braisières
braisé	m	braisés
bramement	m	bramements
bramée	f	bramées
bran	m	brans
brancard	m	brancards
brancardier	m	brancardiers
brancardière	f	brancardières
branchage	m	branchages
branche	f	branches
branchement	m	branchements
branchette	f	branchettes
branchie	f	branchies
branché	m	branchés
branchée	f	branchées
branchée	f	branchées
brandade	f	brandades
brande	f	brandes
brandebourgeois	m	brandebourgeois
brandebourgeoise	f	brandebourgeoises
brandevin	m	brandevins
brandillement	m	brandillements
brandissement	m	brandissements
brandon	m	brandons
brandy	m	brandies
branlade	f	branlades
branlage	m	branlages
branle	m	branles
branle-bas	m	branle-bas
branle-queue	m	branle-queue
branlement	m	branlements
branlette	f	branlettes
branlée	f	branlées
brante	f	brantes
braquage	m	braquages
braque	m	braques
braquemart	m	braquemarts
braquement	m	braquements
braquet	m	braquets
bras	m	bras
bras-le-corps	m	bras-le-corps
brasage	m	brasages
brasero	m	braseros
brasier	m	brasiers
brasillement	m	brasillements
brasquage	m	brasquages
brassage	m	brassages
brassard	m	brassards
brasse	f	brasses
brassement	m	brassements
brasserie	f	brasseries
brasseur	m	brasseurs
brasseuse	f	brasseuses
brassin	m	brassins
brassière	f	brassières
brassée	f	brassées
brasure	f	brasures
bravade	f	bravades
bravo	m	bravi
bravoure	f	bravoures
brayer	m	brayers
break	m	breaks
breakfast	m	breakfasts
brebis	f	brebis
bredouillage	m	bredouillages
bredouille	f	bredouilles
bredouillement	m	bredouillements
bredouilleur	m	bredouilleurs
bredouilleuse	f	bredouilleuses
bredouillis	m	bredouillis
bref	m	brefs
bregma	m	bregmas
brejnévien	m	brejnéviens
brejnévienne	f	brejnéviennes
brelan	m	brelans
breloque	f	breloques
bren	m	brens
bretelle	f	bretelles
bretesse	f	bretesses
breton	m	bretons
bretonne	f	bretonnes
bretonnant	m	bretonnants
bretonnante	f	bretonnantes
brette	f	brettes
bretteur	m	bretteurs
bretzel	m	bretzels
bretèche	f	bretèches
breuvage	m	breuvages
brevet	m	brevets
brevetage	m	brevetages
briage	m	briages
briard	m	briards
briarde	f	briardes
bribe	f	bribes
bric-à-brac	m	bric-à-brac
bricage	m	bricages
brick	m	bricks
bricolage	m	bricolages
bricole	f	bricoles
bricoleur	m	bricoleurs
bricoleuse	f	bricoleuses
bricollage	m	bricollages
bridage	m	bridages
bride	f	brides
bridge	m	bridges
bridgeur	m	bridgeurs
bridgeuse	f	bridgeuses
bridon	m	bridons
brie	m	bries
briefing	m	briefings
brigade	f	brigades
brigadier	m	brigadiers
brigand	m	brigands
brigandage	m	brigandages
briganderie	f	briganderies
brigandine	f	brigandines
brigantin	m	brigantins
brigantine	f	brigantines
brightisme	m	brightismes
brigue	f	brigues
brillance	f	brillances
brillant	m	brillants
brillantage	m	brillantages
brillantine	f	brillantines
brimade	f	brimades
brimbalement	m	brimbalements
brimballement	m	brimballements
brimborion	m	brimborions
brin	m	brins
brinde	f	brindes
brindille	f	brindilles
bringue	f	bringues
bringuebalement	m	bringuebalements
bringueballement	m	bringueballements
brinquebalement	m	brinquebalements
brinqueballement	m	brinqueballements
brio	m	brios
brioche	f	brioches
briquage	m	briquages
brique	f	briques
briquet	m	briquets
briquetage	m	briquetages
briqueterie	f	briqueteries
briquetier	m	briquetiers
briquette	f	briquettes
bris	m	bris
brisage	m	brisages
brisant	m	brisants
briscard	m	briscards
brise	f	brises
brise-bise	m	brise-bise
brise-fer	m	brise-fer
brise-glace	m	brise-glace
brise-glaces	m	brise-glaces
brise-jet	m	brise-jet
brise-lames	m	brise-lames
brise-mottes	m	brise-mottes
brise-soleil	m	brise-soleil
brise-tout	m	brise-tout
brise-vent	m	brise-vent
brisement	m	brisements
briseur	m	briseurs
briseuse	f	briseuses
briseuse	f	briseuses
brisis	m	brisis
briska	m	briskas
brisque	f	brisques
bristol	m	bristols
brisure	f	brisures
brisée	f	brisées
british	m	britishs
brittonique	m	brittoniques
brize	f	brizes
brièveté	f	brièvetés
broc	m	brocs
brocantage	m	brocantages
brocante	f	brocantes
brocanterie	f	brocanteries
brocanteur	m	brocanteurs
brocanteuse	f	brocanteuses
brocard	m	brocards
brocardage	m	brocardages
brocart	m	brocarts
brocatelle	f	brocatelles
brochage	m	brochages
broche	f	broches
brochet	m	brochets
brocheton	m	brochetons
brochette	f	brochettes
brocheur	m	brocheurs
brocheuse	f	brocheuses
brocheuse	f	brocheuses
brochure	f	brochures
broché	m	brochés
brocoli	m	brocolis
brodage	m	brodages
brodequin	m	brodequins
broderie	f	broderies
brodeur	m	brodeurs
brodeuse	f	brodeuses
brodeuse	f	brodeuses
broie	f	broies
broiement	m	broiements
bromate	m	bromates
brome	m	bromes
bromisme	m	bromismes
bromocriptine	f	bromocriptines
bromoforme	m	bromoformes
bromure	m	bromures
bronche	f	bronches
bronchectasie	f	bronchectasies
bronchiectasie	f	bronchiectasies
bronchiole	f	bronchioles
bronchite	f	bronchites
bronchiteux	m	bronchiteux
bronchiteuse	f	bronchiteuses
broncho	m	bronchos
broncho-pneumonie	f	broncho-pneumonies
bronchoscope	m	bronchoscopes
bronchoscopie	f	bronchoscopies
brontosaure	m	brontosaures
bronzage	m	bronzages
bronze	m	bronzes
bronzette	f	bronzettes
bronzeur	m	bronzeurs
bronzier	m	bronziers
brook	m	brooks
broquelin	m	broquelins
broquette	f	broquettes
brossage	m	brossages
brosse	f	brosses
brosserie	f	brosseries
brossier	m	brossiers
brossière	f	brossières
brou	m	brous
brouet	m	brouets
brouettage	m	brouettages
brouette	f	brouettes
brouettée	f	brouettées
brouhaha	m	brouhahas
brouillage	m	brouillages
brouillamini	m	brouillaminis
brouillard	m	brouillards
brouillasse	f	brouillasses
brouille	f	brouilles
brouillement	m	brouillements
brouillerie	f	brouilleries
brouilleur	m	brouilleurs
brouillon	m	brouillons
brouillonne	f	brouillonnes
broussaille	f	broussailles
broussard	m	broussards
brousse	f	brousses
broussin	m	broussins
brout	m	brouts
broutage	m	broutages
broutard	m	broutards
broutart	m	broutarts
broutement	m	broutements
broutille	f	broutilles
brouté	m	broutés
browning	m	brownings
broyage	m	broyages
broyeur	m	broyeurs
broyeuse	f	broyeuses
broyeuse	f	broyeuses
broyé	m	broyés
bru	f	brus
bruant	m	bruants
brucciu	m	bruccius
brucella	f	brucellas
brucellose	f	brucelloses
bruche	f	bruches
brucine	f	brucines
brugnon	m	brugnons
brugnonier	m	brugnoniers
bruine	f	bruines
bruissage	m	bruissages
bruissaillement	m	bruissaillements
bruissement	m	bruissements
bruit	m	bruits
bruitage	m	bruitages
bruiteur	m	bruiteurs
brumaire	m	brumaire
brumasse	f	brumasses
brume	f	brumes
brumisateur	m	brumisateurs
brun	m	bruns
brune	f	brunes
brunante	f	brunantes
brunch	m	brunchs
brune	f	brunes
brunet	m	brunets
brunette	f	brunettes
bruni	m	brunis
brunissage	m	brunissages
brunissement	m	brunissements
brunisseur	m	brunisseurs
brunisseuse	f	brunisseuses
brunissoir	m	brunissoirs
brunissure	f	brunissures
brushing	m	brushings
brusquerie	f	brusqueries
brut	m	bruts
brutal	m	brutaux
brutale	f	brutales
brutalisation	f	brutalisations
brutalité	f	brutalités
brute	f	brutes
bruyère	f	bruyères
bryologie	f	bryologies
bryone	f	bryones
bryophyte	f	bryophytes
bryozoaire	m	bryozoaires
brèche	f	brèches
brème	f	brèmes
brève	f	brèves
bréchet	m	bréchets
brésil	m	brésils
brésilien	m	brésiliens
brésilienne	f	brésiliennes
brésillet	m	brésillets
bréviaire	m	bréviaires
brévité	f	brévités
brûlage	m	brûlages
brûle-gueule	m	brûle-gueule
brûle-parfum	m	brûle-parfum
brûle-parfums	m	brûle-parfums
brûlement	m	brûlements
brûlerie	f	brûleries
brûleur	m	brûleurs
brûleuse	f	brûleuses
brûlis	m	brûlis
brûloir	m	brûloirs
brûlot	m	brûlots
brûlure	f	brûlures
brûlé	m	brûlés
brûlée	f	brûlées
btp	m	btp
bts	m	bts
buage	m	buages
buanderie	f	buanderies
buandier	m	buandiers
buandière	f	buandières
bubale	m	bubales
bubon	m	bubons
bubulement	m	bubulements
buccin	m	buccins
buccinateur	m	buccinateurs
bucentaure	m	bucentaures
bucolique	f	bucoliques
bucrane	m	bucranes
budget	m	budgets
budgétisation	f	budgétisations
buffet	m	buffets
buffetier	m	buffetiers
buffetière	f	buffetières
buffle	m	buffles
buffleterie	f	buffleteries
bufflonne	f	bufflonnes
bug	m	bugs
buggy	m	buggys
buglosse	f	buglosses
bugrane	f	bugranes
building	m	buildings
buire	f	buires
buis	m	buis
buisson	m	buissons
buissonnage	m	buissonnages
buissonnement	m	buissonnements
buissonnière	f	buissonnières
bulb	m	bulbs
bulbe	m	bulbes
bulbille	f	bulbilles
bull-finch	m	bull-finchs
bull-terrier	m	bull-terriers
bullaire	m	bullaires
bulldozer	m	bulldozers
bulletin	m	bull.
buna	m	buna
bungalow	m	bungalows
bunker	m	bunkers
bunsen	m	bunsen
bupreste	m	buprestes
bureau	m	bureaux
bureaucratie	f	bureaucraties
bureaucratisation	f	bureaucratisations
bureautique	f	bureautiques
burelle	f	burelles
burette	f	burettes
burgau	m	burgaux
burgaudine	f	burgaudines
burin	m	burins
burinage	m	burinages
burineur	m	burineurs
burlesque	m	burlesques
burlingue	m	burlingues
burnous	m	burnous
buron	m	burons
burqa	f	burqas
burundais	m	burundais
burundaise	f	burundaises
burèle	f	burèles
bus	m	bus
busage	m	busages
busard	m	busards
busc	m	buscs
buse	f	buses
bush	m	bushs
business	m	business
businessman	m	businessmen
busserole	f	busseroles
buste	m	bustes
bustier	m	bustiers
but	m	buts
butadiène	m	butadiènes
butane	m	butanes
butanier	m	butaniers
buteur	m	buteurs
butin	m	butins
butinage	m	butinages
butinement	m	butinements
butineur	m	butineurs
butineuse	f	butineuses
butoir	m	butoirs
butome	m	butomes
butor	m	butors
buttage	m	buttages
butte	f	buttes
butteur	m	butteurs
buttoir	m	buttoirs
butylène	m	butylènes
butyrate	m	butyrates
butyrine	f	butyrines
butyromètre	m	butyromètres
butène	m	butènes
butée	f	butées
buvard	m	buvards
buvetier	m	buvetiers
buvetière	f	buvetières
buvette	f	buvettes
buveur	m	buveurs
buveuse	f	buveuses
buvée	f	buvées
buxacée	f	buxacées
buée	f	buées
byssinose	f	byssinoses
byssus	m	byssus
byte	m	bytes
byzantin	m	byzantins
byzantine	f	byzantines
byzantinisme	m	byzantinismes
byzantinologie	f	byzantinologies
bâbord	m	bâbords
bâbordais	m	bâbordais
bâchage	m	bâchages
bâche	f	bâches
bâclage	m	bâclages
bâcle	f	bâcles
bâfrerie	f	bâfreries
bâfreur	m	bâfreurs
bâfreuse	f	bâfreuses
bâilla	m	bâillas
bâillement	m	bâillements
bâilleur	m	bâilleurs
bâillon	m	bâillons
bâillonnement	m	bâillonnements
bâillée	f	bâillées
bâlois	m	bâlois
bâloise	f	bâloises
bât	m	bâts
bâtage	m	bâtages
bâtard	m	bâtards
bâtarde	f	bâtardes
bâtardage	m	bâtardages
bâtarde	f	bâtardes
bâtardise	f	bâtardises
bâti	m	bâtis
bâtiment	m	bâtiments
bâtissage	m	bâtissages
bâtisse	f	bâtisses
bâtisseur	m	bâtisseurs
bâtisseuse	f	bâtisseuses
bâton	m	bâtons
bâtonnage	m	bâtonnages
bâtonnat	m	bâtonnats
bâtonnet	m	bâtonnets
bâtonnier	m	bâtonniers
béance	f	béances
béarnais	m	béarnais
béarnaise	f	béarnaises
béatification	f	béatifications
béatitude	f	béatitudes
bébé	m	bébés
bébête	f	bébêtes
bécane	f	bécanes
bécard	m	bécards
bécarre	m	bécarres
bécasse	f	bécasses
bécasseau	m	bécasseaux
bécassine	f	bécassines
béchage	m	béchages
béchamel	f	béchamels
bécot	m	bécots
bécotage	m	bécotages
bécotement	m	bécotements
bécottement	m	bécottements
bédane	m	bédanes
bédouin	m	bédouins
bédégar	m	bédégars
bée	f	bées
béement	m	béements
bégaiement	m	bégaiements
bégard	m	bégards
bégayage	m	bégayages
bégayement	m	bégayements
bégayeur	m	bégayeurs
bégayeuse	f	bégayeuses
bégonia	m	bégonias
bégu	m	bégus
béguettement	m	béguettements
bégueulerie	f	bégueuleries
béguin	m	béguins
béguinage	m	béguinages
béguine	f	béguines
bégum	f	bégums
béguètement	m	béguètements
béhaviorisme	m	béhaviorismes
béhaviourisme	m	béhaviourismes
béké	m	békés
bélandre	f	bélandres
bélemnite	f	bélemnites
bélier	m	béliers
bélinogramme	m	bélinogrammes
bélinographe	m	bélinographes
bélière	f	bélières
bélouga	m	bélougas
béluga	m	bélugas
bélître	m	bélîtres
bémol	m	bémols
bémolisation	f	bémolisations
bénarde	f	bénardes
bénef	m	bénefs
béni-oui-oui	m	béni-oui-oui
bénignité	f	bénignités
béninois	m	béninois
béninoise	f	béninoises
bénissage	m	bénissages
bénissement	m	bénissements
bénisseur	m	bénisseurs
bénisseuse	f	bénisseuses
bénitier	m	bénitiers
bénédicité	m	bénédicités
bénédictin	m	bénédictins
bénédictine	f	bénédictines
bénédictine	f	bénédictines
bénédiction	f	bénédictions
bénéfice	m	bénéfices
bénévolat	m	bénévolats
béotien	m	béotiens
béotienne	f	béotiennes
béotisme	m	béotismes
béquet	m	béquets
béquillage	m	béquillages
béquillard	f	béquillards
béquille	f	béquilles
béquillon	m	béquillons
béquée	f	béquées
béret	m	bérets
béribéri	m	béribéris
béryl	m	béryls
béryllium	m	bérylliums
bésicle	f	bésicles
bésigue	m	bésigues
béta-testeur	m	béta-testeurs
béta-testeuse	f	béta-testeuses
bétail	m	bétails
bétaillère	f	bétaillères
bétel	m	bétels
bétoine	f	bétoines
bétoire	f	bétoires
béton	m	bétons
bétonnage	m	bétonnages
bétonneuse	f	bétonneuses
bétonnière	f	bétonnières
bétulacée	f	bétulacées
bétyle	m	bétyles
bévatron	m	bévatrons
bévue	f	bévues
bézoard	m	bézoards
bêchage	m	bêchages
bêche	f	bêches
bêcheur	m	bêcheurs
bêcheuse	f	bêcheuses
bêchoir	m	bêchoirs
bêlement	m	bêlements
bêta	m	bêta
bêtasse	f	bêtasses
bêtathérapie	f	bêtathérapies
bêtatron	m	bêtatrons
bête	f	bêtes
bêtification	f	bêtifications
bêtise	f	bêtises
bêtisier	m	bêtisiers
bêtissement	m	bêtissements
bôme	f	bômes
bûchage	m	bûchages
bûche	f	bûches
bûchement	m	bûchements
bûcher	m	bûchers
bûcheron	m	bûcherons
bûcheronne	f	bûcheronnes
bûcheronnage	m	bûcheronnages
bûchette	f	bûchettes
bûcheur	m	bûcheurs
bûcheuse	f	bûcheuses
c++	m	c++
c++	m	
ca	m	
cab	m	cabs
cabale	f	cabales
caban	m	cabans
cabanage	m	cabanages
cabane	f	cabanes
cabanon	m	cabanons
cabaret	m	cabarets
cabaretier	m	cabaretiers
cabaretière	f	cabaretières
cabas	m	cabas
cabasset	m	cabassets
cabernet	m	cabernets
cabestan	m	cabestans
cabiai	m	cabiais
cabillaud	m	cabillauds
cabillot	m	cabillots
cabine	f	cabines
cabinet	m	cabinets
cabochard	m	cabochards
cabocharde	f	cabochardes
caboche	f	caboches
cabochon	m	cabochons
cabossage	m	cabossages
cabosse	f	cabosses
cabossement	m	cabossements
cabot	m	cabots
cabotage	m	cabotages
caboteur	m	caboteurs
cabotin	m	cabotins
cabotine	f	cabotines
cabotinage	m	cabotinages
caboulot	m	caboulots
cabrade	f	cabrades
cabrage	m	cabrages
cabrement	m	cabrements
cabri	m	cabris
cabriole	f	cabrioles
cabriolet	m	cabriolets
cabus	m	cabus
caca	m	cacas
cacahouète	f	cacahouètes
cacahuète	f	cacahuètes
cacao	m	cacaos
cacaotier	m	cacaotiers
cacaotière	f	cacaotières
cacaoyer	m	cacaoyers
cacaoyère	f	cacaoyères
cacardage	m	cacardages
cacardement	m	cacardements
cacatois	m	cacatois
cacatoès	m	cacatoès
cachage	m	cachages
cachalot	m	cachalots
cache-cache	m	cache-cache
cache-col	m	cache-col
cache-corset	m	cache-corset
cache-entrée	m	cache-entrée
cache-flamme	m	cache-flamme
cache-misère	m	cache-misère
cache-nez	m	cache-nez
cache-pot	m	cache-pot
cache-poussière	m	cache-poussière
cache-radiateur	m	cache-radiateur
cache-sexe	m	cache-sexe
cache-tampon	m	cache-tampon
cachemire	m	cachemires
cachet	m	cachets
cachetage	m	cachetages
cachetonnage	m	cachetonnages
cachette	f	cachettes
cachexie	f	cachexies
cachot	m	cachots
cachotterie	f	cachotteries
cachottier	m	cachottiers
cachottière	f	cachottières
cachou	m	cachous
cachucha	f	cachuchas
cacodylate	m	cacodylates
cacographie	f	cacographies
cacolet	m	cacolets
cacologie	f	cacologies
cacophonie	f	cacophonies
cacosmie	f	cacosmies
cactacée	f	cactacées
cactus	m	cactus
cactée	f	cactées
cadastrage	m	cadastrages
cadastration	f	cadastrations
cadastre	m	cadastres
cadavre	m	cadavres
caddie	m	caddies
caddy	m	caddies
cade	m	cades
cadeau	m	cadeaux
cadeautage	m	cadeautages
cadenas	m	cadenas
cadenassage	m	cadenassages
cadenassement	m	cadenassements
cadence	f	cadences
cadencement	m	cadencements
cadenette	f	cadenettes
cadençage	m	cadençages
cadet	m	cadets
cadette	f	cadettes
cadette	f	cadettes
cadi	m	cadis
cadmiage	m	cadmiages
cadmie	f	cadmies
cadmium	m	cadmiums
cadogan	m	cadogans
cadrage	m	cadrages
cadran	m	cadrans
cadrat	m	cadrats
cadratin	m	cadratins
cadrature	f	cadratures
cadre	m	cadres
cadreur	m	cadreurs
caducité	f	caducités
caducée	m	caducées
caduque	f	caduques
cadurcien	m	cadurciens
cadurcienne	f	cadurciennes
caecum	m	caecums
caesium	m	caesiums
cafard	m	cafards
cafarde	f	cafardes
cafardage	m	cafardages
cafardeur	m	cafardeurs
cafardeuse	f	cafardeuses
cafardise	f	cafardises
cafetan	m	cafetans
cafetier	m	cafetiers
cafetière	f	cafetières
cafetière	f	cafetières
cafouillade	f	cafouillades
cafouillage	m	cafouillages
cafouilleux	m	cafouilleux
cafouillis	m	cafouillis
caftan	m	caftans
cafteur	m	cafteurs
café	m	cafés
café-concert	m	cafés-concerts
café-resto	m	cafés-restos
café-théâtre	m	cafés-théâtres
caféier	m	caféiers
caféine	f	caféines
caféisme	m	caféismes
caféière	f	caféières
cafétéria	f	cafétérias
cage	f	cages
cageot	m	cageots
cagerotte	f	cagerottes
caget	m	cagets
cagibi	m	cagibis
cagna	m	cagnas
cagnard	m	cagnards
cagne	f	cagnes
cagneux	m	cagneux
cagneuse	f	cagneuses
cagnotte	f	cagnottes
cagot	f	cagots
cagote	f	cagotes
cagoterie	f	cagoteries
cagoulard	m	cagoulards
cagoule	f	cagoules
cahier	m	cahiers
cahot	m	cahots
cahotage	m	cahotages
cahotement	m	cahotements
cahute	f	cahutes
caillage	m	caillages
caillasse	f	caillasses
caille	f	cailles
caillebotis	m	caillebotis
caillebotte	f	caillebottes
caillement	m	caillements
cailletage	m	cailletages
caillette	f	caillettes
caillot	m	caillots
caillou	m	cailloux
cailloutage	m	cailloutages
cailloutis	m	cailloutis
caillouté	m	cailloutés
caillé	m	caillés
cairn	m	cairns
caisse	f	caisses
caisserie	f	caisseries
caissette	f	caissettes
caissier	m	caissiers
caissière	f	caissières
caisson	m	caissons
caitya	m	caityas
cajeput	m	cajeputs
cajeputier	m	cajeputiers
cajolage	m	cajolages
cajolerie	f	cajoleries
cajoleur	m	cajoleurs
cajoleuse	f	cajoleuses
cajou	m	cajous
cake	m	cakes
cal	m	cals
calabrais	m	calabrais
calabraise	f	calabraises
caladium	m	caladiums
calage	m	calages
calaison	f	calaisons
calamar	m	calamars
calambac	m	calambacs
calame	m	calames
calaminage	m	calaminages
calamine	f	calamines
calamité	f	calamités
calandrage	m	calandrages
calandre	f	calandres
calandreur	m	calandreurs
calandreuse	f	calandreuses
calanque	f	calanques
calao	m	calaos
calcaire	m	calcaires
calcanéum	m	calcanéums
calcarone	m	calcarones
calcification	f	calcifications
calcin	m	calcins
calcinage	m	calcinages
calcination	f	calcinations
calcite	f	calcites
calcium	m	calciums
calciurie	f	calciuries
calcul	m	calculs
calculabilité	f	calculabilités
calculateur	m	calculateurs
calculatrice	f	calculatrices
calculatrice	f	calculatrices
calculette	f	calculettes
calcédoine	f	calcédoines
calcémie	f	calcémies
calcéolaire	f	calcéolaires
caldarium	m	caldariums
caldeira	f	caldeiras
cale	f	cales
cale-pied	m	cale-pied
calebasse	f	calebasses
calebassier	m	calebassiers
calembour	m	calembours
calembredaine	f	calembredaines
calendrier	m	calendriers
calepin	m	calepins
caleçon	m	caleçons
calf	m	calfs
calfat	m	calfats
calfatage	m	calfatages
calfeutrage	m	calfeutrages
calfeutrement	m	calfeutrements
calibrage	m	calibrages
calibre	m	calibres
calibreur	m	calibreurs
calice	m	calices
calicot	m	calicots
calicule	m	calicules
calier	m	caliers
califat	m	califats
calife	m	califes
californien	m	californiens
californienne	f	californiennes
californium	m	californiums
caliorne	f	caliornes
calisson	m	calissons
call	m	calls
call-girl	f	call-girls
calla	f	callas
calle	f	calles
calligramme	m	calligrammes
calligraphie	f	calligraphies
callosité	f	callosités
calmage	m	calmages
calmant	m	calmants
calmar	m	calmars
calme	m	calmes
calo	m	calos
calomel	m	calomels
calomniateur	m	calomniateurs
calomniatrice	f	calomniatrices
calomnie	f	calomnies
calorie	f	calories
calorification	f	calorifications
calorifugeage	m	calorifugeages
calorifère	m	calorifères
calorimètre	m	calorimètres
calorimétrie	f	calorimétries
caloriporteur	m	caloriporteurs
calorique	m	caloriques
calorisation	f	calorisations
calot	m	calots
calotte	f	calottes
caloyer	m	caloyers
caloyère	f	caloyères
calquage	m	calquages
calque	m	calques
calumet	m	calumets
calva	m	calvas
calvados	m	calvados
calvaire	m	calvaires
calville	f	calvilles
calvinisme	m	calvinismes
calvitie	f	calvities
calypso	m	calypsos
calèche	f	calèches
calédonien	m	calédoniens
calédonienne	f	calédoniennes
caléidoscope	m	caléidoscopes
camail	m	camails
camaraderie	f	camaraderies
camard	m	camards
camarde	f	camardes
camarde	f	camardes
camarguais	m	camarguais
camarguaise	f	camarguaises
camarilla	f	camarillas
camaïeu	m	camaïeux
cambium	m	cambiums
cambodgien	m	cambodgiens
cambodgienne	f	cambodgiennes
cambouis	m	cambouis
cambrage	m	cambrages
cambrement	m	cambrements
cambriolage	m	cambriolages
cambriole	f	cambrioles
cambrioleur	m	cambrioleurs
cambrioleuse	f	cambrioleuses
cambrousard	m	cambrousards
cambrousse	f	cambrousses
cambrure	f	cambrures
cambuse	f	cambuses
cambusier	m	cambusiers
came	f	cames
cameline	f	camelines
camelle	f	camelles
camelot	m	camelots
camelotage	m	camelotages
camelote	f	camelotes
camembert	m	camemberts
cameraman	m	cameramen
camerlingue	m	camerlingues
camerounais	m	camerounais
camerounaise	f	camerounaises
camion	m	camions
camion-citerne	m	camions-citernes
camionnage	m	camionnages
camionnette	f	camionnettes
camionneur	m	camionneurs
camisard	m	camisards
camisolage	m	camisolages
camisole	f	camisoles
camomille	f	camomilles
camouflage	m	camouflages
camoufle	f	camoufles
camouflement	m	camouflements
camouflet	m	camouflets
camp	m	camps
campagnard	m	campagnards
campagnarde	f	campagnardes
campagne	f	campagnes
campagnol	m	campagnols
campane	f	campanes
campanien	m	campaniens
campanienne	f	campaniennes
campanile	m	campaniles
campanulacée	f	campanulacées
campanule	f	campanules
campement	m	campements
campeur	m	campeurs
campeuse	f	campeuses
camphre	m	camphres
camphrier	m	camphriers
camping	m	campings
camping-car	m	camping-cars
camping-gaz	m	camping-gaz
campos	m	campos
campus	m	campus
campêche	m	campêches
camé	m	camés
camée	f	camées
camée	m	camées
camélia	m	camélias
caméline	f	camélines
caméléon	m	caméléons
caméra	f	caméras
camérier	m	camériers
camériste	f	caméristes
caméscope	m	caméscopes
canada	f	canada
canadianisme	m	canadianismes
canadien	m	canadiens
canadienne	f	canadiennes
canaille	f	canailles
canaillerie	f	canailleries
canal	m	canaux
canalicule	m	canalicules
canalisation	f	canalisations
cananéen	m	cananéens
cananéenne	f	cananéennes
canapé	m	canapés
canard	m	canards
canardage	m	canardages
canardeau	m	canardeaux
canardement	m	canardements
canardière	f	canardières
canari	m	canaris
canasse	f	canasses
canasson	m	canassons
canasta	f	canastas
cancale	f	cancales
cancan	m	cancans
cancanage	m	cancanages
cancanement	m	cancanements
cancanier	m	cancaniers
cancanière	f	cancanières
cancannerie	f	cancanneries
cancel	m	cancels
cancer	m	cancers
canche	f	canches
cancrelat	m	cancrelats
cancéreux	m	cancéreux
cancéreuse	f	cancéreuses
cancérisation	f	cancérisations
cancérologie	f	cancérologies
candela	f	candelas
candeur	f	candeurs
candi	m	candis
candida	m	candida
candidat	m	candidats
candidate	f	candidates
candidature	f	candidatures
candisation	f	candisations
candélabre	m	candélabres
cane	f	canes
canepetière	f	canepetières
caneton	m	canetons
canette	f	canettes
canevas	m	canevas
cangue	f	cangues
caniche	m	caniches
canicule	f	canicules
canidé	m	canidés
canif	m	canifs
canine	f	canines
canisse	f	canisses
canitie	f	canities
caniveau	m	caniveaux
canna	m	cannas
cannabinacée	f	cannabinacées
cannabis	m	cannabis
cannage	m	cannages
canne	f	cannes
cannelage	m	cannelages
cannelier	m	canneliers
cannelle	f	cannelles
cannelloni	m	cannellonis
cannelure	f	cannelures
cannetille	f	cannetilles
cannette	f	cannettes
canneur	m	canneurs
canneuse	f	canneuses
cannibalisation	f	cannibalisations
cannibalisme	m	cannibalismes
cannisse	f	cannisses
canon	m	canons
canonicat	m	canonicats
canonicité	f	canonicités
canonique	f	canoniques
canonisation	f	canonisations
canonnade	f	canonnades
canonnage	m	canonnages
canonnier	m	canonniers
canonnière	f	canonnières
canonnière	f	canonnières
canope	m	canopes
canot	m	canots
canotage	m	canotages
canoteur	m	canoteurs
canotier	m	canotiers
canoë	m	canoës
cantabile	m	cantabiles
cantal	m	cantals
cantalien	m	cantaliens
cantalienne	f	cantaliennes
cantaloup	m	cantaloups
cantate	f	cantates
cantatille	f	cantatilles
cantatrice	f	cantatrices
canter	m	canters
cantharide	f	cantharides
cantharidine	f	cantharidines
cantilever	m	cantilevers
cantilène	f	cantilènes
cantinage	m	cantinages
cantine	f	cantines
cantinier	m	cantiniers
cantinière	f	cantinières
cantique	m	cantiques
canto-pop	f	canto-pops
canton	m	cantons
cantonade	f	cantonades
cantonais	m	cantonais
cantonaise	f	cantonaises
cantonale	f	cantonales
cantonalisation	f	cantonalisations
cantonnage	m	cantonnages
cantonnement	m	cantonnements
cantonnier	m	cantonniers
cantre	m	cantres
canular	m	canulars
canule	f	canules
canut	m	canuts
canuse	f	canuses
canyon	m	canyons
canzone	f	canzones
canéficier	m	canéficiers
canéphore	f	canéphores
caodaïsme	m	caodaïsmes
caoua	m	caouas
caouanne	f	caouannes
caoutchouc	m	caoutchoucs
caoutchoutage	m	caoutchoutages
cap	m	caps
capacité	f	capacités
caparaçon	m	caparaçons
cape	f	capes
capelage	m	capelages
capelan	m	capelans
capelet	m	capelets
capeline	f	capelines
capes	m	capes
capharnaüm	m	capharnaüms
capillaire	m	capillaires
capillarite	f	capillarites
capillarité	f	capillarités
capilliculteur	m	capilliculteurs
capilliculture	f	capillicultures
capilotade	f	capilotades
capiston	m	capistons
capitaine	m	capitaines
capitainerie	f	capitaineries
capital	m	capitaux
capital-risque	m	capital-risques
capitale	f	cap.
capitalisation	f	capitalisations
capitalisme	m	capitalismes
capitan	m	capitans
capitanat	m	capitanats
capitation	f	capitations
capitole	m	capitoles
capiton	m	capitons
capitonnage	m	capitonnages
capitoul	m	capitouls
capitulade	f	capitulades
capitulaire	m	capitulaires
capitulard	m	capitulards
capitulation	f	capitulations
capitule	m	capitules
capon	m	capons
caponne	f	caponnes
caponnière	f	caponnières
caporal	m	caporaux
caporalisation	f	caporalisations
caporalisme	m	caporalismes
capot	m	capots
capotage	m	capotages
capote	f	capotes
cappa	f	cappas
cappuccino	m	cappuccinos
capriccio	m	capriccios
caprice	m	caprices
capricieux	m	capricieux
capricieuse	f	capricieuses
capricorne	m	capricornes
capriné	m	caprinés
caprolactame	m	caprolactames
capron	m	caprons
capronier	m	caproniers
capsage	m	capsages
capselle	f	capselles
capside	f	capsides
capsulage	m	capsulages
capsulation	f	capsulations
capsule	f	capsules
captage	m	captages
captal	m	captals
captateur	m	captateurs
captatrice	f	captatrices
captation	f	captations
captativité	f	captativités
capteur	m	capteurs
captif	m	captifs
captive	f	captives
captivation	f	captivations
captivité	f	captivités
capture	f	captures
capuce	m	capuces
capuche	f	capuches
capuchon	m	capuchons
capuchonnage	m	capuchonnages
capucin	m	capucins
capucinade	f	capucinades
capucine	f	capucines
capulet	m	capulets
capésien	m	capésiens
capétien	m	capétiens
capétienne	f	capétiennes
caquage	m	caquages
caque	f	caques
caquelon	m	caquelons
caquet	m	caquets
caquetage	m	caquetages
caqueterie	f	caqueteries
caquètement	m	caquètements
car	m	cars
car-ferry	m	car-ferries
carabe	m	carabes
carabin	m	carabins
carabine	f	carabines
carabinier	m	carabiniers
caracal	m	caracals
caraco	m	caracos
caracolade	f	caracolades
caracolage	m	caracolages
caracole	f	caracoles
caracolement	m	caracolements
caractère	m	caractères
caractériel	m	caractériels
caractérielle	f	caractérielles
caractérisation	f	caractérisations
caractéristique	f	caractéristiques
caractérologie	f	caractérologies
caracul	m	caraculs
carafe	f	carafes
carafon	m	carafons
carambolage	m	carambolages
carambole	f	caramboles
carambouillage	m	carambouillages
carambouille	f	carambouilles
carambouilleur	m	carambouilleurs
caramel	m	caramels
caramélisage	m	caramélisages
caramélisation	f	caramélisations
carapace	f	carapaces
carat	m	carats
caravanage	m	caravanages
caravane	f	caravanes
caravanier	m	caravaniers
caravaning	m	caravanings
caravansérail	m	caravansérails
caravelle	f	caravelles
carbonatation	f	carbonatations
carbonate	m	carbonates
carbonation	f	carbonations
carbone	m	carbones
carbonifère	m	carbonifères
carbonisation	f	carbonisations
carbonnade	f	carbonnades
carbonyle	m	carbonyles
carborundum	m	carborundums
carboxylase	m	carboxylases
carboxylase	f	carboxylases
carboxyle	m	carboxyles
carburant	m	carburants
carburateur	m	carburateurs
carburation	f	carburations
carbure	m	carbures
carburéacteur	m	carburéacteurs
carcajou	m	carcajous
carcan	m	carcans
carcasse	f	carcasses
carcel	m	carcels
carcinologie	f	carcinologies
carcinome	m	carcinomes
cardage	m	cardages
cardamine	f	cardamines
cardamome	f	cardamomes
cardan	m	cardans
carde	f	cardes
cardeur	m	cardeurs
cardeuse	f	cardeuses
cardeuse	f	cardeuses
cardia	m	cardias
cardialgie	f	cardialgies
cardiectomie	f	cardiectomies
cardigan	m	cardigans
cardinal	m	cardinaux
cardinal-archevêque	m	cardinal-archevêques
cardinalat	m	cardinalats
cardinale	f	cardinales
cardinalisation	f	cardinalisations
cardiogramme	m	cardiogrammes
cardiographe	m	cardiographes
cardiographie	f	cardiographies
cardiologie	f	cardiologies
cardiopathie	f	cardiopathies
cardiotomie	f	cardiotomies
cardiotonique	m	cardiotoniques
cardioïde	f	cardioïdes
cardite	f	cardites
cardon	m	cardons
cardère	f	cardères
carence	f	carences
caresse	f	caresses
caret	m	carets
carex	m	carex
cargaison	f	cargaisons
cargo	m	cargos
cargue	f	cargues
cari	m	caris
cariacou	m	cariacous
cariatide	f	cariatides
caribou	m	caribous
caricature	f	caricatures
caricaturisation	f	caricaturisations
carie	f	caries
carillon	m	carillons
carillonnement	m	carillonnements
carillonneur	m	carillonneurs
carlin	m	carlins
carline	f	carlines
carlingue	f	carlingues
carlinguier	m	carlinguiers
carlisme	m	carlismes
carmagnole	f	carmagnoles
carme	m	carmes
carmel	m	carmels
carmeline	f	carmelines
carmin	m	carmins
carminatif	m	carminatifs
carnage	m	carnages
carnassière	f	carnassières
carnation	f	carnations
carnaval	m	carnavals
carne	f	carnes
carneau	m	carneaux
carnet	m	carnets
carnier	m	carniers
carnification	f	carnifications
carnotset	m	carnotsets
carnèle	f	carnèles
carolingien	m	carolingiens
carolingienne	f	carolingiennes
carolus	m	carolus
caronade	f	caronades
caroncule	f	caroncules
carotide	f	carotides
carottage	m	carottages
carotte	f	carottes
carotteur	m	carotteurs
carotteuse	f	carotteuses
carotteuse	f	carotteuses
carottier	m	carottiers
carottière	f	carottières
carotène	m	carotènes
caroube	f	caroubes
caroubier	m	caroubiers
carpe	f	carpes
carpeau	m	carpeaux
carpelle	m	carpelles
carpette	f	carpettes
carpillon	m	carpillons
carpocapse	f	carpocapses
carquois	m	carquois
carrare	m	carrares
carre	f	carres
carreau	m	carreaux
carrefour	m	carrefours
carrelage	m	carrelages
carrelet	m	carrelets
carreleur	m	carreleurs
carrement	m	carrements
carrick	m	carricks
carrier	m	carriers
carriole	f	carrioles
carrière	f	carrières
carriérisme	m	carriérismes
carrossage	m	carrossages
carrosse	m	carrosses
carrosserie	f	carrosseries
carrossier	m	carrossiers
carrousel	m	carrousels
carroyage	m	carroyages
carrure	f	carrures
carry	m	carrys
carré	m	carrés
carrée	f	carrées
cart	m	carts
cartable	m	cartables
carte	f	cartes
cartel	m	cartels
cartellisation	f	cartellisations
carter	m	carters
carthaginois	m	carthaginois
carthaginoise	f	carthaginoises
cartier	m	cartiers
cartilage	m	cartilages
cartiérisme	m	cartiérismes
cartographie	f	cartographies
cartomancie	f	cartomancies
cartomancien	m	cartomanciens
cartomancienne	f	cartomanciennes
carton	m	cartons
cartonnage	m	cartonnages
cartonnerie	f	cartonneries
cartonnier	m	cartonniers
cartonnière	f	cartonnières
cartoon	m	cartoons
cartothèque	f	cartothèques
cartoucherie	f	cartoucheries
cartouchière	f	cartouchières
cartulaire	m	cartulaires
cartésianisme	m	cartésianismes
cartésien	m	cartésiens
cartésienne	f	cartésiennes
caryophyllacée	f	caryophyllacées
caryopse	m	caryopses
carénage	m	carénages
carême	m	carêmes
cas	m	cas
casablancais	m	casablancais
casablancaise	f	casablancaises
casage	m	casages
casanier	m	casaniers
casanière	f	casanières
casaque	f	casaques
casaquin	m	casaquins
casbah	f	casbahs
cascadage	m	cascadages
cascade	f	cascades
cascadeur	m	cascadeurs
cascadeuse	f	cascadeuses
cascading	m	cascadings
cascatelle	f	cascatelles
case	f	cases
casemate	f	casemates
caserne	f	casernes
casernement	m	casernements
casernier	m	caserniers
cash	m	cash
cash-flow	m	cash-flows
cashmere	m	cashmeres
casier	m	casiers
casimir	m	casimirs
casing	m	casings
casino	m	casinos
casoar	m	casoars
casque	m	casques
casquette	f	casquettes
cassage	m	cassages
cassate	f	cassates
cassation	f	cassations
casse-cou	m	casse-cou
casse-croûte	m	casse-croûte
casse-cul	m	casse-cul
casse-graine	m	casse-graine
casse-gueule	m	casse-gueule
casse-noisettes	m	casse-noisettes
casse-noix	m	casse-noix
casse-pattes	m	casse-pattes
casse-pieds	m	casse-pieds
casse-pierre	m	casse-pierre
casse-pierres	m	casse-pierres
casse-pipe	m	casse-pipe
casse-pipes	m	casse-pipes
casse-tête	m	casse-tête
casseau	m	casseaux
cassement	m	cassements
casserie	f	casseries
casserole	f	casseroles
cassetin	m	cassetins
cassette	f	cassettes
casseur	m	casseurs
casseuse	f	casseuses
casseuse	f	casseuses
cassie	f	cassies
cassier	m	cassiers
cassine	f	cassines
cassis	m	cassis
cassitérite	f	cassitérites
cassolette	f	cassolettes
casson	m	cassons
cassonade	f	cassonades
cassoulet	m	cassoulets
cassure	f	cassures
cassé	m	cassés
castagnette	f	castagnettes
caste	f	castes
castel	m	castels
castillan	m	castillans
castillane	f	castillanes
castine	f	castines
casting	m	castings
castor	m	castors
castoréum	m	castoréums
castrage	m	castrages
castrat	m	castrats
castration	f	castrations
castrisme	m	castrismes
casuistique	f	casuistiques
caséification	f	caséifications
caséine	f	caséines
catabolisme	m	catabolismes
catachrèse	f	catachrèses
cataclysme	m	cataclysmes
catacombe	f	catacombes
catadioptre	m	catadioptres
catadioptrique	f	catadioptriques
catafalque	m	catafalques
cataire	f	cataires
catalan	m	catalans
catalane	f	catalanes
catalanisme	m	catalanismes
catalepsie	f	catalepsies
catalogage	m	catalogages
catalogne	f	catalognes
catalogue	m	catalogues
cataloguement	m	cataloguements
catalpa	m	catalpas
catalyse	f	catalyses
catalyseur	m	catalyseurs
catamaran	m	catamarans
cataphote	m	cataphotes
cataplasme	m	cataplasmes
catapultage	m	catapultages
catapulte	f	catapultes
cataracte	f	cataractes
catarrhe	m	catarrhes
catarrheux	m	catarrheux
catarrheuse	f	catarrheuses
catastrophe	f	catastrophes
catastrophisme	m	catastrophismes
catch	m	catchs
catcheur	m	catcheurs
catcheuse	f	catcheuses
catharsis	f	catharsis
catherinette	f	catherinettes
cathode	f	cathodes
catholicisation	f	catholicisations
catholicisme	m	catholicismes
catholicité	f	catholicités
cathédrale	f	cathédrales
cathéter	m	cathéters
cathétérisation	f	cathétérisations
cathétérisme	m	cathétérismes
cati	m	catis
catilinaire	f	catilinaires
catin	f	catins
cation	m	cations
catissage	m	catissages
catoblépas	m	catoblépas
catogan	m	catogans
catoptrique	f	catoptriques
cattleya	m	cattleyas
catéchisation	f	catéchisations
catéchisme	m	catéchismes
catéchuménat	m	catéchuménats
catéchète	m	catéchètes
catégoricité	f	catégoricités
catégorie	f	catégories
catégorisation	f	catégorisations
catégorème	m	catégorèmes
caténaire	f	caténaires
caucasien	m	caucasiens
caucasienne	f	caucasiennes
cauchemar	m	cauchemars
caudale	f	caudales
caudataire	m	caudataires
caudillo	m	caudillos
caudrette	f	caudrettes
cauri	m	cauris
cauris	m	cauris
causalisme	m	causalismes
causalité	f	causalités
causatif	m	causatifs
causation	f	causations
cause	f	causes
causerie	f	causeries
causette	f	causettes
causeur	m	causeurs
causeuse	f	causeuses
causse	m	causses
causticité	f	causticités
caustification	f	caustifications
caution	f	cautions
cautionnement	m	cautionnements
cautèle	f	cautèles
cautère	m	cautères
cautérisation	f	cautérisations
cavage	m	cavages
cavaillon	m	cavaillons
cavalcade	f	cavalcades
cavale	f	cavales
cavalement	m	cavalements
cavalerie	f	cavaleries
cavaleur	m	cavaleurs
cavalier	m	cavaliers
cavalière	f	cavalières
cavatine	f	cavatines
caveau	m	caveaux
caverne	f	cavernes
cavernicole	m	cavernicoles
cavet	m	cavets
caviar	m	caviars
caviardage	m	caviardages
cavicorne	m	cavicornes
cavitation	f	cavitations
cavité	f	cavités
cavée	f	cavées
cayeu	m	cayeux
caïd	m	caïds
caïeu	m	caïeux
caïman	m	caïmans
caïque	m	caïques
cd	m	cd
cd-r	m	cd-r
cd-rw	m	cd-rw
cedex	m	cedex
ceintrage	m	ceintrages
ceinturage	m	ceinturages
ceinture	f	ceintures
ceinturon	m	ceinturons
celation	f	celations
celebret	m	celebrets
cella	f	cellas
cellier	m	celliers
cellophane	f	cellophanes
cellular	m	cellulars
cellule	f	cellules
cellulite	f	cellulites
cellulose	f	celluloses
celluloïd	m	celluloïds
cellérier	m	cellériers
cendrage	m	cendrages
cendre	f	cendres
cendrier	m	cendriers
cendrillon	f	cendrillons
cendrée	f	cendrées
cenelle	f	cenelles
cens	m	cens
censeur	m	censeurs
censier	m	censiers
censière	f	censières
censorat	m	censorats
censure	f	censures
cent	m	cent
centaine	f	centaines
centaure	m	centaures
centauresse	f	centauresses
centaurée	f	centaurées
centavo	m	centavos
centenier	m	centeniers
centiare	m	centiares
centibar	m	centibars
centigrade	m	centigrades
centigramme	m	centigrammes
centilitre	m	centilitres
centime	m	centimes
centimètre	m	centimètres
centonisation	f	centonisations
centrage	m	centrages
central	m	centraux
centrale	f	centrales
centralisateur	m	centralisateurs
centralisatrice	f	centralisatrices
centralisation	f	centralisations
centralisme	m	centralismes
centralité	f	centralités
centraméricain	m	centraméricains
centraméricaine	f	centraméricaines
centration	f	centrations
centre	m	centres
centre-ville	m	centres-ville
centrement	m	centrements
centreur	m	centreurs
centrifugation	f	centrifugations
centrifugeage	m	centrifugeages
centrifugeur	m	centrifugeurs
centrifugeuse	f	centrifugeuses
centrisme	m	centrismes
centrosome	m	centrosomes
centuple	m	centuples
centurie	f	centuries
centurion	m	centurions
cep	m	ceps
ceps	m	ceps
cerbère	m	cerbères
cerce	f	cerces
cerceau	m	cerceaux
cerclage	m	cerclages
cercle	m	cercles
cercopithèque	m	cercopithèques
cercueil	m	cercueils
cerf	m	cerfs
cerf-volant	m	cerfs-volants
cerfeuil	m	cerfeuils
cerisaie	f	cerisaies
cerise	f	cerises
cerisette	f	cerisettes
cerisier	m	cerisiers
cernage	m	cernages
cerne	m	cernes
cerneau	m	cerneaux
certain	m	certains
certificat	m	certificats
certificateur	m	certificateurs
certification	f	certifications
certifié	m	certifiés
certifiée	f	certifiées
certitude	f	certitudes
cerveau	m	cerveaux
cervelas	m	cervelas
cervelet	m	cervelets
cervelle	f	cervelles
cervicale	f	cervicales
cervidé	m	cervidés
cervoise	f	cervoises
cessation	f	cessations
cesse	f	cesses
cessez-le-feu	m	cessez-le-feu
cessibilité	f	cessibilités
cession	f	cessions
ceste	m	cestes
cestode	m	cestodes
cha-cha-cha	m	cha-cha-cha
chabichou	m	chabichous
chablage	m	chablages
chablis	m	chablis
chabot	m	chabots
chabraque	f	chabraques
chabrol	m	chabrols
chabrot	m	chabrots
chacal	m	chacals
chacone	f	chacones
chaconne	f	chaconnes
chacun-pour-soi	m	chacun-pour-soi
chadburn	m	chadburns
chadouf	m	chadoufs
chaebol	m	chaebols
chafouin	m	chafouins
chafouine	f	chafouines
chagrin	m	chagrins
chah	m	chahs
chahut	m	chahuts
chahutage	m	chahutages
chahuteur	m	chahuteurs
chahuteuse	f	chahuteuses
chai	m	chais
chair	f	chairs
chaire	f	chaires
chais	m	chais
chaise	f	chaises
chaisier	m	chaisiers
chaisière	f	chaisières
chaland	m	chalands
chalande	f	chalandes
chalaze	f	chalazes
chalazion	m	chalazions
chalcographie	f	chalcographies
chalcolithique	m	chalcolithiques
chalcopyrite	f	chalcopyrites
chalcosine	f	chalcosines
chaldéen	m	chaldéens
chaldéenne	f	chaldéennes
chalet	m	chalets
chaleur	f	chaleurs
challenge	m	challenges
challenger	m	challengers
challengeur	m	challengeurs
chaloupage	m	chaloupages
chaloupe	f	chaloupes
chaloupement	m	chaloupements
chalumage	m	chalumages
chalumeau	m	chalumeaux
chalumeur	m	chalumeurs
chalumeuse	f	chalumeuses
chalut	m	chaluts
chalutage	m	chalutages
chalutier	m	chalutiers
chamade	f	chamades
chamaillade	f	chamaillades
chamaillage	m	chamaillages
chamaille	f	chamailles
chamaillement	m	chamaillements
chamaillerie	f	chamailleries
chamailleur	m	chamailleurs
chamailleuse	f	chamailleuses
chamaillis	m	chamaillis
chamanisme	m	chamanismes
chamarrage	m	chamarrages
chamarre	f	chamarres
chamarrure	f	chamarrures
chambard	m	chambards
chambardement	m	chambardements
chambellan	m	chambellans
chambertin	m	chambertins
chamboulement	m	chamboulements
chamboulis	m	chamboulis
chambrage	m	chambrages
chambranle	m	chambranles
chambre	f	chambres
chambrement	m	chambrements
chambrette	f	chambrettes
chambrière	f	chambrières
chambrée	f	chambrées
chameau	m	chameaux
chamelle	f	chamelles
chamelier	m	chameliers
chamelle	f	chamelles
chamois	m	chamois
chamoisage	m	chamoisages
chamoiserie	f	chamoiseries
chamotte	f	chamottes
champ	m	champs
champ	m	
champagnisation	f	champagnisations
champenois	m	champenois
champenoise	f	champenoises
champenoise	f	champenoises
champi	m	champis
champignon	m	champignons
champignonnage	m	champignonnages
champignonnière	f	champignonnières
champion	m	champions
championne	f	championnes
championnat	m	championnats
champis	m	champis
champisse	f	champisses
champlevage	m	champlevages
champlevé	m	champlevés
chamsin	m	chamsins
chamérops	m	chamérops
chance	f	chances
chancel	m	chancels
chancelier	m	chanceliers
chancelière	f	chancelières
chancellement	m	chancellements
chancellerie	f	chancelleries
chanceux	m	chanceux
chanceuse	f	chanceuses
chanci	m	chancis
chancre	m	chancres
chancèlement	m	chancèlements
chandail	m	chandails
chandeleur	f	chandeleurs
chandelier	m	chandeliers
chandelle	f	chandelles
chanfrein	m	chanfreins
chanfreinage	m	chanfreinages
change	m	changes
changement	m	changements
changeur	m	changeurs
chanlatte	f	chanlattes
chanoine	m	chanoines
chanoinesse	f	chanoinesses
chanoinesse	f	chanoinesses
chanson	f	chansons
chansonnage	m	chansonnages
chansonnette	f	chansonnettes
chansonnier	m	chansonniers
chansonnière	f	chansonnières
chant	m	chants
chantage	m	chantages
chanteau	m	chanteaux
chantefable	f	chantefables
chantepleure	f	chantepleures
chanterelle	f	chanterelles
chanteur	m	chanteurs
chanteuse	f	chanteuses
chantier	m	chantiers
chantignole	f	chantignoles
chantilly	f	chantillys
chantonnement	m	chantonnements
chantoung	m	chantoungs
chantournage	m	chantournages
chantournement	m	chantournements
chantourné	m	chantournés
chanvre	m	chanvres
chanvrier	m	chanvriers
chanvrière	f	chanvrières
chançard	m	chançards
chaos	m	chaos
chaouch	m	chaouchs
chapardage	m	chapardages
chaparderie	f	chaparderies
chapardeur	m	chapardeurs
chapardeuse	f	chapardeuses
chapardise	f	chapardises
chape	f	chapes
chapeau	m	chapeaux
chapeautage	m	chapeautages
chapelain	m	chapelains
chapelet	m	chapelets
chapelier	m	chapeliers
chapelière	f	chapelières
chapelière	f	chapelières
chapelle	f	chapelles
chapellenie	f	chapellenies
chapellerie	f	chapelleries
chapelure	f	chapelures
chaperon	m	chaperons
chaperonnage	m	chaperonnages
chapiteau	m	chapiteaux
chapitrage	m	chapitrages
chapitre	m	chapitres
ch.	f	ch.
chapon	m	chapons
chaponnage	m	chaponnages
chapska	m	chapskas
chaptalisation	f	chaptalisations
char	m	chars
charabia	m	charabias
charade	f	charades
charançon	m	charançons
charbon	m	charbons
charbonnage	m	charbonnages
charbonnement	m	charbonnements
charbonnerie	f	charbonneries
charbonnier	m	charbonniers
charbonnière	f	charbonnières
charbonnière	f	charbonnières
charcutage	m	charcutages
charcuterie	f	charcuteries
charcutier	m	charcutiers
charcutière	f	charcutières
chardon	m	chardons
chardonnage	m	chardonnages
chardonneret	m	chardonnerets
charge	f	charges
chargement	m	chargements
chargeur	m	chargeurs
chargé	m	chargés
charia	f	charias
chariot	m	chariots
chariotage	m	chariotages
charisme	m	charismes
charité	f	charités
charivari	m	charivaris
charkha	f	charkhas
charlatan	m	charlatans
charlatanerie	f	charlataneries
charlatanisme	m	charlatanismes
charleston	m	charlestons
charlotte	f	charlottes
charme	m	charmes
charmeur	m	charmeurs
charmeuse	f	charmeuses
charmille	f	charmilles
charnier	m	charniers
charnière	f	charnières
charognage	m	charognages
charognard	m	charognards
charogne	f	charognes
charognerie	f	charogneries
charpentage	m	charpentages
charpente	f	charpentes
charpenterie	f	charpenteries
charpentier	m	charpentiers
charpie	f	charpies
charretage	m	charretages
charretier	m	charretiers
charretière	f	charretières
charretin	m	charretins
charreton	m	charretons
charrette	f	charrettes
charretée	f	charretées
charriage	m	charriages
charriement	m	charriements
charroi	m	charrois
charroiement	m	charroiements
charron	m	charrons
charronnage	m	charronnages
charroyage	m	charroyages
charruage	m	charruages
charrue	f	charrues
charrée	f	charrées
charte	f	chartes
charter	m	charters
chartisme	m	chartismes
chartreuse	f	chartreuses
chartreux	m	chartreux
chartreuse	f	chartreuses
chartrier	m	chartriers
chartron	m	chartrons
chartronne	f	chartronnes
chas	m	chas
chase	m	chases
chassage	m	chassages
chasse	f	chasses
chasse-clou	m	chasse-clous
chasse-mouches	m	chasse-mouches
chasse-neige	m	chasse-neige
chasse-roue	m	chasse-roues
chasselas	m	chasselas
chassepot	m	chassepots
chasseresse	f	chasseresses
chasseur	m	chasseurs
chasseuse	f	chasseuses
chassie	f	chassies
chassieux	m	chassieux
chassieuse	f	chassieuses
chassé	m	chassés
chassé-croisé	m	chassés-croisés
chasteté	f	chastetés
chasuble	f	chasubles
chasublerie	f	chasubleries
chat	m	chats
chatte	f	chattes
chat-huant	m	chats-huants
chat-tigre	m	chats-tigres
chateaubriand	m	chateaubriands
chatironnage	m	chatironnages
chatière	f	chatières
chatoiement	m	chatoiements
chaton	m	chatons
chatonnage	m	chatonnages
chatouillage	m	chatouillages
chatouille	f	chatouilles
chatouillement	m	chatouillements
chatouillis	m	chatouillis
chatte	f	chattes
chattemite	f	chattemites
chatterie	f	chatteries
chatterton	m	chattertons
chaud	m	chauds
chaud-froid	m	chauds-froids
chaude	f	chaudes
chaudeau	m	chaudeaux
chaudière	f	chaudières
chaudron	m	chaudrons
chaudronnerie	f	chaudronneries
chaudronnier	m	chaudronniers
chauffage	m	chauffages
chauffard	m	chauffards
chauffe	f	chauffes
chauffe-bain	m	chauffe-bains
chauffe-eau	m	chauffe-eau
chauffe-pieds	m	chauffe-pieds
chauffe-plat	m	chauffe-plats
chauffe-plats	m	chauffe-plats
chauffement	m	chauffements
chaufferette	f	chaufferettes
chaufferie	f	chaufferies
chauffeur	m	chauffeurs
chauffeuse	f	chauffeuses
chauffeuse	f	chauffeuses
chaufour	m	chaufours
chaufournier	m	chaufourniers
chaulage	m	chaulages
chauleuse	f	chauleuses
chaumage	m	chaumages
chaumine	f	chaumines
chaumière	f	chaumières
chaussage	m	chaussages
chausse	f	chausses
chausse-pied	m	chausse-pieds
chausse-trape	f	chausse-trapes
chausse-trappe	f	chausse-trappes
chaussette	f	chaussettes
chausseur	m	chausseurs
chausson	m	chaussons
chaussure	f	chaussures
chaussé	m	chaussés
chaussée	f	chaussées
chauve-souris	f	chauves-souris
chauvin	m	chauvins
chauvine	f	chauvines
chauvinisme	m	chauvinismes
chaux	f	chaux
chavirage	m	chavirages
chavirement	m	chavirements
chaînage	m	chaînages
chaîne	f	chaînes
chaînette	f	chaînettes
chaîneur	m	chaîneurs
chaînier	m	chaîniers
chaînon	m	chaînons
chaînée	f	chaînées
check-list	f	check-lists
check-point	m	check-point
check-up	m	check-up
cheddite	f	cheddites
chef-d'oeuvre	m	chefs-d'oeuvre
chef-lieu	m	chefs-lieux
chefferie	f	chefferies
cheftaine	f	cheftaines
cheik	m	cheiks
cheikh	m	cheikhs
cheire	f	cheires
chelem	m	chelems
chelléen	m	chelléens
chemin	m	chemins
chemineau	m	chemineaux
cheminement	m	cheminements
cheminot	m	cheminots
cheminée	f	cheminées
chemisage	m	chemisages
chemise	f	chemises
chemiserie	f	chemiseries
chemisette	f	chemisettes
chemisier	m	chemisiers
chemisière	f	chemisières
chenal	m	chenaux
chenalage	m	chenalages
chenapan	m	chenapans
chenet	m	chenets
chenil	m	chenils
chenille	f	chenilles
chenillette	f	chenillettes
cheptel	m	cheptels
cherche	f	cherches
chercheur	m	chercheurs
chercheuse	f	chercheuses
chergui	m	cherguis
cherry	m	cherrys
cherté	f	chertés
chervis	m	chervis
chester	m	chesters
chevage	m	chevages
chevaine	m	chevaines
cheval	m	chevaux
cheval-vapeur	m	chevaux-vapeur
chevalement	m	chevalements
chevalerie	f	chevaleries
chevalet	m	chevalets
chevalier	m	chevaliers
chevalière	f	chevalières
chevau	m	chevaux
chevau-léger	m	chevau-légers
chevauchage	m	chevauchages
chevauchement	m	chevauchements
chevauchée	f	chevauchées
chevelu	m	chevelus
chevelure	f	chevelures
chevenne	m	chevennes
chevesne	m	chevesnes
chevet	m	chevets
cheveu	m	cheveux
chevillage	m	chevillages
chevillard	m	chevillards
cheville	f	chevilles
cheviotte	f	cheviottes
chevreau	m	chevreaux
chevrette	f	chevrettes
chevreuil	m	chevreuils
chevrier	m	chevriers
chevrière	f	chevrières
chevron	m	chevrons
chevronnage	m	chevronnages
chevronnement	m	chevronnements
chevrotain	m	chevrotains
chevrotement	m	chevrotements
chevrotin	m	chevrotins
chevrotine	f	chevrotines
chevêche	f	chevêches
chevêtre	m	chevêtres
chewing-gum	m	chewing-gums
chez-moi	m	chez-moi
chez-soi	m	chez-soi
chez-toi	m	chez-toi
chiade	f	chiades
chianti	m	chiantis
chiasma	m	chiasmas
chiasme	m	chiasmes
chiasse	f	chiasses
chibouk	m	chibouks
chibouque	f	chibouques
chic	m	chics
chicane	f	chicanes
chicanerie	f	chicaneries
chicaneur	m	chicaneurs
chicaneuse	f	chicaneuses
chicanier	m	chicaniers
chicanière	f	chicanières
chichi	m	chichis
chichiteux	m	chichiteux
chichiteuse	f	chichiteuses
chicon	m	chicons
chicorée	f	chicorées
chicot	m	chicots
chicote	f	chicotes
chicotement	m	chicotements
chicotin	m	chicotins
chien	m	chiens
chienne	f	chiennes
chien-loup	m	chiens-loups
chiendent	m	chiendents
chienlit	m	chienlits
chienne	f	chiennes
chiennerie	f	chienneries
chierie	f	chieries
chiffe	f	chiffes
chiffon	m	chiffons
chiffonnade	f	chiffonnades
chiffonnage	m	chiffonnages
chiffonne	f	chiffonnes
chiffonnement	m	chiffonnements
chiffonnier	m	chiffonniers
chiffonnière	f	chiffonnières
chiffonnière	f	chiffonnières
chiffrage	m	chiffrages
chiffre	m	chiffres
chiffrement	m	chiffrements
chiffreur	m	chiffreurs
chignole	f	chignoles
chignon	m	chignons
chiisme	m	chiismes
chilien	m	chiliens
chilienne	f	chiliennes
chimie	f	chimies
chimiothérapie	f	chimiothérapies
chimisme	m	chimismes
chimpanzé	m	chimpanzés
chimère	f	chimères
chinage	m	chinages
chinchilla	m	chinchillas
chineur	m	chineurs
chineuse	f	chineuses
chinois	m	chinois
chinoise	f	chinoises
chinoiserie	f	chinoiseries
chinook	m	chinooks
chintz	m	chintz
chinure	f	chinures
chiot	m	chiots
chiotte	f	chiottes
chiourme	f	chiourmes
chiperie	f	chiperies
chipeur	m	chipeurs
chipeuse	f	chipeuses
chipie	f	chipies
chipolata	f	chipolatas
chipotage	m	chipotages
chipoterie	f	chipoteries
chipoteur	m	chipoteurs
chipoteuse	f	chipoteuses
chips	f	chips
chiquage	m	chiquages
chique	f	chiques
chiquenaude	f	chiquenaudes
chiquetage	m	chiquetages
chiqueur	m	chiqueurs
chiqué	m	chiqués
chiraquien	m	chiraquiens
chiraquienne	f	chiraquiennes
chirographie	f	chirographies
chiromancie	f	chiromancies
chiromancien	m	chiromanciens
chiromancienne	f	chiromanciennes
chiropracteur	m	chiropracteurs
chiropractie	f	chiropracties
chiropraxie	f	chiropraxies
chiroptère	m	chiroptères
chirurgie	f	chirurgies
chirurgien	m	chirurgiens
chirurgienne	f	chirurgiennes
chistera	m	chisteras
chitine	f	chitines
chiton	m	chitons
chiure	f	chiures
chiée	f	chiées
chlamyde	f	chlamydes
chloral	m	chlorals
chloramphénicol	m	chloramphénicols
chlorate	m	chlorates
chloration	f	chlorations
chlorhydrate	m	chlorhydrates
chloroforme	m	chloroformes
chloroformisation	f	chloroformisations
chlorophycée	f	chlorophycées
chlorophylle	f	chlorophylles
chloropicrine	f	chloropicrines
chloroplaste	f	chloroplastes
chlorose	f	chloroses
chlorurant	m	chlorurants
chloruration	f	chlorurations
chlorure	m	chlorures
choc	m	chocs
chochotte	f	chochottes
chocolat	m	chocolats
chocolaterie	f	chocolateries
chocolatier	m	chocolatiers
chocolatière	f	chocolatières
chocolatière	f	chocolatières
chocotte	f	chocottes
choeur	m	choeurs
choix	m	choix
cholagogue	m	cholagogues
cholangiographie	f	cholangiographies
cholestérol	m	cholestérols
cholestérolémie	f	cholestérolémies
choline	f	cholines
cholurie	f	choluries
cholécystectomie	f	cholécystectomies
cholécystite	f	cholécystites
cholécystotomie	f	cholécystotomies
cholédocotomie	f	cholédocotomies
cholédoque	m	cholédoques
cholémie	f	cholémies
choléra	m	choléras
cholérine	f	cholérines
chondriome	m	chondriomes
chondriosome	m	chondriosomes
chondroblaste	m	chondroblastes
chopage	m	chopages
chope	f	chopes
chopinaison	f	chopinaisons
chopine	f	chopines
chopper	m	choppers
choquement	m	choquements
choral	m	chorals
chorale	f	chorales
choreute	m	choreutes
chorion	m	chorions
chorizo	m	chorizos
chorologie	f	chorologies
choroïde	f	choroïdes
chorus	m	chorus
chorège	m	chorèges
chorée	f	chorées
chorégraphie	f	chorégraphies
chose	f	choses
chosification	f	chosifications
chott	m	chotts
chou	m	choux
chou-fleur	m	choux-fleurs
chou-navet	m	choux-navets
chou-rave	m	choux-raves
chouan	m	chouans
chouannage	m	chouannages
chouannerie	f	chouanneries
choucas	m	choucas
chouchou	m	chouchous
chouchoute	f	chouchoutes
chouchoutage	m	chouchoutages
choucroute	f	choucroutes
chouette	f	chouettes
chouleur	m	chouleurs
choupet	m	choupets
choupette	f	choupettes
chourinade	f	chourinades
choute	f	choutes
chow	m	chows
chow-chow	m	chows-chows
chrestomathie	f	chrestomathies
chris-craft	m	chris-crafts
chrisme	m	chrismes
christ	m	christs
christiania	m	christianias
christianisation	f	christianisations
christianisme	m	christianismes
christologie	f	christologies
chromage	m	chromages
chromate	m	chromates
chromatine	f	chromatines
chromatisation	f	chromatisations
chromatisme	m	chromatismes
chromatogramme	m	chromatogrammes
chromatographe	m	chromatographes
chromatographie	f	chromatographies
chromatopsie	f	chromatopsies
chrome	m	chromes
chromisation	f	chromisations
chromolithographie	f	chromolithographies
chromosome	m	chromosomes
chromosphère	f	chromosphères
chromotypie	f	chromotypies
chromotypographie	f	chromotypographies
chromé	m	chromés
chronaxie	f	chronaxies
chronicisation	f	chronicisations
chronicité	f	chronicités
chronique	f	chroniques
chroniqueur	m	chroniqueurs
chrono	m	chronos
chronologie	f	chronologies
chronomètre	m	chronomètres
chronométrage	m	chronométrages
chronométreur	m	chronométreurs
chronométrie	f	chronométries
chronophotographie	f	chronophotographies
chrysalidation	f	chrysalidations
chrysalide	f	chrysalides
chrysanthème	m	chrysanthèmes
chrysobéryl	m	chrysobéryls
chrysocale	m	chrysocales
chrysolithe	f	chrysolithes
chrysomèle	f	chrysomèles
chrysomélidé	m	chrysomélidés
chrysoprase	f	chrysoprases
chrémeau	m	chrémeaux
chrétien	m	chrétiens
chrétienne	f	chrétiennes
chrétienté	f	chrétientés
chrême	m	chrêmes
chuchotage	m	chuchotages
chuchotement	m	chuchotements
chuchoterie	f	chuchoteries
chuchotis	m	chuchotis
chuchottement	m	chuchottements
chuintante	f	chuintantes
chuintement	m	chuintements
chunk	m	chunks
churchillien	m	churchilliens
churchillienne	f	churchilliennes
chute	f	chutes
chutement	m	chutements
chutée	f	chutées
chyle	m	chyles
chylification	f	chylifications
chyme	m	chymes
chymosine	f	chymosines
châle	m	châles
châlit	m	châlits
châsse	f	châsses
châssis	m	châssis
châtaigne	f	châtaignes
châtaigneraie	f	châtaigneraies
châtaignier	m	châtaigniers
châtain	m	châtains
château	m	châteaux
châteaubriant	m	châteaubriants
châtelain	m	châtelains
châtelaine	f	châtelaines
châtelaine	f	châtelaines
châtellenie	f	châtellenies
châtiment	m	châtiments
châtrage	m	châtrages
chèche	m	chèches
chènevis	m	chènevis
chènevière	f	chènevières
chèque	m	chèques
chère	f	chères
chèvre-pied	m	chèvre-pieds
chèvrefeuille	m	chèvrefeuilles
chébec	m	chébecs
chéchia	f	chéchias
chéiroptère	m	chéiroptères
chélicère	f	chélicères
chélidoine	f	chélidoines
chélonien	m	chéloniens
chéneau	m	chéneaux
chénopode	m	chénopodes
chénopodiacée	f	chénopodiacées
chéquier	m	chéquiers
chéri	m	chéris
chérie	f	chéries
chérif	m	chérifs
chérissement	m	chérissements
chérubin	m	chérubins
chênaie	f	chênaies
chêne	m	chênes
chêne-liège	m	chênes-lièges
chômage	m	chômages
chômeur	m	chômeurs
chômeuse	f	chômeuses
cibiche	f	cibiches
ciblage	m	ciblages
cible	f	cibles
ciboire	m	ciboires
ciborium	m	ciboriums
ciboule	f	ciboules
ciboulette	f	ciboulettes
ciboulot	m	ciboulots
cicatrice	f	cicatrices
cicatricule	f	cicatricules
cicatrisant	m	cicatrisants
cicatrisation	f	cicatrisations
cicindèle	f	cicindèles
ciclosporine	f	ciclosporines
ciconiidé	m	ciconiidés
cicutine	f	cicutines
cicéro	m	cicéros
cicérone	m	cicérones
cidre	m	cidres
cidrerie	f	cidreries
ciel	m	ciels
cierge	m	cierges
cigale	f	cigales
cigare	m	cigares
cigarette	f	cigarettes
cigarier	m	cigariers
cigarière	f	cigarières
cigarillo	m	cigarillos
cigarière	f	cigarières
cigogne	f	cigognes
cigogneau	m	cigogneaux
ciguë	f	ciguës
cil	m	cils
cilice	m	cilices
cilié	m	ciliés
cillage	m	cillages
cillement	m	cillements
cimaise	f	cimaises
cime	f	cimes
ciment	m	ciments
cimentage	m	cimentages
cimentation	f	cimentations
cimenterie	f	cimenteries
cimentier	m	cimentiers
cimeterre	m	cimeterres
cimetière	m	cimetières
cimier	m	cimiers
cinabre	m	cinabres
cinchonine	f	cinchonines
cincle	m	cincles
cingalais	m	cingalais
cingalaise	f	cingalaises
cinglage	m	cinglages
cinglement	m	cinglements
cinglé	m	cinglés
cinglée	f	cinglées
cinnamome	m	cinnamomes
cinoche	m	cinoches
cinq	m	cinq
cinquantaine	f	cinquantaines
cinquante	m	cinquante
cinquantenaire	m	cinquantenaires
cintrage	m	cintrages
cintre	m	cintres
ciné	m	cinés
ciné-club	m	ciné-clubs
ciné-roman	m	ciné-romans
ciné-shop	m	ciné-shops
ciné-tir	m	ciné-tirs
cinéma	m	cinémas
cinémascope	m	cinémascopes
cinémathèque	f	cinémathèques
cinématique	f	cinématiques
cinématographe	m	cinématographes
cinématographie	f	cinématographies
cinémomètre	m	cinémomètres
cinéphilie	f	cinéphilies
cinérama	m	cinéramas
cinérite	f	cinérites
cinéroman	m	cinéromans
cinéthéodolite	m	cinéthéodolites
cinétique	f	cinétiques
cipaye	m	cipayes
cipolin	m	cipolins
cippe	m	cippes
cirage	m	cirages
circoncis	m	circoncis
circoncision	f	circoncisions
circonférence	f	circonférences
circonlocution	f	circonlocutions
circonscription	f	circonscriptions
circonspection	f	circonspections
circonstance	f	circonstances
circonstanciation	f	circonstanciations
circonstancielle	f	circonstancielles
circonstant	m	circonstants
circonvallation	f	circonvallations
circonvention	f	circonventions
circonvolution	f	circonvolutions
circuit	m	circuits
circulaire	f	circulaires
circularité	f	circularités
circulation	f	circulations
circumduction	f	circumductions
circumnavigation	f	circumnavigations
cire	f	cires
cireur	m	cireurs
cireuse	f	cireuses
cireuse	f	cireuses
cirier	m	ciriers
cirière	f	cirières
cirière	f	cirières
ciron	m	cirons
cirque	m	cirques
cirre	m	cirres
cirrhe	m	cirrhes
cirrhose	f	cirrhoses
cirripède	m	cirripèdes
cirrus	m	cirrus
ciré	m	cirés
cisaillage	m	cisaillages
cisaille	f	cisailles
cisaillement	m	cisaillements
ciseau	m	ciseaux
ciselage	m	ciselages
ciselet	m	ciselets
ciseleur	m	ciseleurs
cisellement	m	cisellements
ciselure	f	ciselures
cisoire	f	cisoires
cistercien	m	cisterciens
cistercienne	f	cisterciennes
cistre	m	cistres
cistron	m	cistrons
cistude	f	cistudes
cisèlement	m	cisèlements
citadelle	f	citadelles
citadin	m	citadins
citadine	f	citadines
citateur	m	citateurs
citatrice	f	citatrices
citation	f	citations
citerne	f	citernes
cithare	f	cithares
citoyen	m	citoyens
citoyenne	f	citoyennes
citoyenneté	f	citoyennetés
citrate	m	citrates
citrine	f	citrines
citron	m	citrons
citronnade	f	citronnades
citronnelle	f	citronnelles
citronnier	m	citronniers
citrouille	f	citrouilles
citrus	m	citrus
cité	f	cités
cité-dortoir	f	cités-dortoirs
cive	f	cives
civelle	f	civelles
civet	m	civets
civette	f	civettes
civil	m	civils
civile	f	civiles
civilisateur	m	civilisateurs
civilisatrice	f	civilisatrices
civilisation	f	civilisations
civilisé	m	civilisés
civilisée	f	civilisées
civilité	f	civilités
civisme	m	civismes
civière	f	civières
clabaud	m	clabauds
clabaudage	m	clabaudages
clabauderie	f	clabauderies
clabaudeur	m	clabaudeurs
clabaudeuse	f	clabaudeuses
clabot	m	clabots
clabotage	m	clabotages
clade	m	clades
clafoutis	m	clafoutis
claie	f	claies
clair	m	clairs
clair-obscur	m	clairs-obscurs
clairage	m	clairages
clairance	f	clairances
claire	f	claires
claire-voie	f	claires-voies
clairet	m	clairets
clairette	f	clairettes
clairière	f	clairières
clairon	m	clairons
claironnement	m	claironnements
clairvoyance	f	clairvoyances
clairvoyant	m	clairvoyants
clairvoyante	f	clairvoyantes
clairçage	m	clairçages
clam	m	clams
clameur	f	clameurs
clamp	m	clamps
clampage	m	clampages
clan	m	clans
clandestin	m	clandestins
clandestine	f	clandestines
clandestinité	f	clandestinités
clandé	m	clandés
clanisme	m	clanismes
clapage	m	clapages
clapet	m	clapets
clapier	m	clapiers
clapman	m	clapmans
clapot	m	clapots
clapotage	m	clapotages
clapotement	m	clapotements
clapotis	m	clapotis
clappement	m	clappements
claquage	m	claquages
claquante	f	claquantes
claquement	m	claquements
claquet	m	claquets
claquette	f	claquettes
claquoir	m	claquoirs
clarain	m	clarains
clarias	m	clarias
clarification	f	clarifications
clarine	f	clarines
clarinette	f	clarinettes
clarisse	f	clarisses
clarté	f	clartés
clash	m	clashs
classage	m	classages
classe	f	classes
classement	m	classements
classeur	m	classeurs
classicisme	m	classicismes
classifiance	f	classifiances
classificateur	m	classificateurs
classificatrice	f	classificatrices
classification	f	classifications
classifieur	m	classifieurs
classifieuse	f	classifieuses
claude	f	claudes
claudication	f	claudications
clause	f	clauses
claustra	m	claustras
claustration	f	claustrations
claustromanie	f	claustromanies
claustrophobie	f	claustrophobies
clausule	f	clausules
clavage	m	clavages
clavaire	f	clavaires
claveau	m	claveaux
clavecin	m	clavecins
clavelisation	f	clavelisations
clavelée	f	clavelées
clavetage	m	clavetages
clavette	f	clavettes
clavicorde	m	clavicordes
clavicule	f	clavicules
clavier	m	claviers
clayette	f	clayettes
claymore	f	claymores
clayon	m	clayons
clayonnage	m	clayonnages
clayère	f	clayères
clearance	f	clearances
clearing	m	clearings
clebs	m	clebs
clef	f	clefs
clenche	f	clenches
clenchette	f	clenchettes
clepsydre	f	clepsydres
cleptomanie	f	cleptomanies
clerc	m	clercs
clergie	f	clergies
clergyman	m	clergymen
clergé	m	clergés
clic	m	clics
clic-clac	m	clic-clacs
clicage	m	clicages
clichage	m	clichages
clichement	m	clichements
clicherie	f	clicheries
clicheur	m	clicheurs
cliché	m	clichés
click	m	clicks
client	m	clients
cliente	f	clientes
clientèle	f	clientèles
clientélisme	m	clientélismes
clignement	m	clignements
clignotant	m	cligno
clignotement	m	clignotements
climat	m	climats
climatisation	f	clim
climatiseur	m	climatiseurs
climatisme	m	climatismes
climatologie	f	climatologies
climatopathologie	f	climatopathologies
climatothérapie	f	climatothérapies
climatère	m	climatères
climax	m	climax
clin	m	clins
clindamycine	f	clindamycines
clinfoc	m	clinfocs
clinicat	m	clinicats
clinique	f	cliniques
clinker	m	clinkers
clinomètre	m	clinomètres
clinquant	m	clinquants
clinquement	m	clinquements
clintonisme	m	clintonismes
clip	m	clips
clippage	m	clippages
clipper	m	clippers
cliquage	m	cliquages
clique	f	cliques
cliquement	m	cliquements
cliquet	m	cliquets
cliquetis	m	cliquetis
cliquette	f	cliquettes
cliquettement	m	cliquettements
cliquètement	m	cliquètements
clissage	m	clissages
clisse	f	clisses
clitique	m	clitiques
clitoridectomie	f	clitoridectomies
clitoris	m	clitoris
clivage	m	clivages
cloaque	m	cloaques
clochage	m	clochages
clochard	m	clochards
clocharde	f	clochardes
clochardisation	f	clochardisations
cloche	f	cloches
clochement	m	clochements
clocher	m	clochers
clocherie	f	clocheries
clocheton	m	clochetons
clochette	f	clochettes
cloison	f	cloisons
cloisonnage	m	cloisonnages
cloisonnement	m	cloisonnements
cloisonné	m	cloisonnés
clonage	m	clonages
clone	m	clones
clope	f	clopes
clopinement	m	clopinements
clopinette	f	clopinettes
cloporte	m	cloportes
cloquage	m	cloquages
cloque	f	cloques
cloqué	m	cloqués
clos	m	clos
closerie	f	closeries
closet	m	closets
closing	m	closings
clou	m	clous
clouage	m	clouages
clouement	m	clouements
cloutage	m	cloutages
cloutard	m	cloutards
clouterie	f	clouteries
cloutier	m	cloutiers
clovisse	f	clovisses
clown	m	clowns
clownesse	f	clownesses
clownerie	f	clowneries
cloyère	f	cloyères
cloître	m	cloîtres
club	m	clubs
clubman	m	clubmans
clupéidé	m	clupéidés
cluse	f	cluses
clystère	m	clystères
clé	f	clés
clébard	m	clébards
clématite	f	clématites
clémence	f	clémences
clémentine	f	clémentines
clémentinier	m	clémentiniers
clérical	m	cléricaux
cléricalisation	f	cléricalisations
cléricalisme	m	cléricalismes
cléricature	f	cléricatures
clérouquie	f	clérouquies
clôture	f	clôtures
cnidaire	m	cnidaires
cnémide	f	cnémides
coaccusé	m	coaccusés
coaccusée	f	coaccusées
coaching	m	coachings
coacquéreur	m	coacquéreurs
coadjuteur	m	coadjuteurs
coadjutrice	f	coadjutrices
coadministrateur	m	coadministrateurs
coadministratrice	f	coadministratrices
coagulabilité	f	coagulabilités
coagulant	m	coagulants
coagulation	f	coagulations
coagulopathie	f	coagulopathies
coagulum	m	coagulums
coalescence	f	coalescences
coalisation	f	coalisations
coalisé	m	coalisés
coalisée	f	coalisées
coalition	f	coalitions
coaltar	m	coaltars
coaltarisation	f	coaltarisations
coaptation	f	coaptations
coarctation	f	coarctations
coassement	m	coassements
coassocié	m	coassociés
coassociée	f	coassociées
coassurance	f	coassurances
coat	m	coats
coati	m	coatis
coauteur	m	coauteurs
cobaea	m	cobaeas
cobalt	m	cobalts
cobaltothérapie	f	cobaltothérapies
cobaye	m	cobayes
cobelligérant	m	cobelligérants
cobol	m	cobols
cobra	m	cobras
cobéa	m	cobéas
cocagne	f	cocagnes
cocarde	f	cocardes
cocardier	m	cocardiers
cocardière	f	cocardières
cocasserie	f	cocasseries
cocaïne	f	cocaïnes
cocaïnisation	f	cocaïnisations
cocaïnisme	m	cocaïnismes
cocaïnomanie	f	cocaïnomanies
coccidie	f	coccidies
coccidiose	f	coccidioses
coccinelle	f	coccinelles
coccolite	f	coccolites
coccolithophore	m	coccolithophores
coccyx	m	coccyx
cochage	m	cochages
cochenille	f	cochenilles
cochenillier	m	cochenilliers
cocher	m	cochers
cochère	f	cochères
cochet	m	cochets
cochevis	m	cochevis
cochinchinois	m	cochinchinois
cochinchinoise	f	cochinchinoises
cochléaire	f	cochléaires
cochléaria	m	cochléarias
cochlée	f	cochlées
cochon	m	cochons
cochonne	f	cochonnes
cochonceté	f	cochoncetés
cochonnaille	f	cochonnailles
cochonne	f	cochonnes
cochonnerie	f	cochonneries
cochonnet	m	cochonnets
cochylis	f	cochylis
cocker	m	cockers
cockney	m	cockneys
cockpit	m	cockpits
cocktail	m	cocktails
cocon	m	cocons
coconnage	m	coconnages
coconnière	f	coconnières
cocontractant	m	cocontractants
cocontractante	f	cocontractantes
cocoon	m	cocoons
cocorico	m	cocoricos
cocoteraie	f	cocoteraies
cocotier	m	cocotiers
cocotte	f	cocottes
cocotte-minute	f	cocottes-minute
cocréancier	m	cocréanciers
coction	f	coctions
cocu	m	cocus
cocue	f	cocues
cocuage	m	cocuages
cocufiage	m	cocufiages
coda	f	codas
codage	m	codages
code	m	codes
codemandeur	m	codemandeurs
codemanderesse	f	codemanderesses
codeur	m	codeurs
codex	m	codex
codicille	m	codicilles
codificateur	m	codificateurs
codificatrice	f	codificatrices
codification	f	codifications
codirecteur	m	codirecteurs
codirectrice	f	codirectrices
codirection	f	codirections
codominance	f	codominances
codon	m	codons
codébiteur	m	codébiteurs
codébitrice	f	codébitrices
codéine	f	codéines
codétenteur	m	codétenteurs
codétentrice	f	codétentrices
codétenu	m	codétenus
codétenue	f	codétenues
codétermination	f	codéterminations
coefficient	m	coefficients
coefficientage	m	coefficientages
coelacanthe	m	coelacanthes
coelentéré	m	coelentérés
coelioscopie	f	coelioscopies
coempereur	m	coempereurs
coenesthésie	f	coenesthésies
coenure	m	coenures
coenzyme	m	coenzymes
coercibilité	f	coercibilités
coercion	f	coercions
coercition	f	coercitions
coeur	m	coeurs
coexistence	f	coexistences
cofacteur	m	cofacteurs
coffin	m	coffins
coffrage	m	coffrages
coffre	m	coffres
coffre-fort	m	coffres-forts
coffret	m	coffrets
coffreur	m	coffreurs
cogestion	f	cogestions
cogitation	f	cogitations
cogito	m	cogitos
cognac	m	cognacs
cognage	m	cognages
cognassier	m	cognassiers
cognat	m	cognats
cognation	f	cognations
cogne	m	cognes
cognement	m	cognements
cogneur	m	cogneurs
cognée	f	cognées
cogérance	f	cogérances
cogérant	m	cogérants
cogérante	f	cogérantes
cohabitant	m	cohabitants
cohabitation	f	cohabitations
cohibition	f	cohibitions
cohobation	f	cohobations
cohorte	f	cohortes
cohue	f	cohues
cohérence	f	cohérences
cohéreur	m	cohéreurs
cohéritier	m	cohéritiers
cohéritière	f	cohéritières
cohésifère	m	cohésifères
cohésion	f	cohésions
coiffage	m	coiffages
coiffant	m	coiffants
coiffe	f	coiffes
coiffeur	m	coiffeurs
coiffeuse	f	coiffeuses
coiffeuse	f	coiffeuses
coiffure	f	coiffures
coin	m	coins
coin-coin	m	coin-coin
coincement	m	coincements
coinchage	m	coinchages
coing	m	coings
coinçage	m	coinçages
coite	f	coites
cokerie	f	cokeries
cokéfaction	f	cokéfactions
col	m	cols
col-de-cygne	m	cols-de-cygne
cola	m	colas
colature	f	colatures
colback	m	colbacks
colchicine	f	colchicines
colchique	m	colchiques
colcotar	m	colcotars
cold-cream	m	cold-creams
colibacille	m	colibacilles
colibacillose	f	colibacilloses
colibri	m	colibris
colicitant	m	colicitants
colifichet	m	colifichets
colimaçon	m	colimaçons
colin	m	colins
colin-maillard	m	colin-maillard
colin-tampon	m	colin-tampon
colineau	m	colineaux
colinot	m	colinots
colique	f	coliques
colis	m	colis
colistier	m	colistiers
colite	f	colites
collaborateur	m	collaborateurs
collaboratrice	f	collaboratrices
collaboration	f	collaborations
collaborée	f	collaborées
collage	m	collages
collagène	m	collagènes
collant	m	collants
collante	f	collantes
collapsus	m	collapsus
collargol	m	collargols
collateur	m	collateurs
collation	f	collations
collationnement	m	collationnements
collationnure	f	collationnures
collatéral	m	collatéraux
collatérale	f	collatérales
collatérale	f	collatérales
colle	f	colles
collectage	m	collectages
collecte	f	collectes
collecteur	m	collecteurs
collectrice	f	collectrices
collectif	m	collectifs
collection	f	coll.
collectionnement	m	collectionnements
collectionneur	m	collectionneurs
collectionneuse	f	collectionneuses
collectivisation	f	collectivisations
collectivisme	m	collectivismes
collectivité	f	collectivités
collector	m	collectors
collerette	f	collerettes
collet	m	collets
colletage	m	colletages
colleteur	m	colleteurs
colleur	m	colleurs
colleuse	f	colleuses
colleuse	f	colleuses
colley	m	colleys
collier	m	colliers
colligation	f	colligations
colligeage	m	colligeages
collimateur	m	collimateurs
collimation	f	collimations
colline	f	collines
collision	f	collisions
collocation	f	collocations
collodion	m	collodions
colloque	m	colloques
colloïde	m	colloïdes
collure	f	collures
collusion	f	collusions
collutoire	m	collutoires
colluvion	f	colluvions
collyre	m	collyres
collège	m	collèges
collé	m	collés
collégiale	f	collégiales
collégialité	f	collégialités
collégien	m	collégiens
collégienne	f	collégiennes
colmatage	m	colmatages
colocase	f	colocases
colocation	f	colocations
cologarithme	m	cologarithmes
colombage	m	colombages
colombe	f	colombes
colombien	m	colombiens
colombienne	f	colombiennes
colombier	m	colombiers
colombin	m	colombins
colombophilie	f	colombophilies
colon	m	colons
colonage	m	colonages
colonat	m	colonats
colonel	m	colonels
colonelle	f	colonelles
colonial	m	coloniaux
coloniale	f	coloniales
colonialisme	m	colonialismes
colonie	f	colonies
colonisateur	m	colonisateurs
colonisatrice	f	colonisatrices
colonisation	f	colonisations
colonisé	m	colonisés
colonisée	f	colonisées
colonnade	f	colonnades
colonne	f	colonnes
colonnette	f	colonnettes
colophane	f	colophanes
coloquinte	f	coloquintes
colorant	m	colorants
coloration	f	colorations
coloriage	m	coloriages
coloriation	f	coloriations
colorimètre	m	colorimètres
colorimétrie	f	colorimétries
coloris	m	coloris
colorisation	f	colorisations
colosse	m	colosses
colostrum	m	colostrums
colportage	m	colportages
colportation	f	colportations
colporteur	m	colporteurs
colporteuse	f	colporteuses
colposcopie	f	colposcopies
colt	m	colts
coltinage	m	coltinages
columbarium	m	columbariums
columelle	f	columelles
colvert	m	colverts
colza	m	colzas
colzatier	m	colzatiers
colère	f	colères
coléoptère	m	coléoptères
coléreux	m	coléreux
coléreuse	f	coléreuses
coma	m	comas
comateux	m	comateux
comateuse	f	comateuses
combat	m	combats
combatif	m	combatifs
combative	f	combatives
combativité	f	combativités
combattant	m	combattants
combattante	f	combattantes
combe	f	combes
combien	m	combien
combinaison	f	combi
combinard	m	combinards
combinat	m	combinats
combinateur	m	combinateurs
combinatoire	f	combinatoires
combine	f	combines
combiné	m	combinés
combinée	f	combinées
comblage	m	comblages
comblanchien	m	comblanchiens
comble	m	combles
comblement	m	comblements
comburant	m	comburants
comburation	f	comburations
combustibilité	f	combustibilités
combustible	m	combustibles
combustion	f	combustions
comestibilité	f	comestibilités
comestible	m	comestibles
comitologie	f	comitologies
comité	m	comités
comma	m	commas
commandant	m	commandants
commandante	f	commandantes
commande	f	commandes
commandement	m	commandements
commanderie	f	commanderies
commandeur	m	commandeurs
commandite	f	commandites
commandité	m	commandités
commando	m	commandos
commencement	m	commencements
commende	f	commendes
commensal	m	commensaux
commensale	f	commensales
commensalisme	m	commensalismes
commensurabilité	f	commensurabilités
comment	m	comment
commentaire	m	commentaires
commentateur	m	commentateurs
commentatrice	f	commentatrices
commençant	m	commençants
commençante	f	commençantes
commerce	m	commerces
commercial	m	commerciaux
commerciale	f	commerciales
commerciale	f	commerciales
commercialisateur	m	commercialisateurs
commercialisatrice	f	commercialisatrices
commercialisation	f	commercialisations
commercialisme	m	commercialismes
commerçant	m	commerçants
commerçante	f	commerçantes
commettage	m	commettages
commettant	m	commettants
commis	m	commis
commissaire-priseur	m	commissaires-priseurs
commissariat	m	commissariats
commission	f	commissions
commissionnement	m	commissionnements
commissure	f	commissures
commisération	f	commisérations
commode	f	commodes
commodité	f	commodités
commodore	m	commodores
commotion	f	commotions
commun	m	communs
communale	f	communales
communalisation	f	communalisations
communalité	f	communalités
communard	m	communards
communarde	f	communardes
communautarisation	f	communautarisations
communautarisme	m	communautarismes
communauté	f	communautés
commune	f	communes
communiant	m	communiants
communiante	f	communiantes
communicant	m	communicants
communicante	f	communicantes
communicateur	m	communicateurs
communicatrice	f	communicatrices
communication	f	communications
communion	f	communions
communiqué	m	communiqués
communisant	m	communisants
communisante	f	communisantes
communisation	f	communisations
communisme	m	communismes
commutateur	m	commutateurs
commutation	f	commutations
commutativité	f	commutativités
commère	f	commères
commémoraison	f	commémoraisons
commémoration	f	commémorations
commérage	m	commérages
comorien	m	comoriens
comourant	m	comourants
compacité	f	compacités
compactage	m	compactages
compactation	f	compactations
compacteur	m	compacteurs
compagne	f	compagnes
compagnie	f	compagnies
compagnon	m	compagnons
compagnonnage	m	compagnonnages
comparabilité	f	comparabilités
comparaison	f	comparaisons
comparant	m	comparants
comparante	f	comparantes
comparatif	m	comparatifs
comparatisme	m	comparatismes
compartiment	m	compartiments
compartimentage	m	compartimentages
compartimentation	f	compartimentations
comparution	f	comparutions
compas	m	compas
compassage	m	compassages
compassement	m	compassements
compassion	f	compassions
compatibilité	f	compatibilités
compatissance	f	compatissances
compatissement	m	compatissements
compañeros	m	compañeros
compendium	m	compendiums
compensateur	m	compensateurs
compensation	f	compensations
compilateur	m	compilateurs
compilatrice	f	compilatrices
compilation	f	compilations
complainte	f	complaintes
complaisance	f	complaisances
complant	m	complants
complantage	m	complantages
complantation	f	complantations
complet	m	complets
complexation	f	complexations
complexe	m	complexes
complexification	f	complexifications
complexion	f	complexions
complexité	f	complexités
complexé	m	complexés
complexée	f	complexées
complication	f	complications
complicité	f	complicités
compliment	m	compliments
complimenteur	m	complimenteurs
complimenteuse	f	complimenteuses
compliqué	m	compliqués
compliquée	f	compliquées
complot	m	complots
complotation	f	complotations
comploterie	f	comploteries
comploteur	m	comploteurs
complètement	m	complètements
complément	m	compléments
complémentaire	m	complémentaires
complémentarité	f	complémentarités
complémentation	f	complémentations
complétion	f	complétions
complétive	f	complétives
complétude	f	complétudes
compo	f	compos
componction	f	componctions
comporte	f	comportes
comportement	m	comportements
composant	m	composants
composante	f	composantes
composeur	m	composeurs
composeuse	f	composeuses
composeuse	f	composeuses
composite	m	composites
compositeur	m	compositeurs
compositrice	f	compositrices
composition	f	compositions
compost	m	composts
compostage	m	compostages
composteur	m	composteurs
composé	m	composés
composée	f	composées
compote	f	compotes
compotier	m	compotiers
compound	m	compound
compoundage	m	compoundages
compradore	m	compradores
comprenette	f	comprenettes
compressage	m	compressages
compresse	f	compresses
compresseur	m	compresseurs
compressibilité	f	compressibilités
compression	f	compressions
comprimé	m	comprimés
compromis	m	compromis
compromission	f	compromissions
compréhensibilité	f	compréhensibilités
compréhension	f	compréhensions
comptabilisation	f	comptabilisations
comptabilité	f	comptabilités
comptage	m	comptages
comptant	m	comptants
compte	m	comptes
compte-gouttes	m	compte-gouttes
compte-rendu	m	comptes-rendus
compte-titre	m	comptes-titres
compte-tours	m	compte-tours
compteur	m	compteurs
comptine	f	comptines
comptoir	m	comptoirs
compulsation	f	compulsations
compulsion	f	compulsions
comput	m	computs
computation	f	computations
compère	m	compères
compère-loriot	m	compères-loriots
compénétration	f	compénétrations
compérage	m	compérages
compétence	f	compétences
compétiteur	m	compétiteurs
compétitrice	f	compétitrices
compétition	f	compétitions
compétitivité	f	compétitivités
comsomption	f	comsomptions
comte	m	comtes
comtesse	f	comtesses
comtesse	f	comtesses
comtois	m	comtois
comtoise	f	comtoises
comtoise	f	comtoises
comté	m	comtés
comète	f	comètes
comédie	f	comédies
comédien	m	comédiens
comédienne	f	comédiennes
comédon	m	comédons
con	m	cons
conne	f	connes
conard	m	conards
conasse	f	conasses
conation	f	conations
concassage	m	concassages
concassement	m	concassements
concaténation	f	concaténations
concavité	f	concavités
concentration	f	concentrations
concentré	m	concentrés
concept	m	concepts
conceptacle	m	conceptacles
concepteur	m	concepteurs
conceptrice	f	conceptrices
conception	f	conceptions
conceptisme	m	conceptismes
conceptualisation	f	conceptualisations
conceptualisme	m	conceptualismes
concernement	m	concernements
concert	m	concerts
concertation	f	concertations
concertino	m	concertinos
concerto	m	concertos
concession	f	concessions
concetti	m	concettis
conchoïde	f	conchoïdes
conchyliculture	f	conchylicultures
conchyliologie	f	conchyliologies
conciergerie	f	conciergeries
concile	m	conciles
conciliabule	m	conciliabules
conciliateur	m	conciliateurs
conciliatrice	f	conciliatrices
conciliation	f	conciliations
concision	f	concisions
concitoyen	m	concitoyens
concitoyenne	f	concitoyennes
conclave	m	conclaves
conclusion	f	conclusions
concoction	f	concoctions
concombre	m	concombres
concomitance	f	concomitances
concordance	f	concordances
concordancier	m	concordanciers
concordat	m	concordats
concorde	f	concordes
concordée	f	concordées
concours	m	concours
concret	m	concrets
concrétion	f	concrétions
concrétionnement	m	concrétionnements
concrétisation	f	concrétisations
concubin	m	concubins
concubine	f	concubines
concubinage	m	concubinages
concupiscence	f	concupiscences
concupiscent	m	concupiscents
concupiscente	f	concupiscentes
concurrence	f	concurrences
concurrent	m	concurrents
concussion	f	concussions
concélébration	f	concélébrations
condamnation	f	condamnations
condamné	m	condamnés
condamnée	f	condamnées
condensateur	m	condensateurs
condensation	f	condensations
condenseur	m	condenseurs
condensé	m	condensés
condescendance	f	condescendances
condiment	m	condiments
condimentation	f	condimentations
condisciple	m	condisciples
condition	f	conditions
conditionnalité	f	conditionnalités
conditionnel	m	conditionnels
conditionnement	m	conditionnements
conditionneur	m	conditionneurs
conditionneuse	f	conditionneuses
conditionneuse	f	conditionneuses
conditionné	m	conditionnés
condom	m	condoms
condominium	m	condominiums
condor	m	condors
condottiere	m	condottieres
conductance	f	conductances
conducteur	m	conducteurs
conductrice	f	conductrices
conductibilité	f	conductibilités
conduction	f	conductions
conductivité	f	conductivités
conduit	m	conduits
conduite	f	conduites
condyle	m	condyles
condylome	m	condylomes
condé	m	condés
confabulation	f	confabulations
confection	f	confections
confectionnement	m	confectionnements
confectionneur	m	confectionneurs
confectionneuse	f	confectionneuses
conferve	f	conferves
confesse	f	confesses
confesseur	m	confesseurs
confession	f	confessions
confessionnal	m	confessionnaux
confessionnalité	f	confessionnalités
confetti	m	confettis
confiage	m	confiages
confiance	f	confiances
confidence	f	confidences
confident	m	confidents
confidente	f	confidentes
confidentialité	f	confidentialités
configuration	f	config
confinage	m	confinages
confinement	m	confinements
confirmand	m	confirmands
confirmant	m	confirmants
confirmation	f	confirmations
confirmé	m	confirmés
confirmée	f	confirmées
confiscation	f	confiscations
confiserie	f	confiseries
confiseur	m	confiseurs
confiseuse	f	confiseuses
confit	m	confits
confiteor	m	confiteor
confiture	f	confitures
confiturerie	f	confitureries
confiturier	m	confituriers
confiturière	f	confiturières
conflagration	f	conflagrations
conflictualité	f	conflictualités
conflit	m	conflits
confluence	f	confluences
confluent	m	confluents
conformance	f	conformances
conformateur	m	conformateurs
conformation	f	conformations
conformisme	m	conformismes
conformité	f	conformités
confort	m	conforts
confortement	m	confortements
confraternité	f	confraternités
confrontation	f	confrontations
confrontement	m	confrontements
confrère	m	confrères
confrérie	f	confréries
confucianisme	m	confucianismes
confucéen	m	confucéens
confusion	f	confusions
confusionnisme	m	confusionnismes
confédération	f	confédérations
confédéré	m	confédérés
confédérée	f	confédérées
conférence	f	conférences
conférencier	m	conférenciers
conférencière	f	conférencières
conga	f	congas
congaye	f	congayes
congaï	f	congaïs
congelé	m	congelés
congestion	f	congestions
congestionnement	m	congestionnements
conglobation	f	conglobations
conglomérat	m	conglomérats
conglomération	f	conglomérations
conglutinant	m	conglutinants
conglutination	f	conglutinations
congolais	m	congolais
congolaise	f	congolaises
congratulation	f	congratulations
congre	m	congres
congruence	f	congruences
congrès	m	congrès
congréage	m	congréages
congrégation	f	congrégations
congrégationalisme	m	congrégationalismes
congère	f	congères
congé	m	congés
congédiement	m	congédiements
congélateur	m	congélateurs
congélation	f	congélations
conicine	f	conicines
conicité	f	conicités
conidie	f	conidies
conifère	m	conifères
conique	f	coniques
conjecturation	f	conjecturations
conjecture	f	conjectures
conjoint	m	conjoints
conjointe	f	conjointes
conjoncteur	m	conjoncteurs
conjonctif	m	conjonctifs
conjonction	f	conjonctions
conjonctive	f	conjonctives
conjonctivite	f	conjonctivites
conjoncture	f	conjonctures
conjugaison	f	conjugaisons
conjugué	m	conjugués
conjungo	m	conjungos
conjurateur	m	conjurateurs
conjuration	f	conjurations
conjuré	m	conjurés
conjurée	f	conjurées
connaissance	f	connaissances
connaissement	m	connaissements
connaisseur	m	connaisseurs
connaisseuse	f	connaisseuses
connard	m	connards
connasse	f	connasses
conne	f	connes
connecteur	m	connecteurs
connectif	m	connectifs
connerie	f	conneries
connexion	f	connections
connexité	f	connexités
connivence	f	connivences
connotation	f	connotations
connu	m	connus
connétable	m	connétables
connétablie	f	connétablies
conopée	m	conopées
conoïde	m	conoïdes
conque	f	conques
conquistador	m	conquistadors
conquérant	m	conquérants
conquérante	f	conquérantes
conquêt	m	conquêts
conquête	f	conquêtes
consacrant	m	consacrants
consanguinité	f	consanguinités
conscience	f	consciences
consciencieux	m	consciencieux
consciencieuse	f	consciencieuses
conscient	m	conscients
conscientisation	f	conscientisations
conscription	f	conscriptions
conscrit	m	conscrits
conseil	m	conseils
conseiller	m	conseillers
conseillère	f	conseillères
conseilleur	m	conseilleurs
conseilleuse	f	conseilleuses
consensualisme	m	consensualismes
consensualité	f	consensualités
consensus	m	consensus
consentement	m	consentements
conservateur	m	conservateurs
conservatrice	f	conservatrices
conservation	f	conservations
conservatisme	m	conservatismes
conservatoire	m	conservatoires
conserve	f	conserves
conserverie	f	conserveries
considérant	m	considérants
considération	f	considérations
consignation	f	consignations
consigne	f	consignes
consistance	f	consistances
consistoire	m	consistoires
consoeur	f	consoeurs
consol	m	consols
consolateur	m	consolateurs
consolatrice	f	consolatrices
consolation	f	consolations
console	f	consoles
consolement	m	consolements
consolidation	f	consolidations
consolidement	m	consolidements
consommateur	m	consommateurs
consommatrice	f	consommatrices
consommation	f	consommations
consommé	m	consommés
consomption	f	consomptions
consonance	f	consonances
consonantisme	m	consonantismes
consonnance	f	consonnances
consonne	f	consonnes
consort	m	consorts
consortium	m	consortiums
conspirateur	m	conspirateurs
conspiratrice	f	conspiratrices
conspiration	f	conspirations
constable	m	constables
constance	f	constances
constantan	m	constantans
constante	f	constantes
constat	m	constats
constatant	m	constatants
constatation	f	constatations
constellation	f	constellations
consternation	f	consternations
consternement	m	consternements
constipation	f	constipations
constipé	m	constipés
constipée	f	constipées
constituant	m	constituants
constitutif	m	constitutifs
constitution	f	constitutions
constitutionalisation	f	constitutionalisations
constitutionnalisation	f	constitutionnalisations
constitutionnalisme	m	constitutionnalismes
constitutionnalité	f	constitutionnalités
constricteur	m	constricteurs
constructeur	m	constructeurs
construction	f	constructions
consubstantialité	f	consubstantialités
consubstantiation	f	consubstantiations
consul	m	consuls
consule	f	consules
consulat	m	consulats
consultance	f	consultances
consultant	m	consultants
consultante	f	consultantes
consultation	f	consultations
consulte	f	consultes
consumation	f	consumations
consume	f	consumes
consumérisme	m	consumérismes
consécration	f	consécrations
consécution	f	consécutions
consécutive	f	consécutives
conséquence	f	conséquences
conséquente	f	conséquentes
contact	m	contacts
contacteur	m	contacteurs
contactologie	f	contactologies
contage	m	contages
contagieux	m	contagieux
contagieuse	f	contagieuses
contagion	f	contagions
contagionnement	m	contagionnements
contagiosité	f	contagiosités
container	m	containers
containerisation	f	containerisations
contaminant	m	contaminants
contamination	f	contaminations
conte	m	contes
contemnement	m	contemnements
contemplateur	m	contemplateurs
contemplatrice	f	contemplatrices
contemplatif	m	contemplatifs
contemplative	f	contemplatives
contemplation	f	contemplations
contempteur	m	contempteurs
contemptrice	f	contemptrices
contenance	f	contenances
contenant	m	contenants
conteneur	m	conteneurs
conteneurisation	f	conteneurisations
content	m	contents
contentement	m	contentements
contentieux	m	contentieux
contention	f	contentions
contenu	m	contenus
contestant	m	contestants
contestation	f	contestations
conteste	f	contestes
conteur	m	conteurs
conteuse	f	conteuses
contexte	m	contextes
contexture	f	contextures
contiguïté	f	contiguïtés
continence	f	continences
continent	m	continents
continentalisation	f	continentalisations
continentalité	f	continentalités
contingence	f	contingences
contingent	m	contingents
contingentement	m	contingentements
continuateur	m	continuateurs
continuatrice	f	continuatrices
continuation	f	continuations
continuité	f	continuités
continuo	m	continuos
continuum	m	continuums
contorsion	f	contorsions
contorsionnement	m	contorsionnements
contorsionnisme	m	contorsionnismes
contour	m	contours
contournage	m	contournages
contournement	m	contournements
contraceptif	m	contraceptifs
contraception	f	contraceptions
contractant	m	contractants
contractante	f	contractantes
contracteur	m	contracteurs
contractrice	f	contractrices
contractilité	f	contractilités
contraction	f	contractions
contractualisation	f	contractualisations
contractuel	m	contractuels
contractuelle	f	contractuelles
contracture	f	contractures
contradicteur	m	contradicteurs
contradiction	f	contradictions
contrage	m	contrages
contrainte	f	contraintes
contraire	m	contraires
contrariance	f	contrariances
contrariété	f	contrariétés
contrastage	m	contrastages
contraste	m	contrastes
contrat	m	contrats
contravention	f	contraventions
contre	m	contres
contre-alizé	m	contre-alizés
contre-allée	f	contre-allées
contre-amiral	m	contre-amiraux
contre-assurance	f	contre-assurances
contre-attaque	f	contre-attaques
contre-chant	m	contre-chants
contre-courant	m	contre-courants
contre-digue	f	contre-digues
contre-dénonciation	f	contre-dénonciations
contre-empreinte	f	contre-empreintes
contre-enquête	f	contre-enquêtes
contre-espionnage	m	contre-espionnages
contre-essai	m	contre-essais
contre-exemple	m	contre-exemples
contre-expertise	f	contre-expertises
contre-extension	f	contre-extensions
contre-fer	m	contre-fers
contre-feu	m	contre-feux
contre-fil	m	contre-fils
contre-filet	m	contre-filets
contre-fugue	f	contre-fugues
contre-haut	m	contre-hauts
contre-hermine	f	contre-hermines
contre-indication	f	contre-indications
contre-jour	m	contre-jours
contre-lettre	f	contre-lettres
contre-manifestation	f	contre-manifestations
contre-mesure	f	contre-mesures
contre-mine	f	contre-mines
contre-offensive	f	contre-offensives
contre-ordre	m	contre-ordres
contre-passation	f	contre-passations
contre-passement	m	contre-passements
contre-pente	f	contre-pentes
contre-performance	f	contre-performances
contre-pied	m	contre-pied
contre-placage	m	contre-placages
contre-plaqué	m	contre-plaqués
contre-plongée	f	contre-plongées
contre-pointe	f	contre-pointes
contre-porte	f	contre-portes
contre-projet	m	contre-projets
contre-propagande	f	contre-propagandes
contre-proposition	f	contre-propositions
contre-préparation	f	contre-préparations
contre-publicité	f	contre-publicités
contre-rail	m	contre-rails
contre-réforme	f	contre-réformes
contre-révolution	f	contre-révolutions
contre-sujet	m	contre-sujets
contre-taille	f	contre-tailles
contre-terrorisme	m	contre-terrorismes
contre-timbre	m	contre-timbres
contre-torpilleur	m	contre-torpilleurs
contre-ut	m	contre-ut
contre-vair	m	contre-vairs
contre-valeur	f	contre-valeurs
contre-visite	f	contre-visites
contre-vérité	f	contre-vérités
contre-écrou	m	contre-écrous
contre-électromotrice	f	contre-électromotrices
contre-épaulette	f	contre-épaulettes
contre-épreuve	f	contre-épreuves
contrebalancement	m	contrebalancements
contrebande	f	contrebandes
contrebandier	m	contrebandiers
contrebandière	f	contrebandières
contrebas	m	contrebas
contrebasse	f	contrebasses
contrebasson	m	contrebassons
contrebatterie	f	contrebatteries
contrebutement	m	contrebutements
contrecarre	f	contrecarres
contrechamp	m	contrechamps
contrecoeur	m	contrecoeurs
contrecollage	m	contrecollages
contrecoup	m	contrecoups
contredanse	f	contredanses
contredisant	m	contredisants
contredit	m	contredits
contrefacteur	m	contrefacteurs
contrefactrice	f	contrefactrices
contrefaction	f	contrefactions
contrefaçon	f	contrefaçons
contrefiche	f	contrefiches
contrefort	m	contreforts
contremandement	m	contremandements
contremarche	f	contremarches
contremarquage	m	contremarquages
contremarque	f	contremarques
contremaître	m	contremaîtres
contremaîtresse	f	contremaîtresses
contreminage	m	contreminages
contrepartie	f	contreparties
contrepassation	f	contrepassations
contrepente	f	contrepentes
contrepet	m	contrepets
contreplacage	m	contreplacages
contreplaqué	m	contreplaqués
contrepoids	m	contrepoids
contrepoint	m	contrepoints
contrepoison	m	contrepoisons
contreproposition	f	contrepropositions
contrepublicité	f	contrepublicités
contrepèterie	f	contrepèteries
contrescarpe	f	contrescarpes
contreseing	m	contreseings
contresens	m	contresens
contretemps	m	contretemps
contretypage	m	contretypages
contretype	m	contretypes
contrevenance	f	contrevenances
contrevenant	m	contrevenants
contrevenante	f	contrevenantes
contrevent	m	contrevents
contrevérité	f	contrevérités
contributeur	m	contributeurs
contributrice	f	contributrices
contribution	f	contributions
contrition	f	contritions
contrordre	m	contrordres
controverse	f	controverses
contrée	f	contrées
contrôlabilité	f	contrôlabilités
contrôle	m	contrôles
contrôleur	m	contrôleurs
contrôleuse	f	contrôleuses
contumace	f	contumaces
contumax	f	contumax
contusion	f	contusions
conté	m	contés
conurbation	f	conurbations
convalescence	f	convalescences
convalescent	m	convalescents
convalescente	f	convalescentes
convenance	f	convenances
convention	f	conventions
conventionalisation	f	conventionalisations
conventionnel	m	conventionnels
conventionnelle	f	conventionnelles
conventionnement	m	conventionnements
conventualité	f	conventualités
convenu	m	convenus
convergence	f	convergences
convergente	f	convergentes
conversation	f	conversations
conversion	f	conversions
converti	m	convertis
convertie	f	converties
convertibilité	f	convertibilités
convertible	m	convertibles
convertissage	m	convertissages
convertissement	m	convertissements
convertisseur	m	convertisseurs
convexité	f	convexités
conviction	f	convictions
convivialité	f	convivialités
convié	m	conviés
convocation	f	convocations
convoi	m	convois
convoiement	m	convoiements
convoitise	f	convoitises
convol	m	convols
convolage	m	convolages
convolution	f	convolutions
convolvulacée	f	convolvulacées
convoyage	m	convoyages
convoyeur	m	convoyeurs
convulsion	f	convulsions
cookie	m	cookies
coolie	m	coolies
cooptation	f	cooptations
coopté	m	cooptés
cooptée	f	cooptées
coopérant	m	coopérants
coopérante	f	coopérantes
coopérateur	m	coopérateurs
coopératrice	f	coopératrices
coopération	f	coopérations
coopératisme	m	coopératismes
coopérative	f	coopératives
coordinateur	m	coordinateurs
coordinatrice	f	coordinatrices
coordination	f	coordinations
coordonnance	f	coordonnances
coordonnant	m	coordonnants
coordonnateur	m	coordonnateurs
coordonnatrice	f	coordonnatrices
coordonnée	f	coordonnées
copain	m	copains
copal	m	copals
copartage	m	copartages
copartageant	m	copartageants
copartageante	f	copartageantes
copaternité	f	copaternités
copaïer	m	copaïers
copeau	m	copeaux
copermutant	m	copermutants
copermutation	f	copermutations
copernicien	m	coperniciens
copernicienne	f	coperniciennes
copiage	m	copiages
copie	f	copies
copier/coller	m	copier/coller
copieur	m	copieurs
copieuse	f	copieuses
copinage	m	copinages
copine	f	copines
copinerie	f	copineries
copossesseur	m	copossesseurs
copossession	f	copossessions
copra	m	copras
coprah	m	coprahs
coprince	m	coprinces
coprincesse	f	coprincesses
coproduction	f	coproductions
copropriété	f	copropriétés
coprésidence	f	coprésidences
coprésident	m	coprésidents
cops	m	cops
copsage	m	copsages
coptée	f	coptées
copulation	f	copulations
copule	f	copules
copyright	m	copyrights
copépode	m	copépodes
coq	m	coqs
coquard	m	coquards
coquart	m	coquarts
coque	f	coques
coquelet	m	coquelets
coqueleux	m	coqueleux
coquelicot	m	coquelicots
coqueluche	f	coqueluches
coquelucheux	m	coquelucheux
coquelucheuse	f	coquelucheuses
coqueret	m	coquerets
coquerico	m	coquericos
coquet	m	coquets
coquette	f	coquettes
coquetage	m	coquetages
coquetier	m	coquetiers
coquette	f	coquettes
coquetterie	f	coquetteries
coquillage	m	coquillages
coquillard	m	coquillards
coquille	f	coquilles
coquillette	f	coquillettes
coquin	m	coquins
coquine	f	coquines
coquinerie	f	coquineries
coquinisme	m	coquinismes
cor	m	cors
coraciadiforme	m	coraciadiformes
coraciiforme	m	coraciiformes
corail	m	coraeux
coralliaire	m	coralliaires
coran	m	corans
corbeau	m	corbeaux
corbeille	f	corbeilles
corbeille-d'argent	f	corbeilles-d'argent
corbillard	m	corbillards
corbillat	m	corbillats
corbières	m	corbières
cordage	m	cordages
corde	f	cordes
cordeau	m	cordeaux
cordelette	f	cordelettes
cordelier	m	cordeliers
cordelière	f	cordelières
cordelle	f	cordelles
corderie	f	corderies
cordial	m	cordiaux
cordialité	f	cordialités
cordier	m	cordiers
cordillère	f	cordillères
cordiérite	f	cordiérites
cordon	m	cordons
cordon-bleu	m	cordons-bleus
cordonnage	m	cordonnages
cordonnerie	f	cordonneries
cordonnet	m	cordonnets
cordonnier	m	cordonniers
cordonnière	f	cordonnières
cordé	m	cordés
cordée	f	cordées
coriandre	f	coriandres
coricide	m	coricides
corindon	m	corindons
cormoran	m	cormorans
cornac	m	cornacs
cornacée	f	cornacées
cornage	m	cornages
cornaline	f	cornalines
cornard	m	cornards
corne	f	cornes
corned-beef	m	corned-beefs
corneille	f	corneilles
cornemusage	m	cornemusages
cornemuse	f	cornemuses
cornemuseur	m	cornemuseurs
corner	m	corners
cornet	m	cornets
cornette	f	cornettes
corniaud	m	corniauds
corniche	f	corniches
cornichon	m	cornichons
cornière	f	cornières
cornue	f	cornues
cornée	f	cornées
corollaire	m	corollaires
corolle	f	corolles
coron	m	corons
coronaire	f	coronaires
coronarite	f	coronarites
coronaropathie	f	coronaropathies
coroner	m	coroners
corozo	m	corozos
corporal	m	corporaux
corporation	f	corporations
corporatisme	m	corporatismes
corporification	f	corporifications
corporisation	f	corporisations
corps	m	corps
corps-à-corps	m	corps-à-corps
corpulence	f	corpulences
corpus	m	corpus
corpuscule	m	corpuscules
corral	m	corrals
correcteur	m	correcteurs
correctrice	f	correctrices
correction	f	corrections
correctionnalisation	f	correctionnalisations
correspondance	f	correspondances
correspondancier	m	correspondanciers
correspondant	m	correspondants
correspondante	f	correspondantes
corrida	f	corridas
corridor	m	corridors
corrigé	m	corrigés
corroboration	f	corroborations
corrodant	m	corrodants
corrodation	f	corrodations
corrosif	m	corrosifs
corrosion	f	corrosions
corroyage	m	corroyages
corroyeur	m	corroyeurs
corrupteur	m	corrupteurs
corruptrice	f	corruptrices
corruption	f	corruptions
corrélatif	m	corrélatifs
corrélation	f	corrélations
corsage	m	corsages
corsaire	m	corsaires
corselet	m	corselets
corset	m	corsets
corsetage	m	corsetages
corseterie	f	corseteries
corsetier	m	corsetiers
corsetière	f	corsetières
cortex	m	cortex
corticale	f	corticales
corticoïde	m	corticoïdes
cortisone	f	cortisones
cortège	m	cortèges
corvette	f	corvettes
corvidé	m	corvidés
corvée	f	corvées
corymbe	m	corymbes
coryphée	m	coryphées
coryza	m	coryzas
coréen	m	coréens
coréenne	f	coréennes
cosaquerie	f	cosaqueries
cosinus	m	cosinus
cosmodrome	m	cosmodromes
cosmogonie	f	cosmogonies
cosmographie	f	cosmographies
cosmologie	f	cosmologies
cosmopolitisation	f	cosmopolitisations
cosmopolitisme	m	cosmopolitismes
cosmos	m	cosmos
cosmétique	m	cosmétiques
cosmétologie	f	cosmétologies
cossard	m	cossards
cosse	f	cosses
cossus	m	cossus
costar	m	costars
costard	m	costards
costaud	m	costauds
costeau	m	costeaux
costumation	f	costumations
costume	m	costumes
costumier	m	costumiers
costumière	f	costumières
cosy	m	cosys
cotage	m	cotages
cotangente	f	cotangentes
cotation	f	cotations
cote	f	cotes
coteau	m	coteaux
coterie	f	coteries
cothurne	m	cothurnes
cotillon	m	cotillons
cotisant	m	cotisants
cotisante	f	cotisantes
cotisation	f	cotisations
cotissure	f	cotissures
coton	m	cotons
cotonnade	f	cotonnades
cotonnier	m	cotonniers
cotonnière	f	cotonnières
cottage	m	cottages
cotylédon	m	cotylédons
cou	m	cous
cou-de-pied	m	cou-de-pieds
couac	m	couacs
couard	m	couards
couarde	f	couardes
couardise	f	couardises
couchade	f	couchades
couchage	m	couchages
couchant	m	couchants
couche	f	couches
coucher	m	couchers
coucherie	f	coucheries
couchette	f	couchettes
coucheur	m	coucheurs
coucou	m	coucous
coudage	m	coudages
coude	m	coudes
coudoiement	m	coudoiements
coudraie	f	coudraies
coudrier	m	coudriers
coudure	f	coudures
coudée	f	coudées
couenne	f	couennes
couette	f	couettes
couffin	m	couffins
coufique	m	coufiques
cougouar	m	cougouars
couguar	m	couguars
couille	f	couilles
couillon	m	couillons
couillonnade	f	couillonnades
couillonnage	m	couillonnages
couillonnerie	f	couillonneries
couinement	m	couinements
coulage	m	coulages
coulant	m	coulants
coule	f	coules
couleur	f	couleurs
couleuvre	f	couleuvres
coulis	m	coulis
coulissage	m	coulissages
coulisse	f	coulisses
coulissement	m	coulissements
coulissier	m	coulissiers
couloir	m	couloirs
coulomb	m	coulombs
coulommiers	m	coulommiers
coulpe	f	coulpes
coulure	f	coulures
coulé	m	coulés
coulée	f	coulées
country	f	countries
coup	m	coups
coupage	m	coupages
coupant	m	coupants
coupe	f	coupes
coupe-gorge	m	coupe-gorge
coupellation	f	coupellations
coupelle	f	coupelles
coupement	m	coupements
couperet	m	couperets
couperose	f	couperoses
coupeur	m	coupeurs
coupeuse	f	coupeuses
couplage	m	couplages
couplement	m	couplements
couplet	m	couplets
coupleur	m	coupleurs
couplé	m	couplés
coupole	f	coupoles
coupon	m	coupons
coupure	f	coupures
coupé	m	coupés
coupée	f	coupées
cour	f	cours
courage	m	courages
courageux	m	courageux
courageuse	f	courageuses
couraillerie	f	courailleries
courant	m	courants
courante	f	courantes
courbage	m	courbages
courbature	f	courbatures
courbe	f	courbes
courbement	m	courbements
courbette	f	courbettes
courbure	f	courbures
courcaillet	m	courcaillets
courette	f	courettes
coureur	m	coureurs
coureuse	f	coureuses
courge	f	courges
courgette	f	courgettes
courier	m	couriers
courlieu	m	courlieux
courlis	m	courlis
couronne	f	couronnes
couronnement	m	couronnements
courre	f	courres
courriel	m	courriels
courrier	m	courriers
courroie	f	courroies
courroucement	m	courroucements
courroux	m	courroux
cours	m	cours
course	f	courses
coursier	m	coursiers
coursière	f	coursières
coursive	f	coursives
court	m	courts
court-circuitage	m	court-circuitages
courtage	m	courtages
courtaud	m	courtauds
courtepointe	f	courtepointes
courtier	m	courtiers
courtière	f	courtières
courtilière	f	courtilières
courtine	f	courtines
courtisan	m	courtisans
courtisane	f	courtisanes
courtisane	f	courtisanes
courtisation	f	courtisations
courtisement	m	courtisements
courtoisie	f	courtoisies
cousage	m	cousages
couscous	m	couscous
couseur	m	couseurs
cousin	m	cousins
cousine	f	cousines
coussin	m	coussins
coussinage	m	coussinages
coussinet	m	coussinets
cousure	f	cousures
couteau	m	couteaux
coutelage	m	coutelages
coutelas	m	coutelas
coutelier	m	couteliers
coutellerie	f	coutelleries
coutil	m	coutils
coutume	f	coutumes
coutumier	m	coutumiers
couturage	m	couturages
couture	f	coutures
couturier	m	couturiers
couturière	f	couturières
couturière	f	couturières
couvage	m	couvages
couvain	m	couvains
couvaison	f	couvaisons
couvent	m	couvents
couvercle	m	couvercles
couvert	m	couverts
couverte	f	couvertes
couverture	f	couvertures
couveuse	f	couveuses
couvre-feu	m	couvre-feu
couvrement	m	couvrements
couvreur	m	couvreurs
couvrure	f	couvrures
couvée	f	couvées
covariance	f	covariances
covendeur	m	covendeurs
cow-boy	m	cow-boys
cowper	m	cowpers
coxalgie	f	coxalgies
coxarthrie	f	coxarthries
coxarthrose	f	coxarthroses
coyau	m	coyaus
coyote	m	coyotes
coéquipier	m	coéquipiers
coéquipière	f	coéquipières
coïncidence	f	coïncidences
coïnculpé	m	coïnculpés
coïnculpée	f	coïnculpées
coït	m	coïts
coût	m	coûts
crabe	m	crabes
crabot	m	crabots
crabotage	m	crabotages
crac	m	cracs
crachage	m	crachages
crachat	m	crachats
crachement	m	crachements
cracheur	m	cracheurs
cracheuse	f	cracheuses
crachin	m	crachins
crachoir	m	crachoirs
crachotement	m	crachotements
crachotis	m	crachotis
crachouillis	m	crachouillis
cracker	m	crackers
cracking	m	crackings
cracovien	m	cracoviens
cracovienne	f	cracoviennes
cracovienne	f	cracoviennes
craie	f	craies
craillement	m	craillements
crainte	f	craintes
craintif	m	craintifs
craintive	f	craintives
cramage	m	cramages
crambé	m	crambés
cramique	m	cramiques
cramoisi	m	cramoisis
cramoisissure	f	cramoisissures
crampage	m	crampages
crampe	f	crampes
crampette	f	crampettes
crampillon	m	crampillons
cramponnage	m	cramponnages
cramponnement	m	cramponnements
cramponnet	m	cramponnets
cran	m	crans
crantage	m	crantages
crapahut	m	crapahuts
crapahutage	m	crapahutages
crapaud	m	crapauds
crapaudine	f	crapaudines
crapaudière	f	crapaudières
crapette	f	crapettes
crapouillage	m	crapouillages
crapouillot	m	crapouillots
crapouillotage	m	crapouillotages
crapoussin	m	crapoussins
crapoussine	f	crapoussines
crapule	f	crapules
crapulerie	f	crapuleries
craquage	m	craquages
craquant	m	craquants
craque	f	craques
craquelage	m	craquelages
craquelis	m	craquelis
craquellement	m	craquellements
craquelure	f	craquelures
craquelé	m	craquelés
craquement	m	craquements
craquerie	f	craqueries
craquetis	m	craquetis
craquettement	m	craquettements
craqueur	m	craqueurs
craqure	f	craqures
craquèlement	m	craquèlements
craquètement	m	craquètements
craqûre	f	craqûres
crase	f	crases
crash	m	crashs
crassane	f	crassanes
crasse	f	crasses
crassement	m	crassements
crassier	m	crassiers
crassulacée	f	crassulacées
craterelle	f	craterelles
craton	m	cratons
cratère	m	cratères
cravache	f	cravaches
cravatage	m	cravatages
cravate	f	cravates
crave	m	craves
crawl	m	crawls
crawleur	m	crawleurs
crayon	m	crayons
crayonnage	m	crayonnages
crayonneur	m	crayonneurs
credo	m	credos
crescendo	m	crescendos
cresson	m	cressons
cressonnière	f	cressonnières
cretonne	f	cretonnes
creusage	m	creusages
creusement	m	creusements
creuset	m	creusets
creuseur	m	creuseurs
creux	m	creux
crevage	m	crevages
crevaison	f	crevaisons
crevasse	f	crevasses
crevassement	m	crevassements
crevette	f	crevettes
crevé	m	crevés
crevée	f	crevées
cri	m	cris
criage	m	criages
criaillement	m	criaillements
criaillerie	f	criailleries
criblage	m	criblages
crible	m	cribles
criblement	m	criblements
cric	m	crics
cricket	m	crickets
cricri	m	cricris
crierie	f	crieries
crieur	m	crieurs
crieuse	f	crieuses
crime	m	crimes
criminalisation	f	criminalisations
criminalité	f	criminalités
criminel	m	criminels
criminelle	f	criminelles
criminelle	f	criminelles
criminologie	f	criminologies
crin	m	crins
crinière	f	crinières
crinoline	f	crinolines
crinoïde	m	crinoïdes
criquage	m	criquages
crique	f	criques
criquet	m	criquets
crise	f	crises
crispation	f	crispations
crissement	m	crissements
cristal	m	cristaux
cristallerie	f	cristalleries
cristallier	m	cristalliers
cristallin	m	cristallins
cristallisation	f	cristallisations
critère	m	critères
critériologie	f	critériologies
critérium	m	critériums
criée	f	criées
croassement	m	croassements
croasserie	f	croasseries
croc	m	crocs
croche	f	croches
crochet	m	crochets
crochetage	m	crochetages
crocheteur	m	crocheteurs
crochon	m	crochons
croco	m	crocos
crocodile	m	crocodiles
crocodilien	m	crocodiliens
crocus	m	crocus
croisade	f	croisades
croisement	m	croisements
croiseur	m	croiseurs
croisillon	m	croisillons
croisière	f	croisières
croissance	f	croissances
croissant	m	croissants
croisé	m	croisés
croisée	f	croisées
croisée	f	croisées
croix	f	croix
croquade	f	croquades
croquage	m	croquages
croquant	m	croquants
croquante	f	croquantes
croquet	m	croquets
croquette	f	croquettes
croquis	m	croquis
cross	m	cross
cross-over	m	cross-overs
crossage	m	crossages
crosse	f	crosses
crossement	m	crossements
crossoptérygien	m	crossoptérygiens
crotale	m	crotales
crotte	f	crottes
crottin	m	crottins
crouillat	m	crouillats
crouille	m	crouilles
croulant	m	croulants
croulante	f	croulantes
croule	f	croules
croulement	m	croulements
croupe	f	croupes
croupier	m	croupiers
croupion	m	croupions
croupionnade	f	croupionnades
croupissement	m	croupissements
croustade	f	croustades
croustillement	m	croustillements
croustillée	f	croustillées
croustine	f	croustines
croyance	f	croyances
croyant	m	croyants
croyante	f	croyantes
croît	m	croîts
croûtage	m	croûtages
croûte	f	croûtes
croûton	m	croûtons
cru	m	crus
cruauté	f	cruautés
cruche	f	cruches
cruchon	m	cruchons
crucifiement	m	crucifiements
crucifix	m	crucifix
crucifixion	f	crucifixions
crucifié	m	crucifiés
crue	f	crues
crustacé	m	crustacés
cruzeiro	m	cruzeiros
cryoclastie	f	cryoclasties
cryoglobulinémie	f	cryoglobulinémies
cryogénie	f	cryogénies
cryopréservation	f	cryopréservations
cryptage	m	cryptages
crypte	f	cryptes
cryptobiose	f	cryptobioses
cryptogramme	m	cryptogrammes
cryptographie	f	cryptographies
cryptophyte	f	cryptophytes
crâne	m	crânes
crânerie	f	crâneries
crâneur	m	crâneurs
crâneuse	f	crâneuses
crèche	f	crèches
crève	f	crèves
créance	f	créances
créancier	m	créanciers
créancière	f	créancières
créateur	m	créateurs
créatrice	f	créatrices
créatif	m	créatifs
créative	f	créatives
créatine	f	créatines
créatinine	f	créatinines
créatininémie	f	créatininémies
création	f	créations
créativité	f	créativités
créature	f	créatures
crécelle	f	crécelles
crécerelle	f	crécerelles
crédence	f	crédences
crédibilisation	f	crédibilisations
crédibilité	f	crédibilités
crédit	m	crédits
créditation	f	créditations
créditement	m	créditements
créditeur	m	créditeurs
créditrice	f	créditrices
crédulité	f	crédulités
crémaillère	f	crémaillères
crémation	f	crémations
crématoire	m	crématoires
crématorium	m	crématoriums
crémerie	f	crémeries
crémier	m	crémiers
crémière	f	crémières
crénage	m	crénages
créneau	m	créneaux
crénelage	m	crénelages
crénelure	f	crénelures
crénerie	f	créneries
créolisation	f	créolisations
créosotage	m	créosotages
créosote	f	créosotes
crépi	m	crépis
crépin	m	crépin
crépine	f	crépines
crépissage	m	crépissages
crépitation	f	crépitations
crépitement	m	crépitements
crépon	m	crépons
crépuscule	m	crépuscules
crétacé	m	crétacés
crétin	m	crétins
crétine	f	crétines
crétinerie	f	crétineries
crétinisation	f	crétinisations
crétinisme	m	crétinismes
crétois	m	crétois
crétoise	f	crétoises
crétèlement	m	crétèlements
crêpage	m	crêpages
crêperie	f	crêperies
crête	f	crêtes
cuadro	m	cuadros
cubage	m	cubages
cubain	m	cubains
cubaine	f	cubaines
cubature	f	cubatures
cube	m	cubes
cubique	f	cubiques
cubisme	m	cubismes
cubitainer	m	cubitainers
cubitus	m	cubitus
cucurbitacée	f	cucurbitacées
cucurbitin	m	cucurbitins
cueillage	m	cueillages
cueillaison	f	cueillaisons
cueille	f	cueilles
cueillette	f	cueillettes
cueillie	f	cueillies
cuesta	f	cuestas
cuidance	f	cuidances
cuiller	f	cuillers
cuillerée	f	cuillerées
cuillère	f	cuillères
cuir	m	cuirs
cuirasse	f	cuirasses
cuirassement	m	cuirassements
cuirassier	m	cuirassiers
cuirassé	m	cuirassés
cuisage	m	cuisages
cuisinage	m	cuisinages
cuisine	f	cuisines
cuisinement	m	cuisinements
cuisinette	f	cuisinettes
cuisinier	m	cuisiniers
cuisinière	f	cuisinières
cuisinière	f	cuisinières
cuissarde	f	cuissardes
cuisse	f	cuisses
cuisseau	m	cuisseaux
cuisson	f	cuissons
cuissot	m	cuissots
cuistrerie	f	cuistreries
cuite	f	cuites
cuivrage	m	cuivrages
cuivre	m	cuivres
cuivrerie	f	cuivreries
cul	m	culs
cul-de-sac	m	cul-de-sac
culage	m	culages
culasse	f	culasses
culbutage	m	culbutages
culbutant	m	culbutants
culbute	f	culbutes
culbutement	m	culbutements
culbuteur	m	culbuteurs
culdoscopie	f	culdoscopies
culement	m	culements
culeron	m	culerons
culex	m	culex
culière	f	culières
culminance	f	culminances
culmination	f	culminations
culot	m	culots
culottage	m	culottages
culotte	f	culottes
culottier	m	culottiers
culottière	f	culottières
culpabilisation	f	culpabilisations
culpabilité	f	culpabilités
culte	m	cultes
cultisme	m	cultismes
cultivar	m	cultivars
cultivateur	m	cultivateurs
cultivatrice	f	cultivatrices
cultivation	f	cultivations
culturalisation	f	culturalisations
culturalisme	m	culturalismes
culture	f	cultures
culturisme	m	culturismes
cultéranisme	m	cultéranismes
culée	f	culées
cumin	m	cumins
cumul	m	cumuls
cumulard	m	cumulards
cumulation	f	cumulations
cumulus	m	cumulus
cunette	f	cunettes
cuniculiculture	f	cuniculicultures
cuniculture	f	cunicultures
cunnilinctus	m	cunnilinctus
cunnilingus	m	cunnilingus
cunéiforme	m	cunéiformes
cupidité	f	cupidités
cupidon	m	cupidons
cupressacée	f	cupressacées
cuprite	f	cuprites
cuproplomb	m	cuproplombs
cupule	f	cupules
cupulifère	f	cupulifères
cupuliféracée	f	cupuliféracées
curabilité	f	curabilités
curage	m	curages
curaillon	m	curaillons
curare	m	curares
curarisant	m	curarisants
curarisation	f	curarisations
curatelle	f	curatelles
curateur	m	curateurs
curatrice	f	curatrices
curatélaire	m	curatélaires
curaçao	m	curaçaos
curculionidé	m	curculionidés
curcuma	m	curcumas
cure	f	cures
cure-dent	m	cure-dent
curetage	m	curetages
cureton	m	curetons
curettage	m	curettages
curette	f	curettes
curial	m	curiaux
curiethérapie	f	curiethérapies
curieux	m	curieux
curieuse	f	curieuses
curion	m	curions
curiosité	f	curiosités
curium	m	curiums
curling	m	curlings
curriculum	m	curriculums
c.v..	m	c.v..
curry	m	currys
curseur	m	curseurs
cursive	f	cursives
cursus	m	cursus
curvimètre	m	curvimètres
curé	m	curés
curée	f	curées
cuscute	f	cuscutes
cuspide	f	cuspides
customisation	f	customisations
cuti	f	cutis
cuticule	f	cuticules
cutine	f	cutines
cutinisation	f	cutinisations
cutter	m	cutters
cuvage	m	cuvages
cuvaison	f	cuvaisons
cuve	f	cuves
cuveau	m	cuveaux
cuvelage	m	cuvelages
cuvellement	m	cuvellements
cuvette	f	cuvettes
cuvier	m	cuviers
cuvèlement	m	cuvèlements
cuvée	f	cuvées
cyan	m	cyans
cyanamide	m	cyanamides
cyanogène	m	cyanogènes
cyanophycée	f	cyanophycées
cyanose	f	cyanoses
cyanuration	f	cyanurations
cyanure	m	cyanures
cyberespace	m	cyberespaces
cybernéticien	m	cybernéticiens
cybernéticienne	f	cybernéticiennes
cybernétique	f	cybernétiques
cybernétisation	f	cybernétisations
cycas	m	cycas
cyclage	m	cyclages
cyclamen	m	cyclamens
cyclane	m	cyclanes
cycle	m	cycles
cyclisation	f	cyclisations
cyclisme	m	cyclismes
cyclomoteur	m	cyclomoteurs
cyclone	m	cyclones
cyclope	m	cyclopes
cyclorameur	m	cyclorameurs
cyclostome	m	cyclostomes
cyclothymie	f	cyclothymies
cyclotourisme	m	cyclotourismes
cyclotron	m	cyclotrons
cycloïde	f	cycloïdes
cygne	m	cygnes
cylindrage	m	cylindrages
cylindraxe	m	cylindraxes
cylindre	m	cylindres
cylindreur	m	cylindreurs
cylindreuse	f	cylindreuses
cylindrée	f	cylindrées
cymaise	f	cymaises
cymbalaire	f	cymbalaires
cymbale	f	cymbales
cymbalier	m	cymbaliers
cymbalum	m	cymbalums
cyme	f	cymes
cynipidé	m	cynipidés
cynips	m	cynips
cynisme	m	cynismes
cynocéphale	m	cynocéphales
cynodrome	m	cynodromes
cynoglosse	m	cynoglosses
cynorhodon	m	cynorhodons
cynégétique	f	cynégétiques
cyon	m	cyons
cyphose	f	cyphoses
cyprin	m	cyprins
cyprière	f	cyprières
cyprès	m	cyprès
cypéracée	f	cypéracées
cyrien	m	cyriens
cystectomie	f	cystectomies
cysticerque	m	cysticerques
cystine	f	cystines
cystite	f	cystites
cystographie	f	cystographies
cystoscope	m	cystoscopes
cystoscopie	f	cystoscopies
cystotomie	f	cystotomies
cytise	m	cytises
cytodiagnostic	m	cytodiagnostics
cytogénéticien	m	cytogénéticiens
cytogénétique	f	cytogénétiques
cytologie	f	cytologies
cytolyse	f	cytolyses
cytoplasme	m	cytoplasmes
czar	m	czars
czimbalum	m	czimbalums
câblage	m	câblages
câble	m	câbles
câbleau	m	câbleaux
câblerie	f	câbleries
câbleur	m	câbleurs
câblier	m	câbliers
câblogramme	m	câblogrammes
câblot	m	câblots
câblé	m	câblés
câlin	m	câlins
câline	f	câlines
câlinage	m	câlinages
câlinerie	f	câlineries
câprier	m	câpriers
cèdre	m	cèdres
cène	f	cènes
cèpe	m	cèpes
cécidie	f	cécidies
cécité	f	cécités
cédant	m	cédants
cédation	f	cédations
cédille	f	cédilles
cédraie	f	cédraies
cédrat	m	cédrats
cédratier	m	cédratiers
cédule	f	cédules
cédérom	m	cédéroms
céladon	m	céladons
céleri	m	céleris
célesta	m	célestas
célestin	m	célestins
célibat	m	célibats
célébrant	m	célébrants
célébration	f	célébrations
célébrité	f	célébrités
célérifère	m	célérifères
célérité	f	célérités
cément	m	céments
cémentation	f	cémentations
cénacle	m	cénacles
cénesthésie	f	cénesthésies
cénobite	m	cénobites
cénobitisme	m	cénobitismes
cénotaphe	m	cénotaphes
cénure	m	cénures
cépage	m	cépages
céphalalgie	f	céphalalgies
céphalopode	m	céphalopodes
céphalothorax	m	céphalothorax
céphalée	f	céphalées
céphéide	f	céphéides
cérambyx	m	cérambyx
cérame	m	cérames
céramique	f	céramiques
céraste	m	cérastes
cérat	m	cérats
cérithe	m	cérithes
cérium	m	cériums
cérumen	m	cérumens
céruse	f	céruses
céréale	f	céréales
céréalier	m	céréaliers
céréalière	f	céréalières
cérébralité	f	cérébralités
cérémonial	m	cérémonials
cérémonie	f	cérémonies
césalpinée	f	césalpinées
césar	m	césars
césarien	m	césariens
césarienne	f	césariennes
césarienne	f	césariennes
césarisation	f	césarisations
césarisme	m	césarismes
césium	m	césiums
césurage	m	césurages
césure	f	césures
cétacé	m	cétacés
cétane	m	cétanes
cétoine	f	cétoines
cétone	f	cétones
cétérac	m	cétéracs
côlon	m	côlons
cône	m	cônes
côte	f	côtes
côtelette	f	côtelettes
côtier	m	côtiers
côtière	f	côtières
côtoiement	m	côtoiements
côté	m	côtés
dactyle	m	dactyles
dactylographie	f	dactylographies
dactylologie	f	dactylologies
dactyloscopie	f	dactyloscopies
dada	m	dadas
dadais	m	dadais
dadaïsme	m	dadaïsmes
daghestanais	m	daghestanais
daghestanaise	f	daghestanaises
dague	f	dagues
daguerréotypage	m	daguerréotypages
daguerréotype	m	daguerréotypes
daguet	m	daguets
dahir	m	dahirs
dahlia	m	dahlias
dahoméen	m	dahoméens
dahoméenne	f	dahoméennes
daim	m	daims
daine	f	daines
dais	m	dais
dalaï-lama	m	dalaï-lama
daleau	m	daleaux
dallage	m	dallages
dalle	f	dalles
dalleur	m	dalleurs
dalmatien	m	dalmatiens
dalmatique	f	dalmatiques
dalot	m	dalots
dalton	m	daltons
daltonien	m	daltoniens
daltonienne	f	daltoniennes
daltonisme	m	daltonismes
dam	m	dams
damage	m	damages
damalisque	m	damalisques
daman	m	damans
damas	m	damas
damasquinage	m	damasquinages
damasquineur	m	damasquineurs
damassage	m	damassages
damassure	f	damassures
damassé	m	damassés
dame	f	dames
damier	m	damiers
damnation	f	damnations
damné	m	damnés
damnée	f	damnées
damoiseau	m	damoiseaux
damoiselle	f	damoiselles
dan	m	dan
danaïde	f	danaïdes
dancing	m	dancings
dandin	m	dandins
dandinement	m	dandinements
dandinette	f	dandinettes
dandy	m	dandys
dandysme	m	dandysmes
danger	m	dangers
dangerosité	f	dangerosités
danien	m	daniens
danois	m	danois
danoise	f	danoises
dansage	m	dansages
danse	f	danses
dansement	m	dansements
danserie	f	danseries
danseur	m	danseurs
danseuse	f	danseuses
dansotement	m	dansotements
dansottement	m	dansottements
daphnie	f	daphnies
daphné	m	daphnés
daraise	f	daraises
darbouka	f	darboukas
darce	f	darces
dard	m	dards
dardement	m	dardements
dari	m	daris
darie	f	daries
dariole	f	darioles
darique	f	dariques
darne	f	darnes
darse	f	darses
dartois	m	dartois
dartre	f	dartres
dartrose	f	dartroses
darwinisme	m	darwinismes
dasyure	m	dasyures
datage	m	datages
dataire	m	dataires
datation	f	datations
datcha	f	datchas
date	f	dates
daterie	f	dateries
dateur	m	dateurs
datif	m	datifs
dation	f	dations
datte	f	dattes
dattier	m	dattiers
datura	m	daturas
daube	f	daubes
daubeur	m	daubeurs
daubeuse	f	daubeuses
daubière	f	daubières
dauphin	m	dauphins
dauphine	f	dauphines
dauphinelle	f	dauphinelles
dauphinois	m	dauphinois
dauphinoise	f	dauphinoises
daurade	f	daurades
davier	m	daviers
dazibao	m	dazibaos
daïmio	m	daïmios
dea	m	dea
deadline	f	deadlines
debrouille	f	debrouilles
decauville	m	decauvilles
dedans	m	dedans
degré	m	degrés
dehors	m	dehors
delco	m	delcos
deleatur	m	deleatur
delphinidé	m	delphinidés
delphinium	m	delphiniums
delta	m	delta
delta-plane	m	delta-planes
deltacisme	m	deltacismes
deltaplane	m	deltaplanes
demande	f	demandes
demanderesse	f	demanderesses
demandeur	m	demandeurs
demandeuse	f	demandeuses
demandé	m	demandés
demeurance	f	demeurances
demeure	f	demeures
demeuré	m	demeurés
demeurée	f	demeurées
demi	m	demis
demi-bas	m	demi-bas
demi-botte	f	demi-bottes
demi-bouteille	f	demi-bouteilles
demi-brigade	f	demi-brigades
demi-cercle	m	demi-cercles
demi-clef	f	demi-clefs
demi-colonne	f	demi-colonnes
demi-deuil	m	demi-deuils
demi-dieu	m	demi-dieux
demi-douzaine	f	demi-douzaines
demi-droite	f	demi-droites
demi-finale	f	demi-finales
demi-fond	m	demi-fonds
demi-frère	m	demi-frères
demi-gros	m	demi-gros
demi-heure	f	demi-heures
demi-jour	m	demi-jours
demi-journée	f	demi-journées
demi-litre	m	demi-litres
demi-longueur	f	demi-longueurs
demi-lune	f	demi-lunes
demi-mal	m	demi-mals
demi-mesure	f	demi-mesures
demi-mondaine	f	demi-mondaines
demi-monde	m	demi-mondes
demi-mot	m	demi-mots
demi-pause	f	demi-pauses
demi-pension	f	demi-pensions
demi-place	f	demi-places
demi-plan	m	demi-plans
demi-portion	f	demi-portions
demi-produit	m	demi-produits
demi-quart	m	demi-quarts
demi-queue	f	demi-queues
demi-reliure	f	demi-reliures
demi-ronde	f	demi-rondes
demi-saison	f	demi-saisons
demi-sang	m	demi-sang
demi-sel	m	demi-sel
demi-soeur	f	demi-soeurs
demi-solde	m	demi-solde
demi-solde	f	demi-soldes
demi-sommeil	m	demi-sommeils
demi-soupir	m	demi-soupirs
demi-tarif	m	demi-tarifs
demi-teinte	f	demi-teintes
demi-tige	f	demi-tiges
demi-ton	m	demi-tons
demi-tour	m	demi-tours
demiard	m	demiards
demie	f	demies
demodex	m	demodex
demoiselle	f	demoiselles
dengue	f	dengues
denier	m	deniers
denrée	f	denrées
densification	f	densifications
densimétrie	f	densimétries
densité	f	densités
dent	f	dents
dental	m	dentaux
dentelaire	f	dentelaires
dentelle	f	dentelles
dentellerie	f	dentelleries
dentellier	m	dentelliers
dentellière	f	dentellières
dentellière	f	dentellières
dentelure	f	dentelures
denticulation	f	denticulations
denticule	m	denticules
dentier	m	dentiers
dentifrice	m	dentifrices
dentine	f	dentines
dentirostre	m	dentirostres
dentisterie	f	dentisteries
dentition	f	dentitions
denture	f	dentures
denté	m	dentés
dentée	f	dentées
derby	m	derbies
dermatite	f	dermatites
dermatologie	f	dermatologies
dermatose	f	dermatoses
derme	m	dermes
dermeste	m	dermestes
dermite	f	dermites
dermographie	f	dermographies
dernier	m	derniers
dernière	f	dernières
dernier-né	m	derniers-nés
dernière-née	f	dernières-nées
derny	m	dernys
derrick	m	derricks
derrière	m	derrières
derviche	m	derviches
descellement	m	descellements
descendage	m	descendages
descendance	f	descendances
descendant	m	descendants
descendante	f	descendantes
descenderie	f	descenderies
descendeur	m	descendeurs
descenseur	m	descenseurs
descente	f	descentes
descripteur	m	descripteurs
description	f	descriptions
design	m	designs
designer	m	designers
desman	m	desmans
desperado	m	desperados
despotat	m	despotats
despotisme	m	despotismes
desquamation	f	desquamations
dess	m	dess
dessablage	m	dessablages
dessablement	m	dessablements
dessaisissement	m	dessaisissements
dessaisonalisation	f	dessaisonalisations
dessaisonnement	m	dessaisonnements
dessalage	m	dessalages
dessalaison	f	dessalaisons
dessalement	m	dessalements
dessaoulement	m	dessaoulements
dessein	m	desseins
dessellage	m	dessellages
desserrage	m	desserrages
desserrement	m	desserrements
dessert	m	desserts
desserte	f	dessertes
dessertissage	m	dessertissages
desservant	m	desservants
dessiccatif	m	dessiccatifs
dessiccation	f	dessiccations
dessillation	f	dessillations
dessillement	m	dessillements
dessin	m	dessins
dessinateur	m	dessinateurs
dessinatrice	f	dessinatrices
dessolage	m	dessolages
dessolement	m	dessolements
dessou	m	dessous
dessouchage	m	dessouchages
dessouchement	m	dessouchements
dessoudage	m	dessoudages
dessoudure	f	dessoudures
dessous	m	dessous
dessous-de-bras	m	dessous-de-bras
dessous-de-plat	m	dessous-de-plat
dessous-de-table	m	dessous-de-table
dessuintage	m	dessuintages
dessus	m	dessus
dessus-de-lit	m	dessus-de-lit
dessus-de-plat	m	dessus-de-plat
dessus-de-porte	m	dessus-de-porte
dessèchement	m	dessèchements
desséchage	m	desséchages
desséchant	m	desséchants
desséchement	m	desséchements
destin	m	destins
destination	f	destinations
destinée	f	destinées
destitution	f	destitutions
destrier	m	destriers
destroyer	m	destroyers
destructeur	m	destructeurs
destructrice	f	destructrices
destruction	f	destructions
dette	f	dettes
deug	m	deug
deuil	m	deuils
deutschemark	m	deutschemarks
deutérium	m	deutériums
deutéron	m	deutérons
deutéronome	m	deutéronomes
deux	m	deux
deux-deux	m	deux-deux
deux-mâts	m	deux-mâts
deux-pièces	m	deux-pièces
deux-ponts	m	deux-ponts
deux-quatre	m	deux-quatre
deux-roues	m	deux-roues
deux-seize	m	deux-seize
deux-temps	m	deux-temps
deva	f	devas
devancement	m	devancements
devancier	m	devanciers
devancière	f	devancières
devant	m	devants
devanture	f	devantures
devenir	m	devenirs
devin	m	devins
devineresse	f	devineresses
devinaille	f	devinailles
devinement	m	devinements
devinette	f	devinettes
devis	m	devis
devise	f	devises
devoir	m	devoirs
devon	m	devons
dextralité	f	dextralités
dextre	f	dextres
dextrine	f	dextrines
dextrinisation	f	dextrinisations
dextrocardie	f	dextrocardies
dextropropoxyphène	m	dextropropoxyphènes
dextrose	m	dextroses
dextérité	f	dextérités
dey	m	deys
diable	m	diables
diablesse	f	diablesses
diablerie	f	diableries
diablesse	f	diablesses
diablotin	m	diablotins
diabolisation	f	diabolisations
diabolisme	m	diabolismes
diabolo	m	diabolos
diabète	m	diabètes
diachronie	f	diachronies
diachylon	m	diachylons
diachylum	m	diachylums
diacide	m	diacides
diaclase	f	diaclases
diaconale	f	diaconales
diaconat	m	diaconats
diaconesse	f	diaconesses
diacoustique	f	diacoustiques
diacre	m	diacres
diacritique	m	diacritiques
diadoque	m	diadoques
diadème	m	diadèmes
diagenèse	f	diagenèses
diagnose	f	diagnoses
diagnostic	m	diagnostics
diagnostication	f	diagnostications
diagonale	f	diagonales
diagonalisation	f	diagonalisations
diagramme	m	diagrammes
dialectalisation	f	dialectalisations
dialecte	m	dialectes
dialecticien	m	dialecticiens
dialecticienne	f	dialecticiennes
dialectique	f	dialectiques
dialectisation	f	dialectisations
dialectologie	f	dialectologies
dialoguant	m	dialoguants
dialogue	m	dialogues
dialyse	f	dialyses
dialyseur	m	dialyseurs
dialysé	m	dialysés
diamagnétisme	m	diamagnétismes
diamant	m	diamants
diamantage	m	diamantages
diamantaire	m	diamantaires
diamantin	m	diamantins
diamantine	f	diamantines
diamide	m	diamides
diamidophénol	m	diamidophénols
diamine	f	diamines
diamètre	m	diamètres
diane	f	dianes
dianétique	f	dianétiques
diapason	m	diapasons
diapause	f	diapauses
diaphanisation	f	diaphanisations
diaphanoscopie	f	diaphanoscopies
diaphanéité	f	diaphanéités
diaphonie	f	diaphonies
diaphorèse	f	diaphorèses
diaphorétique	m	diaphorétiques
diaphragmation	f	diaphragmations
diaphragme	m	diaphragmes
diaphyse	f	diaphyses
diapir	m	diapirs
diapo	f	diapos
diaporama	m	diaporamas
diapositive	f	diapositives
diaprure	f	diaprures
diapédèse	f	diapédèses
diarrhée	f	diarrhées
diarthrose	f	diarthroses
diascope	m	diascopes
diascopie	f	diascopies
diaspora	f	diasporas
diastase	f	diastases
diastole	f	diastoles
diatomite	f	diatomites
diatomée	f	diatomées
diatonisme	m	diatonismes
diatribe	f	diatribes
diaule	f	diaules
diazocopie	f	diazocopies
diazoïque	m	diazoïques
diazépam	m	diazépams
dicarbonylé	m	dicarbonylés
dicaryon	m	dicaryons
dicastère	m	dicastères
dicentra	f	dicentras
dichotomie	f	dichotomies
dichotomisation	f	dichotomisations
dichroïsme	m	dichroïsmes
dico	m	dicos
dicotylédone	f	dicotylédones
dictame	m	dictames
dictaphone	m	dictaphones
dictateur	m	dictateurs
dictature	f	dictatures
diction	f	dictions
dictionnaire	m	dictionnaires
dicton	m	dictons
dictée	f	dictées
dicétone	f	dicétones
didacticiel	m	didacticiels
didactisation	f	didactisations
didactisme	m	didactismes
didascalie	f	didascalies
diduction	f	diductions
didyme	m	didymes
diencéphale	m	diencéphales
dieppois	m	dieppois
dieppoise	f	dieppoises
diergol	m	diergols
diesel	m	diesels
diester	m	diesters
dieu	m	dieux
diffa	f	diffas
diffamateur	m	diffamateurs
diffamatrice	f	diffamatrices
diffamation	f	diffamations
difficulté	f	difficultés
diffluence	f	diffluences
difformation	f	difformations
difformité	f	difformités
diffraction	f	diffractions
diffuseur	m	diffuseurs
diffusibilité	f	diffusibilités
diffusion	f	diffusions
diffusionnisme	m	diffusionnismes
différence	f	différences
différenciation	f	différenciations
différend	m	différends
différent	m	différents
différentiateur	m	différentiateurs
différentiation	f	différentiations
différentiel	m	différentiel
différentielle	f	différentielles
différé	m	différés
digamma	m	digammas
digastrique	m	digastriques
digest	m	digests
digeste	m	digestes
digesteur	m	digesteurs
digestibilité	f	digestibilités
digestif	m	digestifs
digestion	f	digestions
digit	m	digits
digitale	f	digitales
digitaline	f	digitalines
digitalisation	f	digitalisations
digitation	f	digitations
digitoplastie	f	digitoplasties
diglossie	f	diglossies
dignification	f	dignifications
dignité	f	dignités
digon	m	digons
digramme	m	digrammes
digraphie	f	digraphies
digression	f	digressions
digue	f	digues
dihydroxyphénylalanine	f	dihydroxyphénylalanines
dijonnais	m	dijonnais
dijonnaise	f	dijonnaises
diktat	m	diktats
dilacération	f	dilacérations
dilapidateur	m	dilapidateurs
dilapidatrice	f	dilapidatrices
dilapidation	f	dilapidations
dilatabilité	f	dilatabilités
dilatant	m	dilatants
dilatateur	m	dilatateurs
dilatation	f	dilatations
dilatement	m	dilatements
dilation	f	dilations
dilatomètre	m	dilatomètres
dilection	f	dilections
dilemme	m	dilemmes
dilettantisme	m	dilettantismes
diligence	f	diligences
diligentement	m	diligentements
diluant	m	diluants
dilueur	m	dilueurs
dilution	f	dilutions
diluvium	m	diluviums
dimanche	m	dimanches
dimension	f	dimensions
dimensionnage	m	dimensionnages
dimensionnalité	f	dimensionnalités
dimensionnement	m	dimensionnements
diminuendo	m	diminuendos
diminutif	m	diminutifs
diminution	f	diminutions
dimissoire	m	dimissoires
dimorphisme	m	dimorphismes
dimère	m	dimères
dinanderie	f	dinanderies
dinandier	m	dinandiers
dinar	m	dinars
dinde	f	dindes
dindon	m	dindons
dindonneau	m	dindonneaux
dindonnement	m	dindonnements
dindonnier	m	dindonniers
dindonnière	f	dindonnières
dinghie	m	dinghies
dinghy	m	dinghys
dinguerie	f	dingueries
dinornis	m	dinornis
dinosaure	m	dinosaures
dinosaurien	m	dinosauriens
dinothérium	m	dinothériums
diocèse	m	diocèses
diocésain	m	diocésains
diocésaine	f	diocésaines
diode	f	diodes
dioléfine	f	dioléfines
dionysie	f	dionysies
dionée	f	dionées
dioptre	m	dioptres
dioptrie	f	dioptries
dioptrique	f	dioptriques
diorama	m	dioramas
diorite	f	diorites
dioscoréacée	f	dioscoréacées
dioxine	f	dioxines
dioxyde	m	dioxydes
dioxygène	m	dioxygènes
dioïque	m	dioïques
diphtongaison	f	diphtongaisons
diphtongue	f	diphtongues
diphtérie	f	diphtéries
diphénol	m	diphénols
diplocoque	m	diplocoques
diplodocus	m	diplodocus
diplomatie	f	diplomaties
diplopie	f	diplopies
diplégie	f	diplégies
diplôme	m	diplômes
diplômé	m	diplômés
diplômée	f	diplômées
dipneuste	m	dipneustes
dipode	m	dipodes
dipsacacée	f	dipsacacées
dipsacée	f	dipsacées
dipsomanie	f	dipsomanies
diptyque	m	diptyques
diptère	m	diptères
dipôle	m	dipôles
dire	m	dires
direct	m	directs
directeur	m	directeurs
directrice	f	directrices
direction	f	directions
directive	f	directives
directivisme	m	directivismes
directivité	f	directivités
directoire	m	directoires
directorat	m	directorats
directrice	f	directrices
diremption	f	diremptions
dirham	m	dirhams
dirhem	m	dirhems
dirigeable	m	dirigeables
dirigeant	m	dirigeants
dirigeante	f	dirigeantes
dirigisme	m	dirigismes
disaccharide	m	disaccharides
disamare	f	disamares
discale	f	discales
discarthrose	f	discarthroses
discernant	m	discernants
discernement	m	discernements
disciplinaire	m	disciplinaires
disciplinant	m	disciplinants
discipline	f	disciplines
disciplinement	m	disciplinements
disco	f	discos
discographie	f	discographies
discomycète	m	discomycètes
discontacteur	m	discontacteurs
discontinu	m	discontinus
discontinuation	f	discontinuations
discontinuité	f	discontinuités
disconvenance	f	disconvenances
discopathie	f	discopathies
discophilie	f	discophilies
discordance	f	discordances
discordant	m	discordants
discordante	f	discordantes
discorde	f	discordes
discothèque	f	discothèques
discount	m	discounts
discoureur	m	discoureurs
discoureuse	f	discoureuses
discours	m	discours
discourtoisie	f	discourtoisies
discriminance	f	discriminances
discriminant	m	discriminants
discrimination	f	discriminations
discrédit	m	discrédits
discréditation	f	discréditations
discrétion	f	discrétions
discrétoire	m	discrétoires
disculpation	f	disculpations
discussion	f	discussions
discutaillerie	f	discutailleries
discuteur	m	discuteurs
discuteuse	f	discuteuses
disette	f	disettes
disetteux	m	disetteux
disetteuse	f	disetteuses
diseur	m	diseurs
diseuse	f	diseuses
disgrace	f	disgraces
disgrâce	f	disgrâces
disharmonie	f	disharmonies
disjoint	m	disjoints
disjointure	f	disjointures
disjonctage	m	disjonctages
disjoncteur	m	disjoncteurs
disjonctif	m	disjonctifs
disjonction	f	disjonctions
disjonctive	f	disjonctives
dislocation	f	dislocations
disloquement	m	disloquements
disparation	f	disparations
disparition	f	disparitions
disparité	f	disparités
disparu	m	disparus
disparue	f	disparues
dispatcher	m	dispatchers
dispatching	m	dispatchings
dispensaire	m	dispensaires
dispensateur	m	dispensateurs
dispensatrice	f	dispensatrices
dispensation	f	dispensations
dispense	f	dispenses
dispensé	m	dispensés
dispensée	f	dispensées
dispersal	m	dispersals
dispersant	m	dispersants
dispersement	m	dispersements
dispersion	f	dispersions
disponibilité	f	disponibilités
disposant	m	disposants
disposante	f	disposantes
dispositif	m	dispositifs
disposition	f	dispositions
disproportion	f	disproportions
disproportionnement	m	disproportionnements
disputaillerie	f	disputailleries
disputation	f	disputations
dispute	f	disputes
disqualification	f	disqualifications
disqualité	f	disqualités
disque	m	disques
disquette	f	disquettes
dissecteur	m	dissecteurs
dissection	f	dissections
dissemblance	f	dissemblances
dissension	f	dissensions
dissensus	m	dissensus
dissentiment	m	dissentiments
dissertation	f	dissert
dissidence	f	dissidences
dissident	m	dissidents
dissidente	f	dissidentes
dissimilation	f	dissimilations
dissimilitude	f	dissimilitudes
dissimulateur	m	dissimulateurs
dissimulatrice	f	dissimulatrices
dissimulation	f	dissimulations
dissimulé	m	dissimulés
dissimulée	f	dissimulées
dissipation	f	dissipations
dissociation	f	dissociations
dissolubilité	f	dissolubilités
dissolution	f	dissolutions
dissolvant	m	dissolvants
dissonance	f	dissonances
dissonnance	f	dissonnances
dissuasion	f	dissuasions
dissyllabe	m	dissyllabes
dissymétrie	f	dissymétries
dissécation	f	dissécations
dissémination	f	disséminations
disséminement	m	disséminements
disséquement	m	disséquements
disséqueur	m	disséqueurs
distance	f	distances
distancement	m	distancements
distanciation	f	distanciations
distanciement	m	distanciements
distançage	m	distançages
distension	f	distensions
disthène	m	disthènes
distil	m	distils
distillat	m	distillats
distillateur	m	distillateurs
distillation	f	distillations
distillement	m	distillements
distillerie	f	distilleries
distinction	f	distinctions
distinguo	m	distinguos
distique	m	distiques
distorsion	f	distorsions
distraction	f	distractions
distractivité	f	distractivités
distrait	m	distraits
distraite	f	distraites
distributeur	m	distributeurs
distributrice	f	distributrices
distribution	f	distributions
distributivité	f	distributivités
district	m	districts
disulfirame	m	disulfirames
dit	m	dits
dithyrambe	m	dithyrambes
diurnal	m	diurnaux
diurèse	f	diurèses
diurétique	m	diurétiques
diva	f	diva
divagation	f	divagations
divan	m	divans
divergence	f	divergences
divergent	m	divergents
diversification	f	diversifications
diversion	f	diversions
diversité	f	diversités
diverticule	m	diverticules
divertimento	m	divertimentos
divertissement	m	divertissements
divette	f	divettes
dividende	m	dividendes
divin	m	divins
divinateur	m	divinateurs
divinatrice	f	divinatrices
divination	f	divinations
divinisation	f	divinisations
divinité	f	divinités
divis	m	divis
divisage	m	divisages
divisement	m	divisements
diviseur	m	diviseurs
divisibilité	f	divisibilités
division	f	divisions
divisionnisme	m	divisionnismes
divorce	m	divorces
divorcé	m	divorcés
divorcée	f	divorcées
divorçant	m	divorçants
divulgateur	m	divulgateurs
divulgatrice	f	divulgatrices
divulgation	f	divulgations
dix	m	dix
dix-cors	m	dix-cors
dizain	m	dizains
dizaine	f	dizaines
dizygote	m	dizygotes
diène	m	diènes
dièse	m	dièses
diète	f	diètes
diélectrique	m	diélectriques
diérèse	f	diérèses
diéselisation	f	diéselisations
diésélification	f	diésélifications
diésélisation	f	diésélisations
diététicien	m	diététiciens
diététicienne	f	diététiciennes
diététique	f	diététiques
djaïn	m	djaïns
djaïnisme	m	djaïnismes
djellaba	f	djellabas
djiboutien	m	djiboutiens
djiboutienne	f	djiboutiennes
djihad	m	djihads
djinn	m	djinns
do	m	do
doberman	m	dobermans
dobutamine	f	dobutamines
docilisation	f	docilisations
docilité	f	docilités
docimasie	f	docimasies
docimologie	f	docimologies
dock	m	docks
docker	m	dockers
docteur	m	docteurs
doctoresse	f	doctoresses
doctorant	m	doctorants
doctorante	f	doctorantes
doctorat	m	doctorats
doctrine	f	doctrines
document	m	documents
documentaire	m	documentaires
documentation	f	documentations
dodelinage	m	dodelinages
dodelinement	m	dodelinements
dodinage	m	dodinages
dodine	f	dodines
dodinement	m	dodinements
dodo	m	dodos
dodécagone	m	dodécagones
dodécaphonisme	m	dodécaphonismes
dog	m	dogs
dogaresse	f	dogaresses
doge	m	doges
dogger	m	doggers
dogmatisation	f	dogmatisations
dogmatiseur	m	dogmatiseurs
dogmatisme	m	dogmatismes
dogme	m	dogmes
dogue	m	dogues
doigt	m	doigts
doigtier	m	doigtiers
doigté	m	doigtés
doit	m	doits
dojo	m	dojos
dol	m	dols
dolage	m	dolages
doleau	m	doleaux
dolic	m	dolics
dolichocôlon	m	dolichocôlons
doline	f	dolines
dolique	m	doliques
dollar	m	$
dollarisation	f	dollarisations
dolman	m	dolmans
dolmen	m	dolmens
doloire	f	doloires
dolomie	f	dolomies
dolomite	f	dolomites
dolorisme	m	dolorismes
doléance	f	doléances
dom	m	doms
domaine	m	domaines
domanialisation	f	domanialisations
domanialité	f	domanialités
domestication	f	domestications
domesticité	f	domesticités
domicile	m	domiciles
domiciliation	f	domiciliations
domification	f	domifications
dominance	f	dominances
dominante	f	dominantes
dominateur	m	dominateurs
dominatrice	f	dominatrices
domination	f	dominations
dominicain	m	dominicains
dominicaine	f	dominicaines
dominion	m	dominions
domino	m	dominos
dominoterie	f	dominoteries
dominotier	m	dominotiers
domisme	m	domismes
dommage	m	dommages
domptage	m	domptages
dompteur	m	dompteurs
dompteuse	f	dompteuses
don	m	dons
don-juanisme	m	don-juanismes
don-quichottisme	m	don-quichottismes
donacie	f	donacies
donateur	m	donateurs
donatrice	f	donatrices
donation	f	donations
donatisme	m	donatismes
donax	m	donax
dondaine	f	dondaines
dondon	f	dondons
dong	m	dongs
donjon	m	donjons
donjuanisme	m	donjuanismes
donnant-donnant	m	donnant-donnant
donne	f	donnes
donneur	m	donneurs
donneuse	f	donneuses
donné	m	donnés
donnée	f	données
donquichottisme	m	donquichottismes
donzelle	f	donzelles
dopa	f	dopas
dopage	m	dopages
dopamine	f	dopamines
dopant	m	dopants
dopathérapie	f	dopathérapies
dope	m	dopes
doping	m	dopings
dorade	f	dorades
dorage	m	dorages
doreur	m	doreurs
doreuse	f	doreuses
dorien	m	doriens
dorienne	f	doriennes
dorlotage	m	dorlotages
dorlotement	m	dorlotements
dormance	f	dormances
dormant	m	dormants
dormeur	m	dormeurs
dormeuse	f	dormeuses
dormeuse	f	dormeuses
dormition	f	dormitions
dorsal	m	dorsals
dorsale	f	dorsales
dorsalgie	f	dorsalgies
dortoir	m	dortoirs
dorure	f	dorures
doryphore	m	doryphores
doré	m	dorés
dorée	f	dorées
dos	m	dos
dos-d'âne	m	dos-d'âne
dosage	m	dosages
dose	f	doses
dosimètre	m	dosimètres
dossard	m	dossards
dosse	f	dosses
dosseret	m	dosserets
dossier	m	dossiers
dossière	f	dossières
dostoïevskien	m	dostoïevskiens
dostoïevskienne	f	dostoïevskiennes
dot	f	dots
dotalité	f	dotalités
dotation	f	dotations
douaire	m	douaires
douairière	f	douairières
douane	f	douanes
douanier	m	douaniers
douanière	f	douanières
douar	m	douars
doublage	m	doublages
double	m	doubles
double-crème	m	double-crème
double-crème	f	doubles-crèmes
doublement	m	doublements
doublet	m	doublets
doublette	f	doublettes
doubleur	m	doubleurs
doublier	m	doubliers
doublon	m	doublons
doublure	f	doublures
doublé	m	doublés
douce	f	douces
douce-amère	f	douces-amères
doucereux	m	doucereux
doucereuse	f	doucereuses
doucette	f	doucettes
douceur	f	douceurs
douchage	m	douchages
douche	f	douches
doucheur	m	doucheurs
douci	m	doucis
doucin	m	doucins
doucine	f	doucines
doucissage	m	doucissages
doudou	f	doudous
doudoune	f	doudounes
douelle	f	douelles
douglas	m	douglas
douille	f	douilles
douillet	m	douillets
douillette	f	douillettes
douilletterie	f	douilletteries
douleur	f	douleurs
douloureuse	f	douloureuses
doum	m	doums
douma	f	doumas
dourine	f	dourines
douro	m	douros
doute	m	doutes
douteur	m	douteurs
douteuse	f	douteuses
douvain	m	douvains
douve	f	douves
douvelle	f	douvelles
douzain	m	douzains
douzaine	f	douzaines
douze	m	douze
down	m	downs
download	m	downloads
doxa	f	doxas
doxologie	f	doxologies
doyen	m	doyens
doyenne	f	doyennes
doyenneté	f	doyennetés
drachme	f	drachmes
dracéna	m	dracénas
draft	m	drafts
drag	m	drags
dragage	m	dragages
drageoir	m	drageoirs
drageon	m	drageons
drageonnage	m	drageonnages
drageonnement	m	drageonnements
dragline	f	draglines
dragon	m	dragons
dragonnade	f	dragonnades
dragonne	f	dragonnes
dragonnier	m	dragonniers
dragster	m	dragsters
draguage	m	draguages
drague	f	dragues
dragueur	m	dragueurs
dragueuse	f	dragueuses
dragueuse	f	dragueuses
dragée	f	dragées
dragéification	f	dragéifications
draille	f	drailles
drain	m	drains
drainage	m	drainages
drainance	f	drainances
draine	f	draines
draisienne	f	draisiennes
draisine	f	draisines
drakkar	m	drakkars
dralon	m	dralons
dramatique	f	dramatiques
dramatisation	f	dramatisations
dramaturgie	f	dramaturgies
drame	m	drames
drap	m	draps
drap-housse	m	draps-housses
drapage	m	drapages
drapeau	m	drapeaux
drapement	m	drapements
draperie	f	draperies
drapier	m	drapiers
drapière	f	drapières
drapé	m	drapés
drastique	m	drastiques
drave	f	draves
draveur	m	draveurs
dravidien	m	dravidiens
dravidienne	f	dravidiennes
drawback	m	drawbacks
drayage	m	drayages
drayoir	m	drayoirs
drayoire	f	drayoires
dreadnought	m	dreadnoughts
drelin	m	drelins
drenne	f	drennes
dressage	m	dressages
dressant	m	dressants
dresse	f	dresses
dressement	m	dressements
dresseur	m	dresseurs
dresseuse	f	dresseuses
dresseuse	f	dresseuses
dressing-room	m	dressing-rooms
dressoir	m	dressoirs
dreyfusard	m	dreyfusards
dreyfusarde	f	dreyfusardes
dribble	m	dribbles
dribbleur	m	dribbleurs
dribbling	m	dribblings
drill	m	drills
dring	m	drings
drink	m	drinks
drisse	f	drisses
drive	m	drives
drive-in	m	drive-in
driver	m	drivers
drogage	m	drogages
drogman	m	drogmans
drogue	f	drogues
droguerie	f	drogueries
droguet	m	droguets
drogué	m	drogués
droguée	f	droguées
droit	m	droits
droit-fil	m	droits-fils
droite	f	droites
droitier	m	droitiers
droitière	f	droitières
droiture	f	droitures
dromadaire	m	dromadaires
dromon	m	dromons
dronte	m	drontes
drop	m	drops
dropage	m	dropages
droppage	m	droppages
drosera	m	droseras
drosophile	f	drosophiles
drossage	m	drossages
drosse	f	drosses
drug-store	m	drug-stores
drugstore	m	drugstores
druide	m	druides
druidisme	m	druidismes
drumlin	m	drumlins
drummer	m	drummers
drupe	f	drupes
dry	m	dry
dryade	f	dryades
drège	f	drèges
drôlesse	f	drôlesses
drôlerie	f	drôleries
drôlesse	f	drôlesses
dualisation	f	dualisations
dualisme	m	dualismes
dualité	f	dualités
dubitation	f	dubitations
duc	m	ducs
duchesse	f	duchesses
ducale	f	ducales
ducasse	f	ducasses
ducat	m	ducats
duce	m	duces
duchesse	f	duchesses
duché	m	duchés
ducroire	m	ducroires
ductilisation	f	ductilisations
ductilité	f	ductilités
duel	m	duels
duetto	m	duettos
duffel-coat	m	duffel-coats
duffle-coat	m	duffle-coats
dugong	m	dugongs
duit	m	duits
duite	f	duites
dulcification	f	dulcifications
dulcinée	f	dulcinées
dulcite	f	dulcites
dulie	f	dulies
dumping	m	dumpings
dundee	m	dundees
dune	f	dunes
dunette	f	dunettes
duo	m	duos
duodi	m	duodis
duodénite	f	duodénites
duodénoscopie	f	duodénoscopies
duodénum	m	duodénums
duopole	m	duopoles
dupe	f	dupes
duperie	f	duperies
dupeur	m	dupeurs
dupeuse	f	dupeuses
duplex	m	duplex
duplicata	m	duplicata
duplicatage	m	duplicatages
duplicateur	m	duplicateurs
duplication	f	duplications
duplicature	f	duplicatures
duplicité	f	duplicités
duplique	f	dupliques
dur	m	durs
dure	f	dures
durabilité	f	durabilités
duralumin	m	duralumins
duramen	m	duramens
duratif	m	duratifs
durcissage	m	durcissages
durcissement	m	durcissements
durcisseur	m	durcisseurs
durcisseuse	f	durcisseuses
dure	f	dures
dureté	f	duretés
durillon	m	durillons
durit	f	durits
durée	f	durées
duumvir	m	duumvirs
duumvirat	m	duumvirats
duvaliérisme	m	duvaliérismes
duvet	m	duvets
duvetage	m	duvetages
duègne	f	duègnes
dvd	m	dvd
dvd-dl	m	dvd-dl
dvd-r	m	dvd+r
dvd-rw	m	dvd+rw
dyade	f	dyades
dynamique	f	dynamiques
dynamisation	f	dynamisations
dynamisme	m	dynamismes
dynamitage	m	dynamitages
dynamite	f	dynamites
dynamiteur	m	dynamiteurs
dynamiteuse	f	dynamiteuses
dynamo	f	dynamos
dynamographe	m	dynamographes
dynamomètre	m	dynamomètres
dynaste	m	dynastes
dynastie	f	dynasties
dyne	f	dynes
dysarthrie	f	dysarthries
dyscalculie	f	dyscalculies
dyschromie	f	dyschromies
dyscrasie	f	dyscrasies
dysenterie	f	dysenteries
dysfonctionnement	m	dysfonctionnements
dysgraphie	f	dysgraphies
dyshidrose	f	dyshidroses
dysidrose	f	dysidroses
dyskinésie	f	dyskinésies
dyslalie	f	dyslalies
dyslexie	f	dyslexies
dysménorrhée	f	dysménorrhées
dysorthographie	f	dysorthographies
dyspepsie	f	dyspepsies
dyspeptique	m	dyspeptiques
dysphasie	f	dysphasies
dysphonie	f	dysphonies
dysphorie	f	dysphories
dysplasie	f	dysplasies
dyspnée	f	dyspnées
dyspraxie	f	dyspraxies
dysprosium	m	dysprosiums
dystasie	f	dystasies
dystocie	f	dystocies
dystomie	f	dystomies
dystonie	f	dystonies
dystrophie	f	dystrophies
dysurie	f	dysuries
dysérythropoïèse	f	dysérythropoïèses
dytique	m	dytiques
dzêta	m	dzêta
dèche	f	dèches
dé	m	dés
déambulage	m	déambulages
déambulation	f	déambulations
déambulatoire	m	déambulatoires
déambulement	m	déambulements
débaguage	m	débaguages
déballage	m	déballages
déballastage	m	déballastages
déballement	m	déballements
déballonnage	m	déballonnages
débandade	f	débandades
débandage	m	débandages
débandement	m	débandements
débaptisation	f	débaptisations
débarbouillage	m	débarbouillages
débarbouillement	m	débarbouillements
débarbouillette	f	débarbouillettes
débarcadère	m	débarcadères
débardage	m	débardages
débardeur	m	débardeurs
débarquage	m	débarquages
débarquement	m	débarquements
débarqué	m	débarqués
débarrage	m	débarrages
débarras	m	débarras
débarrassage	m	débarrassages
débat	m	débats
débattement	m	débattements
débatteur	m	débatteurs
débauchage	m	débauchages
débauche	f	débauches
débauché	m	débauchés
débauchée	f	débauchées
débecquetage	m	débecquetages
débellation	f	débellations
débenzolage	m	débenzolages
débequetage	m	débequetages
débet	m	débets
débilisation	f	débilisations
débilité	f	débilités
débillardage	m	débillardages
débillardement	m	débillardements
débinage	m	débinages
débineur	m	débineurs
débineuse	f	débineuses
débit	m	débits
débitage	m	débitages
débitance	f	débitances
débitant	m	débitants
débitante	f	débitantes
débiteur	m	débiteurs
débitrice	f	débitrices
débitmètre	m	débitmètres
déblai	m	déblais
déblaiement	m	déblaiements
déblatération	f	déblatérations
déblayage	m	déblayages
déblayement	m	déblayements
déblocage	m	déblocages
débloquage	m	débloquages
débloquement	m	débloquements
débloquée	f	débloquées
débobinage	m	débobinages
déboire	m	déboires
déboisage	m	déboisages
déboisement	m	déboisements
débondade	f	débondades
débondage	m	débondages
débondement	m	débondements
débonnaireté	f	débonnairetés
débord	m	débords
débordage	m	débordages
débordement	m	débordements
débosselage	m	débosselages
débotter	m	débotters
débotté	m	débottés
débouchage	m	débouchages
débouchement	m	débouchements
déboucheur	m	déboucheurs
débouchoir	m	débouchoirs
débouché	m	débouchés
débouclage	m	débouclages
débouclement	m	débouclements
débouillage	m	débouillages
débouilli	m	débouillis
débouillissage	m	débouillissages
déboulement	m	déboulements
déboulonnade	f	déboulonnades
déboulonnage	m	déboulonnages
déboulonnement	m	déboulonnements
déboulé	m	déboulés
débouquement	m	débouquements
débourbage	m	débourbages
débourbeur	m	débourbeurs
débourrage	m	débourrages
débourrement	m	débourrements
débours	m	débours
déboursement	m	déboursements
déboussolage	m	déboussolages
déboussolement	m	déboussolements
déboutement	m	déboutements
déboutonnage	m	déboutonnages
déboutonnement	m	déboutonnements
débouté	m	déboutés
déboîtage	m	déboîtages
déboîtement	m	déboîtements
débraillage	m	débraillages
débraillement	m	débraillements
débraillé	m	débraillés
débraisage	m	débraisages
débranchage	m	débranchages
débranchement	m	débranchements
débrayage	m	débrayages
débridage	m	débridages
débridement	m	débridements
débris	m	débris
débrochage	m	débrochages
débrouillage	m	débrouillages
débrouillamini	m	débrouillaminis
débrouillard	m	débrouillards
débrouillarde	f	débrouillardes
débrouillardise	f	débrouillardises
débrouille	f	débrouilles
débrouillement	m	débrouillements
débroussage	m	débroussages
débroussaillage	m	débroussaillages
débroussaillant	m	débroussaillants
débroussaillement	m	débroussaillements
débroussement	m	débroussements
débrutissement	m	débrutissements
débucher	m	débuchers
débuché	m	débuchés
débudgétisation	f	débudgétisations
débuggeur	m	débuggeurs
débuggeuse	f	débuggeuses
débuscage	m	débuscages
débusquage	m	débusquages
débusquement	m	débusquements
début	m	débuts
débutant	m	débutants
débutante	f	débutantes
débutante	f	débutantes
débâchage	m	débâchages
débâchement	m	débâchements
débâclage	m	débâclages
débâcle	f	débâcles
débâclement	m	débâclements
débâtage	m	débâtages
débéquillage	m	débéquillages
déca	m	décas
décabossage	m	décabossages
décachetage	m	décachetages
décachettement	m	décachettements
décachètement	m	décachètements
décade	f	décades
décadence	f	décadences
décadent	m	décadents
décadente	f	décadentes
décadi	m	décadis
décadrage	m	décadrages
décadrement	m	décadrements
décaféination	f	décaféinations
décaféiné	m	décaféinés
décagement	m	décagements
décagone	m	décagones
décagramme	m	décagrammes
décaissage	m	décaissages
décaissement	m	décaissements
décalage	m	décalages
décalaminage	m	décalaminages
décalcage	m	décalcages
décalcification	f	décalcifications
décalcomanie	f	décalcomanies
décalement	m	décalements
décalitre	m	décalitres
décalogue	m	décalogues
décalotage	m	décalotages
décalottage	m	décalottages
décalquage	m	décalquages
décalque	m	décalques
décalvante	f	décalvantes
décalâbrage	m	décalâbrages
décampement	m	décampements
décamètre	m	décamètres
décan	m	décans
décanat	m	décanats
décanillage	m	décanillages
décantage	m	décantages
décantation	f	décantations
décantement	m	décantements
décanteur	m	décanteurs
décantonnement	m	décantonnements
décapage	m	décapages
décapant	m	décapants
décapelage	m	décapelages
décapement	m	décapements
décapeur	m	décapeurs
décapeuse	f	décapeuses
décapeuse	f	décapeuses
décapitalisation	f	décapitalisations
décapitation	f	décapitations
décapité	m	décapités
décapitée	f	décapitées
décapotable	f	décapotables
décapotage	m	décapotages
décapsulage	m	décapsulages
décapsulation	f	décapsulations
décapsuleur	m	décapsuleurs
décarbonatation	f	décarbonatations
décarbonation	f	décarbonations
décarbonisation	f	décarbonisations
décarboxylation	f	décarboxylations
décarburant	m	décarburants
décarburation	f	décarburations
décarcassement	m	décarcassements
décarrade	f	décarrades
décarrage	m	décarrages
décarrelage	m	décarrelages
décarrement	m	décarrements
décartellisation	f	décartellisations
décartonnage	m	décartonnages
décasage	m	décasages
décasement	m	décasements
décasyllabe	m	décasyllabes
décathlon	m	décathlons
décathlonien	m	décathloniens
décatholicisation	f	décatholicisations
décatissage	m	décatissages
décavage	m	décavages
décavaillonnage	m	décavaillonnages
décavé	m	décavés
décavée	f	décavées
décaèdre	m	décaèdres
décelage	m	décelages
décembre	m	décembres
décemvir	m	décemvirs
décemvirat	m	décemvirats
décence	f	décences
décennie	f	décennies
décentrage	m	décentrages
décentralisateur	m	décentralisateurs
décentralisatrice	f	décentralisatrices
décentralisation	f	décentralisations
décentration	f	décentrations
décentrement	m	décentrements
déception	f	déceptions
décerclage	m	décerclages
décernement	m	décernements
décervelage	m	décervelages
décervellement	m	décervellements
déchantement	m	déchantements
décharge	f	décharges
déchargement	m	déchargements
déchargeoir	m	déchargeoirs
déchassement	m	déchassements
déchaulage	m	déchaulages
déchaumage	m	déchaumages
déchaumeuse	f	déchaumeuses
déchaussage	m	déchaussages
déchaussement	m	déchaussements
déchaînement	m	déchaînements
déchet	m	déchets
déchetterie	f	déchetteries
déchiffrage	m	déchiffrages
déchiffrement	m	déchiffrements
déchiffreur	m	déchiffreurs
déchiffreuse	f	déchiffreuses
déchiquetage	m	déchiquetages
déchiqueteur	m	déchiqueteurs
déchiqueture	f	déchiquetures
déchiquètement	m	déchiquètements
déchirage	m	déchirages
déchirement	m	déchirements
déchirure	f	déchirures
déchloruration	f	déchlorurations
déchoukage	m	déchoukages
déchristianisation	f	déchristianisations
déchronologie	f	déchronologies
déchéance	f	déchéances
déci	m	décis
décibel	m	décibels
décidabilité	f	décidabilités
décideur	m	décideurs
décideuse	f	décideuses
déciduale	f	déciduales
décigrade	m	décigrades
décigramme	m	décigrammes
décilage	m	décilages
décile	m	déciles
décilitre	m	décilitres
décimale	f	décimales
décimalisation	f	décimalisations
décimalité	f	décimalités
décimateur	m	décimateurs
décimation	f	décimations
décimètre	m	décimètres
décintrage	m	décintrages
décintrement	m	décintrements
décision	f	décisions
décivilisation	f	décivilisations
déclamateur	m	déclamateurs
déclamation	f	déclamations
déclanchement	m	déclanchements
déclarant	m	déclarants
déclaration	f	déclarations
déclassage	m	déclassages
déclassement	m	déclassements
déclassification	f	déclassifications
déclassé	m	déclassés
déclassée	f	déclassées
déclavetage	m	déclavetages
déclenche	f	déclenches
déclenchement	m	déclenchements
déclencheur	m	déclencheurs
déclic	m	déclics
déclin	m	déclins
déclinaison	f	déclinaisons
déclination	f	déclinations
déclinement	m	déclinements
décliquement	m	décliquements
décliquetage	m	décliquetages
déclivité	f	déclivités
décloisonnement	m	décloisonnements
déclouage	m	déclouages
déclouement	m	déclouements
décloîtrement	m	décloîtrements
décléricalisation	f	décléricalisations
décochage	m	décochages
décoconnage	m	décoconnages
décoction	f	décoctions
décocté	m	décoctés
décodage	m	décodages
décodeur	m	décodeurs
décoffrage	m	décoffrages
décohésion	f	décohésions
décoicement	m	décoicements
décoiffage	m	décoiffages
décoiffement	m	décoiffements
décoincement	m	décoincements
décoinçage	m	décoinçages
décollage	m	décollages
décollation	f	décollations
décollement	m	décollements
décolletage	m	décolletages
décolleteur	m	décolleteurs
décolleteuse	f	décolleteuses
décolleteuse	f	décolleteuses
décolleté	m	décolletés
décolleur	m	décolleurs
décolonisation	f	décolonisations
décolorant	m	décolorants
décoloration	f	décolorations
décombrement	m	décombrements
décommande	f	décommandes
décommandement	m	décommandements
décommunisation	f	décommunisations
décompensation	f	décompensations
décompilation	f	décompilations
décomplication	f	décomplications
décomplétage	m	décomplétages
décomposition	f	décompositions
décompressage	m	décompressages
décompresseur	m	décompresseurs
décompression	f	décompressions
décompressée	f	décompressées
décomptage	m	décomptages
décompte	m	décomptes
déconcentration	f	déconcentrations
déconcertation	f	déconcertations
déconditionnement	m	déconditionnements
déconfiture	f	déconfitures
décongestif	m	décongestifs
décongestion	f	décongestions
décongestionnement	m	décongestionnements
décongélation	f	décongélations
déconnade	f	déconnades
déconnage	m	déconnages
déconnection	f	déconnections
déconnexion	f	déconnexions
déconseil	m	déconseils
déconsidération	f	déconsidérations
déconsignation	f	déconsignations
déconsolidation	f	déconsolidations
déconstruction	f	déconstructions
déconsécration	f	déconsécrations
décontaminant	m	décontaminants
décontamination	f	décontaminations
décontenance	f	décontenances
décontraction	f	décontractions
décontracté	m	décontractés
déconventionnement	m	déconventionnements
déconvenue	f	déconvenues
décoquillage	m	décoquillages
décor	m	décors
décorateur	m	décorateurs
décoratrice	f	décoratrices
décoration	f	décorations
décordage	m	décordages
décordement	m	décordements
décorticage	m	décorticages
décortication	f	décortications
décortiquage	m	décortiquages
décortiquement	m	décortiquements
décorum	m	décorums
décoré	m	décorés
décorée	f	décorées
décote	f	décotes
découchage	m	découchages
découlement	m	découlements
découpage	m	découpages
découpe	f	découpes
découpement	m	découpements
découpeur	m	découpeurs
découpeuse	f	découpeuses
découplage	m	découplages
découplement	m	découplements
découpoir	m	découpoirs
découpure	f	découpures
découragement	m	découragements
découronnement	m	découronnements
décours	m	décours
décousu	m	décousus
décousure	f	décousures
découvert	m	découverts
découverte	f	découvertes
découverture	f	découvertures
découvrement	m	découvrements
découvreur	m	découvreurs
décramponnement	m	décramponnements
décrassage	m	décrassages
décrassement	m	décrassements
décret	m	décrets
décreusage	m	décreusages
décreusement	m	décreusements
décri	m	décris
décrispation	f	décrispations
décrochage	m	décrochages
décrochement	m	décrochements
décroisement	m	décroisements
décroissance	f	décroissances
décroissement	m	décroissements
décrottage	m	décrottages
décrotteur	m	décrotteurs
décrotteuse	f	décrotteuses
décrottoir	m	décrottoirs
décroît	m	décroîts
décroûtage	m	décroûtages
décruage	m	décruages
décrue	f	décrues
décrusage	m	décrusages
décrusement	m	décrusements
décrustation	f	décrustations
décryptage	m	décryptages
décryptement	m	décryptements
décrédibilisation	f	décrédibilisations
décréditement	m	décréditements
décrément	m	décréments
décrépissage	m	décrépissages
décrépitation	f	décrépitations
décrépitude	f	décrépitudes
décrêpage	m	décrêpages
décrûment	m	décrûments
décubitus	m	décubitus
décuisson	f	décuissons
décuivrage	m	décuivrages
déculassage	m	déculassages
déculotage	m	déculotages
déculottage	m	déculottages
déculpabilisation	f	déculpabilisations
déculturation	f	déculturations
décuplage	m	décuplages
décuple	m	décuples
décuplement	m	décuplements
décurion	m	décurions
décuscutage	m	décuscutages
décuscuteuse	f	décuscuteuses
décuvage	m	décuvages
décuvaison	f	décuvaisons
décèlement	m	décèlements
décès	m	décès
décédé	m	décédés
décédée	f	décédées
décélération	f	décélérations
décérébration	f	décérébrations
dédaigneux	m	dédaigneux
dédaigneuse	f	dédaigneuses
dédain	m	dédains
dédale	m	dédales
dédicace	f	dédicaces
dédifférenciation	f	dédifférenciations
dédit	m	dédits
dédivinisation	f	dédivinisations
dédommagement	m	dédommagements
dédorage	m	dédorages
dédouanage	m	dédouanages
dédouanement	m	dédouanements
dédoublage	m	dédoublages
dédoublement	m	dédoublements
dédoublure	f	dédoublures
dédoublé	m	dédoublés
dédramatisation	f	dédramatisations
déduction	f	déductions
déduit	m	déduits
déesse	f	déesses
défaillance	f	défaillances
défaillement	m	défaillements
défaite	f	défaites
défaitisme	m	défaitismes
défalcation	f	défalcations
défausse	f	défausses
défaussement	m	défaussements
défaut	m	défauts
défaveur	f	défaveurs
défavorisation	f	défavorisations
défavorisé	m	défavorisés
défavorisée	f	défavorisées
défection	f	défections
défectuosité	f	défectuosités
défend	m	défends
défendeur	m	défendeurs
défenderesse	f	défenderesses
défends	m	défends
défenestration	f	défenestrations
défens	m	défens
défense	f	défenses
défenseur	m	défenseurs
défensive	f	défensives
déferlage	m	déferlages
déferlante	f	déferlantes
déferlement	m	déferlements
déferrage	m	déferrages
déferrement	m	déferrements
déferrure	f	déferrures
défervescence	f	défervescences
défet	m	défets
défeuillage	m	défeuillages
défeuillaison	f	défeuillaisons
défeuillement	m	défeuillements
défeutrage	m	défeutrages
défi	m	défis
défiance	f	défiances
défibrage	m	défibrages
défibration	f	défibrations
défibreur	m	défibreurs
défibrillateur	m	défibrillateurs
défibrillation	f	défibrillations
défibrination	f	défibrinations
déficience	f	déficiences
déficient	m	déficients
déficiente	f	déficientes
déficit	m	déficits
défigeage	m	défigeages
défigement	m	défigements
défiguration	f	défigurations
défigurement	m	défigurements
défilade	f	défilades
défilage	m	défilages
défilement	m	défilements
défileur	m	défileurs
défileuse	f	défileuses
défileuse	f	défileuses
défilochage	m	défilochages
défilé	m	défilés
défini	m	définis
définissant	m	définissants
définiteur	m	définiteurs
définitif	m	définitifs
définition	f	définitions
définitive	f	définitives
définitoire	m	définitoires
défiscalisation	f	défiscalisations
déflagrateur	m	déflagrateurs
déflagration	f	déflagrations
déflation	f	déflations
déflecteur	m	déflecteurs
déflegmation	f	déflegmations
défleuraison	f	défleuraisons
défleurissement	m	défleurissements
déflexion	f	déflexions
déflocage	m	déflocages
défloration	f	déflorations
défluent	m	défluents
défluviation	f	défluviations
défléchissement	m	défléchissements
défocalisation	f	défocalisations
défoliaison	f	défoliaisons
défoliant	m	défoliants
défoliation	f	défoliations
défonce	f	défonces
défoncement	m	défoncements
défonceuse	f	défonceuses
défonçage	m	défonçages
déforestage	m	déforestages
déforestation	f	déforestations
déformation	f	déformations
déforme	f	déformes
défoulement	m	défoulements
défournage	m	défournages
défournement	m	défournements
défourneur	m	défourneurs
défraiement	m	défraiements
défrayement	m	défrayements
défraîchissement	m	défraîchissements
défraîment	m	défraîments
défrichage	m	défrichages
défriche	f	défriches
défrichement	m	défrichements
défricheur	m	défricheurs
défripement	m	défripements
défrisage	m	défrisages
défrisant	m	défrisants
défrisement	m	défrisements
défroissage	m	défroissages
défroissement	m	défroissements
défroncement	m	défroncements
défroquage	m	défroquages
défroque	f	défroques
défroqué	m	défroqués
défruitement	m	défruitements
défunt	m	défunts
défunte	f	défuntes
défèrement	m	défèrements
défécation	f	défécations
déféminisation	f	déféminisations
défénestration	f	défénestrations
déférence	f	déférences
déférent	m	déférents
déférente	f	déférentes
dégagement	m	dégagements
dégainage	m	dégainages
dégaine	f	dégaines
dégantage	m	dégantages
dégarnissage	m	dégarnissages
dégarnissement	m	dégarnissements
dégarnisseuse	f	dégarnisseuses
dégasolinage	m	dégasolinages
dégauchissage	m	dégauchissages
dégauchissement	m	dégauchissements
dégauchisseuse	f	dégauchisseuses
dégazage	m	dégazages
dégazolinage	m	dégazolinages
dégazonnage	m	dégazonnages
dégazonnement	m	dégazonnements
dégaînage	m	dégaînages
dégel	m	dégels
dégelage	m	dégelages
dégelée	f	dégelées
dégermage	m	dégermages
dégingandage	m	dégingandages
dégingandement	m	dégingandements
dégivrage	m	dégivrages
dégivrant	m	dégivrants
dégivreur	m	dégivreurs
déglacement	m	déglacements
déglaciation	f	déglaciations
déglaisage	m	déglaisages
déglaçage	m	déglaçages
déglinguage	m	déglinguages
déglinguement	m	déglinguements
dégluement	m	dégluements
déglutination	f	déglutinations
déglutition	f	déglutitions
dégobillade	f	dégobillades
dégobillage	m	dégobillages
dégoisade	f	dégoisades
dégoisement	m	dégoisements
dégommage	m	dégommages
dégondage	m	dégondages
dégonflage	m	dégonflages
dégonfle	f	dégonfles
dégonflement	m	dégonflements
dégonflé	m	dégonflés
dégonflée	f	dégonflées
dégorgeage	m	dégorgeages
dégorgement	m	dégorgements
dégorgeoir	m	dégorgeoirs
dégoudronnage	m	dégoudronnages
dégoulinade	f	dégoulinades
dégoulinage	m	dégoulinages
dégoulinement	m	dégoulinements
dégoulinis	m	dégoulinis
dégoupillage	m	dégoupillages
dégourdi	m	dégourdis
dégourdie	f	dégourdies
dégourdissement	m	dégourdissements
dégouttement	m	dégouttements
dégoût	m	dégoûts
dégoûtant	m	dégoûtants
dégoûtante	f	dégoûtantes
dégoûtation	f	dégoûtations
dégoûté	m	dégoûtés
dégoûtée	f	dégoûtées
dégradateur	m	dégradateurs
dégradation	f	dégradations
dégradement	m	dégradements
dégradé	m	dégradés
dégraissage	m	dégraissages
dégraissant	m	dégraissants
dégraissement	m	dégraissements
dégravage	m	dégravages
dégravement	m	dégravements
dégressivité	f	dégressivités
dégriffage	m	dégriffages
dégriffe	f	dégriffes
dégriffé	m	dégriffés
dégringolade	f	dégringolades
dégringolement	m	dégringolements
dégrippage	m	dégrippages
dégrisage	m	dégrisages
dégrisement	m	dégrisements
dégrossage	m	dégrossages
dégrossi	m	dégrossis
dégrossissage	m	dégrossissages
dégrossissement	m	dégrossissements
dégroupage	m	dégroupages
dégroupement	m	dégroupements
dégrèvement	m	dégrèvements
dégréement	m	dégréements
déguenillé	m	déguenillés
déguenillée	f	déguenillées
déguerpissement	m	déguerpissements
dégueulade	f	dégueulades
dégueulage	m	dégueulages
dégueulement	m	dégueulements
déguisement	m	déguisements
déguisé	m	déguisés
déguisée	f	déguisées
dégurgitation	f	dégurgitations
dégustateur	m	dégustateurs
dégustation	f	dégustations
dégât	m	dégâts
dégèlement	m	dégèlements
dégénération	f	dégénérations
dégénérescence	f	dégénérescences
dégénéré	m	dégénérés
dégénérée	f	dégénérées
déhalage	m	déhalages
déhanchement	m	déhanchements
déharnachement	m	déharnachements
déhiscence	f	déhiscences
déhouillement	m	déhouillements
déictique	m	déictiques
déification	f	déifications
déisme	m	déismes
déité	f	déités
déjantage	m	déjantages
déjantement	m	déjantements
déjaugeage	m	déjaugeages
déjaugement	m	déjaugements
déjection	f	déjections
déjettement	m	déjettements
déjeuner	m	dej
déjouement	m	déjouements
déjugement	m	déjugements
déjà-vu	m	déjà-vu
déjètement	m	déjètements
délabialisation	f	délabialisations
délabrement	m	délabrements
délai	m	délais
délai-congé	m	délais-congés
délaiement	m	délaiements
délainage	m	délainages
délaissement	m	délaissements
délaissé	m	délaissés
délaissée	f	délaissées
délaitage	m	délaitages
délaitement	m	délaitements
délaiteuse	f	délaiteuses
délaminage	m	délaminages
délardage	m	délardages
délardement	m	délardements
délassement	m	délassements
délateur	m	délateurs
délatrice	f	délatrices
délation	f	délations
délavage	m	délavages
délavement	m	délavements
délayage	m	délayages
délayement	m	délayements
délayure	f	délayures
délayé	m	délayés
délaçage	m	délaçages
délectation	f	délectations
délestage	m	délestages
déliage	m	déliages
délibératif	m	délibératifs
délibération	f	délibérations
délibéré	m	délibérés
délicat	m	délicats
délicate	f	délicates
délicatesse	f	délicatesses
délice	m	délices
déliement	m	déliements
délignage	m	délignages
déligneuse	f	déligneuses
délignification	f	délignifications
délimitation	f	délimitations
délimiteur	m	délimiteurs
délinquance	f	délinquances
délinquant	m	délinquants
délinquante	f	délinquantes
délinéament	m	délinéaments
délinéation	f	délinéations
déliquescence	f	déliquescences
délire	m	délires
délissage	m	délissages
délit	m	délits
délitage	m	délitages
délitement	m	délitements
délitescence	f	délitescences
délivrage	m	délivrages
délivraison	f	délivraisons
délivrance	f	délivrances
délivre	m	délivres
délivrement	m	délivrements
délivreur	m	délivreurs
délié	m	déliés
délocalisation	f	délocalisations
délogement	m	délogements
délot	m	délots
déloyauté	f	déloyautés
déluge	m	déluges
délustrage	m	délustrages
délutage	m	délutages
délégant	m	délégants
délégateur	m	délégateurs
délégatrice	f	délégatrices
délégation	f	délégations
délégitimation	f	délégitimations
délégué	m	délégués
déléguée	f	déléguées
délétion	f	délétions
démaclage	m	démaclages
démagnétisation	f	démagnétisations
démagogie	f	démagogies
démaigrissement	m	démaigrissements
démaillage	m	démaillages
démaillotage	m	démaillotages
démanchage	m	démanchages
démanchement	m	démanchements
démanché	m	démanchés
démangeaison	f	démangeaisons
démanteleur	m	démanteleurs
démanteleuse	f	démanteleuses
démantibulage	m	démantibulages
démantibulation	f	démantibulations
démantèlement	m	démantèlements
démaquillage	m	démaquillages
démaquillant	m	démaquillants
démarcage	m	démarcages
démarcation	f	démarcations
démarchage	m	démarchages
démarche	f	démarches
démarcheur	m	démarcheurs
démarcheuse	f	démarcheuses
démariage	m	démariages
démarquage	m	démarquages
démarqueur	m	démarqueurs
démarrage	m	démarrages
démarreur	m	démarreurs
démasclage	m	démasclages
démasculinisation	f	démasculinisations
démasquage	m	démasquages
démasquement	m	démasquements
démasticage	m	démasticages
démastiquage	m	démastiquages
dématérialisation	f	dématérialisations
démembrement	m	démembrements
démence	f	démences
dément	m	déments
démente	f	démentes
démenti	m	démentis
démerdard	m	démerdards
démesure	f	démesures
démeublement	m	démeublements
démilitarisation	f	démilitarisations
déminage	m	déminages
démineur	m	démineurs
déminéralisation	f	déminéralisations
démission	f	démissions
démissionnée	f	démissionnées
démixtage	m	démixtages
démo	f	démos
démobilisation	f	démobilisations
démobilisé	m	démobilisés
démocrate-chrétien	m	démocrates-chrétiens
démocrate-chrétienne	f	démocrates-chrétiennes
démocratie	f	démocraties
démocratisation	f	démocratisations
démocrature	f	démocratures
démodulateur	m	démodulateurs
démodulation	f	démodulations
démographie	f	démographies
démolissage	m	démolissages
démolissement	m	démolissements
démolisseur	m	démolisseurs
démolition	f	démolitions
démon	m	démons
démone	f	démones
démonisme	m	démonismes
démonologie	f	démonologies
démonomanie	f	démonomanies
démonstrateur	m	démonstrateurs
démonstratrice	f	démonstratrices
démonstratif	m	démonstratifs
démonstration	f	démonstrations
démontage	m	démontages
démonétisation	f	démonétisations
démoralisateur	m	démoralisateurs
démoralisatrice	f	démoralisatrices
démoralisation	f	démoralisations
démotique	m	démotiques
démotivation	f	démotivations
démoulage	m	démoulages
démoulant	m	démoulants
démoustication	f	démoustications
démoustiquage	m	démoustiquages
démucilagination	f	démucilaginations
démultiplicateur	m	démultiplicateurs
démultiplication	f	démultiplications
démunition	f	démunitions
démusèlement	m	démusèlements
démutisation	f	démutisations
démystificateur	m	démystificateurs
démystificatrice	f	démystificatrices
démystification	f	démystifications
démythification	f	démythifications
démythisation	f	démythisations
démâtage	m	démâtages
démâtement	m	démâtements
démènement	m	démènements
déméchage	m	déméchages
déménagement	m	déménagements
déménageur	m	déménageurs
démérite	m	démérites
déméthanisation	f	déméthanisations
démêlage	m	démêlages
démêlant	m	démêlants
démêlement	m	démêlements
démêloir	m	démêloirs
démêlure	f	démêlures
démêlé	m	démêlés
dénasalisation	f	dénasalisations
dénatalité	f	dénatalités
dénationalisation	f	dénationalisations
dénaturalisation	f	dénaturalisations
dénaturant	m	dénaturants
dénaturation	f	dénaturations
dénaturement	m	dénaturements
dénazification	f	dénazifications
déneigeage	m	déneigeages
déneigement	m	déneigements
dénervation	f	dénervations
déni	m	dénis
déniaisement	m	déniaisements
dénichage	m	dénichages
dénichement	m	dénichements
dénicheur	m	dénicheurs
dénicheuse	f	dénicheuses
dénicotinisation	f	dénicotinisations
dénicotiniseur	m	dénicotiniseurs
déniement	m	déniements
dénigration	f	dénigrations
dénigrement	m	dénigrements
dénigreur	m	dénigreurs
dénitrification	f	dénitrifications
dénivellation	f	dénivellations
dénivellement	m	dénivellements
dénivelé	m	dénivelés
dénivelée	f	dénivelées
dénivélation	f	dénivélations
dénoiement	m	dénoiements
dénombrement	m	dénombrements
dénominateur	m	dénominateurs
dénomination	f	dénominations
dénoncement	m	dénoncements
dénonciateur	m	dénonciateurs
dénonciatrice	f	dénonciatrices
dénonciation	f	dénonciations
dénotage	m	dénotages
dénotation	f	dénotations
dénouage	m	dénouages
dénouement	m	dénouements
dénoyage	m	dénoyages
dénoyautage	m	dénoyautages
dénoûment	m	dénoûments
dénucléarisation	f	dénucléarisations
dénudage	m	dénudages
dénudation	f	dénudations
dénudement	m	dénudements
dénuement	m	dénuements
dénutrition	f	dénutritions
dénébulation	f	dénébulations
dénégation	f	dénégations
déodorant	m	déodorants
déodorisation	f	déodorisations
déontologie	f	déontologies
dépaillage	m	dépaillages
dépalissage	m	dépalissages
dépannage	m	dépannages
dépanneur	m	dépanneurs
dépanneuse	f	dépanneuses
dépanneuse	f	dépanneuses
dépaquetage	m	dépaquetages
déparaffinage	m	déparaffinages
déparasitage	m	déparasitages
dépareillage	m	dépareillages
dépareillement	m	dépareillements
départ	m	départs
départage	m	départages
départagement	m	départagements
département	m	dept.
départementale	f	départementales
départementalisation	f	départementalisations
départicularisation	f	départicularisations
départie	f	départies
départition	f	départitions
dépassant	m	dépassants
dépassement	m	dépassements
dépassionnement	m	dépassionnements
dépavage	m	dépavages
dépavement	m	dépavements
dépaysement	m	dépaysements
dépeceur	m	dépeceurs
dépendance	f	dépendances
dépendant	m	dépendants
dépendeur	m	dépendeurs
dépendeuse	f	dépendeuses
dépense	f	dépenses
dépensier	m	dépensiers
dépensière	f	dépensières
déperdition	f	déperditions
dépersonnalisation	f	dépersonnalisations
dépeuplement	m	dépeuplements
dépeçage	m	dépeçages
déphasage	m	déphasages
déphosphorage	m	déphosphorages
déphosphoration	f	déphosphorations
dépiautage	m	dépiautages
dépiautement	m	dépiautements
dépicage	m	dépicages
dépierrage	m	dépierrages
dépilage	m	dépilages
dépilation	f	dépilations
dépilatoire	m	dépilatoires
dépilement	m	dépilements
dépiquage	m	dépiquages
dépistage	m	dépistages
dépit	m	dépits
dépitonnage	m	dépitonnages
dépiècement	m	dépiècements
dépiéçage	m	dépiéçages
déplacement	m	déplacements
déplacé	m	déplacés
déplafonnement	m	déplafonnements
déplaisir	m	déplaisirs
déplantage	m	déplantages
déplantation	f	déplantations
déplantoir	m	déplantoirs
dépliage	m	dépliages
dépliant	m	dépliants
dépliement	m	dépliements
déplissage	m	déplissages
déplissement	m	déplissements
déploiement	m	déploiements
déplombage	m	déplombages
déploration	f	déplorations
déplumage	m	déplumages
déplâtrage	m	déplâtrages
dépointage	m	dépointages
dépolarisant	m	dépolarisants
dépolarisation	f	dépolarisations
dépolissage	m	dépolissages
dépolissement	m	dépolissements
dépolitisation	f	dépolitisations
dépolluant	m	dépolluants
dépollution	f	dépollutions
dépolymérisation	f	dépolymérisations
déponent	m	déponents
dépopularisation	f	dépopularisations
dépopulation	f	dépopulations
déport	m	déports
déportance	f	déportances
déportation	f	déportations
déportement	m	déportements
déporté	m	déportés
déportée	f	déportées
déposant	m	déposants
déposante	f	déposantes
dépose	f	déposes
déposement	m	déposements
déposition	f	dépositions
dépossession	f	dépossessions
dépotage	m	dépotages
dépotement	m	dépotements
dépotoir	m	dépotoirs
dépouillage	m	dépouillages
dépouille	f	dépouilles
dépouillement	m	dépouillements
dépouillé	m	dépouillés
dépoussiérage	m	dépoussiérages
dépoussiérant	m	dépoussiérants
dépoussiéreur	m	dépoussiéreurs
dépoétisation	f	dépoétisations
dépravation	f	dépravations
dépravé	m	dépravés
dépravée	f	dépravées
dépressif	m	dépressifs
dépressive	f	dépressives
dépression	f	dépressions
dépressurisation	f	dépressurisations
déprimant	m	déprimants
déprime	f	déprimes
déprimé	m	déprimés
déprimée	f	déprimées
dépris	m	dépris
déprise	f	déprises
déprogrammation	f	déprogrammations
déprolétarisation	f	déprolétarisations
déprovincialisation	f	déprovincialisations
déprécation	f	déprécations
dépréciateur	m	dépréciateurs
dépréciatrice	f	dépréciatrices
dépréciation	f	dépréciations
déprédateur	m	déprédateurs
déprédatrice	f	déprédatrices
déprédation	f	déprédations
dépsychiatrisation	f	dépsychiatrisations
dépucelage	m	dépucelages
dépulpage	m	dépulpages
dépulpation	f	dépulpations
dépuratif	m	dépuratifs
dépuration	f	dépurations
députation	f	députations
député	m	députés
députée	f	députées
dépècement	m	dépècements
dépénalisation	f	dépénalisations
dépérissement	m	dépérissements
dépêche	f	dépêches
dépêchement	m	dépêchements
dépêtrement	m	dépêtrements
dépôt	m	dépôts
déqualification	f	déqualifications
déracinage	m	déracinages
déracinement	m	déracinements
déraciné	m	déracinés
déracinée	f	déracinées
déradage	m	déradages
déraidissement	m	déraidissements
déraillage	m	déraillages
déraillement	m	déraillements
dérailleur	m	dérailleurs
déraison	f	déraisons
déraisonnement	m	déraisonnements
déraisonnée	f	déraisonnées
déralinguage	m	déralinguages
déramage	m	déramages
dérange	f	déranges
dérangement	m	dérangements
dérangé	m	dérangés
dérangée	f	dérangées
dérapage	m	dérapages
dérapement	m	dérapements
dérase	f	dérases
dérasement	m	dérasements
dératage	m	dératages
dérationalisation	f	dérationalisations
dératisation	f	dératisations
dératé	m	dératés
dératée	f	dératées
dérayage	m	dérayages
dérayure	f	dérayures
déreliage	m	déreliages
déresponsabilisation	f	déresponsabilisations
déridage	m	déridages
dérision	f	dérisions
dérivable	f	dérivables
dérivatif	m	dérivatifs
dérivation	f	dérivations
dérive	f	dérives
dérivement	m	dérivements
dérivetage	m	dérivetages
dériveur	m	dériveurs
dérivé	m	dérivés
dérivée	f	dérivées
dérobade	f	dérobades
dérobage	m	dérobages
dérobement	m	dérobements
dérobée	f	dérobées
dérochage	m	dérochages
dérochement	m	dérochements
dérogation	f	dérogations
dérogeance	f	dérogeances
dérouillage	m	dérouillages
dérouillement	m	dérouillements
dérouillée	f	dérouillées
déroulage	m	déroulages
déroulement	m	déroulements
dérouleur	m	dérouleurs
dérouleuse	f	dérouleuses
déroutage	m	déroutages
déroute	f	déroutes
déroutement	m	déroutements
dérèglement	m	dérèglements
déréalisation	f	déréalisations
déréférencement	m	déréférencements
déréglage	m	déréglages
déréglementation	f	déréglementations
dérégulation	f	dérégulations
déréliction	f	dérélictions
dérépression	f	dérépressions
désabonnement	m	désabonnements
désabusement	m	désabusements
désabusé	m	désabusés
désabusée	f	désabusées
désaccord	m	désaccords
désaccordage	m	désaccordages
désaccordement	m	désaccordements
désaccouplage	m	désaccouplages
désaccouplement	m	désaccouplements
désaccoutumance	f	désaccoutumances
désachalandage	m	désachalandages
désacralisation	f	désacralisations
désactivation	f	désactivations
désadaptation	f	désadaptations
désaffectation	f	désaffectations
désaffection	f	désaffections
désaffiliation	f	désaffiliations
désaffleurement	m	désaffleurements
désagrègement	m	désagrègements
désagrégation	f	désagrégations
désagrégement	m	désagrégements
désagrément	m	désagréments
désailage	m	désailages
désaimantation	f	désaimantations
désajustement	m	désajustements
désalignement	m	désalignements
désaliénation	f	désaliénations
désaltèrement	m	désaltèrements
désaltération	f	désaltérations
désamarrage	m	désamarrages
désambiguïsation	f	désambiguïsations
désamidonnage	m	désamidonnages
désamination	f	désaminations
désamorçage	m	désamorçages
désamour	m	désamours
désancrage	m	désancrages
désangoissement	m	désangoissements
désannexion	f	désannexions
désannonce	f	désannonces
désappareillage	m	désappareillages
désappariement	m	désappariements
désappointement	m	désappointements
désapprentissage	m	désapprentissages
désapprobation	f	désapprobations
désappropriation	f	désappropriations
désapprovisionnement	m	désapprovisionnements
désappréciation	f	désappréciations
désargentage	m	désargentages
désargentation	f	désargentations
désargentement	m	désargentements
désargenture	f	désargentures
désarmement	m	désarmements
désarrimage	m	désarrimages
désarroi	m	désarrois
désarticulation	f	désarticulations
désarçonnement	m	désarçonnements
désassemblage	m	désassemblages
désassimilation	f	désassimilations
désassortiment	m	désassortiments
désastre	m	désastres
désatomisation	f	désatomisations
désaturation	f	désaturations
désavantage	m	désavantages
désaveu	m	désaveux
désavouement	m	désavouements
désaxage	m	désaxages
désaxation	f	désaxations
désaxement	m	désaxements
désaxé	m	désaxés
désaxée	f	désaxées
désaérage	m	désaérages
désaération	f	désaérations
déscolarisation	f	déscolarisations
désectorisation	f	désectorisations
désemballage	m	désemballages
désembarquement	m	désembarquements
désembourbage	m	désembourbages
désembourbement	m	désembourbements
désembourgeoisement	m	désembourgeoisements
désembouteillage	m	désembouteillages
désembrayage	m	désembrayages
désembrouillage	m	désembrouillages
désembrouillement	m	désembrouillements
désembuage	m	désembuages
désemparement	m	désemparements
désempilage	m	désempilages
désempilement	m	désempilements
désempoussiérage	m	désempoussiérages
désencadrement	m	désencadrements
désencartage	m	désencartages
désenchantement	m	désenchantements
désenchaînement	m	désenchaînements
désenchevêtrement	m	désenchevêtrements
désenclavage	m	désenclavages
désenclavement	m	désenclavements
désencombrement	m	désencombrements
désencordement	m	désencordements
désencrassement	m	désencrassements
désendettement	m	désendettements
désenflement	m	désenflements
désenflure	f	désenflures
désenfournage	m	désenfournages
désenfumage	m	désenfumages
désengagement	m	désengagements
désengorgement	m	désengorgements
désengourdissement	m	désengourdissements
désengrènement	m	désengrènements
désennui	m	désennuis
désenrayage	m	désenrayages
désensablage	m	désensablages
désensablement	m	désensablements
désensibilisant	m	désensibilisants
désensibilisateur	m	désensibilisateurs
désensibilisation	f	désensibilisations
désensimage	m	désensimages
désensorcellement	m	désensorcellements
désensorcèlement	m	désensorcèlements
désentoilage	m	désentoilages
désentortillement	m	désentortillements
désentrelacement	m	désentrelacements
désentrelaçage	m	désentrelaçages
désenvasage	m	désenvasages
désenvasement	m	désenvasements
désenveloppement	m	désenveloppements
désenvoûtement	m	désenvoûtements
désert	m	déserts
déserteur	m	déserteurs
désertification	f	désertifications
désertion	f	désertions
désescalade	f	désescalades
désespoir	m	désespoirs
désespérance	f	désespérances
désespération	f	désespérations
désespéré	m	désespérés
désespérée	f	désespérées
désexcitation	f	désexcitations
désexualisation	f	désexualisations
déshabillage	m	déshabillages
déshabillement	m	déshabillements
déshabillé	m	déshabillés
déshabitation	f	déshabitations
déshabituation	f	déshabituations
désherbage	m	désherbages
désherbant	m	désherbants
désherbement	m	désherbements
désheurage	m	désheurages
désheurement	m	désheurements
déshonneur	m	déshonneurs
déshonnêteté	f	déshonnêtetés
déshuilage	m	déshuilages
déshumanisation	f	déshumanisations
déshumidification	f	déshumidifications
déshydratant	m	déshydratants
déshydratation	f	déshydratations
déshydrogénation	f	déshydrogénations
déshérence	f	déshérences
déshéritage	m	déshéritages
déshéritement	m	déshéritements
déshérité	m	déshérités
déshéritée	f	déshéritées
désidérabilité	f	désidérabilités
désignation	f	désignations
désignification	f	désignifications
désiliciage	m	désiliciages
désillusion	f	désillusions
désillusionnement	m	désillusionnements
désincarnation	f	désincarnations
désincrustant	m	désincrustants
désincrustation	f	désincrustations
désindexation	f	désindexations
désindividualisation	f	désindividualisations
désindustrialisation	f	désindustrialisations
désinence	f	désinences
désinfectation	f	désinfectations
désinfection	f	désinfections
désinflation	f	désinflations
désinformation	f	désinformations
désinsectisation	f	désinsectisations
désinsertion	f	désinsertions
désintellectualisation	f	désintellectualisations
désintoxication	f	désintoxications
désintégration	f	désintégrations
désintéressement	m	désintéressements
désintérêt	m	désintérêts
désinvestissement	m	désinvestissements
désinvolte	m	désinvoltes
désinvolture	f	désinvoltures
désir	m	désirs
désistement	m	désistements
désobligeance	f	désobligeances
désobstruction	f	désobstructions
désobéissance	f	désobéissances
désodorisant	m	désodorisants
désodorisation	f	désodorisations
désoeuvrement	m	désoeuvrements
désoeuvré	m	désoeuvrés
désoeuvrée	f	désoeuvrées
désolation	f	désolations
désolement	m	désolements
désolidarisation	f	désolidarisations
désoperculage	m	désoperculages
désoperculation	f	désoperculations
désopilation	f	désopilations
désopilement	m	désopilements
désorbitage	m	désorbitages
désordonnance	f	désordonnances
désordonnement	m	désordonnements
désordre	m	désordres
désorganisateur	m	désorganisateurs
désorganisatrice	f	désorganisatrices
désorganisation	f	désorganisations
désorientation	f	désorientations
désorientement	m	désorientements
désorption	f	désorptions
désossage	m	désossages
désossement	m	désossements
désoxydant	m	désoxydants
désoxydation	f	désoxydations
désoxygénation	f	désoxygénations
déspiritualisation	f	déspiritualisations
déspécialisation	f	déspécialisations
déstabilisation	f	déstabilisations
déstalinisation	f	déstalinisations
déstockage	m	déstockages
déstructuration	f	déstructurations
désubjectivisation	f	désubjectivisations
désulfitage	m	désulfitages
désulfuration	f	désulfurations
désunion	f	désunions
désurbanisation	f	désurbanisations
désuétude	f	désuétudes
désynchronisation	f	désynchronisations
désyndicalisation	f	désyndicalisations
déséchouage	m	déséchouages
déséchouement	m	déséchouements
déséducation	f	déséducations
déségrégation	f	déségrégations
désépaississement	m	désépaississements
désépargne	f	désépargnes
déséquilibrage	m	déséquilibrages
déséquilibration	f	déséquilibrations
déséquilibre	m	déséquilibres
déséquilibrement	m	déséquilibrements
déséquilibré	m	déséquilibrés
déséquilibrée	f	déséquilibrées
déséquipement	m	déséquipements
désétatisation	f	désétatisations
détachage	m	détachages
détachant	m	détachants
détachement	m	détachements
détacheur	m	détacheurs
détail	m	détails
détaillage	m	détaillages
détaillant	m	détaillants
détaillante	f	détaillantes
détalage	m	détalages
détalement	m	détalements
détartrage	m	détartrages
détartrant	m	détartrants
détartreur	m	détartreurs
détaxation	f	détaxations
détaxe	f	détaxes
détectage	m	détectages
détecteur	m	détecteurs
détectrice	f	détectrices
détection	f	détections
détectrice	f	détectrices
dételage	m	dételages
détendeur	m	détendeurs
détension	f	détensions
détente	f	détentes
détenteur	m	détenteurs
détentrice	f	détentrices
détention	f	détentions
détenu	m	détenus
détenue	f	détenues
détergence	f	détergences
détergent	m	détergents
déterminant	m	déterminants
déterminatif	m	déterminatifs
détermination	f	déterminations
déterminisme	m	déterminismes
déterminé	m	déterminés
déterrage	m	déterrages
déterrement	m	déterrements
déterreur	m	déterreurs
déterré	m	déterrés
déterrée	f	déterrées
détersif	m	détersifs
détersion	f	détersions
détestation	f	détestations
détimbrage	m	détimbrages
détimbrement	m	détimbrements
détirement	m	détirements
détireuse	f	détireuses
détiré	m	détirés
détissage	m	détissages
détonant	m	détonants
détonateur	m	détonateurs
détonation	f	détonations
détorsion	f	détorsions
détortillage	m	détortillages
détortillement	m	détortillements
détour	m	détours
détourage	m	détourages
détourement	m	détourements
détournage	m	détournages
détournement	m	détournements
détourné	m	détournés
détoxication	f	détoxications
détoxification	f	détoxifications
détractation	f	détractations
détracteur	m	détracteurs
détractrice	f	détractrices
détraction	f	détractions
détraquage	m	détraquages
détraquement	m	détraquements
détraqué	m	détraqués
détraquée	f	détraquées
détrempage	m	détrempages
détrempe	f	détrempes
détressage	m	détressages
détresse	f	détresses
détribalisation	f	détribalisations
détriment	m	détriments
détriplement	m	détriplements
détritage	m	détritages
détritique	m	détritiques
détritus	m	détritus
détrocage	m	détrocages
détroit	m	détroits
détrompage	m	détrompages
détroquage	m	détroquages
détroussage	m	détroussages
détroussement	m	détroussements
détrousseur	m	détrousseurs
détrônation	f	détrônations
détrônement	m	détrônements
détumescence	f	détumescences
détérioration	f	détériorations
détériorement	m	détériorements
détérioré	m	détériorés
détériorée	f	détériorées
dévagination	f	dévaginations
dévalade	f	dévalades
dévalaison	f	dévalaisons
dévalement	m	dévalements
dévalorisation	f	dévalorisations
dévaluation	f	dévaluations
dévasage	m	dévasages
dévasement	m	dévasements
dévastateur	m	dévastateurs
dévastatrice	f	dévastatrices
dévastation	f	dévastations
dévastement	m	dévastements
déveine	f	déveines
développante	f	développantes
développement	m	développements
développeur	m	développeurs
développeuse	f	développeuses
développé	m	développés
développée	f	développées
déveloutement	m	déveloutements
déventement	m	déventements
déverbal	m	déverbaux
déverglaçage	m	déverglaçages
dévergondade	f	dévergondades
dévergondage	m	dévergondages
dévergondé	m	dévergondés
dévergondée	f	dévergondées
dévernissage	m	dévernissages
déverrouillage	m	déverrouillages
dévers	m	dévers
déversage	m	déversages
déverse	f	déverses
déversement	m	déversements
déversion	f	déversions
déversoir	m	déversoirs
déviance	f	déviances
déviant	m	déviants
déviante	f	déviantes
déviateur	m	déviateurs
déviation	f	déviations
déviationnisme	m	déviationnismes
dévidage	m	dévidages
dévidement	m	dévidements
dévideur	m	dévideurs
dévideuse	f	dévideuses
dévidoir	m	dévidoirs
dévirage	m	dévirages
dévirilisation	f	dévirilisations
dévirolage	m	dévirolages
dévisagement	m	dévisagements
dévissage	m	dévissages
dévissement	m	dévissements
dévissé	m	dévissés
dévitalisation	f	dévitalisations
dévitaminisation	f	dévitaminisations
dévitrification	f	dévitrifications
dévoiement	m	dévoiements
dévoilage	m	dévoilages
dévoilement	m	dévoilements
dévoltage	m	dévoltages
dévolteur	m	dévolteurs
dévolu	m	dévolus
dévolution	f	dévolutions
dévorant	m	dévorants
dévoration	f	dévorations
dévorement	m	dévorements
dévoreur	m	dévoreurs
dévoreuse	f	dévoreuses
dévot	m	dévots
dévote	f	dévotes
dévotion	f	dévotions
dévouement	m	dévouements
dévoyé	m	dévoyés
dévoyée	f	dévoyées
dévrillage	m	dévrillages
dévêtement	m	dévêtements
dévêtissement	m	dévêtissements
dîme	f	dîmes
dîner	m	dîners
dînette	f	dînettes
dîneur	m	dîneurs
dîneuse	f	dîneuses
dôme	m	dômes
dû	m	dûs
e-job	m	e-jobs
e-mail	m	e-mails
eau	f	eaux
eau-de-vie	f	eaux-de-vie
eau-forte	f	eaux-fortes
ecballium	m	ecballiums
ecchymose	f	ecchymoses
ecclésiastique	m	ecclésiastiques
eccéité	f	eccéités
ecstasy	m	ecstasys
ectasie	f	ectasies
ecthyma	m	ecthymas
ectoblaste	m	ectoblastes
ectoderme	m	ectodermes
ectopie	f	ectopies
ectoplasme	m	ectoplasmes
ectropion	m	ectropions
ectype	m	ectypes
eczéma	m	eczémas
eczémateux	m	eczémateux
eczémateuse	f	eczémateuses
eczématisation	f	eczématisations
edelweiss	m	edelweiss
effacement	m	effacements
effanage	m	effanages
effanure	f	effanures
effarement	m	effarements
effarouchement	m	effarouchements
effarvatte	f	effarvattes
effaçade	f	effaçades
effaçage	m	effaçages
effaçure	f	effaçures
effecteur	m	effecteurs
effectif	m	effectifs
effectivité	f	effectivités
effectuation	f	effectuations
effendi	m	effendis
effervescence	f	effervescences
effet	m	effets
effeuillage	m	effeuillages
effeuillaison	f	effeuillaisons
effeuillement	m	effeuillements
effeuilleuse	f	effeuilleuses
efficacité	f	efficacités
efficience	f	efficiences
effigie	f	effigies
effilade	f	effilades
effilage	m	effilages
effilement	m	effilements
effilochage	m	effilochages
effiloche	f	effiloches
effilochement	m	effilochements
effilocheur	m	effilocheurs
effilocheuse	f	effilocheuses
effilocheuse	f	effilocheuses
effilochure	f	effilochures
effiloché	m	effilochés
effiloquement	m	effiloquements
effilure	f	effilures
effilé	m	effilés
effleurage	m	effleurages
effleurement	m	effleurements
effloraison	f	effloraisons
efflorescence	f	efflorescences
effluence	f	effluences
effluent	m	effluents
effluvage	m	effluvages
effluve	f	effluves
effondrement	m	effondrements
effondrille	f	effondrilles
efforcement	m	efforcements
effort	m	efforts
effraction	f	effractions
effraie	f	effraies
effritement	m	effritements
effroi	m	effrois
effronterie	f	effronteries
effronté	m	effrontés
effrontée	f	effrontées
effruitage	m	effruitages
effrénement	m	effrénements
effusion	f	effusions
effémination	f	efféminations
efféminement	m	efféminements
efrit	m	efrits
ego	m	ego
eider	m	eiders
elaeis	m	elaeis
elbeuf	m	elbeuf
elbot	m	elbots
eldorado	m	eldorados
elfe	m	elfes
ellipse	f	ellipses
ellipsoïde	m	ellipsoïdes
ellébore	m	ellébores
elzévir	m	elzévirs
emballage	m	emballages
emballement	m	emballements
emballeur	m	emballeurs
emballeuse	f	emballeuses
embarbouillage	m	embarbouillages
embarbouillement	m	embarbouillements
embarcadère	m	embarcadères
embarcation	f	embarcations
embardée	f	embardées
embargo	m	embargos
embarillage	m	embarillages
embarquement	m	embarquements
embarra	m	embarras
embarrage	m	embarrages
embarras	m	embarras
embarrassement	m	embarrassements
embase	f	embases
embasement	m	embasements
embastillage	m	embastillages
embastillement	m	embastillements
embastionnement	m	embastionnements
embatage	m	embatages
embattage	m	embattages
embatteur	m	embatteurs
embauchage	m	embauchages
embauche	f	embauches
embauchement	m	embauchements
embaucheur	m	embaucheurs
embaucheuse	f	embaucheuses
embauchoir	m	embauchoirs
embaumage	m	embaumages
embaumement	m	embaumements
embaumeur	m	embaumeurs
embellie	f	embellies
embellissement	m	embellissements
emberlificotement	m	emberlificotements
emberlificoteur	m	emberlificoteurs
emberlificoteuse	f	emberlificoteuses
embesognement	m	embesognements
embiellage	m	embiellages
emblavage	m	emblavages
emblavement	m	emblavements
emblavure	f	emblavures
emblème	m	emblèmes
embobinage	m	embobinages
embolie	f	embolies
embolisme	m	embolismes
embonpoint	m	embonpoints
embossage	m	embossages
embouage	m	embouages
emboucanement	m	emboucanements
embouchage	m	embouchages
embouche	f	embouches
embouchoir	m	embouchoirs
embouchure	f	embouchures
embouement	m	embouements
embouquement	m	embouquements
embourbage	m	embourbages
embourbement	m	embourbements
embourgeoisement	m	embourgeoisements
embourrure	f	embourrures
embout	m	embouts
embouteillage	m	embouteillages
embouteillement	m	embouteillements
embouti	m	emboutis
emboutissage	m	emboutissages
emboutissement	m	emboutissements
emboutissoir	m	emboutissoirs
emboîtage	m	emboîtages
emboîtement	m	emboîtements
emboîture	f	emboîtures
embranchement	m	embranchements
embrasement	m	embrasements
embrassade	f	embrassades
embrasse	f	embrasses
embrassement	m	embrassements
embrasseur	m	embrasseurs
embrasseuse	f	embrasseuses
embrassé	m	embrassés
embrasure	f	embrasures
embrayage	m	embrayages
embreuvement	m	embreuvements
embrigadement	m	embrigadements
embrocation	f	embrocations
embrochage	m	embrochages
embrochement	m	embrochements
embronchement	m	embronchements
embrouillage	m	embrouillages
embrouillamini	m	embrouillaminis
embrouille	f	embrouilles
embrouillement	m	embrouillements
embrouillis	m	embrouillis
embrumement	m	embrumements
embrun	m	embruns
embryogénie	f	embryogénies
embryologie	f	embryologies
embryon	m	embryons
embryopathie	f	embryopathies
embrèvement	m	embrèvements
embu	m	embus
embuage	m	embuages
embuscade	f	embuscades
embusquage	m	embusquages
embâcle	m	embâcles
embâtage	m	embâtages
embéguinage	m	embéguinages
embéguinement	m	embéguinements
embêtement	m	embêtements
embûche	f	embûches
emmagasinage	m	emmagasinages
emmagasinement	m	emmagasinements
emmaillotage	m	emmaillotages
emmaillotement	m	emmaillotements
emmaillottement	m	emmaillottements
emmanchage	m	emmanchages
emmanchement	m	emmanchements
emmanchure	f	emmanchures
emmental	m	emmentals
emmenthal	m	emmenthals
emmerde	f	emmerdes
emmerdement	m	emmerdements
emmerdeur	m	emmerdeurs
emmitouflement	m	emmitouflements
emmottage	m	emmottages
emmouscaillement	m	emmouscaillements
emmurage	m	emmurages
emmuré	m	emmurés
emmurée	f	emmurées
emmènement	m	emmènements
emménagement	m	emménagements
emménagogue	m	emménagogues
emmétrage	m	emmétrages
emmétropie	f	emmétropies
emmêlage	m	emmêlages
emmêlement	m	emmêlements
emmêlure	f	emmêlures
empaillage	m	empaillages
empaillement	m	empaillements
empailleur	m	empailleurs
empailleuse	f	empailleuses
empalade	f	empalades
empalage	m	empalages
empalement	m	empalements
empalmage	m	empalmages
empan	m	empans
empanachement	m	empanachements
empannage	m	empannages
empaquetage	m	empaquetages
empaqueteur	m	empaqueteurs
empaquètement	m	empaquètements
emparadisement	m	emparadisements
emparement	m	emparements
empathie	f	empathies
empattage	m	empattages
empattement	m	empattements
empaumement	m	empaumements
empaumure	f	empaumures
empeignage	m	empeignages
empeigne	f	empeignes
empennage	m	empennages
empenne	f	empennes
empennelage	m	empennelages
empereur	m	empereurs
impératrice	f	impératrices
empesage	m	empesages
emphase	f	emphases
emphatisation	f	emphatisations
emphysème	m	emphysèmes
emphysémateux	m	emphysémateux
emphysémateuse	f	emphysémateuses
emphytéose	f	emphytéoses
empierrage	m	empierrages
empierrement	m	empierrements
empiffrement	m	empiffrements
empilade	f	empilades
empilage	m	empilages
empilation	f	empilations
empile	f	empiles
empilement	m	empilements
empileur	m	empileurs
empileuse	f	empileuses
empilée	f	empilées
empire	m	empires
empirement	m	empirements
empiriocriticisme	m	empiriocriticismes
empirisme	m	empirismes
empiècement	m	empiècements
empiègement	m	empiègements
empiètement	m	empiètements
empiétement	m	empiétements
emplacement	m	emplacements
emplanture	f	emplantures
emplette	f	emplettes
emplissage	m	emplissages
emplissement	m	emplissements
emploi	m	emplois
employabilité	f	employabilités
employeur	m	employeurs
employeuse	f	employeuses
employé	m	employés
employée	f	employées
emplumement	m	emplumements
empochage	m	empochages
empochement	m	empochements
empoignade	f	empoignades
empoignage	m	empoignages
empoigne	f	empoignes
empoignement	m	empoignements
empoilage	m	empoilages
empointage	m	empointages
empointure	f	empointures
empois	m	empois
empoise	f	empoises
empoisonnement	m	empoisonnements
empoisonneur	m	empoisonneurs
empoisonneuse	f	empoisonneuses
empoissement	m	empoissements
empoissonnage	m	empoissonnages
empoissonnement	m	empoissonnements
emporium	m	emporiums
emport	m	emports
emporte-pièce	m	emporte-pièce
emportement	m	emportements
empotage	m	empotages
empotement	m	empotements
empoté	m	empotés
empotée	f	empotées
empourprement	m	empourprements
empoussièrement	m	empoussièrements
empoussiérage	m	empoussiérages
empreinte	f	empreintes
empressement	m	empressements
empressé	m	empressés
empressée	f	empressées
emprise	f	emprises
emprisonnement	m	emprisonnements
emprunt	m	emprunts
emprunteur	m	emprunteurs
emprunteuse	f	emprunteuses
emprésurage	m	emprésurages
empuantissement	m	empuantissements
empuse	f	empuses
empyreume	m	empyreumes
empyrée	m	empyrées
empyème	m	empyèmes
empâtage	m	empâtages
empâtement	m	empâtements
empêchement	m	empêchements
empêcheur	m	empêcheurs
empêcheuse	f	empêcheuses
en-cours	m	en-cours
en-tête	m	en-têtes
enamourement	m	enamourements
encabanage	m	encabanages
encablure	f	encablures
encadrant	m	encadrants
encadrante	f	encadrantes
encadrement	m	encadrements
encadreur	m	encadreurs
encadré	m	encadrés
encagement	m	encagements
encageur	m	encageurs
encaissage	m	encaissages
encaisse	f	encaisses
encaissement	m	encaissements
encaisseur	m	encaisseurs
encalminage	m	encalminages
encalminement	m	encalminements
encan	m	encans
encanaillement	m	encanaillements
encapsulage	m	encapsulages
encapsulation	f	encapsulations
encapsulement	m	encapsulements
encapuchonnage	m	encapuchonnages
encapuchonnement	m	encapuchonnements
encaquement	m	encaquements
encart	m	encarts
encartage	m	encartages
encarteuse	f	encarteuses
encartonnage	m	encartonnages
encas	m	encas
encasernement	m	encasernements
encastelure	f	encastelures
encastrage	m	encastrages
encastrement	m	encastrements
encausticage	m	encausticages
encaustiquage	m	encaustiquages
encaustique	f	encaustiques
encavage	m	encavages
encavement	m	encavements
enceinte	f	enceintes
encellulement	m	encellulements
encens	m	encens
encensement	m	encensements
encenseur	m	encenseurs
encensoir	m	encensoirs
encerclement	m	encerclements
encerclure	f	encerclures
enchantelage	m	enchantelages
enchantement	m	enchantements
enchanteur	m	enchanteurs
enchanteresse	f	enchanteresses
enchatonnement	m	enchatonnements
enchaussage	m	enchaussages
enchaînement	m	enchaînements
enchaîné	m	enchaînés
enchemisage	m	enchemisages
enchevalement	m	enchevalements
enchevauchure	f	enchevauchures
enchevillement	m	enchevillements
enchevêtrement	m	enchevêtrements
enchevêtrure	f	enchevêtrures
enchifrènement	m	enchifrènements
enchâssement	m	enchâssements
enchâssure	f	enchâssures
enchère	f	enchères
enchérissement	m	enchérissements
enchérisseur	m	enchérisseurs
enclavage	m	enclavages
enclave	f	enclaves
enclavement	m	enclavements
enclenche	f	enclenches
enclenchement	m	enclenchements
encliquetage	m	encliquetages
enclitique	m	enclitiques
enclos	m	enclos
enclouage	m	enclouages
enclouement	m	enclouements
enclouure	f	enclouures
enclume	f	enclumes
enclôture	f	enclôtures
encoche	f	encoches
encochement	m	encochements
encodage	m	encodages
encodeur	m	encodeurs
encoffrage	m	encoffrages
encoffrement	m	encoffrements
encoignure	f	encoignures
encollage	m	encollages
encollement	m	encollements
encolleur	m	encolleurs
encolleuse	f	encolleuses
encolleuse	f	encolleuses
encolure	f	encolures
encolèrement	m	encolèrements
encombre	m	encombres
encombrement	m	encombrements
encontre	f	encontres
encoprésie	f	encoprésies
encorbellement	m	encorbellements
encordage	m	encordages
encordement	m	encordements
encornement	m	encornements
encornet	m	encornets
encouragement	m	encouragements
encours	m	encours
encrage	m	encrages
encrassage	m	encrassages
encrassement	m	encrassements
encravatement	m	encravatements
encre	f	encres
encrier	m	encriers
encrine	f	encrines
encroisage	m	encroisages
encrottement	m	encrottements
encroûtement	m	encroûtements
encryptage	m	encryptages
enculade	f	enculades
enculage	m	enculages
enculation	f	enculations
encuvage	m	encuvages
encuvement	m	encuvements
encyclique	f	encycliques
encyclopédie	f	encyclopédies
encéphale	m	encéphales
encéphalite	f	encéphalites
encéphalogramme	m	encéphalogrammes
encéphalographie	f	encéphalographies
encéphalopathie	f	encéphalopathies
end	f	ends
endaubage	m	endaubages
endettement	m	endettements
endigage	m	endigages
endiguage	m	endiguages
endiguement	m	endiguements
endimanchement	m	endimanchements
endive	f	endives
endivisionnement	m	endivisionnements
endoblaste	m	endoblastes
endocarde	m	endocardes
endocardite	f	endocardites
endocarpe	m	endocarpes
endocrinologie	f	endocrinologies
endoctrination	f	endoctrinations
endoctrinement	m	endoctrinements
endoderme	m	endodermes
endogame	m	endogames
endogamie	f	endogamies
endolorissement	m	endolorissements
endommagement	m	endommagements
endomorphisme	m	endomorphismes
endomètre	m	endomètres
endométriose	f	endométrioses
endométrite	f	endométrites
endormement	m	endormements
endormeur	m	endormeurs
endormeuse	f	endormeuses
endormissement	m	endormissements
endorphine	f	endorphines
endos	m	endos
endoscope	m	endoscopes
endoscopie	f	endoscopies
endosmomètre	m	endosmomètres
endosmose	f	endosmoses
endosperme	m	endospermes
endossage	m	endossages
endossement	m	endossements
endosseur	m	endosseurs
endossure	f	endossures
endothélium	m	endothéliums
endotoxine	f	endotoxines
endroit	m	endroits
enduction	f	enductions
enduisage	m	enduisages
enduit	m	enduits
endurance	f	endurances
endurcissement	m	endurcissements
enduro	m	enduros
endymion	m	endymions
endémie	f	endémies
endémisme	m	endémismes
enfance	f	enfances
enfantement	m	enfantements
enfantillage	m	enfantillages
enfarinement	m	enfarinements
enfaîteau	m	enfaîteaux
enfer	m	enfers
enfermement	m	enfermements
enfeu	m	enfeus
enfichage	m	enfichages
enfilade	f	enfilades
enfilage	m	enfilages
enfilement	m	enfilements
enfileur	m	enfileurs
enfileuse	f	enfileuses
enfièvrement	m	enfièvrements
enflammation	f	enflammations
enflammement	m	enflammements
enflement	m	enflements
enfleurage	m	enfleurages
enflure	f	enflures
enfléchure	f	enfléchures
enfoiré	m	enfoirés
enfoirée	f	enfoirées
enfoncement	m	enfoncements
enfonceur	m	enfonceurs
enfonceuse	f	enfonceuses
enfonçade	f	enfonçades
enfonçage	m	enfonçages
enfonçure	f	enfonçures
enforestation	f	enforestations
enformage	m	enformages
enfouissage	m	enfouissages
enfouissement	m	enfouissements
enfouisseur	m	enfouisseurs
enfourchement	m	enfourchements
enfourchure	f	enfourchures
enfournage	m	enfournages
enfournement	m	enfournements
enfumage	m	enfumages
enfûtage	m	enfûtages
engageante	f	engageantes
engagement	m	engagements
engagé	m	engagés
engagée	f	engagées
engainage	m	engainages
engainement	m	engainements
engamage	m	engamages
engazonnage	m	engazonnages
engazonnement	m	engazonnements
engeance	f	engeances
engelure	f	engelures
engendrement	m	engendrements
engerbage	m	engerbages
engerbement	m	engerbements
engin	m	engins
engineering	m	engineerings
englacement	m	englacements
englobement	m	englobements
engloutissement	m	engloutissements
engluage	m	engluages
engluement	m	engluements
engobage	m	engobages
engobe	m	engobes
engommage	m	engommages
engoncement	m	engoncements
engonçage	m	engonçages
engorgement	m	engorgements
engouement	m	engouements
engouffrement	m	engouffrements
engoulement	m	engoulements
engoulevent	m	engoulevents
engourdissement	m	engourdissements
engrainage	m	engrainages
engrais	m	engrais
engraissage	m	engraissages
engraissement	m	engraissements
engramme	m	engrammes
engrangement	m	engrangements
engravage	m	engravages
engravement	m	engravements
engravé	m	engravés
engrenage	m	engrenages
engreneur	m	engreneurs
engrois	m	engrois
engrossement	m	engrossements
engrènement	m	engrènements
engueulade	f	engueulades
engueulage	m	engueulages
engueulement	m	engueulements
enguichure	f	enguichures
enguirlandage	m	enguirlandages
enhardissement	m	enhardissements
enharmonie	f	enharmonies
enharnachement	m	enharnachements
enherbage	m	enherbages
enherbement	m	enherbements
enivrement	m	enivrements
enjambage	m	enjambages
enjambement	m	enjambements
enjambée	f	enjambées
enjeu	m	enjeux
enjolivement	m	enjolivements
enjoliveur	m	enjoliveurs
enjolivure	f	enjolivures
enjouement	m	enjouements
enjuivement	m	enjuivements
enjôlement	m	enjôlements
enjôleur	m	enjôleurs
enjôleuse	f	enjôleuses
enkystement	m	enkystements
enképhaline	f	enképhalines
enlacement	m	enlacements
enlaidissement	m	enlaidissements
enlevage	m	enlevages
enlevure	f	enlevures
enliassage	m	enliassages
enliassement	m	enliassements
enlignement	m	enlignements
enlinceulement	m	enlinceulements
enlisage	m	enlisages
enlisement	m	enlisements
enluminage	m	enluminages
enlumineur	m	enlumineurs
enlumineuse	f	enlumineuses
enluminure	f	enluminures
enlève	f	enlèves
enlèvement	m	enlèvements
enneigement	m	enneigements
ennemi	m	ennemis
ennemie	f	ennemies
enniaisement	m	enniaisements
ennoblissement	m	ennoblissements
ennoiement	m	ennoiements
ennoyage	m	ennoyages
ennuagement	m	ennuagements
ennui	m	ennuis
ennéade	f	ennéades
ennéagone	m	ennéagones
enorgueillissement	m	enorgueillissements
enosis	f	enosis
enquerre	f	enquerres
enquiquinement	m	enquiquinements
enquiquineur	m	enquiquineurs
enquiquineuse	f	enquiquineuses
enquête	f	enquêtes
enquêteur	m	enquêteurs
enquêtrice	f	enquêtrices
enquêté	m	enquêtés
enquêtée	f	enquêtées
enracinement	m	enracinements
enragé	m	enragés
enragée	f	enragées
enraidissement	m	enraidissements
enraiement	m	enraiements
enraillement	m	enraillements
enrayage	m	enrayages
enrayement	m	enrayements
enrayoir	m	enrayoirs
enrayure	f	enrayures
enregistrement	m	enregistrements
enregistreur	m	enregistreurs
enrichissement	m	enrichissements
enrobage	m	enrobages
enrobement	m	enrobements
enrobeuse	f	enrobeuses
enrobé	m	enrobés
enrochement	m	enrochements
enrouement	m	enrouements
enrouillement	m	enrouillements
enroulage	m	enroulages
enroulement	m	enroulements
enrouleur	m	enrouleurs
enrouleuse	f	enrouleuses
enrubannement	m	enrubannements
enrégimentement	m	enrégimentements
enrésinement	m	enrésinements
enrênement	m	enrênements
enrôlement	m	enrôlements
enrôleur	m	enrôleurs
enrôlé	m	enrôlés
enrôlée	f	enrôlées
ensablage	m	ensablages
ensablement	m	ensablements
ensachage	m	ensachages
ensachement	m	ensachements
ensacheur	m	ensacheurs
ensacheuse	f	ensacheuses
ensacheuse	f	ensacheuses
ensaisinement	m	ensaisinements
ensanglantement	m	ensanglantements
ensauvagement	m	ensauvagements
enseignant	m	enseignants
enseignante	f	enseignantes
enseignant-chercheur	m	enseignants-chercheurs
enseignement	m	enseignements
enseigné	m	enseignés
enseignée	f	enseignées
ensemble	m	ensembles
ensemblier	m	ensembliers
ensemencement	m	ensemencements
enserrage	m	enserrages
enserrement	m	enserrements
ensevelissement	m	ensevelissements
ensilage	m	ensilages
ensileuse	f	ensileuses
ensimage	m	ensimages
ensoleillage	m	ensoleillages
ensoleillement	m	ensoleillements
ensommeillement	m	ensommeillements
ensorceleur	m	ensorceleurs
ensorceleuse	f	ensorceleuses
ensorcellement	m	ensorcellements
ensorcèlement	m	ensorcèlements
ensouillage	m	ensouillages
ensouillement	m	ensouillements
ensouple	f	ensouples
enstérage	m	enstérages
entablement	m	entablements
entachement	m	entachements
entaillage	m	entaillages
entaille	f	entailles
entaillement	m	entaillements
entame	f	entames
entartrage	m	entartrages
entartrement	m	entartrements
entassement	m	entassements
ente	f	entes
entendement	m	entendements
entendeur	m	entendeurs
entendu	m	entendus
entente	f	ententes
enterrage	m	enterrages
enterrement	m	enterrements
enterré	m	enterrés
enterrée	f	enterrées
enthalpie	f	enthalpies
enthousiasme	m	enthousiasmes
enthymème	m	enthymèmes
entichement	m	entichements
entier	m	entiers
entité	f	entités
entièreté	f	entièretés
entoilage	m	entoilages
entoir	m	entoirs
entolome	m	entolomes
entomologie	f	entomologies
entomophage	m	entomophages
entomostracé	m	entomostracés
entonnage	m	entonnages
entonnaison	f	entonnaisons
entonnement	m	entonnements
entonnoir	m	entonnoirs
entorse	f	entorses
entortillage	m	entortillages
entortillement	m	entortillements
entour	m	entours
entourage	m	entourages
entourloupette	f	entourloupettes
entournure	f	entournures
entr'ouvrement	m	entr'ouvrements
entracte	m	entractes
entraide	f	entraides
entrain	m	entrains
entrait	m	entraits
entrance	f	entrances
entrant	m	entrants
entrave	f	entraves
entravement	m	entravements
entraînement	m	entraînements
entraîneur	m	entraîneurs
entraîneuse	f	entraîneuses
entre-bande	m	entre-bandes
entre-deux	m	entre-deux
entre-deux-guerres	m	entre-deux-guerres
entre-jambes	m	entre-jambes
entre-ligne	m	entre-lignes
entre-nerf	m	entre-nerf
entre-nerfs	m	entre-nerfs
entre-noeud	m	entre-noeuds
entre-rail	m	entre-rails
entrebâillement	m	entrebâillements
entrebâilleur	m	entrebâilleurs
entrechat	m	entrechats
entrechoc	m	entrechocs
entrechoquement	m	entrechoquements
entrecoupement	m	entrecoupements
entrecoupure	f	entrecoupures
entrecroisement	m	entrecroisements
entrecuisse	m	entrecuisses
entrecôte	f	entrecôtes
entrefenêtre	m	entrefenêtres
entrefer	m	entrefers
entrefilet	m	entrefilets
entregent	m	entregents
entreillage	m	entreillages
entrejambe	m	entrejambes
entrelacement	m	entrelacements
entrelacs	m	entrelacs
entrelardement	m	entrelardements
entrelaçage	m	entrelaçages
entremangement	m	entremangements
entremangerie	f	entremangeries
entremets	m	entremets
entremetteur	m	entremetteurs
entremetteuse	f	entremetteuses
entremise	f	entremises
entremêlement	m	entremêlements
entrepont	m	entreponts
entreposage	m	entreposages
entreposement	m	entreposements
entreposeur	m	entreposeurs
entreprenant	m	entreprenants
entreprenante	f	entreprenantes
entreprenariat	m	entreprenariats
entrepreneur	m	entrepreneurs
entrepreneuse	f	entrepreneuses
entreprise	f	entreprises
entrepôt	m	entrepôts
entresol	m	entresols
entretaille	f	entretailles
entretaillure	f	entretaillures
entretenage	m	entretenages
entretenu	m	entretenus
entretenue	f	entretenues
entretien	m	entretiens
entretissage	m	entretissages
entretoise	f	entretoises
entretoisement	m	entretoisements
entretènement	m	entretènements
entrevision	f	entrevisions
entrevoie	f	entrevoies
entrevous	m	entrevous
entrevue	f	entrevues
entrisme	m	entrismes
entropie	f	entropies
entropion	m	entropions
entroque	m	entroques
entrouverture	f	entrouvertures
entrée	f	entrées
entubage	m	entubages
enture	f	entures
entéléchie	f	entéléchies
entéralgie	f	entéralgies
entérination	f	entérinations
entérinement	m	entérinements
entérite	f	entérites
entérobactérie	f	entérobactéries
entérocolite	f	entérocolites
entérocoque	m	entérocoques
entérokinase	f	entérokinases
entéropathie	f	entéropathies
entéropneuste	m	entéropneustes
entérovaccin	m	entérovaccins
entêtement	m	entêtements
entêté	m	entêtés
entêtée	f	entêtées
entôlage	m	entôlages
envahissement	m	envahissements
envahisseur	m	envahisseurs
envasement	m	envasements
enveloppage	m	enveloppages
enveloppante	f	enveloppantes
enveloppe	f	enveloppes
enveloppement	m	enveloppements
enveloppé	m	enveloppés
enveloppée	f	enveloppées
envenimation	f	envenimations
envenimement	m	envenimements
envergement	m	envergements
envergure	f	envergures
envers	m	envers
envi	m	envis
envidage	m	envidages
envie	f	envies
envieux	m	envieux
envieuse	f	envieuses
environnement	m	environnements
envisagement	m	envisagements
envoi	m	envois
envoilement	m	envoilements
envol	m	envols
envolement	m	envolements
envolée	f	envolées
envoyeur	m	envoyeurs
envoyeuse	f	envoyeuses
envoyé	m	envoyés
envoyée	f	envoyées
envoûtement	m	envoûtements
envoûteur	m	envoûteurs
enzootie	f	enzooties
enzymologie	f	enzymologies
enzymopathie	f	enzymopathies
epsilon	m	epsilon
epsomite	f	epsomites
erbine	f	erbines
erbium	m	erbiums
erg	m	ergs
ergastule	m	ergastules
ergographe	m	ergographes
ergonomie	f	ergonomies
ergopeptine	f	ergopeptines
ergostérol	m	ergostérols
ergot	m	ergots
ergotage	m	ergotages
ergotamine	f	ergotamines
ergotement	m	ergotements
ergoterie	f	ergoteries
ergoteur	m	ergoteurs
ergoteuse	f	ergoteuses
ergothérapie	f	ergothérapies
ergotine	f	ergotines
ergotisation	f	ergotisations
ergotisme	m	ergotismes
ermitage	m	ermitages
ermite	m	ermites
erpétologie	f	erpétologies
errance	f	errances
errante	f	errantes
erratum	m	errata
erre	f	erres
errement	m	errements
erreur	f	erreurs
ers	m	ers
ersatz	m	ersatz
erseau	m	erseaus
esbaudissement	m	esbaudissements
esbroufe	f	esbroufes
esbroufeur	m	esbroufeurs
esbroufeuse	f	esbroufeuses
esbrouffe	f	esbrouffes
esbrouffeur	m	esbrouffeurs
esbrouffeuse	f	esbrouffeuses
escabeau	m	escabeaux
escabelle	f	escabelles
escadre	f	escadres
escadrille	f	escadrilles
escadron	m	escadrons
escalade	f	escalades
escalator	m	escalators
escale	f	escales
escalier	m	escaliers
escalope	f	escalopes
escamotage	m	escamotages
escamoteur	m	escamoteurs
escamoteuse	f	escamoteuses
escampette	f	escampettes
escapade	f	escapades
escape	f	escapes
escarbille	f	escarbilles
escarbot	m	escarbots
escarboucle	f	escarboucles
escarcelle	f	escarcelles
escargot	m	escargots
escargotière	f	escargotières
escarmouche	f	escarmouches
escarole	f	escaroles
escarpement	m	escarpements
escarpin	m	escarpins
escarpolette	f	escarpolettes
escarre	f	escarres
escarrification	f	escarrifications
eschage	m	eschages
eschatologie	f	eschatologies
esche	f	esches
escient	m	escients
esclaffade	f	esclaffades
esclaffage	m	esclaffages
esclaffement	m	esclaffements
esclafferie	f	esclafferies
esclandre	m	esclandres
esclavage	m	esclavages
esclavagisme	m	esclavagismes
esclavon	m	esclavons
esclavonne	f	esclavonnes
escobar	m	escobars
escobarderie	f	escobarderies
escogriffe	m	escogriffes
escomptage	m	escomptages
escompte	m	escomptes
escompteur	m	escompteurs
escopette	f	escopettes
escorte	f	escortes
escot	m	escots
escouade	f	escouades
escourgeon	m	escourgeons
escrime	f	escrimes
escrimeur	m	escrimeurs
escrimeuse	f	escrimeuses
escroquerie	f	escroqueries
escudo	m	escudos
esculape	m	esculapes
esculine	f	esculines
esgourde	f	esgourdes
eskuara	m	eskuaras
eskuarien	m	eskuariens
espace-temps	m	espaces-temps
espacement	m	espacements
espada	f	espadas
espadon	m	espadons
espadrille	f	espadrilles
espagnol	m	espagnols
espagnole	f	espagnoles
espagnolette	f	espagnolettes
espagnolisme	m	espagnolismes
espalier	m	espaliers
espalmage	m	espalmages
espar	m	espars
esparcet	m	esparcets
esparcette	f	esparcettes
espingole	f	espingoles
espion	m	espions
espionne	f	espionnes
espionite	f	espionites
espionnage	m	espionnages
espionnite	f	espionnites
espièglerie	f	espiègleries
esplanade	f	esplanades
espoir	m	espoirs
esponton	m	espontons
esprit	m	esprits
esprit-de-bois	m	esprit-de-bois
esprit-de-sel	m	esprit-de-sels
esprit-de-vin	m	esprit-de-vins
espèce	f	espèces
espérance	f	espérances
espéranto	m	espérantos
esquarre	f	esquarres
esquiche	f	esquiches
esquif	m	esquifs
esquille	f	esquilles
esquimau	m	esquimaux
esquimaude	f	esquimaudes
esquimautage	m	esquimautages
esquire	m	esquires
esquisse	f	esquisses
esquive	f	esquives
essai	m	essais
essaim	m	essaims
essaimage	m	essaimages
essangeage	m	essangeages
essanvage	m	essanvages
essartage	m	essartages
essartement	m	essartements
essayage	m	essayages
essayement	m	essayements
essayeur	m	essayeurs
essayeuse	f	essayeuses
esse	f	esses
essence	f	essences
essentialisation	f	essentialisations
essentialisme	m	essentialismes
essentiel	m	essentiels
esseulé	m	esseulés
esseulée	f	esseulées
essieu	m	essieux
essimplage	m	essimplages
essor	m	essors
essorage	m	essorages
essoreuse	f	essoreuses
essorillage	m	essorillages
essorillement	m	essorillements
essouchage	m	essouchages
essouchement	m	essouchements
essoufflement	m	essoufflements
essuie	m	essuies
essuie-glace	m	essuie-glace
essuie-glaces	m	essuie-glaces
essuie-main	m	essuie-main
essuie-mains	m	essuie-mains
essuie-meubles	m	essuie-meubles
essuie-pieds	m	essuie-pieds
essuie-plume	m	essuie-plume
essuie-verres	m	essuie-verres
essuiement	m	essuiements
essuyage	m	essuyages
essuyement	m	essuyements
essuyette	f	essuyettes
essuyeur	m	essuyeurs
essuyeuse	f	essuyeuses
essénien	m	esséniens
est	m	ests
establishment	m	establishments
estacade	f	estacades
estafette	f	estafettes
estafier	m	estafiers
estafilade	f	estafilades
estagnon	m	estagnons
estaminet	m	estaminets
estampage	m	estampages
estampe	f	estampes
estampeur	m	estampeurs
estampillage	m	estampillages
estampille	f	estampilles
estampillement	m	estampillements
estancia	f	estancias
estarie	f	estaries
ester	m	esters
esterlin	m	esterlins
esthésie	f	esthésies
esthéticien	m	esthéticiens
esthéticienne	f	esthéticiennes
esthétique	f	esthétiques
esthétisation	f	esthétisations
esthétisme	m	esthétismes
estimateur	m	estimateurs
estimation	f	estimations
estime	m	estimes
estivage	m	estivages
estivant	m	estivants
estivante	f	estivantes
estivation	f	estivations
estive	f	estives
estoc	m	estocs
estocade	f	estocades
estomac	m	estomacs
estompage	m	estompages
estompe	f	estompes
estompement	m	estompements
estonien	m	estoniens
estonienne	f	estoniennes
estoppel	m	estoppels
estouffade	f	estouffades
estrade	f	estrades
estradiot	m	estradiots
estragon	m	estragons
estran	m	estrans
estrapade	f	estrapades
estrogène	m	estrogènes
estrope	f	estropes
estropiage	m	estropiages
estropiaison	f	estropiaisons
estropiement	m	estropiements
estropié	m	estropiés
estropiée	f	estropiées
estuaire	m	estuaires
esturgeon	m	esturgeons
estérase	f	estérases
estérification	f	estérifications
ethnicisation	f	ethnicisations
ethnicisme	m	ethnicismes
ethnicité	f	ethnicités
ethnie	f	ethnies
ethnique	m	ethniques
ethnocentrisme	m	ethnocentrismes
ethnocide	m	ethnocides
ethnocratisme	m	ethnocratismes
ethnographie	f	ethnographies
ethnologie	f	ethnologies
eucalyptol	m	eucalyptols
eucalyptus	m	eucalyptus
eucaryote	m	eucaryotes
eucharistie	f	eucharisties
eucologe	m	eucologes
eudiomètre	m	eudiomètres
eudiométrie	f	eudiométries
eudiste	m	eudistes
eudémis	m	eudémis
eudémonisme	m	eudémonismes
euglène	f	euglènes
eugénate	m	eugénates
eugénique	f	eugéniques
eugénisme	m	eugénismes
eunecte	m	eunectes
eunuque	m	eunuques
eupatoire	f	eupatoires
eupeptique	m	eupeptiques
euphonie	f	euphonies
euphorbe	f	euphorbes
euphorie	f	euphories
euphorisant	m	euphorisants
euphorisation	f	euphorisations
euphuisme	m	euphuismes
euphémisme	m	euphémismes
eurafricain	m	eurafricains
eurasien	m	eurasiens
eurasienne	f	eurasiennes
euro	m	euros
eurocommunisme	m	eurocommunismes
eurocratie	f	eurocraties
eurodevise	f	eurodevises
eurodollar	m	eurodollars
euromarché	m	euromarchés
euromissile	m	euromissiles
europium	m	europiums
européanisation	f	européanisations
européanisme	m	européanismes
européanité	f	européanités
européen	m	européens
européenne	f	européennes
européisme	m	européismes
européocentrisme	m	européocentrismes
euroscepticisme	m	euroscepticismes
eurovision	f	eurovisions
euroyen	m	euroyens
eurythmie	f	eurythmies
eustache	m	eustaches
eustatisme	m	eustatismes
eutectique	m	eutectiques
eutexie	f	eutexies
euthanasie	f	euthanasies
eutrophisation	f	eutrophisations
event	m	events
evzone	m	evzones
ex-libris	m	ex-libris
ex-voto	m	ex-voto
exacerbation	f	exacerbations
exaction	f	exactions
exactitude	f	exactitudes
exagérateur	m	exagérateurs
exagératrice	f	exagératrices
exagération	f	exagérations
exaltation	f	exaltations
exalté	m	exaltés
exaltée	f	exaltées
examen	m	exam
examinateur	m	examinateurs
examinatrice	f	examinatrices
examination	f	examinations
exanthème	m	exanthèmes
exarchat	m	exarchats
exarque	m	exarques
exaspération	f	exaspérations
exaucement	m	exaucements
excavateur	m	excavateurs
excavatrice	f	excavatrices
excavation	f	excavations
excellence	f	excellences
excentrage	m	excentrages
excentration	f	excentrations
excentrement	m	excentrements
excentricité	f	excentricités
exception	f	exceptions
exceptionnalisme	m	exceptionnalismes
exceptionnalité	f	exceptionnalités
exceptionnel	m	exceptionnels
excessif	m	excessifs
excipient	m	excipients
excise	f	excises
exciseur	m	exciseurs
exciseuse	f	exciseuses
excision	f	excisions
excitabilité	f	excitabilités
excitant	m	excitants
excitateur	m	excitateurs
excitatrice	f	excitatrices
excitation	f	excitations
excitatrice	f	excitatrices
excitement	m	excitements
excité	m	excités
excitée	f	excitées
exclamation	f	exclamations
exclamative	f	exclamatives
exclu	m	exclus
exclue	f	exclues
exclusif	m	exclusifs
exclusion	f	exclusions
exclusive	f	exclusives
exclusivisme	m	exclusivismes
exclusivité	f	exclusivités
excogitation	f	excogitations
excommunication	f	excommunications
excommunié	m	excommuniés
excommuniée	f	excommuniées
excoriation	f	excoriations
excroissance	f	excroissances
excrément	m	excréments
excrétion	f	excrétions
excursion	f	excursions
excusabilité	f	excusabilités
excuse	f	excuses
excès	m	excès
excédent	m	excédents
exeat	m	exeat
exemplaire	m	exemplaires
exemplarisation	f	exemplarisations
exemplarité	f	exemplarités
exemple	m	ex..
exemplification	f	exemplifications
exempt	m	exempts
exemption	f	exemptions
exempté	m	exemptés
exemptée	f	exemptées
exequatur	m	exequatur
exercice	m	exercices
exerciseur	m	exerciseurs
exergue	m	exergues
exfoliant	m	exfoliants
exfoliation	f	exfoliations
exhalaison	f	exhalaisons
exhalation	f	exhalations
exhaure	f	exhaures
exhaussement	m	exhaussements
exhausteur	m	exhausteurs
exhaustivité	f	exhaustivités
exhibition	f	exhibitions
exhibitionnisme	m	exhibitionnismes
exhilaration	f	exhilarations
exhortation	f	exhortations
exhumation	f	exhumations
exhérédation	f	exhérédations
exhérédé	m	exhérédés
exigence	f	exigences
exigibilité	f	exigibilités
exiguïté	f	exiguïtés
exil	m	exils
exilé	m	exilés
exilée	f	exilées
existant	m	existants
existence	f	existences
existentialisme	m	existentialismes
exit	m	exit
exocarpe	m	exocarpes
exocet	m	exocets
exogamie	f	exogamies
exondation	f	exondations
exondement	m	exondements
exonération	f	exonérations
exophtalmie	f	exophtalmies
exoration	f	exorations
exorbitation	f	exorbitations
exorcisation	f	exorcisations
exorciseur	m	exorciseurs
exorcisme	m	exorcismes
exorciste	m	exorcistes
exorde	m	exordes
exoréisme	m	exoréismes
exosmose	f	exosmoses
exosphère	f	exosphères
exostose	f	exostoses
exotisme	m	exotismes
exotoxine	f	exotoxines
expansibilité	f	expansibilités
expansion	f	expansions
expansionnisme	m	expansionnismes
expansivité	f	expansivités
expatriation	f	expatriations
expatriement	m	expatriements
expatrié	m	expatriés
expatriée	f	expatriées
expectation	f	expectations
expectative	f	expectatives
expectorant	m	expectorants
expectoration	f	expectorations
expert-comptable	m	experts-comptables
expertisation	f	expertisations
expertise	f	expertises
expiation	f	expiations
expirateur	m	expirateurs
expiration	f	expirations
explant	m	explants
explantation	f	explantations
explication	f	explications
explicitation	f	explicitations
exploit	m	exploits
exploitabilité	f	exploitabilités
exploitant	m	exploitants
exploitante	f	exploitantes
exploitation	f	exploitations
exploiteur	m	exploiteurs
exploiteuse	f	exploiteuses
exploité	m	exploités
exploitée	f	exploitées
explorateur	m	explorateurs
exploratrice	f	exploratrices
exploration	f	explorations
exploratrice	f	exploratrices
exploseur	m	exploseurs
explosif	m	explosifs
explosion	f	explosions
explosive	f	explosives
exponentielle	f	exponentielles
export	m	exports
exportateur	m	exportateurs
exportatrice	f	exportatrices
exportation	f	exportations
exposant	m	exposants
exposante	f	exposantes
exposition	f	expo
exposé	m	exposés
express	m	express
expression	f	expressions
expressionnisme	m	expressionnismes
expressivité	f	expressivités
exprimage	m	exprimages
expromission	f	expromissions
expropriant	m	expropriants
expropriateur	m	expropriateurs
expropriatrice	f	expropriatrices
expropriation	f	expropriations
exproprié	m	expropriés
expropriée	f	expropriées
exprès	m	exprès
expulsion	f	expulsions
expulsé	m	expulsés
expulsée	f	expulsées
expurgation	f	expurgations
expédient	m	expédients
expéditeur	m	expéditeurs
expéditrice	f	expéditrices
expédition	f	expéditions
expérience	f	expériences
expérimentateur	m	expérimentateurs
expérimentatrice	f	expérimentatrices
expérimentation	f	expérimentations
exquis	m	exquis
exsanguination	f	exsanguinations
exstrophie	f	exstrophies
exsudat	m	exsudats
exsudation	f	exsudations
extase	f	extases
extendeur	m	extendeurs
extenseur	m	extenseurs
extensibilité	f	extensibilités
extension	f	extensions
extensomètre	m	extensomètres
exterminateur	m	exterminateurs
exterminatrice	f	exterminatrices
extermination	f	exterminations
exterminisme	m	exterminismes
externalisation	f	externalisations
externalité	f	externalités
externat	m	externats
exterritorialité	f	exterritorialités
extincteur	m	extincteurs
extinction	f	extinctions
extirpage	m	extirpages
extirpateur	m	extirpateurs
extirpation	f	extirpations
extorqueur	m	extorqueurs
extorqueuse	f	extorqueuses
extorsion	f	extorsions
extra	m	extra
extracteur	m	extracteurs
extraction	f	extractions
extradition	f	extraditions
extrados	m	extrados
extrait	m	extraits
extranet	m	extranets
extranéité	f	extranéités
extrapolation	f	extrapolations
extrasystole	f	extrasystoles
extraterritorialité	f	extraterritorialités
extravagance	f	extravagances
extravagant	m	extravagants
extravagante	f	extravagantes
extravasation	f	extravasations
extravasement	m	extravasements
extravasion	f	extravasions
extraversion	f	extraversions
extraverti	m	extravertis
extravertie	f	extraverties
extremum	m	extremums
extroverti	m	extrovertis
extrovertie	f	extroverties
extrudeur	m	extrudeurs
extrudeuse	f	extrudeuses
extrusion	f	extrusions
extrémisation	f	extrémisations
extrémisme	m	extrémismes
extrémité	f	extrémités
extrême	m	extrêmes
extrême-onction	f	extrême-onctions
exténuation	f	exténuations
exténuement	m	exténuements
exténument	m	exténuments
extérieur	m	extérieurs
extériorisation	f	extériorisations
extériorité	f	extériorités
extérocepteur	m	extérocepteurs
extéroceptivité	f	extéroceptivités
exubérance	f	exubérances
exulcération	f	exulcérations
exultance	f	exultances
exultation	f	exultations
exultet	m	exultets
exutoire	m	exutoires
exuvie	f	exuvies
exèdre	f	exèdres
exécration	f	exécrations
exécutant	m	exécutants
exécutante	f	exécutantes
exécuteur	m	exécuteurs
exécutrice	f	exécutrices
exécutif	m	exécutifs
exécution	f	exécutions
exécutive	f	exécutives
exécutoire	m	exécutoires
exégèse	f	exégèses
eye	m	eyes
eye-liner	m	eye-liners
fa	m	fa
fable	f	fables
fabliau	m	fabliaux
fablier	m	fabliers
fabricant	m	fabricants
fabricateur	m	fabricateurs
fabricatrice	f	fabricatrices
fabrication	f	fabrications
fabricien	m	fabriciens
fabrique	f	fabriques
fabulateur	m	fabulateurs
fabulatrice	f	fabulatrices
fabulation	f	fabulations
fac	f	facs
fac-similé	m	fac-similé
face	f	faces
face-à-face	m	face-à-face
facetage	m	facetages
facettage	m	facettages
facette	f	facettes
facial	m	faciaux
facilitateur	m	facilitateurs
facilitatrice	f	facilitatrices
facilitation	f	facilitations
facilité	f	facilités
faciès	m	faciès
faconde	f	facondes
factage	m	factages
facteur	m	facteurs
factrice	f	factrices
factice	m	factices
facticité	f	facticités
factieux	m	factieux
factieuse	f	factieuses
faction	f	factions
factionnalisme	m	factionnalismes
factor	m	factors
factorage	m	factorages
factorerie	f	factoreries
factorielle	f	factorielles
factoring	m	factorings
factorisation	f	factorisations
factotum	m	factotums
factum	m	factums
facturation	f	facturations
facture	f	factures
facturette	f	facturettes
facturier	m	facturiers
facturière	f	facturières
faculté	f	facultés
facétie	f	facéties
facétieux	m	facétieux
facétieuse	f	facétieuses
fadaise	f	fadaises
fadasserie	f	fadasseries
fade	m	fades
fadeur	f	fadeurs
fading	m	fadings
fado	m	fados
faena	f	faenas
fafiot	m	fafiots
fagale	f	fagales
fagne	f	fagnes
fagot	m	fagots
fagotage	m	fagotages
fagotier	m	fagotiers
fagotin	m	fagotins
faiblard	m	faiblards
faiblarde	f	faiblardes
faiblesse	f	faiblesses
faiblissement	m	faiblissements
faignant	m	faignants
faignante	f	faignantes
faille	f	failles
failli	m	faillis
faillie	f	faillies
faillibilité	f	faillibilités
faillite	f	faillites
faim	f	faims
faine	f	faines
fainéant	m	fainéants
fainéante	f	fainéantes
fainéantise	f	fainéantises
fair-play	m	fair-play
faire-part	m	faire-part
faire-valoir	m	faire-valoir
faisabilité	f	faisabilités
faisan	m	faisans
faisane	f	faisanes
faisandage	m	faisandages
faisandeau	m	faisandeaux
faisanderie	f	faisanderies
faisane	f	faisanes
faisceau	m	faisceaus
faiseur	m	faiseurs
faiseuse	f	faiseuses
faisselle	f	faisselles
fait	m	faits
fait-tout	m	fait-tout
faitout	m	faitouts
faix	m	faix
fajita	f	fajitas
fakir	m	fakirs
fakirisme	m	fakirismes
falacha	f	falachas
falaise	f	falaises
falarique	f	falariques
falbala	m	falbalas
falconidé	m	falconidés
faldistoire	m	faldistoires
falerne	m	falernes
falot	m	falots
falourde	f	falourdes
falsifiabilité	f	falsifiabilités
falsificateur	m	falsificateurs
falsificatrice	f	falsificatrices
falsification	f	falsifications
faluche	f	faluches
falun	m	faluns
falunière	f	falunières
falzar	m	falzars
familiale	f	familiales
familiarisation	f	familiarisations
familiarité	f	familiarités
familier	m	familiers
familière	f	familières
familistère	m	familistères
famille	f	familles
famine	f	famines
fanage	m	fanages
fanaison	f	fanaisons
fanal	m	fanaux
fanatisation	f	fanatisations
fanatisme	m	fanatismes
fandango	m	fandangos
fane	f	fanes
fanerie	f	faneries
faneur	m	faneurs
faneuse	f	faneuses
fanfare	f	fanfares
fanfaron	m	fanfarons
fanfaronne	f	fanfaronnes
fanfaronnade	f	fanfaronnades
fanfreluche	f	fanfreluches
fange	f	fanges
fangothérapie	f	fangothérapies
fanion	m	fanions
fanon	m	fanons
fantaisie	f	fantaisies
fantasia	f	fantasias
fantasmagorie	f	fantasmagories
fantasme	m	fantasmes
fantassin	m	fantassins
fantastique	m	fantastiques
fantasy	f	fantasys
fanton	m	fantons
fantôme	m	fantômes
fanum	m	fanums
fanure	f	fanures
fanzine	m	fanzines
faon	m	faons
faonnage	m	faonnages
faquin	m	faquins
far	m	fars
farad	m	farads
faraday	m	faradays
faradisation	f	faradisations
farandole	f	farandoles
faraud	m	farauds
faraude	f	faraudes
farce	f	farces
farceur	m	farceurs
farceuse	f	farceuses
farci	m	farcis
farcin	m	farcins
farcissage	m	farcissages
fard	m	fards
fardage	m	fardages
farde	f	fardes
fardeau	m	fardeaux
fardier	m	fardiers
fardée	f	fardées
farfadet	m	farfadets
farfelu	m	farfelus
farfelue	f	farfelues
farfouillage	m	farfouillages
farfouillement	m	farfouillements
farfouillis	m	farfouillis
fargue	f	fargues
faribole	f	fariboles
farigoule	f	farigoules
farinage	m	farinages
farine	f	farines
farineux	m	farineux
farlouse	f	farlouses
farmer	m	farmers
farniente	m	farnientes
faro	m	faros
farouch	m	farouchs
farrago	m	farragos
farsi	m	farsis
farsie	f	farsies
fart	m	farts
fartage	m	fartages
fascia	m	fascias
fasciation	f	fasciations
fascicule	m	fasc.
fascinage	m	fascinages
fascinateur	m	fascinateurs
fascinatrice	f	fascinatrices
fascination	f	fascinations
fascine	f	fascines
fascisant	m	fascisants
fascisante	f	fascisantes
fascisation	f	fascisations
fascisme	m	fascismes
faseillage	m	faseillages
faseyement	m	faseyements
fast-food	m	fast-foods
faste	m	fastes
fat	m	fats
fatalisation	f	fatalisations
fatalisme	m	fatalismes
fatalité	f	fatalités
fatigabilité	f	fatigabilités
fatigue	f	fatigues
fatma	f	fatmas
fatras	m	fatras
fatrasie	f	fatrasies
fatuité	f	fatuités
fatum	m	fatums
fauber	m	faubers
faubert	m	fauberts
faubourg	m	faubourgs
faubourien	m	faubouriens
faubourienne	f	faubouriennes
faucard	m	faucards
faucardage	m	faucardages
faucardement	m	faucardements
faucardeur	m	faucardeurs
fauchage	m	fauchages
fauchaille	f	fauchailles
fauchaison	f	fauchaisons
fauchard	m	fauchards
fauche	f	fauches
fauchement	m	fauchements
faucherie	f	faucheries
fauchet	m	fauchets
fauchette	f	fauchettes
faucheur	m	faucheurs
faucheuse	f	faucheuses
faucheux	m	faucheux
fauchon	m	fauchons
fauché	m	fauchés
fauchée	f	fauchées
fauchée	f	fauchées
faucillage	m	faucillages
faucille	f	faucilles
faucillon	m	faucillons
faucon	m	faucons
fauconneau	m	fauconneaux
fauconnerie	f	fauconneries
fauconnier	m	fauconniers
fauconnière	f	fauconnières
fauconnière	f	fauconnières
faucre	m	faucres
faufil	m	faufils
faufilage	m	faufilages
faufilement	m	faufilements
faufilure	f	faufilures
faune	m	faunes
faune	f	faunes
faunesse	f	faunesses
faunique	f	fauniques
faussement	m	faussements
fausset	m	faussets
fausseté	f	faussetés
faute	f	fautes
fauteuil	m	fauteuils
fauteur	m	fauteurs
fautrice	f	fautrices
fautif	m	fautifs
fautive	f	fautives
fauve	m	fauves
fauverie	f	fauveries
fauvette	f	fauvettes
fauvisme	m	fauvismes
faux	m	faux
fausse	f	fausses
faux-bourdon	m	faux-bourdons
faux-filet	m	faux-filets
faux-fuyant	m	faux-fuyants
faux-monnayeur	m	faux-monnayeurs
faux-pas	m	faux-pas
faux-pont	m	faux-ponts
faux-semblant	m	faux-semblants
favela	f	favelas
faverole	f	faveroles
faveur	f	faveurs
favori	m	favoris
favorite	f	favorites
favorisation	f	favorisations
favorisé	m	favorisés
favorisée	f	favorisées
favorite	f	favorites
favoritisme	m	favoritismes
favus	m	favus
fax	m	fax
fayard	m	fayards
fayot	m	fayots
fayotage	m	fayotages
fazenda	f	fazendas
façade	f	façades
façon	f	façons
façonnage	m	façonnages
façonnement	m	façonnements
façonnerie	f	façonneries
faîne	f	faînes
faîtage	m	faîtages
faîte	m	faîtes
faîteau	m	faîteaux
faîtière	f	faîtières
faïence	f	faïences
faïencerie	f	faïenceries
faïencier	m	faïenciers
fedayin	m	fedayins
feedback	m	feedbacks
feeling	m	feelings
feignant	m	feignants
feignante	f	feignantes
feignasse	f	feignasses
feinte	f	feintes
feinteur	m	feinteurs
feintise	f	feintises
feldspath	m	feldspaths
feldspathoïde	m	feldspathoïdes
feldwebel	m	feldwebels
fellaga	m	fellagas
fellagha	m	fellaghas
fellah	m	fellahs
fellation	f	fellations
felouque	f	felouques
femelle	f	femelles
femme	f	femmes
femmelette	f	femmelettes
femtoseconde	f	femtosecondes
fenaison	f	fenaisons
fendage	m	fendages
fendant	m	fendants
fendard	m	fendards
fendart	m	fendarts
fenderie	f	fenderies
fendeur	m	fendeurs
fendeuse	f	fendeuses
fendillement	m	fendillements
fendis	m	fendis
fendoir	m	fendoirs
fendu	m	fendus
fenestrage	m	fenestrages
fenestration	f	fenestrations
fenestron	m	fenestrons
fenian	m	fenians
fenil	m	fenils
fennec	m	fennecs
fenouil	m	fenouils
fenouillet	m	fenouillets
fenouillette	f	fenouillettes
fente	f	fentes
fenton	m	fentons
fenugrec	m	fenugrecs
fenêtrage	m	fenêtrages
fenêtre	f	fenêtres
fer	m	fers
fer-blanc	m	fers-blancs
ferblanterie	f	ferblanteries
ferblantier	m	ferblantiers
ferlage	m	ferlages
fermage	m	fermages
fermail	m	fermaux
ferme	f	fermes
fermement	m	fermements
ferment	m	ferments
fermentation	f	fermentations
fermentescibilité	f	fermentescibilités
fermenteur	m	fermenteurs
fermette	f	fermettes
fermeture	f	fermetures
fermeté	f	fermetés
fermi	m	fermis
fermier	m	fermiers
fermière	f	fermières
fermion	m	fermions
fermium	m	fermiums
fermoir	m	fermoirs
fermé	m	fermés
ferrade	f	ferrades
ferrage	m	ferrages
ferraillade	f	ferraillades
ferraillage	m	ferraillages
ferraille	f	ferrailles
ferraillement	m	ferraillements
ferraillerie	f	ferrailleries
ferrailleur	m	ferrailleurs
ferrandine	f	ferrandines
ferrat	m	ferrats
ferrate	m	ferrates
ferratier	m	ferratiers
ferrement	m	ferrements
ferret	m	ferrets
ferretier	m	ferretiers
ferreur	m	ferreurs
ferricyanure	m	ferricyanures
ferrimagnétisme	m	ferrimagnétismes
ferritinémie	f	ferritinémies
ferrochrome	m	ferrochromes
ferrocérium	m	ferrocériums
ferromagnétisme	m	ferromagnétismes
ferromanganèse	m	ferromanganèses
ferromolybdène	m	ferromolybdènes
ferronickel	m	ferronickels
ferronnerie	f	ferronneries
ferronnier	m	ferronniers
ferronnière	f	ferronnières
ferronnière	f	ferronnières
ferroprussiate	m	ferroprussiates
ferrotypie	f	ferrotypies
ferroutage	m	ferroutages
ferrure	f	ferrures
ferry	m	ferries
ferry-boat	m	ferry-boats
ferrédoxine	f	ferrédoxines
fertilisant	m	fertilisants
fertilisation	f	fertilisations
fertilité	f	fertilités
fervent	m	fervents
fervente	f	ferventes
ferveur	f	ferveurs
fesse	f	fesses
fessier	m	fessiers
fessée	f	fessées
festin	m	festins
festival	m	festivals
festivité	f	festivités
festoiement	m	festoiements
festoierie	f	festoieries
feston	m	festons
festonnage	m	festonnages
festonnement	m	festonnements
feu	m	feux
feuil	m	feuils
feuillage	m	feuillages
feuillaison	f	feuillaisons
feuillantine	f	feuillantines
feuille	f	feuilles
feuille-morte	f	feuille-mortes
feuilleret	m	feuillerets
feuillet	m	feuillets
feuilletage	m	feuilletages
feuilletement	m	feuilletements
feuilletis	m	feuilletis
feuilleton	m	feuilletons
feuilletonisation	f	feuilletonisations
feuillette	f	feuillettes
feuilleté	m	feuilletés
feuillu	m	feuillus
feuillure	f	feuillures
feuillé	m	feuillés
feuillée	f	feuillées
feulement	m	feulements
feutrage	m	feutrages
feutre	m	feutres
feutrine	f	feutrines
fez	m	fez
fiabilisation	f	fiabilisations
fiabilité	f	fiabilités
fiacre	m	fiacres
fiancé	m	fiancés
fiancée	f	fiancées
fiancée	f	fiancées
fiançaille	f	fiançailles
fiasco	m	fiascos
fiasque	f	fiasques
fiat	m	fiat
fibranne	f	fibrannes
fibre	f	fibres
fibrillation	f	fibrillations
fibrine	f	fibrines
fibrinogène	m	fibrinogènes
fibrinolyse	f	fibrinolyses
fibroblaste	m	fibroblastes
fibrocartilage	m	fibrocartilages
fibrociment	m	fibrociments
fibromatose	f	fibromatoses
fibrome	m	fibromes
fibromyalgie	f	fibromyalgies
fibromyome	m	fibromyomes
fibroscope	m	fibroscopes
fibroscopie	f	fibroscopies
fibrose	f	fibroses
fibroïne	f	fibroïnes
fibule	f	fibules
fic	m	fics
ficaire	f	ficaires
ficelage	m	ficelages
ficelle	f	ficelles
ficellerie	f	ficelleries
fichage	m	fichages
fiche	f	fiches
fichet	m	fichets
fichier	m	fichiers
fichisme	m	fichismes
fichoir	m	fichoirs
fichu	m	fichus
fiction	f	fictions
ficus	m	ficus
ficèlement	m	ficèlements
fiduciaire	m	fiduciaires
fiducie	f	fiducies
fidéicommis	m	fidéicommis
fidéicommissaire	m	fidéicommissaires
fidéisme	m	fidéismes
fidéjusseur	m	fidéjusseurs
fidéjussion	f	fidéjussions
fidélisation	f	fidélisations
fidélité	f	fidélités
fief	m	fiefs
fiel	m	fiels
fiente	f	fientes
fientement	m	fientements
fier-à-bras	m	fiers-à-bras
fierté	f	fiertés
fiesta	f	fiestas
fieu	m	fieux
fifille	f	fifilles
fifre	m	fifres
fifrelin	m	fifrelins
fifty	m	fiftys
figaro	m	figaros
figeage	m	figeages
figement	m	figements
fignolage	m	fignolages
fignolement	m	fignolements
fignoleur	m	fignoleurs
figue	f	figues
figuerie	f	figueries
figuier	m	figuiers
figuline	f	figulines
figurant	m	figurants
figurante	f	figurantes
figuratif	m	figuratifs
figurative	f	figuratives
figuration	f	figurations
figure	f	fig.
figurine	f	figurines
figurisme	m	figurismes
figuré	m	figurés
fil	m	fils
filage	m	filages
filament	m	filaments
filandière	f	filandières
filandre	f	filandres
filanzane	m	filanzanes
filariose	f	filarioses
filateur	m	filateurs
filature	f	filatures
file	f	files
filement	m	filements
filet	m	filets
filetage	m	filetages
fileur	m	fileurs
fileuse	f	fileuses
filiale	f	filiales
filialisation	f	filialisations
filiation	f	filiations
filicinée	f	filicinées
filigranage	m	filigranages
filigrane	m	filigranes
filin	m	filins
filipendule	f	filipendules
filière	f	filières
fillasse	f	fillasses
fille	f	filles
fillette	f	fillettes
filleul	m	filleuls
filleule	f	filleules
film	m	films
filmage	m	filmages
filmographie	f	filmographies
filmologie	f	filmologies
filmothèque	f	filmothèques
filoche	f	filoches
filon	m	filons
filoselle	f	filoselles
filou	m	filous
filoutage	m	filoutages
filouterie	f	filouteries
fils	m	fils
filtrage	m	filtrages
filtrat	m	filtrats
filtration	f	filtrations
filtre	m	filtres
filé	m	filés
filée	f	filées
finage	m	finages
final	m	finals
finalisation	f	finalisations
finalisme	m	finalismes
finalité	f	finalités
finance	f	finances
financement	m	financements
financeur	m	financeurs
financeuse	f	financeuses
financiarisation	f	financiarisations
financier	m	financiers
financière	f	financières
financière	f	financières
finasserie	f	finasseries
finasseur	m	finasseurs
finasseuse	f	finasseuses
finassier	m	finassiers
finassière	f	finassières
finaud	m	finauds
finaude	f	finaudes
finauderie	f	finauderies
finca	f	fincas
finch	m	finchs
fine	f	fines
finerie	f	fineries
finesse	f	finesses
finette	f	finettes
fini	m	finis
finish	m	finish
finissage	m	finissages
finissant	m	finissants
finissante	f	finissantes
finissement	m	finissements
finisseur	m	finisseurs
finisseuse	f	finisseuses
finissure	f	finissures
finition	f	finitions
finitisme	m	finitismes
finlandais	m	finlandais
finlandaise	f	finlandaises
finlandisation	m	finlandisations
finno-ougrien	m	finno-ougriens
finno-ougrienne	f	finno-ougriennes
finnois	m	finnois
finnoise	f	finnoises
fiole	f	fioles
fion	m	fions
fiord	m	fiords
fioriture	f	fioritures
fioul	m	fiouls
firmament	m	firmaments
firman	m	firmans
firme	f	firmes
fisc	m	fiscs
fiscal	m	fiscaux
fiscalisation	f	fiscalisations
fiscalisme	m	fiscalismes
fiscalité	f	fiscalités
fission	f	fissions
fissurage	m	fissurages
fissuration	f	fissurations
fissure	f	fissures
fiston	m	fistons
fistot	m	fistots
fistulaire	f	fistulaires
fistule	f	fistules
fistuline	f	fistulines
fistulisation	f	fistulisations
fistulographie	f	fistulographies
fixage	m	fixages
fixateur	m	fixateurs
fixatif	m	fixatifs
fixation	f	fixations
fixe	m	fixes
fixe-chaussette	m	fixe-chaussettes
fixing	m	fixings
fixisme	m	fixismes
fixité	f	fixités
fixé	m	fixés
fièvre	f	fièvres
fiérot	m	fiérots
fiérote	f	fiérotes
fiévreux	m	fiévreux
fiévreuse	f	fiévreuses
fjeld	m	fjelds
fjord	m	fjords
fla	m	fla
fla-fla	m	fla-flas
flacage	m	flacages
flaccidité	f	flaccidités
flache	f	flaches
flacherie	f	flacheries
flacon	m	flacons
flaconnage	m	flaconnages
flaconnier	m	flaconniers
flagellant	m	flagellants
flagellateur	m	flagellateurs
flagellation	f	flagellations
flagellement	m	flagellements
flagellum	m	flagellums
flageolement	m	flageolements
flageolet	m	flageolets
flagornerie	f	flagorneries
flagorneur	m	flagorneurs
flagorneuse	f	flagorneuses
flagrance	f	flagrances
flair	m	flairs
flairage	m	flairages
flairement	m	flairements
flamand	m	flamands
flamande	f	flamandes
flamant	m	flamants
flambage	m	flambages
flambant	m	flambants
flambard	m	flambards
flambart	m	flambarts
flambe	f	flambes
flambeau	m	flambeaux
flambement	m	flambements
flamberge	f	flamberges
flambeur	m	flambeurs
flamboiement	m	flamboiements
flambé	m	flambés
flambée	f	flambées
flamenco	m	flamencos
flamine	m	flamines
flamingant	m	flamingants
flamingante	f	flamingantes
flamingantisme	m	flamingantismes
flammage	m	flammages
flamme	f	flammes
flammerole	f	flammeroles
flammèche	f	flammèches
flan	m	flans
flanc	m	flancs
flanchage	m	flanchages
flanche	m	flanches
flanchet	m	flanchets
flanconade	f	flanconades
flandricisme	m	flandricismes
flandrin	m	flandrins
flanelle	f	flanelles
flanquement	m	flanquements
flaquage	m	flaquages
flaque	f	flaques
flash	m	flashes
flash-back	m	flash-back
flattement	m	flattements
flatterie	f	flatteries
flatteur	m	flatteurs
flatteuse	f	flatteuses
flatulence	f	flatulences
flatuosité	f	flatuosités
flavine	f	flavines
flegmatisant	m	flegmatisants
flegme	m	flegmes
flegmon	m	flegmons
flein	m	fleins
flemmard	m	flemmards
flemmarde	f	flemmardes
flemmardise	f	flemmardises
flemme	f	flemmes
flet	m	flets
flette	f	flettes
fleur	f	fleurs
fleurage	m	fleurages
fleuraison	f	fleuraisons
fleuret	m	fleurets
fleurette	f	fleurettes
fleurissement	m	fleurissements
fleuron	m	fleurons
fleuronnement	m	fleuronnements
fleuve	m	fleuves
flexibilisation	f	flexibilisations
flexibilité	f	flexibilités
flexion	f	flexions
flexure	f	flexures
flibuste	f	flibustes
flibusterie	f	flibusteries
flibustier	m	flibustiers
flicage	m	flicages
flingage	m	flingages
flingot	m	flingots
flingue	m	flingues
flint	m	flints
flint-glass	m	flint-glass
flipot	m	flipots
flipper	m	flippers
fliquage	m	fliquages
flirt	m	flirts
flirtage	m	flirtages
flirtation	f	flirtations
flirteur	m	flirteurs
flirteuse	f	flirteuses
floc	m	flocs
flocage	m	flocages
flochage	m	flochages
floche	f	floches
flocon	m	flocons
floconnage	m	floconnages
floconnement	m	floconnements
floconneuse	f	floconneuses
floculage	m	floculages
floculant	m	floculants
floculation	f	floculations
flonflon	m	flonflons
flop	m	flops
flopée	f	flopées
floraison	f	floraisons
floralie	f	floralies
flore	f	flores
florence	f	florences
florentin	m	florentins
florentine	f	florentines
florentine	f	florentines
floriculture	f	floricultures
floridée	f	floridées
florilège	m	florilèges
florin	m	florins
florissement	m	florissements
florès	m	florès
floréal	m	floréals
flot	m	flots
flotage	m	flotages
flotement	m	flotements
flottabilité	f	flottabilités
flottage	m	flottages
flottaison	f	flottaisons
flottant	m	flottants
flottard	m	flottards
flottation	f	flottations
flotte	f	flottes
flottement	m	flottements
flotteur	m	flotteurs
flottille	f	flottilles
flotté	m	flottés
flou	m	flous
flouage	m	flouages
flouerie	f	floueries
flouse	m	flouses
flouve	f	flouves
flouze	m	flouzes
flow	m	flows
fluage	m	fluages
fluatation	f	fluatations
fluate	m	fluates
fluctuation	f	fluctuations
flue	f	flues
fluence	f	fluences
fluide	m	fluides
fluidifiant	m	fluidifiants
fluidification	f	fluidifications
fluidique	f	fluidiques
fluidité	f	fluidités
fluor	m	fluors
fluoration	f	fluorations
fluorescence	f	fluorescences
fluorescéine	f	fluorescéines
fluorine	f	fluorines
fluorisation	f	fluorisations
fluorocarbure	m	fluorocarbures
fluorose	f	fluoroses
fluoruration	f	fluorurations
fluorure	m	fluorures
fluotournage	m	fluotournages
flush	m	flushs
fluviale	f	fluviales
fluviomètre	m	fluviomètres
flux	m	flux
fluxion	f	fluxions
fluxmètre	m	fluxmètres
flâne	f	flânes
flânerie	f	flâneries
flâneur	m	flâneurs
flâneuse	f	flâneuses
flânochage	m	flânochages
flânocherie	f	flânocheries
fléau	m	fléaux
fléchage	m	fléchages
fléchette	f	fléchettes
fléchissement	m	fléchissements
fléchisseur	m	fléchisseurs
fléole	f	fléoles
flétan	m	flétans
flétrissement	m	flétrissements
flétrissure	f	flétrissures
fléxisécurité	f	fléxisécurités
flûte	f	flûtes
flûteau	m	flûteaux
flûtiau	m	flûtiaux
foc	m	focs
focale	f	focales
focalisation	f	focalisations
focus	m	focus
foehn	m	foehns
foetus	m	foetus
foi	f	fois
foie	m	foies
foin	m	foins
foirade	f	foirades
foirage	m	foirages
foirail	m	foirails
foire	f	foires
foireux	m	foireux
foireuse	f	foireuses
fois	f	fois
foison	f	foisons
foisonnance	f	foisonnances
foisonnement	m	foisonnements
fol	m	fols
folasse	f	folasses
folate	m	folates
foliation	f	foliations
folichonnerie	f	folichonneries
folie	f	folies
folio	m	folios
foliole	f	folioles
foliot	m	foliots
foliotage	m	foliotages
foliotation	f	foliotations
folioteur	m	folioteurs
folioteuse	f	folioteuses
folk	m	folks
folklore	m	folklores
folksong	m	folksongs
folle	f	folles
follette	f	follettes
follicule	m	follicules
folliculine	f	folliculines
folliculite	f	folliculites
follower	m	followers
folâtrerie	f	folâtreries
fomentateur	m	fomentateurs
fomentatrice	f	fomentatrices
fomentation	f	fomentations
foncement	m	foncements
fonceur	m	fonceurs
foncier	m	fonciers
fonction	f	fonctions
fonctionnalisation	f	fonctionnalisations
fonctionnalisme	m	fonctionnalismes
fonctionnalité	f	fonctionnalités
fonctionnariat	m	fonctionnariats
fonctionnarisation	f	fonctionnarisations
fonctionnarisme	m	fonctionnarismes
fonctionnement	m	fonctionnements
foncée	f	foncées
fond	m	fonds
fondage	m	fondages
fondamentalisme	m	fondamentalismes
fondant	m	fondants
fondateur	m	fondateurs
fondatrice	f	fondatrices
fondation	f	fondations
fondatrice	f	fondatrices
fondement	m	fondements
fonderie	f	fonderies
fondeur	m	fondeurs
fondeuse	f	fondeuses
fondeuse	f	fondeuses
fondis	m	fondis
fondoir	m	fondoirs
fondouk	m	fondouks
fondrière	f	fondrières
fonds	m	fonds
fondu	m	fondus
fondue	f	fondues
fondé	m	fondés
fondée	f	fondées
fongibilité	f	fongibilités
fongicide	m	fongicides
fongosité	f	fongosités
fongus	m	fongus
fontaine	f	fontaines
fontainebleau	m	fontainebleaus
fontainier	m	fontainiers
fontanelle	f	fontanelles
fontange	f	fontanges
fonte	f	fontes
fontis	m	fontis
fonçage	m	fonçages
food	m	foods
foot	m	foots
football	m	footballs
footballer	m	footballers
footballeur	m	footballeurs
footing	m	footings
for	m	fors
forage	m	forages
forain	m	forains
foraine	f	foraines
foration	f	forations
forban	m	forbans
force	f	forces
forcement	m	forcements
forcené	m	forcenés
forcenée	f	forcenées
forceps	m	forceps
forcerie	f	forceries
forcing	m	forcings
forcipressure	f	forcipressures
forclusion	f	forclusions
forcènement	m	forcènements
forcé	m	forcés
fordisme	m	fordismes
foresterie	f	foresteries
forestier	m	forestiers
forestière	f	forestières
foret	m	forets
foreur	m	foreurs
foreuse	f	foreuses
foreuse	f	foreuses
forfait	m	forfaits
forfaitisation	f	forfaitisations
forfaiture	f	forfaitures
forfanterie	f	forfanteries
forficule	f	forficules
forge	f	forges
forgeage	m	forgeages
forgement	m	forgements
forgerie	f	forgeries
forgeron	m	forgerons
forgeur	m	forgeurs
forint	m	forints
forjet	m	forjets
forlane	f	forlanes
forlignage	m	forlignages
forlignement	m	forlignements
formage	m	formages
formaldéhyde	m	formaldéhydes
formalisation	f	formalisations
formalisme	m	formalismes
formalité	f	formalités
formant	m	formants
formariage	m	formariages
format	m	formats
formatage	m	formatages
formateur	m	formateurs
formatrice	f	formatrices
formation	f	formations
forme	f	formes
formeret	m	formerets
formiate	m	formiates
formica	m	formicas
formication	f	formications
formol	m	formols
formolage	m	formolages
formolisation	f	formolisations
formosan	m	formosans
formulaire	m	formulaires
formulation	f	formulations
formule	f	formules
formène	m	formènes
fornicateur	m	fornicateurs
fornicatrice	f	fornicatrices
fornication	f	fornications
forsythia	m	forsythias
fort	m	forts
forte	f	fortes
fortage	m	fortages
forte	m	forte
forte-piano	m	forte-piano
forteresse	f	forteresses
fortifiant	m	fortifiants
fortification	f	fortifications
fortin	m	fortins
fortissimo	m	fortissimo
fortraiture	f	fortraitures
fortran	m	fortrans
fortune	f	fortunes
forum	m	forums
forure	f	forures
forçage	m	forçages
forçat	m	forçats
forêt	f	forêts
fosse	f	fosses
fossette	f	fossettes
fossile	m	fossiles
fossilisation	f	fossilisations
fossoir	m	fossoirs
fossoyage	m	fossoyages
fossoyeur	m	fossoyeurs
fossé	m	fossés
fou	m	fous
folle	f	folles
fouace	f	fouaces
fouacier	m	fouaciers
fouage	m	fouages
fouaille	f	fouailles
fouaillement	m	fouaillements
foucade	f	foucades
foudrier	m	foudriers
foudroiement	m	foudroiements
foudroyage	m	foudroyages
fouet	m	fouets
fouettage	m	fouettages
fouettard	m	fouettards
fouette	f	fouettes
fouettement	m	fouettements
fouetté	m	fouettés
foufou	m	foufous
fofolle	f	fofolles
fougasse	f	fougasses
fouge	f	fouges
fougerole	f	fougeroles
fougue	f	fougues
fougère	f	fougères
fouillage	m	fouillages
fouille	f	fouilles
fouillement	m	fouillements
fouilleur	m	fouilleurs
fouilleuse	f	fouilleuses
fouilleuse	f	fouilleuses
fouillis	m	fouillis
fouillure	f	fouillures
fouinage	m	fouinages
fouinard	m	fouinards
fouinarde	f	fouinardes
fouine	f	fouines
fouinement	m	fouinements
fouineur	m	fouineurs
fouineuse	f	fouineuses
fouissage	m	fouissages
fouissement	m	fouissements
foulage	m	foulages
foulaison	f	foulaisons
foulard	m	foulards
foulardage	m	foulardages
foule	f	foules
foulement	m	foulements
foulerie	f	fouleries
fouleur	m	fouleurs
fouleuse	f	fouleuses
fouleuse	f	fouleuses
fouloir	m	fouloirs
foulon	m	foulons
foulonnage	m	foulonnages
foulque	f	foulques
foultitude	f	foultitudes
foulure	f	foulures
foulée	f	foulées
four	m	fours
fourberie	f	fourberies
fourbi	m	fourbis
fourbissage	m	fourbissages
fourbisseur	m	fourbisseurs
fourbissure	f	fourbissures
fourbure	f	fourbures
fourcat	m	fourcats
fourche	f	fourches
fourchet	m	fourchets
fourchette	f	fourchettes
fourchetée	f	fourchetées
fourchon	m	fourchons
fourchée	f	fourchées
fourgon	m	fourgons
fourgonnement	m	fourgonnements
fourgonnette	f	fourgonnettes
fouriérisme	m	fouriérismes
fourme	f	fourmes
fourmi	f	fourmis
fourmi-lion	m	fourmis-lions
fourmilier	m	fourmiliers
fourmilion	m	fourmilions
fourmilière	f	fourmilières
fourmillement	m	fourmillements
fournaise	f	fournaises
fourneau	m	fourneaux
fournier	m	fourniers
fournière	f	fournières
fournil	m	fournils
fourniment	m	fourniments
fournissage	m	fournissages
fournisseur	m	fournisseurs
fourniture	f	fournitures
fournée	f	fournées
fourrage	m	fourrages
fourragement	m	fourragements
fourrageur	m	fourrageurs
fourragère	f	fourragères
fourre	f	fourres
fourre-tout	m	fourre-tout
fourreau	m	fourreaux
fourreur	m	fourreurs
fourrier	m	fourriers
fourrière	f	fourrières
fourrure	f	fourrures
fourré	m	fourrés
fourrée	f	fourrées
fourvoiement	m	fourvoiements
foutaise	f	foutaises
fouteau	m	fouteaus
fouterie	f	fouteries
foutisme	m	foutismes
foutoir	m	foutoirs
foutre	m	foutres
foutriquet	m	foutriquets
fouée	f	fouées
fouëne	f	fouënes
fovéa	f	fovéas
fox	m	fox
fox-terrier	m	fox-terriers
fox-trot	m	fox-trot
foyard	m	foyards
foyer	m	foyers
frac	m	fracs
fracas	m	fracas
fracassement	m	fracassements
fractal	m	fractals
fractale	f	fractales
fraction	f	fractions
fractionnement	m	fractionnements
fractionnisme	m	fractionnismes
fracturation	f	fracturations
fracture	f	fractures
fragilisation	f	fragilisations
fragilité	f	fragilités
fragment	m	fragments
fragmentation	f	fragmentations
fragon	m	fragons
frai	m	frais
fraie	f	fraies
frairie	f	frairies
fraisage	m	fraisages
fraise	f	fraises
fraiseur	m	fraiseurs
fraiseuse	f	fraiseuses
fraiseuse	f	fraiseuses
fraisier	m	fraisiers
fraisil	m	fraisils
fraisière	f	fraisières
fraisure	f	fraisures
framboise	f	framboises
framboisier	m	framboisiers
framboisé	m	framboisés
framée	f	framées
franc	m	francs
franche	f	franches
franc-alleu	m	francs-alleux
franc-bord	m	francs-bords
franc-bourgeois	m	francs-bourgeois
franc-comtois	m	francs-comtois
franc-comtoise	f	
franc-jeu	m	francs-jeux
franc-maçon	m	francs-maçons
franc-maçonnerie	f	franc-maçonneries
franc-parler	m	franc-parlers
franc-quartier	m	francs-quartiers
franc-tireur	m	francs-tireurs
franchisage	m	franchisages
franchisation	f	franchisations
franchise	f	franchises
franchissage	m	franchissages
franchissement	m	franchissements
franchouillard	m	franchouillards
franchouillarde	f	franchouillardes
francien	m	franciens
francique	m	franciques
francisant	m	francisants
francisation	f	francisations
franciscain	m	franciscains
franciscaine	f	franciscaines
franciscanisme	m	franciscanismes
francisme	m	francismes
francisque	f	francisques
francité	f	francités
francium	m	franciums
francolin	m	francolins
francophilie	f	francophilies
francophobie	f	francophobies
francophonie	f	francophonies
frange	f	franges
frangin	m	frangins
frangine	f	frangines
frangipane	f	frangipanes
frangipanier	m	frangipaniers
franglais	m	franglais
franquette	f	franquettes
franquisme	m	franquismes
français	m	français
française	f	françaises
frape	f	frapes
frappage	m	frappages
frappe	f	frappes
frappement	m	frappements
frappeur	m	frappeurs
frappé	m	frappés
frappée	f	frappées
frasage	m	frasages
frasil	m	frasils
frasque	f	frasques
frater	m	fraters
fraternisation	f	fraternisations
fraternité	f	fraternités
fratricide	m	fratricides
fratrie	f	fratries
fraude	f	fraudes
fraudeur	m	fraudeurs
fraudeuse	f	fraudeuses
fraxinelle	f	fraxinelles
frayage	m	frayages
fraye	f	frayes
frayement	m	frayements
frayeur	f	frayeurs
frayoir	m	frayoirs
frayure	f	frayures
frayère	f	frayères
frayé	m	frayés
frayée	f	frayées
fraîche	f	fraîches
fraîcheur	f	fraîcheurs
fraîchin	m	fraîchins
fraîchissement	m	fraîchissements
fredaine	f	fredaines
fredonnement	m	fredonnements
free-jazz	m	free-jazz
freesia	m	freesias
freezer	m	freezers
frein	m	freins
freinage	m	freinages
freination	f	freinations
freineur	m	freineurs
freinte	f	freintes
freinée	f	freinées
frelat	m	frelats
frelatage	m	frelatages
frelatement	m	frelatements
frelaterie	f	frelateries
frelon	m	frelons
freluche	f	freluches
freluquet	m	freluquets
fresque	f	fresques
fressure	f	fressures
fret	m	frets
fretin	m	fretins
frettage	m	frettages
fretté	m	frettés
freudien	m	freudiens
freudienne	f	freudiennes
freudisme	m	freudismes
freux	m	freux
friabilité	f	friabilités
friand	m	friands
friande	f	friandes
friandise	f	friandises
fric	m	frics
fric-frac	m	fric-frac
fricandeau	m	fricandeaux
fricassé	m	fricassés
fricassée	f	fricassées
fricative	f	fricatives
friche	f	friches
frichti	m	frichtis
fricot	m	fricots
fricotage	m	fricotages
fricoteur	m	fricoteurs
fricoteuse	f	fricoteuses
friction	f	frictions
frictionnage	m	frictionnages
frictionnement	m	frictionnements
fridolin	m	fridolins
frigidaire	m	frigidaires
frigidarium	m	frigidariums
frigide	f	frigides
frigidité	f	frigidités
frigo	m	frigos
frigorie	f	frigories
frigorification	f	frigorifications
frilosité	f	frilosités
frimaire	m	frimaires
frimas	m	frimas
frime	f	frimes
frimeur	m	frimeurs
frimousse	f	frimousses
fringale	f	fringales
fringillidé	m	fringillidés
fringue	f	fringues
fripage	m	fripages
fripe	f	fripes
fripement	m	fripements
friperie	f	friperies
fripier	m	fripiers
fripière	f	fripières
fripon	m	fripons
friponne	f	friponnes
friponnerie	f	friponneries
fripouille	f	fripouilles
fripouillerie	f	fripouilleries
friquet	m	friquets
frisage	m	frisages
frisbee	m	frisbees
frise	f	frises
friselis	m	friselis
friselure	f	friselures
frisement	m	frisements
frisette	f	frisettes
frisolée	f	frisolées
frison	m	frisons
frisonne	f	frisonnes
frisonnement	m	frisonnements
frisottement	m	frisottements
frisottis	m	frisottis
frisquet	m	frisquets
frisquette	f	frisquettes
frisson	m	frissons
frissonnement	m	frissonnements
frisure	f	frisures
frisé	m	frisés
frisée	f	frisées
frisée	f	frisées
fritage	m	fritages
frite	f	frites
friterie	f	friteries
friteur	m	friteurs
friteuse	f	friteuses
fritillaire	f	fritillaires
friton	m	fritons
frittage	m	frittages
fritte	f	frittes
friture	f	fritures
fritz	m	fritz
frivolité	f	frivolités
froc	m	frocs
frocard	m	frocards
froid	m	froids
froideur	f	froideurs
froidure	f	froidures
froissabilité	f	froissabilités
froissage	m	froissages
froissement	m	froissements
froissure	f	froissures
fromage	m	fromages
fromager	m	fromagers
fromagère	f	fromagères
fromagerie	f	fromageries
froment	m	froments
fronce	f	fronces
froncement	m	froncements
froncis	m	froncis
froncé	m	froncés
frondaison	f	frondaisons
fronde	f	frondes
fronderie	f	fronderies
frondeur	m	frondeurs
frondeuse	f	frondeuses
front	m	fronts
frontail	m	frontaux
frontale	f	frontales
frontalier	m	frontaliers
frontalière	f	frontalières
frontalité	f	frontalités
fronteau	m	fronteaux
frontignan	m	frontignans
frontispice	m	frontispices
frontière	f	frontières
fronton	m	frontons
fronçage	m	fronçages
fronçure	f	fronçures
frotaillement	m	frotaillements
frotement	m	frotements
frottage	m	frottages
frottaillement	m	frottaillements
frotte	f	frottes
frottement	m	frottements
frotterie	f	frotteries
frotteur	m	frotteurs
frotteuse	f	frotteuses
frottis	m	frottis
frottoir	m	frottoirs
frottée	f	frottées
frou	m	frous
frou-frou	m	frous-frous
frouement	m	frouements
froufrou	m	froufrous
froufroutement	m	froufroutements
froussard	m	froussards
froussarde	f	froussardes
frousse	f	frousses
fructidor	m	fructidors
fructification	f	fructifications
fructose	m	fructoses
frugalité	f	frugalités
fruit	m	fruits
fruiterie	f	fruiteries
fruiticulteur	m	fruiticulteurs
fruitier	m	fruitiers
fruitière	f	fruitières
fruitière	f	fruitières
frusque	f	frusques
frusquin	m	frusquin
frustration	f	frustrations
frustré	m	frustrés
frustrée	f	frustrées
frère	m	frères
frètement	m	frètements
frégatage	m	frégatages
frégate	f	frégates
frégaton	m	frégatons
frémissement	m	frémissements
frénésie	f	frénésies
fréon	m	fréons
fréquence	f	fréquences
fréquencemètre	m	fréquencemètres
fréquentatif	m	fréquentatifs
fréquentation	f	fréquentations
frérot	m	frérots
fréteur	m	fréteurs
frétillance	f	frétillances
frétillement	m	frétillements
frênaie	f	frênaies
frêne	m	frênes
frôlage	m	frôlages
frôlement	m	frôlements
frôleur	m	frôleurs
frôleuse	f	frôleuses
frôlure	f	frôlures
ftp	m	ftp
fucacée	f	fucacées
fuchsia	m	fuchsias
fuchsine	f	fuchsines
fucus	m	fucus
fuel	m	fuels
fugacité	f	fugacités
fugitif	m	fugitifs
fugitive	f	fugitives
fugue	f	fugues
fugueur	m	fugueurs
fugueuse	f	fugueuses
fuie	f	fuies
fuite	f	fuites
fulgurance	f	fulgurances
fulguration	f	fulgurations
full	m	fulls
fulminate	m	fulminates
fulmination	f	fulminations
fulminement	m	fulminements
fumage	m	fumages
fumagine	f	fumagines
fumaison	f	fumaisons
fumariacée	f	fumariacées
fume-cigare	m	fume-cigare
fume-cigarette	m	fume-cigarette
fumerie	f	fumeries
fumerolle	f	fumerolles
fumeron	m	fumerons
fumet	m	fumets
fumeterre	f	fumeterres
fumette	f	fumettes
fumeur	m	fumeurs
fumeuse	f	fumeuses
fumeuse	f	fumeuses
fumier	m	fumiers
fumigateur	m	fumigateurs
fumigation	f	fumigations
fumigatoire	m	fumigatoires
fumigène	m	fumigènes
fumisterie	f	fumisteries
fumoir	m	fumoirs
fumure	f	fumures
fumé	m	fumés
fumée	f	fumées
fun	m	funs
funambulisme	m	funambulismes
funiculaire	m	funiculaires
funicule	m	funicules
funin	m	funins
funéraille	f	funérailles
funérarium	m	funérariums
fur	m	furs
furet	m	furets
furetage	m	furetages
fureteur	m	fureteurs
fureteuse	f	fureteuses
furetée	f	furetées
fureur	f	fureurs
furfural	m	furfurals
furia	f	furias
furibonderie	f	furibonderies
furie	f	furies
furieux	m	furieux
furieuse	f	furieuses
furole	f	furoles
furoncle	m	furoncles
furonculose	f	furonculoses
furosémide	m	furosémides
fusage	m	fusages
fusain	m	fusains
fusant	m	fusants
fusariose	f	fusarioses
fuscine	f	fuscines
fuseau	m	fuseaux
fusel	m	fusels
fuselage	m	fuselages
fuselé	m	fuselés
fusette	f	fusettes
fusibilité	f	fusibilités
fusible	m	fusibles
fusil	m	fusils
fusil-mitrailleur	m	fusils-mitrailleurs
fusilier	m	fusiliers
fusillade	f	fusillades
fusillage	m	fusillages
fusilleur	m	fusilleurs
fusion	f	fusions
fusionnage	m	fusionnages
fusionnement	m	fusionnements
fustanelle	f	fustanelles
fustigation	f	fustigations
fusée	f	fusées
futaie	f	futaies
futaille	f	futailles
futaine	f	futaines
futilisation	f	futilisations
futilité	f	futilités
futur	m	futurs
futurible	m	futuribles
futurisme	m	futurismes
futurologie	f	futurologies
futé	m	futés
futée	f	futées
futée	f	futées
fuyant	m	fuyants
fuyante	f	fuyantes
fuyard	m	fuyards
fuyarde	f	fuyardes
fuégien	m	fuégiens
fuégienne	f	fuégiennes
fuérisme	m	fuérismes
fâche	f	fâches
fâcherie	f	fâcheries
fâcheux	m	fâcheux
fâcheuse	f	fâcheuses
fève	f	fèves
féal	m	féaux
féale	f	féales
féauté	f	féautés
fébricule	f	fébricules
fébrifuge	m	fébrifuges
fébrilité	f	fébrilités
fécalome	m	fécalomes
fécial	m	fécials
fécondabilité	f	fécondabilités
fécondateur	m	fécondateurs
fécondatrice	f	fécondatrices
fécondation	f	fécondations
fécondité	f	fécondités
fécule	f	fécules
féculence	f	féculences
féculent	m	féculents
féculerie	f	féculeries
fédéral	m	fédéraux
fédérale	f	fédérales
fédéralisation	f	fédéralisations
fédéralisme	m	fédéralismes
fédérateur	m	fédérateurs
fédératrice	f	fédératrices
fédération	f	fédérations
fédéré	m	fédérés
fédérée	f	fédérées
fée	f	fées
féerie	f	féeries
félibre	m	félibres
félibrige	m	félibriges
félicitation	f	félicitations
félicité	f	félicités
félidé	m	félidés
félin	m	félins
félinité	f	félinités
félon	m	félons
félonne	f	félonnes
félonie	f	félonies
fémelot	m	fémelots
féminisation	f	féminisations
féminisme	m	féminismes
féminité	f	féminités
fémur	m	fémurs
féodal	m	féodaux
féodale	f	féodales
féodalisation	f	féodalisations
féodalisme	m	féodalismes
féodalité	f	féodalités
féra	f	féras
féraille	f	férailles
féria	f	férias
férocité	f	férocités
férule	f	férules
fétial	m	fétials
fétiche	m	fétiches
féticheur	m	féticheurs
fétichisation	f	fétichisations
fétichisme	m	fétichismes
fétidité	f	fétidités
fétu	m	fétus
fétuque	f	fétuques
féverole	f	féveroles
févier	m	féviers
février	m	févriers
fêle	f	fêles
fêlure	f	fêlures
fêlé	m	fêlés
fêlée	f	fêlées
fêtard	m	fêtards
fête	f	fêtes
fût	m	fûts
führer	m	führers
g7	m	g7
gabardine	f	gabardines
gabare	f	gabares
gabariage	m	gabariages
gabarier	m	gabariers
gabarit	m	gabarits
gabarre	f	gabarres
gabarrier	m	gabarriers
gabbro	m	gabbros
gabegie	f	gabegies
gabelage	m	gabelages
gabelle	f	gabelles
gabelou	m	gabelous
gabie	f	gabies
gabier	m	gabiers
gabion	m	gabions
gabionnage	m	gabionnages
gabonais	m	gabonais
gabonaise	f	gabonaises
gachette	f	gachettes
gade	m	gades
gadget	m	gadgets
gadgétisation	f	gadgétisations
gadidé	m	gadidés
gadin	m	gadins
gadolinium	m	gadoliniums
gadoue	f	gadoues
gadouille	f	gadouilles
gaffage	m	gaffages
gaffe	f	gaffes
gaffeur	m	gaffeurs
gaffeuse	f	gaffeuses
gafouillage	m	gafouillages
gag	m	gags
gagaku	m	gagaku
gage	m	gages
gagerie	f	gageries
gageur	m	gageurs
gageuse	f	gageuses
gageure	f	gageures
gagman	m	gagmen
gagnage	m	gagnages
gagnant	m	gagnants
gagnante	f	gagnantes
gagne-pain	m	gagne-pain
gagne-petit	m	gagne-petit
gagneur	m	gagneurs
gagneuse	f	gagneuses
gagneuse	f	gagneuses
gaieté	f	gaietés
gaillard	m	gaillards
gaillarde	f	gaillardes
gaillarde	f	gaillardes
gaillardie	f	gaillardies
gaillardise	f	gaillardises
gaillet	m	gaillets
gailleterie	f	gailleteries
gailletin	m	gailletins
gain	m	gains
gainage	m	gainages
gaine	f	gaines
gainerie	f	gaineries
gainier	m	gainiers
gainière	f	gainières
gaize	f	gaizes
gal	m	gals
gala	m	galas
galactagogue	m	galactagogues
galactomètre	m	galactomètres
galactose	m	galactoses
galago	m	galagos
galalithe	f	galalithes
galandage	m	galandages
galant	m	galants
galante	f	galantes
galanterie	f	galanteries
galantin	m	galantins
galantine	f	galantines
galapiat	m	galapiats
galaxie	f	galaxies
galbage	m	galbages
galbanum	m	galbanums
galbe	m	galbes
gale	f	gales
galerie	f	galeries
galerne	f	galernes
galet	m	galets
galetage	m	galetages
galetas	m	galetas
galette	f	galettes
galeux	m	galeux
galeuse	f	galeuses
galgal	m	galgals
galhauban	m	galhaubans
galibot	m	galibots
galicien	m	galiciens
galicienne	f	galiciennes
galidie	f	galidies
galilée	m	galilées
galimafrée	f	galimafrées
galimatias	m	galimatias
galion	m	galions
galiote	f	galiotes
galipette	f	galipettes
galipot	m	galipots
gallec	m	gallecs
gallican	m	gallicans
gallicane	f	gallicanes
gallicanisme	m	gallicanismes
gallicisme	m	gallicismes
gallicole	m	gallicoles
galliforme	m	galliformes
gallinacé	m	gallinacés
gallium	m	galliums
gallois	m	gallois
galloise	f	galloises
gallomanie	f	gallomanies
gallon	m	gallons
gallup	m	gallups
gallérie	f	galléries
galochage	m	galochages
galoche	f	galoches
galocherie	f	galocheries
galon	m	galons
galonnage	m	galonnages
galonné	m	galonnés
galop	m	galops
galopade	f	galopades
galope	f	galopes
galopement	m	galopements
galopin	m	galopins
galopée	f	galopées
galoubet	m	galoubets
galuchat	m	galuchats
galure	m	galures
galurin	m	galurins
galvanisation	f	galvanisations
galvaniseur	m	galvaniseurs
galvanisme	m	galvanismes
galvano	m	galvanos
galvanocautère	m	galvanocautères
galvanomètre	m	galvanomètres
galvanoplastie	f	galvanoplasties
galvanoscope	m	galvanoscopes
galvanotaxie	f	galvanotaxies
galvanotropisme	m	galvanotropismes
galvanotype	m	galvanotypes
galvanotypie	f	galvanotypies
galvaudage	m	galvaudages
galvaudeux	m	galvaudeux
galvaudeuse	f	galvaudeuses
galène	f	galènes
galère	f	galères
galéace	f	galéaces
galéasse	f	galéasses
galéjade	f	galéjades
galénisme	m	galénismes
galéopithèque	m	galéopithèques
galérien	m	galériens
galéruque	f	galéruques
gambade	f	gambades
gambadement	m	gambadements
gambas	f	gambas
gambe	f	gambes
gamberge	f	gamberges
gambette	f	gambettes
gambier	m	gambiers
gambille	f	gambilles
gambit	m	gambits
gamelan	m	gamelans
gamelle	f	gamelles
gamet	m	gamets
gamin	m	gamins
gamine	f	gamines
gaminerie	f	gamineries
gamma	m	gamma
gammare	m	gammares
gamme	f	gammes
gamopétale	f	gamopétales
gamète	m	gamètes
gamétophyte	m	gamétophytes
ganache	f	ganaches
ganacherie	f	ganacheries
ganaderia	f	ganaderias
ganadero	m	ganaderos
gandin	m	gandins
gandoura	f	gandouras
gang	m	gangs
ganga	m	gangas
ganglion	m	ganglions
ganglioplégique	m	ganglioplégiques
gangrène	f	gangrènes
gangrénement	m	gangrénements
gangster	m	gangsters
gangstérisme	m	gangstérismes
gangue	f	gangues
gangui	m	ganguis
ganoïde	m	ganoïdes
gansage	m	gansages
ganse	f	ganses
gansette	f	gansettes
gant	m	gants
gantage	m	gantages
gantelet	m	gantelets
ganteline	f	gantelines
gantelée	f	gantelées
ganterie	f	ganteries
gantier	m	gantiers
gantière	f	gantières
gantière	f	gantières
gantois	m	gantois
gantoise	f	gantoises
gap	m	gaps
gaperon	m	gaperons
garage	m	garages
garancerie	f	garanceries
garanceur	m	garanceurs
garancière	f	garancières
garant	m	garants
garante	f	garantes
garanti	m	garantis
garantie	f	garanties
garançage	m	garançages
garas	m	garas
garbure	f	garbures
garce	f	garces
garcette	f	garcettes
gardage	m	gardages
garde-barrière	m	garde-barrière
garde-boeuf	m	garde-boeuf
garde-boue	m	garde-boue
garde-chasse	m	garde-chasse
garde-chiourme	m	garde-chiourme
garde-corps	m	garde-corps
garde-côte	m	garde-côte
garde-feu	m	garde-feu
garde-fou	m	garde-fou
garde-française	m	gardes-françaises
garde-frein	m	garde-freins
garde-magasin	m	garde-magasins
garde-manger	m	garde-manger
garde-meuble	m	garde-meubles
garde-place	m	garde-places
garde-port	m	garde-ports
garde-robe	f	garde-robes
garde-vue	m	garde-vue
garde-à-vous	m	garde-à-vous
garden-party	m	garden-parties
garderie	f	garderies
gardeur	m	gardeurs
gardeuse	f	gardeuses
gardian	m	gardians
gardien	m	gardiens
gardienne	f	gardiennes
gardiennage	m	gardiennages
gardon	m	gardons
gardénal	m	gardénals
gardénia	m	gardénias
gare	f	gares
gargamelle	f	gargamelles
gargantua	m	gargantuas
gargarisme	m	gargarismes
gargot	m	gargots
gargote	f	gargotes
gargotier	m	gargotiers
gargotière	f	gargotières
gargouillade	f	gargouillades
gargouillage	m	gargouillages
gargouille	f	gargouilles
gargouillement	m	gargouillements
gargouillis	m	gargouillis
gargoulette	f	gargoulettes
gargousse	f	gargousses
gargousserie	f	gargousseries
gargoussier	m	gargoussiers
garibaldien	m	garibaldiens
garibaldienne	f	garibaldiennes
garnement	m	garnements
garni	m	garnis
garnison	f	garnisons
garnissage	m	garnissages
garnisseur	m	garnisseurs
garnisseuse	f	garnisseuses
garnisseuse	f	garnisseuses
garniture	f	garnitures
garou	m	garous
garrigue	f	garrigues
garrot	m	garrots
garrottage	m	garrottages
garrotte	f	garrottes
garrulement	m	garrulements
gars	m	gars
garulité	f	garulités
garçon	m	garçons
garçonne	f	garçonnes
garçonnet	m	garçonnets
garçonnière	f	garçonnières
gas-oil	m	gas-oils
gascon	m	gascons
gasconne	f	gasconnes
gasconisme	m	gasconismes
gasconnade	f	gasconnades
gasconnement	m	gasconnements
gasconnisme	m	gasconnismes
gasoil	m	gasoils
gaspacho	m	gaspachos
gaspillage	m	gaspillages
gaspilleur	m	gaspilleurs
gaspilleuse	f	gaspilleuses
gassendisme	m	gassendismes
gastralgie	f	gastralgies
gastrectomie	f	gastrectomies
gastrite	f	gastrites
gastro-entérite	m	gastro-entérites
gastromycète	m	gastromycètes
gastronomie	f	gastronomies
gastropode	m	gastropodes
gastroscope	m	gastroscopes
gastroscopie	f	gastroscopies
gastrotomie	f	gastrotomies
gastrula	f	gastrulas
gastéromycète	m	gastéromycètes
gastéropode	m	gastéropodes
gate	f	gates
gatte	f	gattes
gattilier	m	gattiliers
gaucherie	f	gaucheries
gauchisant	m	gauchisants
gauchisante	f	gauchisantes
gauchisation	f	gauchisations
gauchisme	m	gauchismes
gauchissage	m	gauchissages
gauchissement	m	gauchissements
gaucho	m	gauchos
gaude	f	gaudes
gaudriole	f	gaudrioles
gaufrage	m	gaufrages
gaufrette	f	gaufrettes
gaufreur	m	gaufreurs
gaufreuse	f	gaufreuses
gaufreuse	f	gaufreuses
gaufrier	m	gaufriers
gaufroir	m	gaufroirs
gaufrure	f	gaufrures
gaulage	m	gaulages
gaule	f	gaules
gaulis	m	gaulis
gaullien	m	gaulliens
gaullienne	f	gaulliennes
gaullisme	m	gaullismes
gaulois	m	gaulois
gauloise	f	gauloises
gauloise	f	gauloises
gauloiserie	f	gauloiseries
gaultheria	f	gaultherias
gaulthérie	f	gaulthéries
gaulée	f	gaulées
gaupe	f	gaupes
gaur	m	gaurs
gauss	m	gauss
gausserie	f	gausseries
gaussienne	f	gaussiennes
gavage	m	gavages
gave	m	gaves
gaveur	m	gaveurs
gaveuse	f	gaveuses
gaveuse	f	gaveuses
gavial	m	gavials
gavot	m	gavots
gavote	f	gavotes
gavotte	f	gavottes
gayal	m	gayals
gaz	m	gaz
gazage	m	gazages
gaze	f	gazes
gazelle	f	gazelles
gazetier	m	gazetiers
gazetière	f	gazetières
gazette	f	gazettes
gazeur	m	gazeurs
gazi	m	gazis
gazier	m	gaziers
gazière	f	gazières
gazoduc	m	gazoducs
gazogène	m	gazogènes
gazole	m	gazoles
gazoline	f	gazolines
gazomètre	m	gazomètres
gazométrie	f	gazométries
gazon	m	gazons
gazonnage	m	gazonnages
gazonnement	m	gazonnements
gazouillage	m	gazouillages
gazouillement	m	gazouillements
gazouillis	m	gazouillis
gazé	m	gazés
gazée	f	gazées
gazéificateur	m	gazéificateurs
gazéification	f	gazéifications
gaîté	f	gaîtés
gaïac	m	gaïacs
gaïacol	m	gaïacols
geai	m	geais
gecko	m	geckos
geignard	m	geignards
geignarde	f	geignardes
geignement	m	geignements
geisha	f	geishas
gel	m	gels
gelage	m	gelages
gelinotte	f	gelinottes
gelure	f	gelures
gelée	f	gelées
gemination	f	geminations
gemmage	m	gemmages
gemmail	m	gemmails
gemmation	f	gemmations
gemme	f	gemmes
gemmeur	m	gemmeurs
gemmologie	f	gemmologies
gemmule	f	gemmules
gencive	f	gencives
gendarme	m	gendarmes
gendarmerie	f	gendarmeries
gendre	m	gendres
genet	m	genets
genette	f	genettes
genevois	m	genevois
genevoise	f	genevoises
genièvre	m	genièvres
genou	m	genoux
genouillère	f	genouillères
genre	m	genres
gent	f	gents
gentiane	f	gentianes
gentil	m	gentils
gentilhomme	m	gentilshommes
gentilhommerie	f	gentilhommeries
gentilhommière	f	gentilhommières
gentilité	f	gentilités
gentillesse	f	gentillesses
gentleman	m	gentlemen
gentry	f	gentries
genèse	f	genèses
genépi	m	genépis
genévrier	m	genévriers
genêt	m	genêts
genêtière	f	genêtières
gerbage	m	gerbages
gerbe	f	gerbes
gerbera	m	gerberas
gerbeur	m	gerbeurs
gerbeuse	f	gerbeuses
gerbeuse	f	gerbeuses
gerbier	m	gerbiers
gerbille	f	gerbilles
gerbière	f	gerbières
gerboise	f	gerboises
gerbée	f	gerbées
gerce	f	gerces
gercement	m	gercements
gerfaut	m	gerfauts
germain	m	germains
germaine	f	germaines
germandrée	f	germandrées
germanique	m	germaniques
germanisant	m	germanisants
germanisation	f	germanisations
germanisme	m	germanismes
germanité	f	germanités
germanium	m	germaniums
germe	m	germes
germen	m	germens
germinaison	f	germinaisons
germinal	m	germinals
germination	f	germinations
germoir	m	germoirs
germon	m	germons
gerseau	m	gerseaux
gerzeau	m	gerzeaux
gerçure	f	gerçures
gesse	f	gesses
gestaltisme	m	gestaltismes
gestation	f	gestations
gesticulade	f	gesticulades
gesticulation	f	gesticulations
gesticulement	m	gesticulements
gestion	f	gestions
gestualité	f	gestualités
gestuelle	f	gestuelles
getter	m	getters
geyser	m	geysers
geôle	f	geôles
geôlier	m	geôliers
geôlière	f	geôlières
ghanéen	m	ghanéens
ghanéenne	f	ghanéennes
ghetto	m	ghettos
ghilde	f	ghildes
giaour	m	giaours
gibbon	m	gibbons
gibbosité	f	gibbosités
gibecière	f	gibecières
gibelin	m	gibelins
gibelotte	f	gibelottes
gibernage	m	gibernages
giberne	f	gibernes
gibet	m	gibets
gibier	m	gibiers
giboulée	f	giboulées
gibus	m	gibus
giclage	m	giclages
giclement	m	giclements
gicleur	m	gicleurs
giclure	f	giclures
giclée	f	giclées
gif	m	gif
gifle	f	gifles
giga-octet	m	go
gigantesque	m	gigantesques
gigantisme	m	gigantismes
gigantomachie	f	gigantomachies
gigogne	f	gigognes
gigolo	m	gigolos
gigot	m	gigots
gigotage	m	gigotages
gigotement	m	gigotements
gigottement	m	gigottements
gigue	f	gigues
gilde	f	gildes
gilet	m	gilets
giletier	m	giletiers
giletière	f	giletières
giletière	f	giletières
gille	m	gilles
gimblette	f	gimblettes
gin	m	gins
gingembre	m	gingembres
gingivite	f	gingivites
ginglet	m	ginglets
ginguet	m	ginguets
ginkgo	m	ginkgos
ginseng	m	ginsengs
giobertite	f	giobertites
girafe	f	girafes
girafeau	m	girafeaux
girafon	m	girafons
girandole	f	girandoles
girasol	m	girasols
giration	f	girations
giraumon	m	giraumons
giraumont	m	giraumonts
giraviation	f	giraviations
giravion	m	giravions
girelle	f	girelles
girie	f	giries
girl	f	girls
girodyne	m	girodynes
girofle	m	girofles
giroflier	m	girofliers
giroflée	f	giroflées
giroiement	m	giroiements
girolle	f	girolles
giron	m	girons
girondin	m	girondins
girondine	f	girondines
gironné	m	gironnés
girouette	f	girouettes
gisant	m	gisants
giscardien	m	giscardiens
giscardienne	f	giscardiennes
giscardisme	m	giscardismes
giselle	f	giselles
gisement	m	gisements
gitan	m	gitans
gitane	f	gitanes
gitane	f	gitanes
giton	m	gitons
givrage	m	givrages
givre	m	givres
givrure	f	givrures
givrée	f	givrées
glabelle	f	glabelles
glace	f	glaces
glacement	m	glacements
glacerie	f	glaceries
glaceur	m	glaceurs
glaceuse	f	glaceuses
glaceuse	f	glaceuses
glaciation	f	glaciations
glacier	m	glaciers
glacière	f	glacières
glaciologie	f	glaciologies
glacis	m	glacis
glacière	f	glacières
glacé	m	glacés
gladiateur	m	gladiateurs
glairage	m	glairages
glaire	f	glaires
glairure	f	glairures
glaise	f	glaises
glaisière	f	glaisières
glaive	m	glaives
glanage	m	glanages
gland	m	glands
glandage	m	glandages
glande	f	glandes
glanderie	f	glanderies
glandeur	m	glandeurs
glandouillage	m	glandouillages
glandée	f	glandées
glanement	m	glanements
glanerie	f	glaneries
glaneur	m	glaneurs
glaneuse	f	glaneuses
glanure	f	glanures
glapissement	m	glapissements
glaréole	f	glaréoles
glas	m	glas
glasnost	f	glasnosts
glass	m	glass
glaucome	m	glaucomes
glauconie	f	glauconies
glauconite	f	glauconites
glaviot	m	glaviots
glaçage	m	glaçages
glaçon	m	glaçons
glaçure	f	glaçures
glaïeul	m	glaïeuls
gleditschia	m	gleditschias
gliome	m	gliomes
glischroïdie	f	glischroïdies
glissade	f	glissades
glissage	m	glissages
glissance	f	glissances
glissando	m	glissandos
glissante	f	glissantes
glisse	f	glisses
glissement	m	glissements
glisseur	m	glisseurs
glisseuse	f	glisseuses
glissière	f	glissières
glissoir	m	glissoirs
glissoire	f	glissoires
glissé	m	glissés
globalisation	f	globalisations
globalisme	m	globalismes
globalitarisme	m	globalitarismes
globalité	f	globalités
globe	m	globes
globe-trotter	m	globe-trotters
globicéphale	m	globicéphales
globigérine	f	globigérines
globine	f	globines
globulaire	f	globulaires
globule	m	globules
globulin	m	globulins
globuline	f	globulines
globulinurie	f	globulinuries
glockenspiel	m	glockenspiels
gloire	f	gloires
glome	m	glomes
gloméris	m	gloméris
glomérule	m	glomérules
glomérulonéphrite	f	glomérulonéphrites
gloria	m	gloria
gloriette	f	gloriettes
glorificateur	m	glorificateurs
glorificatrice	f	glorificatrices
glorification	f	glorifications
gloriole	f	glorioles
glose	f	gloses
glossaire	m	glossaires
glossateur	m	glossateurs
glossine	f	glossines
glossite	f	glossites
glossodynie	f	glossodynies
glossolalie	f	glossolalies
glossophytie	f	glossophyties
glossoplégie	f	glossoplégies
glossotomie	f	glossotomies
glottale	f	glottales
glotte	f	glottes
glottite	f	glottites
glottophagie	f	glottophagies
glouglou	m	glouglous
glougloutement	m	glougloutements
gloussement	m	gloussements
glouteron	m	glouterons
glouton	m	gloutons
gloutonne	f	gloutonnes
gloutonnerie	f	gloutonneries
glu	f	glus
gluau	m	gluaus
glucide	m	glucides
glucinium	m	gluciniums
glucocorticoïde	m	glucocorticoïdes
glucomètre	m	glucomètres
glucose	m	glucoses
glucoserie	f	glucoseries
glucoside	m	glucosides
glui	m	gluis
glume	f	glumes
glumelle	f	glumelles
glutamate	m	glutamates
gluten	m	glutens
glycine	f	glycines
glycocolle	m	glycocolles
glycogène	m	glycogènes
glycogénogenèse	f	glycogénogenèses
glycol	m	glycols
glycolipide	m	glycolipides
glycolyse	f	glycolyses
glycomètre	m	glycomètres
glyconien	m	glyconiens
glycopexie	f	glycopexies
glycoprotéine	f	glycoprotéines
glycorégulation	f	glycorégulations
glycosurie	f	glycosuries
glycère	f	glycères
glycémie	f	glycémies
glycéride	m	glycérides
glycérie	f	glycéries
glycérinage	m	glycérinages
glycérine	f	glycérines
glycérol	m	glycérols
glycérolé	m	glycérolés
glycérophosphate	m	glycérophosphates
glyphe	m	glyphes
glyptique	f	glyptiques
glyptodon	m	glyptodons
glyptodonte	m	glyptodontes
glyptographie	f	glyptographies
glyptothèque	f	glyptothèques
glèbe	f	glèbes
glène	f	glènes
gléchome	m	gléchomes
glécome	m	glécomes
glénoïde	f	glénoïdes
gnaule	f	gnaules
gneiss	m	gneiss
gniole	f	gnioles
gnocchi	m	gnocchis
gnognote	f	gnognotes
gnognotte	f	gnognottes
gnole	f	gnoles
gnome	m	gnomes
gnomide	f	gnomides
gnomon	m	gnomons
gnomonique	f	gnomoniques
gnon	m	gnons
gnose	f	gnoses
gnosie	f	gnosies
gnosticisme	m	gnosticismes
gnoséologie	f	gnoséologies
gnou	m	gnous
gnôle	f	gnôles
go	m	go
goal	m	goals
gobage	m	gobages
gobe	m	gobes
gobe-mouche	m	gobe-mouches
gobe-mouches	m	gobe-mouches
gobelet	m	gobelets
gobeleterie	f	gobeleteries
gobeletier	m	gobeletiers
gobelin	m	gobelins
gobelotage	m	gobelotages
gobelottage	m	gobelottages
goberge	f	goberges
gobetage	m	gobetages
gobeur	m	gobeurs
gobeuse	f	gobeuses
gobichonnade	f	gobichonnades
gobichonnage	m	gobichonnages
gobie	m	gobies
gobille	f	gobilles
godage	m	godages
godaille	f	godailles
godaillerie	f	godailleries
godasse	f	godasses
godelureau	m	godelureaux
godemiché	m	godemichés
godet	m	godets
godiche	f	godiches
godichon	m	godichons
godichonne	f	godichonnes
godillage	m	godillages
godille	f	godilles
godilleur	m	godilleurs
godillot	m	godillots
godiveau	m	godiveaux
godron	m	godrons
godronnage	m	godronnages
goglu	m	goglus
gogo	m	gogos
gogue	m	gogues
goguenarderie	f	goguenarderies
goguenardise	f	goguenardises
goguenot	m	goguenots
goguette	f	goguettes
goinfrage	m	goinfrages
goinfrerie	f	goinfreries
goitre	m	goitres
goitreux	m	goitreux
goitreuse	f	goitreuses
golden	f	golden
golf	m	golfs
golfe	m	golfes
golfeur	m	golfeurs
golmote	f	golmotes
golmotte	f	golmottes
gombo	m	gombos
gomina	f	gominas
gommage	m	gommages
gomme	f	gommes
gomme-gutte	f	gommes-guttes
gomme-résine	f	gommes-résines
gommette	f	gommettes
gommeur	m	gommeurs
gommeuse	f	gommeuses
gommeux	m	gommeux
gommeuse	f	gommeuses
gommier	m	gommiers
gommose	f	gommoses
goménol	m	goménols
gon	m	gons
gonade	f	gonades
gonadostimuline	f	gonadostimulines
gonadotrophine	f	gonadotrophines
gond	m	gonds
gondage	m	gondages
gondolage	m	gondolages
gondole	f	gondoles
gondolement	m	gondolements
gondolier	m	gondoliers
gonelle	f	gonelles
gonfalon	m	gonfalons
gonfalonier	m	gonfaloniers
gonfanon	m	gonfanons
gonfanonier	m	gonfanoniers
gonflage	m	gonflages
gonflant	m	gonflants
gonfle	f	gonfles
gonflement	m	gonflements
gonflette	f	gonflettes
gonfleur	m	gonfleurs
gong	m	gongs
gongorisme	m	gongorismes
goniomètre	m	goniomètres
goniométrie	f	goniométries
gonion	m	gonions
gonnelle	f	gonnelles
gonochorisme	m	gonochorismes
gonococcie	f	gonococcies
gonocoque	m	gonocoques
gonocyte	m	gonocytes
gonophore	m	gonophores
gonozoïde	m	gonozoïdes
gonze	m	gonzes
gonzesse	f	gonzesses
gonzesse	f	gonzesses
gopak	m	gopaks
gopura	m	gopura
gorbatchévien	m	gorbatchéviens
gorbatchévienne	f	gorbatchéviennes
gord	m	gords
goret	m	gorets
gorfou	m	gorfous
gorge	f	gorges
gorgement	m	gorgements
gorgeon	m	gorgeons
gorgerette	f	gorgerettes
gorgerin	m	gorgerins
gorget	m	gorgets
gorgonaire	m	gorgonaires
gorgone	f	gorgones
gorgonzola	m	gorgonzolas
gorgée	f	gorgées
gorille	m	gorilles
gosette	f	gosettes
gosier	m	gosiers
gospel	m	gospels
gotique	m	gotiques
goton	f	gotons
gouachage	m	gouachages
gouache	f	gouaches
gouaille	f	gouailles
gouaillerie	f	gouailleries
goualante	f	goualantes
goualeur	m	goualeurs
goualeuse	f	goualeuses
gouape	f	gouapes
gouda	m	goudas
goudron	m	goudrons
goudronnage	m	goudronnages
goudronnement	m	goudronnements
goudronnerie	f	goudronneries
goudronneur	m	goudronneurs
goudronneuse	f	goudronneuses
goudronneuse	f	goudronneuses
gouet	m	gouets
gouffre	m	gouffres
gouge	f	gouges
gougelhof	m	gougelhofs
gougnafier	m	gougnafiers
gougnottage	m	gougnottages
gougère	f	gougères
gouille	f	gouilles
gouine	f	gouines
goujat	m	goujats
goujaterie	f	goujateries
goujon	m	goujons
goujonnage	m	goujonnages
goujonnier	m	goujonniers
goujonnière	f	goujonnières
goujonnoir	m	goujonnoirs
goujure	f	goujures
goulache	m	goulaches
goulag	m	goulags
goulasch	m	goulaschs
goule	f	goules
goulet	m	goulets
goulette	f	goulettes
goulot	m	goulots
goulotte	f	goulottes
goulu	m	goulus
goulue	f	goulues
goulée	f	goulées
goum	m	goums
goumier	m	goumiers
goupil	m	goupils
goupillage	m	goupillages
goupille	f	goupilles
goupillon	m	goupillons
goupillonnage	m	goupillonnages
gour	m	gours
goura	m	gouras
gourage	m	gourages
gourami	m	gouramis
gourance	f	gourances
gourante	f	gourantes
gourbi	m	gourbis
gourde	f	gourdes
gourdin	m	gourdins
gourgandinage	m	gourgandinages
gourgandine	f	gourgandines
gourmade	f	gourmades
gourmand	m	gourmands
gourmande	f	gourmandes
gourmandise	f	gourmandises
gourme	f	gourmes
gourmet	m	gourmets
gourmette	f	gourmettes
gourou	m	gourous
gouspin	m	gouspins
goussaut	m	goussauts
gousse	f	gousses
gousset	m	goussets
gouttage	m	gouttages
goutte	f	gouttes
goutte-à-goutte	m	goutte-à-goutte
gouttelette	f	gouttelettes
gouttellement	m	gouttellements
gouttière	f	gouttières
gouvernail	m	gouvernails
gouvernance	f	gouvernances
gouvernant	m	gouvernants
gouvernante	f	gouvernantes
gouvernante	f	gouvernantes
gouverne	f	gouvernes
gouvernement	m	gouvernements
gouvernementalisme	m	gouvernementalismes
gouverneur	m	gouverneurs
gouverneure	f	gouverneures
gouvernorat	m	gouvernorats
gouverné	m	gouvernés
goy	m	goys
goyave	f	goyaves
goyavier	m	goyaviers
goéland	m	goélands
goélette	f	goélettes
goémon	m	goémons
goï	m	goïm
goût	m	goûts
goûtage	m	goûtages
goûter	m	goûters
goûteur	m	goûteurs
grabat	m	grabats
graben	m	grabens
grabuge	m	grabuges
graciation	f	graciations
gracieuseté	f	gracieusetés
gracilité	f	gracilités
gradation	f	gradations
grade	m	grades
grader	m	graders
gradient	m	gradients
gradin	m	gradins
grading	m	gradings
graduat	m	graduats
graduation	f	graduations
graduel	m	graduels
gradus	m	gradus
gradé	m	gradés
gradée	f	gradées
graffiti	m	graffiti
graille	f	grailles
graillement	m	graillements
graillon	m	graillons
graillonnement	m	graillonnements
grain	m	grains
grainage	m	grainages
grainasse	f	grainasses
graine	f	graines
graineterie	f	graineteries
grainetier	m	grainetiers
graineur	m	graineurs
grainier	m	grainiers
grainière	f	grainières
graissage	m	graissages
graisse	f	graisses
graisseur	m	graisseurs
graisseuse	f	graisseuses
gram	m	gram
gramen	m	gramens
graminacée	f	graminacées
graminée	f	graminées
grammaire	f	grammaires
grammairien	m	grammairiens
grammairienne	f	grammairiennes
grammaticalisation	f	grammaticalisations
grammaticalité	f	grammaticalités
grammatisation	f	grammatisations
gramme	m	g
gramophone	m	gramophones
gramscien	m	gramsciens
gramscienne	f	gramsciennes
grand	m	grands
grande	f	grandes
grand-angle	m	grands-angles
grand-angulaire	m	grands-angulaires
grand-chose	m	grand-chose
grand-duc	m	grands-ducs
grand-duché	m	grands-duchés
grand-guignol	m	grand-guignols
grand-messe	f	grand-messes
grand-mère	f	grand-mères
grand-oncle	m	grands-oncles
grand-papa	m	grands-papas
grand-père	m	grands-pères
grand-rue	f	grand-rues
grand-tante	f	grand-tantes
grande-duchesse	f	grandes-duchesses
grandesse	f	grandesses
grandeur	f	grandeurs
grandiloquence	f	grandiloquences
grandiose	m	grandioses
grandissement	m	grandissements
grange	f	granges
granit	m	granits
granite	m	granites
granitisation	f	granitisations
granité	m	granités
granny-smith	m	granny-smiths
granularité	f	granularités
granulat	m	granulats
granulateur	m	granulateurs
granulation	f	granulations
granule	m	granules
granulie	f	granulies
granulite	f	granulites
granulocyte	m	granulocytes
granulomatose	f	granulomatoses
granulome	m	granulomes
granulométrie	f	granulométries
grape-fruit	m	grape-fruits
grapefruit	m	grapefruits
graphe	m	graphes
graphie	f	graphies
graphisme	m	graphismes
graphitage	m	graphitages
graphitation	f	graphitations
graphite	m	graphites
graphitisation	f	graphitisations
graphologie	f	graphologies
graphomètre	m	graphomètres
graphème	m	graphèmes
grappe	f	grappes
grappillage	m	grappillages
grappille	f	grappilles
grappillement	m	grappillements
grappilleur	m	grappilleurs
grappillon	m	grappillons
grappin	m	grappins
grappinage	m	grappinages
gras	m	gras
gras-double	m	gras-doubles
grasserie	f	grasseries
grasset	m	grassets
grasseyement	m	grasseyements
gratage	m	gratages
grateron	m	graterons
graticulage	m	graticulages
graticulation	f	graticulations
graticule	m	graticules
gratification	f	gratifications
gratin	m	gratins
gratinage	m	gratinages
gratiné	m	gratinés
gratinée	f	gratinées
gratiole	f	gratioles
gratitude	f	gratitudes
gratouillage	m	gratouillages
gratouillement	m	gratouillements
gratouillis	m	gratouillis
grattage	m	grattages
gratte	f	grattes
gratte-ciel	m	gratte-ciel
gratte-cul	m	gratte-cul
gratte-dos	m	gratte-dos
gratte-papier	m	gratte-papier
grattelle	f	grattelles
grattement	m	grattements
gratteron	m	gratterons
gratteur	m	gratteurs
grattoir	m	grattoirs
gratton	m	grattons
grattonnage	m	grattonnages
grattouillement	m	grattouillements
grattouillis	m	grattouillis
gratture	f	grattures
gratuité	f	gratuités
gratulation	f	gratulations
grau	m	graux
gravage	m	gravages
gravat	m	gravats
gravatier	m	gravatiers
gravelage	m	gravelages
gravelle	f	gravelles
gravelure	f	gravelures
gravelée	f	gravelées
graveur	m	graveurs
gravidité	f	gravidités
gravier	m	graviers
gravillon	m	gravillons
gravillonnage	m	gravillonnages
gravimétrie	f	gravimétries
gravissement	m	gravissements
gravitation	f	gravitations
graviton	m	gravitons
gravité	f	gravités
gravoi	m	gravois
gravouillement	m	gravouillements
gravure	f	gravures
gray	m	grays
grec	m	grecs
grecque	f	grecques
grecque	f	grecques
gredin	m	gredins
gredine	f	gredines
gredinerie	f	gredineries
green	m	greens
greffage	m	greffages
greffeur	m	greffeurs
greffier	m	greffiers
greffière	f	greffières
greffoir	m	greffoirs
greffon	m	greffons
greffé	m	greffés
grelin	m	grelins
grelot	m	grelots
grelotement	m	grelotements
grelottement	m	grelottements
greluchon	m	greluchons
grenache	m	grenaches
grenadage	m	grenadages
grenade	f	grenades
grenadeur	m	grenadeurs
grenadier	m	grenadiers
grenadière	f	grenadières
grenadille	f	grenadilles
grenadin	m	grenadins
grenadine	f	grenadines
grenadine	f	grenadines
grenadière	f	grenadières
grenage	m	grenages
grenaillage	m	grenaillages
grenaille	f	grenailles
grenaison	f	grenaisons
grenat	m	grenats
greneur	m	greneurs
grenier	m	greniers
grenoblois	m	grenoblois
grenobloise	f	grenobloises
grenouillage	m	grenouillages
grenouille	f	grenouilles
grenouillette	f	grenouillettes
grenouillère	f	grenouillères
grenu	m	grenus
grenure	f	grenures
gressin	m	gressins
grevé	m	grevés
grevée	f	grevées
gri	m	gris
gri-gri	m	gris-gris
gribiche	f	gribiches
gribouillage	m	gribouillages
gribouille	m	gribouilles
gribouilleur	m	gribouilleurs
gribouilleuse	f	gribouilleuses
gribouillis	m	gribouillis
grief	m	griefs
griffade	f	griffades
griffage	m	griffages
griffe	f	griffes
griffeur	m	griffeurs
griffeuse	f	griffeuses
griffon	m	griffons
griffonnage	m	griffonnages
griffonnement	m	griffonnements
griffonneur	m	griffonneurs
griffonneuse	f	griffonneuses
griffouillis	m	griffouillis
griffure	f	griffures
grifouillage	m	grifouillages
grifouillis	m	grifouillis
grifton	m	griftons
grignage	m	grignages
grigne	f	grignes
grignon	m	grignons
grignotage	m	grignotages
grignotement	m	grignotements
grignoteur	m	grignoteurs
grignoteuse	f	grignoteuses
grignoteuse	f	grignoteuses
grignotis	m	grignotis
grigou	m	grigous
grigri	m	grigris
gril	m	grils
grill	m	grills
grill-room	m	grill-rooms
grillade	f	grillades
grillage	m	grillages
grillageur	m	grillageurs
grille	f	grilles
grille-pain	m	grille-pain
grille-écran	f	grilles-écrans
grilloir	m	grilloirs
grillon	m	grillons
grillonnement	m	grillonnements
grimace	f	grimaces
grimacement	m	grimacements
grimage	m	grimages
grimaud	m	grimauds
grimoire	m	grimoires
grimpade	f	grimpades
grimpage	m	grimpages
grimpant	m	grimpants
grimpe	f	grimpes
grimpement	m	grimpements
grimpereau	m	grimpereaux
grimperie	f	grimperies
grimpette	f	grimpettes
grimpeur	m	grimpeurs
grimpeuse	f	grimpeuses
grimpée	f	grimpées
grincement	m	grincements
grinche	f	grinches
grinchement	m	grinchements
grincherie	f	grincheries
grincheux	m	grincheux
grincheuse	f	grincheuses
gringalet	m	gringalets
gringotage	m	gringotages
grinçage	m	grinçages
griot	m	griots
griotte	f	griottes
griotte	f	griottes
grippage	m	grippages
grippe	f	grippes
grippe-sou	m	grippe-sou
grippement	m	grippements
grippé	m	grippés
grippée	f	grippées
gris	m	gris
gris-gris	m	gris-gris
grisage	m	grisages
grisaille	f	grisailles
grisaillement	m	grisaillements
grisard	m	grisards
grisbi	m	grisbis
grisement	m	grisements
griserie	f	griseries
griset	m	grisets
grisette	f	grisettes
grisollement	m	grisollements
grison	m	grisons
grisonne	f	grisonnes
grisonnement	m	grisonnements
grisou	m	grisous
grisoumètre	m	grisoumètres
grisé	m	grisés
grisée	f	grisées
grive	f	grives
grivelage	m	grivelages
griveleur	m	griveleurs
griveleuse	f	griveleuses
grivelure	f	grivelures
griveton	m	grivetons
grivoise	f	grivoises
grivoiserie	f	grivoiseries
grivèlerie	f	grivèleries
grizzli	m	grizzlis
grizzly	m	grizzlys
groenendael	m	groenendaels
groenlandais	m	groenlandais
groenlandaise	f	groenlandaises
grog	m	grogs
grognante	m	grognantes
grognard	m	grognards
grognarde	f	grognardes
grognasse	f	grognasses
grogne	f	grognes
grognement	m	grognements
grognerie	f	grogneries
grogneur	m	grogneurs
grogneuse	f	grogneuses
grognonnement	m	grognonnements
grognonnerie	f	grognonneries
groie	f	groies
groin	m	groins
groisil	m	groisils
grole	f	groles
grolle	f	grolles
grommelage	m	grommelages
grommellement	m	grommellements
grommèlement	m	grommèlements
grondade	f	grondades
gronde	f	grondes
grondement	m	grondements
gronderie	f	gronderies
grondin	m	grondins
groom	m	grooms
gros	m	gros
grosse	f	grosses
gros-grain	m	gros-grains
gros-porteur	m	gros-porteurs
groschen	m	groschens
groseille	f	groseilles
groseillier	m	groseilliers
grosse	f	grosses
grosserie	f	grosseries
grossesse	f	grossesses
grosseur	f	grosseurs
grossissage	m	grossissages
grossissement	m	grossissements
grossium	m	grossiums
grossièreté	f	grossièretés
grossulaire	m	grossulaires
grotte	f	grottes
grouillance	f	grouillances
grouillement	m	grouillements
grouillot	m	grouillots
grouinement	m	grouinements
ground	m	grounds
groupage	m	groupages
groupe	m	groupes
groupement	m	groupements
groupeur	m	groupeurs
groupie	f	groupies
groupuscule	m	groupuscules
grouse	f	grouses
gruau	m	gruaux
grue	f	grues
gruerie	f	grueries
grugeage	m	grugeages
grugeoir	m	grugeoirs
grugerie	f	grugeries
grume	f	grumes
grumeau	m	grumeaux
grumelure	f	grumelures
grumier	m	grumiers
gruon	m	gruons
gruppetto	m	gruppettos
grutier	m	grutiers
grutière	f	grutières
gruyer	m	gruyers
gruyère	m	gruyères
gryllidé	m	gryllidés
gryphée	f	gryphées
grâce	f	grâces
grèbe	m	grèbes
grège	m	grèges
grègue	f	grègues
grènetis	m	grènetis
grès	m	grès
grève	f	grèves
gré	m	grés
gréage	m	gréages
grébiche	f	grébiches
grébige	f	grébiges
grécisation	f	grécisations
grécité	f	grécités
gréement	m	gréements
grégarisme	m	grégarismes
grégorien	m	grégoriens
grément	m	gréments
grémil	m	grémils
grémille	f	grémilles
grésage	m	grésages
grésil	m	grésils
grésillement	m	grésillements
grésoir	m	grésoirs
grêlage	m	grêlages
grêle	f	grêles
grêlon	m	grêlons
gsm	m	gsm
guadeloupéen	m	guadeloupéens
guanaco	m	guanacos
guanidine	f	guanidines
guanine	f	guanines
guano	m	guanos
guard	m	guards
guelte	f	gueltes
guenille	f	guenilles
guenilleux	m	guenilleux
guenilleuse	f	guenilleuses
guenon	f	guenons
guerdon	m	guerdons
guernesiais	m	guernesiais
guernesiaise	f	guernesiaises
guerre	f	guerres
guerrier	m	guerriers
guerrière	f	guerrières
guerroyante	m	guerroyantes
guet	m	guets
guet-apens	m	guets-apens
guette	f	guettes
guetteur	m	guetteurs
guetteuse	f	guetteuses
gueulade	f	gueulades
gueulante	f	gueulantes
gueulard	m	gueulards
gueularde	f	gueulardes
gueule-de-loup	f	gueules-de-loup
gueulement	m	gueulements
gueulerie	f	gueuleries
gueuleton	m	gueuletons
gueulette	f	gueulettes
gueuloir	m	gueuloirs
gueulée	f	gueulées
gueusage	m	gueusages
gueuse	f	gueuses
gueuserie	f	gueuseries
gueux	m	gueux
gueuse	f	gueuses
gugusse	m	gugusses
gui	m	guis
guibole	f	guiboles
guibolle	f	guibolles
guibre	f	guibres
guiche	f	guiches
guichet	m	guichets
guichetier	m	guichetiers
guichetière	f	guichetières
guidage	m	guidages
guidance	f	guidances
guidant	m	guidants
guide-âne	m	guide-âne
guideau	m	guideaux
guideline	f	guidelines
guiderope	m	guideropes
guidon	m	guidons
guignard	m	guignards
guignarde	f	guignardes
guigne	f	guignes
guignette	f	guignettes
guignier	m	guigniers
guignol	m	guignols
guignolerie	f	guignoleries
guignolet	m	guignolets
guignolisation	f	guignolisations
guignon	m	guignons
guilde	f	guildes
guillaume	m	guillaumes
guilledou	m	guilledous
guillemet	m	guillemets
guillemetage	m	guillemetages
guillemot	m	guillemots
guillochage	m	guillochages
guilloche	f	guilloches
guillocheur	m	guillocheurs
guillochis	m	guillochis
guillochure	f	guillochures
guilloché	m	guillochés
guillon	m	guillons
guillotinade	f	guillotinades
guillotinage	m	guillotinages
guillotine	f	guillotines
guillotinement	m	guillotinements
guillotiné	m	guillotinés
guillotinée	f	guillotinées
guimauve	f	guimauves
guimbarde	f	guimbardes
guimpage	m	guimpages
guimpe	f	guimpes
guindage	m	guindages
guindant	m	guindants
guindeau	m	guindeaux
guinderesse	f	guinderesses
guinguette	f	guinguettes
guinée	f	guinées
guinéen	m	guinéens
guinéenne	f	guinéennes
guipage	m	guipages
guipoir	m	guipoirs
guipon	m	guipons
guipure	f	guipures
guipé	m	guipés
guirlande	f	guirlandes
guisarme	f	guisarmes
guise	f	guises
guitare	f	guitares
guitoune	f	guitounes
gujarati	m	gujaratis
gulden	m	guldens
gum	m	gums
gunitage	m	gunitages
gunite	f	gunites
guppy	m	guppys
guru	m	gurus
gurunsi	m	gurunsis
gurunsie	f	gurunsies
gus	m	gus
guss	m	guss
gustation	f	gustations
gustométrie	f	gustométries
gutta	f	guttas
gutta-percha	f	guttas-perchas
gutte	f	guttes
guttifère	f	guttifères
guttiférale	f	guttiférales
gutturale	f	gutturales
guyanais	m	guyanais
guyanaise	f	guyanaises
guzla	f	guzlas
guède	f	guèdes
guète	f	guètes
guèze	m	guèzes
gué	m	gués
guéguerre	f	guéguerres
guépard	m	guépards
guéret	m	guérets
guéridon	m	guéridons
guérilla	f	guérillas
guérillero	m	guérilleros
guérison	f	guérisons
guérisseur	m	guérisseurs
guérisseuse	f	guérisseuses
guérite	f	guérites
guêpe	f	guêpes
guêpier	m	guêpiers
guêpière	f	guêpières
guêtre	f	guêtres
guêtron	m	guêtrons
gym	f	gyms
gymkhana	m	gymkhanas
gymnase	m	gymnases
gymnastique	f	gymnastiques
gymnique	f	gymniques
gymnote	m	gymnotes
gynandromorphisme	m	gynandromorphismes
gynécologie	f	gynécologies
gynécomastie	f	gynécomasties
gynécée	m	gynécées
gynérium	m	gynériums
gypaète	m	gypaètes
gypsage	m	gypsages
gypse	m	gypses
gypsomètre	m	gypsomètres
gypsophile	f	gypsophiles
gyrin	m	gyrins
gyrocompas	m	gyrocompas
gyromitre	m	gyromitres
gyromètre	m	gyromètres
gyrophare	m	gyrophares
gyropilote	m	gyropilotes
gyroscope	m	gyroscopes
gyrostat	m	gyrostats
gâble	m	gâbles
gâchage	m	gâchages
gâche	f	gâches
gâchette	f	gâchettes
gâcheur	m	gâcheurs
gâcheuse	f	gâcheuses
gâchis	m	gâchis
gâchée	f	gâchées
gâte-sauce	m	gâte-sauce
gâteau	m	gâteaux
gâterie	f	gâteries
gâteux	m	gâteux
gâteuse	f	gâteuses
gâtification	f	gâtifications
gâtine	f	gâtines
gâtisme	m	gâtismes
gène	m	gènes
géant	m	géants
géante	f	géantes
géaster	m	géasters
géhenne	f	géhennes
gélatinage	m	gélatinages
gélatine	f	gélatines
gélatinisation	f	gélatinisations
gélation	f	gélations
gélifiant	m	gélifiants
gélification	f	gélifications
gélifié	m	gélifiés
gélifraction	f	gélifractions
gélinotte	f	gélinottes
gélivation	f	gélivations
gélivure	f	gélivures
gélose	f	géloses
gélule	f	gélules
gémeau	m	gémeaux
gémelle	f	gémelles
gémellipare	f	gémellipares
gémellité	f	gémellités
gémination	f	géminations
géminée	f	géminées
gémissement	m	gémissements
gémonie	f	gémonies
génialité	f	génialités
génie	m	génies
génisse	f	génisses
géniteur	m	géniteurs
génitrice	f	génitrices
génitif	m	génitifs
génocide	m	génocides
génois	m	génois
génoise	f	génoises
génoise	f	génoises
génome	m	génomes
génomique	f	génomiques
génoplante	f	génoplantes
génotypage	m	génotypages
génotype	m	génotypes
génovéfain	m	génovéfains
génuflexion	f	génuflexions
généalogie	f	généalogies
génépi	m	génépis
général	m	généraux
générale	f	générales
généralat	m	généralats
générale	f	générales
généralisation	f	généralisations
généralissime	m	généralissimes
généralité	f	généralités
générateur	m	générateurs
génération	f	générations
génératrice	f	génératrices
généreux	m	généreux
généreuse	f	généreuses
générique	m	génériques
générosité	f	générosités
généticien	m	généticiens
génétique	f	génétiques
génétisme	m	génétismes
géochimie	f	géochimies
géode	f	géodes
géodésie	f	géodésies
géographie	f	géographies
géologie	f	géologies
géomagnétisme	m	géomagnétismes
géomancie	f	géomancies
géomorphologie	f	géomorphologies
géométridé	m	géométridés
géométrie	f	géométries
géométrisation	f	géométrisations
géophile	m	géophiles
géophysicien	m	géophysiciens
géophysique	f	géophysiques
géopolitique	f	géopolitiques
géorgien	m	géorgiens
géorgienne	f	géorgiennes
géosynclinal	m	géosynclinaux
géotextile	m	géotextiles
géothermie	f	géothermies
géotropisme	m	géotropismes
géotrupe	m	géotrupes
géoïde	m	géoïdes
gérance	f	gérances
géraniacée	f	géraniacées
géranium	m	géraniums
géraniée	f	géraniées
gérant	m	gérants
gérante	f	gérantes
gériatrie	f	gériatries
géromé	m	géromés
gérondif	m	gérondifs
géronte	m	gérontes
gérontisme	m	gérontismes
gérontocratie	f	gérontocraties
gérontologie	f	gérontologies
gérontophilie	f	gérontophilies
géré	m	gérés
gérée	f	gérées
gésier	m	gésiers
gésine	f	gésines
gêneur	m	gêneurs
gêneuse	f	gêneuses
h1n1	m	h1n1
habanera	f	habaneras
habileté	f	habiletés
habilitation	f	habilitations
habilité	m	habilités
habilitée	f	habilitées
habillage	m	habillages
habillement	m	habillements
habilleur	m	habilleurs
habilleuse	f	habilleuses
habit	m	habits
habitabilité	f	habitabilités
habitacle	m	habitacles
habitant	m	hab..
habitante	f	habitantes
habitat	m	habitats
habitation	f	habitations
habituation	f	habituations
habitude	f	habitudes
habituel	m	habituels
habitus	m	habitus
habitué	m	habitués
habituée	f	habituées
habsbourgeois	m	habsbourgeois
habsbourgeoise	f	habsbourgeoises
hachage	m	hachages
hache	f	haches
hache-légumes	m	hache-légumes
hache-paille	m	hache-paille
hache-viande	m	hache-viande
hachement	m	hachements
hachereau	m	hachereaux
hachette	f	hachettes
hacheur	m	hacheurs
hachis	m	hachis
hachisch	m	hachisch
hachoir	m	hachoirs
hachurage	m	hachurages
hachure	f	hachures
hacienda	f	haciendas
hacker	m	hackers
hacquebute	f	hacquebutes
haddock	m	haddocks
hadith	m	hadiths
hadj	m	hadjs
hadji	m	hadjis
hadron	m	hadrons
hafnium	m	hafniums
haggis	m	haggis
hagiographie	f	hagiographies
hagiologie	f	hagiologies
hahnium	m	hahniums
haie	f	haies
haillon	m	haillons
haine	f	haines
haineux	m	haineux
haineuse	f	haineuses
hainuyer	m	hainuyers
hainuyère	f	hainuyères
haire	f	haires
hakka	m	hakkas
halage	m	halages
halbi	m	halbis
halbran	m	halbrans
halecret	m	halecrets
haleine	f	haleines
haleur	m	haleurs
haleuse	f	haleuses
half-track	m	half-tracks
halicte	m	halictes
halieutique	f	halieutiques
haliotide	f	haliotides
haliple	m	haliples
halite	f	halites
hall	m	halls
hallage	m	hallages
hallali	m	hallalis
halle	f	halles
hallebarde	f	hallebardes
hallebardier	m	hallebardiers
hallier	m	halliers
halloween	f	halloweens
hallucination	f	hallucinations
hallucinogène	m	hallucinogènes
hallucinose	f	hallucinoses
halluciné	m	hallucinés
hallucinée	f	hallucinées
halo	m	halos
halographie	f	halographies
halogène	m	halogènes
halogénation	f	halogénations
halogénure	m	halogénures
halopéridol	m	halopéridols
halothane	m	halothanes
halte	f	haltes
halte-garderie	f	haltes-garderies
haltère	m	haltères
haltérophilie	f	haltérophilies
halva	m	halvas
halètement	m	halètements
hamac	m	hamacs
hamada	f	hamadas
hamadryade	f	hamadryades
hamadryas	m	hamadryas
hamamélis	m	hamamélis
hamburger	m	hamburgers
hameau	m	hameaux
hameçon	m	hameçons
hammam	m	hammams
hammerless	m	hammerless
hampe	f	hampes
hamster	m	hamsters
han	m	han
hanafisme	m	hanafismes
hanap	m	hanaps
hanbalisme	m	hanbalismes
hanche	f	hanches
hanchement	m	hanchements
hand-ball	m	hand-balls
handball	m	handballs
handballeur	m	handballeurs
handicap	m	handicaps
handicapeur	m	handicapeurs
handicapé	m	handicapés
handicapée	f	handicapées
hangar	m	hangars
hanneton	m	hannetons
hannetonnage	m	hannetonnages
hanovrien	m	hanovriens
hanovrienne	f	hanovriennes
hansart	m	hansarts
hanse	f	hanses
hantise	f	hantises
hapalidé	m	hapalidés
hapax	m	hapax
haplologie	f	haplologies
haplophase	f	haplophases
happage	m	happages
happe	f	happes
happement	m	happements
happening	m	happenings
happée	f	happées
haptène	m	haptènes
haquebute	f	haquebutes
haquenée	f	haquenées
haquet	m	haquets
hara-kiri	m	hara-kiris
harakiri	m	harakiris
harangue	f	harangues
harangueur	m	harangueurs
harangueuse	f	harangueuses
haras	m	haras
harasse	f	harasses
harassement	m	harassements
harceleur	m	harceleurs
harcèlement	m	harcèlements
hard	m	hard
hard-top	m	hard-tops
hardcore	m	hardcores
harde	f	hardes
hardi	m	hardis
hardiesse	f	hardiesses
hardware	m	hardwares
hareng	m	harengs
harengaison	f	harengaisons
harenguet	m	harenguets
harengueux	m	harengueux
harenguier	m	harenguiers
harengère	f	harengères
haret	m	harets
harfang	m	harfangs
hargne	f	hargnes
hargnerie	f	hargneries
haricot	m	haricots
haridelle	f	haridelles
harijan	m	harijans
harissa	m	harissas
harki	m	harkis
harkie	f	harkies
harle	m	harles
harmattan	m	harmattans
harmonica	m	harmonicas
harmonicorde	m	harmonicordes
harmonie	f	harmonies
harmonisation	f	harmonisations
harmonium	m	harmoniums
harnachement	m	harnachements
harnacherie	f	harnacheries
harnacheur	m	harnacheurs
harnais	m	harnais
harnois	m	harnois
haro	m	haros
harpage	m	harpages
harpagon	m	harpagons
harpail	m	harpails
harpaille	f	harpailles
harpe	f	harpes
harpes	m	harpes
harpie	f	harpies
harpon	m	harpons
harponnage	m	harponnages
harponnement	m	harponnements
harponneur	m	harponneurs
hart	f	harts
haruspice	m	haruspices
hasard	m	hasards
hasch	m	hasch
haschich	m	haschich
haschisch	m	haschisch
haschischin	m	haschischins
hase	f	hases
hassidisme	m	hassidismes
hast	m	hasts
hastaire	m	hastaires
hattéria	m	hattérias
hauban	m	haubans
haubanage	m	haubanages
haubannage	m	haubannages
haubert	m	hauberts
hausse	f	hausses
hausse-col	m	hausse-cols
haussement	m	haussements
haussier	m	haussiers
haussière	f	haussières
haussière	f	haussières
haut	m	hauts
haut-commissaire	m	hauts-commissaires
haut-de-chausse	m	haut-de-chausses
haut-de-chausses	m	hauts-de-chausses
haut-de-forme	m	hauts-de-forme
haut-fond	m	hauts-fonds
haut-le-coeur	m	haut-le-coeur
haut-le-corps	m	haut-le-corps
haut-parleur	m	haut-parleurs
haut-relief	m	hauts-reliefs
hautain	m	hautains
hautaine	f	hautaines
hautbois	m	hautbois
haute	f	hautes
haute-contre	m	hautes-contre
haute-contre	f	hautes-contre
haute-fidélité	f	hautes-fidélités
hautesse	f	hautesses
hauteur	f	hauteurs
hautin	m	hautins
havage	m	havages
havanais	m	havanais
havanaise	f	havanaises
havanaise	f	havanaises
havane	m	havanes
haveneau	m	haveneaux
havenet	m	havenets
haveur	m	haveurs
haveuse	f	haveuses
haveuse	f	haveuses
havre	m	havres
havresac	m	havresacs
havrit	m	havrits
hawaiien	m	hawaiiens
hawaiienne	f	hawaiiennes
hawaïen	m	hawaïens
hawaïenne	f	hawaïennes
hayon	m	hayons
hazara	f	hazaras
haïk	m	haïks
haïkaï	m	haïkaïs
haïku	m	haïku
haïtien	m	haïtiens
haïtienne	f	haïtiennes
heaume	m	heaumes
heaumier	m	heaumiers
hebdomadaire	m	hebdomadaires
hebdomadier	m	hebdomadiers
hectare	m	hectares
hecto	m	hectos
hectogramme	m	hectogrammes
hectolitre	m	hectolitres
hectomètre	m	hectomètres
hectowatt	m	hectowatts
hellébore	m	hellébores
hellénisant	m	hellénisants
hellénisation	f	hellénisations
hellénisme	m	hellénismes
helminthe	m	helminthes
helminthiase	f	helminthiases
helvelle	f	helvelles
helvétisme	m	helvétismes
hendiadys	m	hendiadys
hendécagone	m	hendécagones
hennin	m	hennins
hennissement	m	hennissements
henné	m	hennés
henry	m	henrys
heptagone	m	heptagones
heptamètre	m	heptamètres
heptaèdre	m	heptaèdres
herbage	m	herbages
herbagement	m	herbagements
herbagère	f	herbagères
herbe	f	herbes
herberie	f	herberies
herbette	f	herbettes
herbicide	m	herbicides
herbier	m	herbiers
herbivore	m	herbivores
herborisateur	m	herborisateurs
herborisation	f	herborisations
herboristerie	f	herboristeries
herbu	m	herbus
herbue	f	herbues
herchage	m	herchages
hercheur	m	hercheurs
hercheuse	f	hercheuses
hercule	m	hercules
hercynien	m	hercyniens
herd-book	m	herd-books
hermandad	f	hermandads
hermaphrodisme	m	hermaphrodismes
hermine	f	hermines
herminette	f	herminettes
hermès	m	hermès
herméneutique	f	herméneutiques
herméticité	f	herméticités
hermétisme	m	hermétismes
hernie	f	hernies
hernieux	m	hernieux
hernieuse	f	hernieuses
herpe	f	herpes
herpès	m	herpès
herpétologie	f	herpétologies
hersage	m	hersages
herschage	m	herschages
herscheur	m	herscheurs
herscheuse	f	herscheuses
herse	f	herses
herseur	m	herseurs
hertz	m	hertz
hetman	m	hetmans
heu	m	heus
heur	m	heurs
heure	f	h
heureux	m	heureux
heureuse	f	heureuses
heuristique	f	heuristiques
heurt	m	heurts
heurtoir	m	heurtoirs
hexacoralliaire	m	hexacoralliaires
hexacorde	m	hexacordes
hexafluorure	m	hexafluorures
hexagone	m	hexagones
hexamètre	m	hexamètres
hexaèdre	m	hexaèdres
hexose	m	hexoses
hi-fi	f	hi-fi
hi-han	m	hi-hans
hiatus	m	hiatus
hibernage	m	hibernages
hibernation	f	hibernations
hibiscus	m	hibiscus
hibou	m	hiboux
hic	m	hic
hickory	m	hickorys
hidalgo	m	hidalgos
hideur	f	hideurs
hidrosadénite	f	hidrosadénites
hie	f	hies
hier	m	hiers
high-tech	m	high-tech
highlander	m	highlanders
hijab	m	hijabs
hilarité	f	hilarités
hile	m	hiles
hiloire	f	hiloires
himation	m	himations
hindi	m	hindis
hindou	m	hindous
hindoue	f	hindoues
hindouisme	m	hindouismes
hinterland	m	hinterlands
hipparchie	f	hipparchies
hipparion	m	hipparions
hipparque	m	hipparques
hippiatrie	f	hippiatries
hippiatrique	f	hippiatriques
hippisme	m	hippismes
hippocampe	m	hippocampes
hippocastanacée	f	hippocastanacées
hippocratisme	m	hippocratismes
hippodrome	m	hippodromes
hippogriffe	m	hippogriffes
hippologie	f	hippologies
hippopotame	m	hippopotames
hirondeau	m	hirondeaux
hirondelle	f	hirondelles
hirsute	m	hirsutes
hirsutisme	m	hirsutismes
hirudinée	f	hirudinées
hispanisation	f	hispanisations
hispanisme	m	hispanismes
hispanité	f	hispanités
hissage	m	hissages
hissement	m	hissements
histamine	f	histamines
histidine	f	histidines
histocompatibilité	f	histocompatibilités
histogenèse	f	histogenèses
histogramme	m	histogrammes
histoire	f	histoires
histologie	f	histologies
histolyse	f	histolyses
histone	f	histones
histoplasmose	f	histoplasmoses
historadiographie	f	historadiographies
historialisation	f	historialisations
historialité	f	historialités
historicisme	m	historicismes
historicité	f	historicités
historien	m	historiens
historienne	f	historiennes
historiette	f	historiettes
historiographie	f	historiographies
historique	m	historiques
historisation	f	historisations
historisme	m	historismes
histrion	m	histrions
histrionisme	m	histrionismes
hit	m	hits
hit-parade	m	hit-parades
hitlérien	m	hitlériens
hitlérienne	f	hitlériennes
hitlérisme	m	hitlérismes
hiver	m	hivers
hivernage	m	hivernages
hivernale	f	hivernales
hivernant	m	hivernants
hivernante	f	hivernantes
hivernation	f	hivernations
hivernement	m	hivernements
hièble	f	hièbles
hiérarchie	f	hiérarchies
hiérarchisation	f	hiérarchisations
hiérarque	m	hiérarques
hiératique	m	hiératiques
hiératisme	m	hiératismes
hiérogamie	f	hiérogamies
hiéroglyphe	m	hiéroglyphes
hiérogrammate	m	hiérogrammates
hiérogrammatiste	m	hiérogrammatistes
hobby	m	hobbies
hobereau	m	hobereaux
hocco	m	hoccos
hoche	f	hoches
hochement	m	hochements
hochepot	m	hochepots
hochequeue	m	hochequeues
hochet	m	hochets
hochée	f	hochées
hockey	m	hockeys
hockeyeur	m	hockeyeurs
hodjatoleslam	m	hodjatoleslams
hodographe	m	hodographes
hognement	m	hognements
hoir	m	hoirs
hoirie	f	hoiries
hold-up	m	hold-up
hollandais	m	hollandais
hollandaise	f	hollandaises
holmium	m	holmiums
holocauste	m	holocaustes
holocène	m	holocènes
hologramme	m	hologrammes
holographie	f	holographies
holoprotéine	f	holoprotéines
holoside	m	holosides
holostéen	m	holostéens
holothurie	f	holothuries
holà	m	holà
homard	m	homards
homarderie	f	homarderies
hombre	m	hombres
home	m	homes
home-trainer	m	home-trainers
homespun	m	homespuns
homie	f	homies
homilétique	f	homilétiques
hominidé	m	hominidés
hominien	m	hominiens
hominisation	f	hominisations
hommage	m	hommages
homme	m	hommes
homme-grenouille	m	hommes-grenouilles
homme-orchestre	m	hommes-orchestres
homme-sandwich	m	hommes-sandwichs
homocercie	f	homocercies
homochromie	f	homochromies
homogamie	f	homogamies
homogamétie	f	homogaméties
homographe	m	homographes
homographie	f	homographies
homogreffe	f	homogreffes
homogénéisateur	m	homogénéisateurs
homogénéisation	f	homogénéisations
homogénéité	f	homogénéités
homologation	f	homologations
homologie	f	homologies
homomorphisme	m	homomorphismes
homoncule	m	homoncules
homonculus	m	homonculus
homonymie	f	homonymies
homophone	m	homophones
homophonie	f	homophonies
homoptère	m	homoptères
homoscédasticité	f	homoscédasticités
homosexualisation	f	homosexualisations
homosexualité	f	homosexualités
homosexuel	m	homosexuels
homosexuelle	f	homosexuelles
homothétie	f	homothéties
homuncule	m	homuncules
homélie	f	homélies
homéomorphisme	m	homéomorphismes
homéopathie	f	homéopathies
homéostasie	f	homéostasies
homéostat	m	homéostats
homéotherme	m	homéothermes
homéothermie	f	homéothermies
homéride	m	homérides
honchet	m	honchets
hondurien	m	honduriens
hondurienne	f	honduriennes
hongkongais	m	hongkongais
hongkongaise	f	hongkongaises
hongre	m	hongres
hongreur	m	hongreurs
hongroierie	f	hongroieries
hongrois	m	hongrois
hongroise	f	hongroises
hongroyage	m	hongroyages
hongroyeur	m	hongroyeurs
honing	m	honings
honneur	m	honneurs
honnêteté	f	honnêtetés
honorabilité	f	honorabilités
honoraire	m	honoraires
honorariat	m	honorariats
honoration	f	honorations
honoré	m	honoré
honorée	f	honorées
honte	f	hontes
hooligan	m	hooligans
hooliganisme	m	hooliganismes
hopak	m	hopaks
hoplite	m	hoplites
hoplites	m	hoplites
hoquet	m	hoquets
hoqueton	m	hoquetons
hoquettement	m	hoquettements
hoquètement	m	hoquètements
horaire	m	horaires
horde	f	hordes
hordéine	f	hordéines
horion	m	horions
horizon	m	horizons
horizontale	f	horizontales
horizontalisation	f	horizontalisations
horizontalité	f	horizontalités
horloge	f	horloges
horloger	m	horlogers
horlogère	f	horlogères
horlogerie	f	horlogeries
hormonage	m	hormonages
hormone	f	hormones
hormonothérapie	f	hormonothérapies
hornblende	f	hornblendes
horographie	f	horographies
horométrie	f	horométries
horoptère	m	horoptères
horoscope	m	horoscopes
horreur	f	horreurs
horrification	f	horrifications
horripilateur	m	horripilateurs
horripilation	f	horripilations
horripilement	m	horripilements
hors-bord	m	hors-bord
hors-concours	m	hors-concours
hors-cote	m	hors-cote
hors-d'oeuvre	m	hors-d'oeuvre
hors-jeu	m	hors-jeu
hors-la-loi	m	hors-la-loi
hors-ligne	m	hors-ligne
hors-piste	m	hors-piste
hors-texte	m	hors-texte
horsain	m	horsains
horse-guard	m	horse-guards
horse-power	m	horse-power
horse-pox	m	horse-pox
horsin	m	horsins
horst	m	horsts
hortensia	m	hortensias
horticulteur	m	horticulteurs
horticulture	f	horticultures
hortillonnage	m	hortillonnages
hortillonneur	m	hortillonneurs
hosanna	m	hosannas
hospice	m	hospices
hospitalier	m	hospitaliers
hospitalière	f	hospitalières
hospitalisation	f	hospitalisations
hospitalisme	m	hospitalismes
hospitalisé	m	hospitalisés
hospitalisée	f	hospitalisées
hospitalité	f	hospitalités
hospodar	m	hospodars
hosteau	m	hosteaux
hostellerie	f	hostelleries
hostie	f	hosties
hostilité	f	hostilités
hosto	m	hostos
hot	m	hots
hot-dog	m	hot-dogs
hotte	f	hottes
hottentot	m	hottentots
hottentote	f	hottentotes
hottereau	m	hottereaux
hotteret	m	hotterets
hotteur	m	hotteurs
hottée	f	hottées
hotu	m	hotus
houache	f	houaches
houage	m	houages
houaiche	f	houaiches
houari	m	houaris
houblon	m	houblons
houblonnage	m	houblonnages
houblonnier	m	houblonniers
houblonnière	f	houblonnières
houblonnière	f	houblonnières
houdan	f	houdans
houe	f	houes
houille	f	houilles
houiller	m	houillers
houilleur	m	houilleurs
houilleuse	f	houilleuses
houillère	f	houillères
houka	m	houkas
houle	f	houles
houlement	m	houlements
houlette	f	houlettes
houlque	f	houlques
hound	m	hounds
houppe	f	houppes
houppelande	f	houppelandes
houppette	f	houppettes
houppier	m	houppiers
houque	f	houques
hourd	m	hourds
hourdage	m	hourdages
hourdis	m	hourdis
hourque	f	hourques
hourra	m	hourras
hourvari	m	hourvaris
housard	m	housards
houseau	m	houseaux
houspillage	m	houspillages
houspillement	m	houspillements
houspilleur	m	houspilleurs
houspilleuse	f	houspilleuses
houssage	m	houssages
houssaie	f	houssaies
housse	f	housses
housset	m	houssets
houssine	f	houssines
houssoir	m	houssoirs
houssée	f	houssées
housure	f	housures
houx	m	houx
hovercraft	m	hovercrafts
hoverport	m	hoverports
hoyau	m	hoyaux
html	m	html
http	m	http
https	m	https
huard	m	huards
huart	m	huarts
hub	m	hubs
hublot	m	hublots
huche	f	huches
huchement	m	huchements
hucherie	f	hucheries
huchet	m	huchets
huerta	f	huertas
huguenot	m	huguenots
huguenote	f	huguenotes
huilage	m	huilages
huile	f	huiles
huilerie	f	huileries
huilier	m	huiliers
huis	m	huis
huisserie	f	huisseries
huissier	m	huissiers
huit	m	huit
huit-reflets	m	huit-reflets
huitain	m	huitains
huitaine	f	huitaines
huitante	m	huitante
hulotte	f	hulottes
hululement	m	hululements
hum	m	hums
humage	m	humages
humanisation	f	humanisations
humanisme	m	humanismes
humanitaire	m	humanitaires
humanitarisme	m	humanitarismes
humanité	f	humanités
humectage	m	humectages
humectant	m	humectants
humectation	f	humectations
humecteur	m	humecteurs
humement	m	humements
humeur	f	humeurs
humide	m	humides
humidificateur	m	humidificateurs
humidification	f	humidifications
humidimètre	m	humidimètres
humidité	f	humidités
humification	f	humifications
humiliation	f	humiliations
humilité	f	humilités
humilié	m	humiliés
humiliée	f	humiliées
hummock	m	hummocks
hummocke	f	hummockes
humorisme	m	humorismes
humour	m	humours
humus	m	humus
humérus	m	humérus
hune	f	hunes
hunier	m	huniers
hunter	m	hunters
huppe	f	huppes
hurdler	m	hurdlers
hure	f	hures
hurlade	f	hurlades
hurlage	m	hurlages
hurlement	m	hurlements
hurleur	m	hurleurs
hurleuse	f	hurleuses
hurluberlu	m	hurluberlus
hurlée	f	hurlées
huron	m	hurons
huronne	f	huronnes
hurrah	m	hurrahs
hurricane	m	hurricanes
hussard	m	hussards
hussarde	f	hussardes
hutinet	m	hutinets
hutte	f	huttes
hutteau	m	hutteaus
hutu	m	hutus
hutue	f	hutues
huée	f	huées
huître	f	huîtres
huîtrier	m	huîtriers
huîtrière	f	huîtrières
huîtrière	f	huîtrières
hyalite	f	hyalites
hyalographie	f	hyalographies
hyaloïde	f	hyaloïdes
hybridation	f	hybridations
hybride	m	hybrides
hybridisme	m	hybridismes
hybridité	f	hybridités
hydarthrose	f	hydarthroses
hydatide	f	hydatides
hydne	m	hydnes
hydracide	m	hydracides
hydraire	m	hydraires
hydramnios	m	hydramnios
hydrargyrisme	m	hydrargyrismes
hydrastis	m	hydrastis
hydratant	m	hydratants
hydratation	f	hydratations
hydrate	m	hydrates
hydraule	f	hydraules
hydraulicien	m	hydrauliciens
hydraulique	f	hydrauliques
hydraviation	f	hydraviations
hydravion	m	hydravions
hydrazine	f	hydrazines
hydre	f	hydres
hydrie	f	hydries
hydro-électricité	f	hydro-électricités
hydrobase	f	hydrobases
hydrobiologie	f	hydrobiologies
hydrocarbonate	m	hydrocarbonates
hydrocarbure	m	hydrocarbures
hydrocharidacée	f	hydrocharidacées
hydroclasseur	m	hydroclasseurs
hydrocoralliaire	m	hydrocoralliaires
hydrocortisone	f	hydrocortisones
hydrocotyle	f	hydrocotyles
hydrocraquage	m	hydrocraquages
hydrocraqueur	m	hydrocraqueurs
hydrocution	f	hydrocutions
hydrocèle	f	hydrocèles
hydrocéphalie	f	hydrocéphalies
hydrodynamique	f	hydrodynamiques
hydrodésulfuration	f	hydrodésulfurations
hydrofilicale	f	hydrofilicales
hydrofoil	m	hydrofoils
hydrofugation	f	hydrofugations
hydrofuge	m	hydrofuges
hydrofugeage	m	hydrofugeages
hydrogeologie	f	hydrogeologies
hydroglisseur	m	hydroglisseurs
hydrographie	f	hydrographies
hydrogène	m	hydrogènes
hydrogénation	f	hydrogénations
hydrogéologie	f	hydrogéologies
hydrolase	f	hydrolases
hydrolat	m	hydrolats
hydrolithe	f	hydrolithes
hydrologie	f	hydrologies
hydrolyse	f	hydrolyses
hydrolé	m	hydrolés
hydromancie	f	hydromancies
hydromel	m	hydromels
hydrominéralurgie	f	hydrominéralurgies
hydrométallurgie	f	hydrométallurgies
hydrométrie	f	hydrométries
hydrométéore	m	hydrométéores
hydronymie	f	hydronymies
hydronéphrose	f	hydronéphroses
hydrophile	m	hydrophiles
hydrophilisation	f	hydrophilisations
hydrophobie	f	hydrophobies
hydrophtalmie	f	hydrophtalmies
hydropisie	f	hydropisies
hydroplanage	m	hydroplanages
hydroptère	m	hydroptères
hydropéricarde	m	hydropéricardes
hydroquinone	f	hydroquinones
hydrosilicate	m	hydrosilicates
hydrosol	m	hydrosols
hydrosphère	f	hydrosphères
hydrostatique	f	hydrostatiques
hydrotaxie	f	hydrotaxies
hydrothérapie	f	hydrothérapies
hydroxyde	m	hydroxydes
hydroxylase	f	hydroxylases
hydroxylation	f	hydroxylations
hydroxyle	m	hydroxyles
hydrozoaire	m	hydrozoaires
hydrure	m	hydrures
hydrémie	f	hydrémies
hygiaphone	m	hygiaphones
hygiène	f	hygiènes
hygiénisation	f	hygiénisations
hygroma	m	hygromas
hygromètre	m	hygromètres
hygrométricité	f	hygrométricités
hygrométrie	f	hygrométries
hygrophore	m	hygrophores
hygrophyte	f	hygrophytes
hygroscope	m	hygroscopes
hygroscopie	f	hygroscopies
hygrostat	m	hygrostats
hylozoïsme	m	hylozoïsmes
hymen	m	hymens
hymnaire	m	hymnaires
hymnographie	f	hymnographies
hymnologie	f	hymnologies
hyménium	m	hyméniums
hyménomycète	m	hyménomycètes
hyménoptère	m	hyménoptères
hyménée	m	hyménées
hypallage	f	hypallages
hyparque	m	hyparques
hyperacidité	f	hyperacidités
hyperacousie	f	hyperacousies
hyperalgie	f	hyperalgies
hyperalgésie	f	hyperalgésies
hyperazotémie	f	hyperazotémies
hyperbate	f	hyperbates
hyperbole	f	hyperboles
hyperbolisation	f	hyperbolisations
hyperbolisme	m	hyperbolismes
hyperboloïde	m	hyperboloïdes
hypercalcémie	f	hypercalcémies
hypercapnie	f	hypercapnies
hyperchlorhydrie	f	hyperchlorhydries
hyperchlorurie	f	hyperchloruries
hypercholestérolémie	f	hypercholestérolémies
hypercholie	f	hypercholies
hyperchromie	f	hyperchromies
hypercoagulabilité	f	hypercoagulabilités
hypercorticisme	m	hypercorticismes
hypercrinie	f	hypercrinies
hypercritique	f	hypercritiques
hyperdulie	f	hyperdulies
hyperesthésie	f	hyperesthésies
hyperfréquence	f	hyperfréquences
hypergenèse	f	hypergenèses
hyperglycémie	f	hyperglycémies
hypergol	m	hypergols
hyperlipidémie	f	hyperlipidémies
hyperlipémie	f	hyperlipémies
hypermarché	m	hypermarchés
hypermnésie	f	hypermnésies
hypermétropie	f	hypermétropies
hypernerveux	m	hypernerveux
hypernerveuse	f	hypernerveuses
hyperparathyroïdie	f	hyperparathyroïdies
hyperplan	m	hyperplans
hyperplasie	f	hyperplasies
hyperprolactinémie	f	hyperprolactinémies
hyperpuissance	f	hyperpuissances
hyperréalisme	m	hyperréalismes
hypersensibilité	f	hypersensibilités
hypersomnie	f	hypersomnies
hypersustentation	f	hypersustentations
hypersécrétion	f	hypersécrétions
hypertendu	m	hypertendus
hypertendue	f	hypertendues
hypertension	f	hypertensions
hypertexte	m	hypertextes
hyperthermie	f	hyperthermies
hyperthyroïdie	f	hyperthyroïdies
hypertonie	f	hypertonies
hypertrophie	f	hypertrophies
hypertélie	f	hypertélies
hyperémotif	m	hyperémotifs
hyperémotive	f	hyperémotives
hyperémotivité	f	hyperémotivités
hypnose	f	hypnoses
hypnotisation	f	hypnotisations
hypnotiseur	m	hypnotiseurs
hypnotisme	m	hypnotismes
hypnotoxine	f	hypnotoxines
hypoacousie	f	hypoacousies
hypocauste	m	hypocaustes
hypocentre	m	hypocentres
hypochlorhydrie	f	hypochlorhydries
hypochlorite	m	hypochlorites
hypocondrie	f	hypocondries
hypocoristique	m	hypocoristiques
hypocras	m	hypocras
hypocrisie	f	hypocrisies
hypocycloïde	f	hypocycloïdes
hypoderme	m	hypodermes
hypodermose	f	hypodermoses
hypogastre	m	hypogastres
hypoglobulie	f	hypoglobulies
hypoglycémiant	m	hypoglycémiants
hypoglycémie	f	hypoglycémies
hypogée	m	hypogées
hypoleucocytose	f	hypoleucocytoses
hypolipémie	f	hypolipémies
hyponyme	m	hyponymes
hypophyse	f	hypophyses
hypospadias	m	hypospadias
hypostase	f	hypostases
hyposulfite	m	hyposulfites
hyposécrétion	f	hyposécrétions
hypotendu	m	hypotendus
hypotendue	f	hypotendues
hypotension	f	hypotensions
hypothalamus	m	hypothalamus
hypothermie	f	hypothermies
hypothyroïdie	f	hypothyroïdies
hypothyroïdisme	m	hypothyroïdismes
hypothèque	f	hypothèques
hypothèse	f	hypothèses
hypothénar	m	hypothénars
hypotonie	f	hypotonies
hypotrophie	f	hypotrophies
hypoténuse	f	hypoténuses
hypovolémie	f	hypovolémies
hypoxémie	f	hypoxémies
hypéron	m	hypérons
hysope	f	hysopes
hysteresis	f	hysteresis
hystérectomie	f	hystérectomies
hystérie	f	hystéries
hystérisation	f	hystérisations
hystérographie	f	hystérographies
hystérésis	m	hystérésis
hyène	f	hyènes
hâblerie	f	hâbleries
hâbleur	m	hâbleurs
hâbleuse	f	hâbleuses
hâle	m	hâles
hâloir	m	hâloirs
hâte	f	hâtes
hâtelet	m	hâtelets
hâtelette	f	hâtelettes
hâtelle	f	hâtelles
hâtereau	m	hâtereaux
hâtier	m	hâtiers
hâtiveau	m	hâtiveaux
hère	m	hères
héberge	f	héberges
hébergement	m	hébergements
hébergeur	m	hébergeurs
hébertisme	m	hébertismes
héboïdophrénie	f	héboïdophrénies
hébraïsant	m	hébraïsants
hébraïsation	f	hébraïsations
hébraïsme	m	hébraïsmes
hébreu	m	hébreus
hébéphrénie	f	hébéphrénies
hébétation	f	hébétations
hébétement	m	hébétements
hébétude	f	hébétudes
hébété	m	hébétés
hébétée	f	hébétées
hécatombe	f	hécatombes
hédonisme	m	hédonismes
hégire	f	hégires
hégélianisme	m	hégélianismes
hégélien	m	hégéliens
hégélienne	f	hégéliennes
hégémonie	f	hégémonies
hégémonisme	m	hégémonismes
hélianthe	m	hélianthes
hélianthine	f	hélianthines
hélianthème	m	hélianthèmes
héliaste	m	héliastes
hélice	f	hélices
héliciculteur	m	héliciculteurs
héliciculture	f	hélicicultures
hélicon	m	hélicons
hélicoptère	m	hélicoptères
hélicoïde	m	hélicoïdes
héligare	f	héligares
héliochromie	f	héliochromies
héliodore	m	héliodores
héliographe	m	héliographes
héliographie	f	héliographies
héliograveur	m	héliograveurs
héliogravure	f	héliogravures
hélion	m	hélions
héliostat	m	héliostats
héliothérapie	f	héliothérapies
héliotrope	m	héliotropes
héliotropine	f	héliotropines
héliotropisme	m	héliotropismes
héliport	m	héliports
héliportage	m	héliportages
hélitreuillage	m	hélitreuillages
hélium	m	héliums
hélix	m	hélix
hélobiale	f	hélobiales
héloderme	m	hélodermes
hélodée	f	hélodées
hélépole	f	hélépoles
hémarthrose	f	hémarthroses
hématidrose	f	hématidroses
hématie	f	hématies
hématimètre	f	hématimètres
hématine	f	hématines
hématite	f	hématites
hématocrite	f	hématocrites
hématologie	f	hématologies
hématome	m	hématomes
hématopoièse	f	hématopoièses
hématopoïèse	f	hématopoïèses
hématose	f	hématoses
hématozoaire	m	hématozoaires
hématurie	f	hématuries
hématémèse	f	hématémèses
hémialgie	f	hémialgies
hémianopsie	f	hémianopsies
hémicrânie	f	hémicrânies
hémicycle	m	hémicycles
hémine	f	hémines
hémione	m	hémiones
hémiparésie	f	hémiparésies
hémiplégie	f	hémiplégies
hémisphère	m	hémisphères
hémistiche	m	hémistiches
hémitropie	f	hémitropies
hémiédrie	f	hémiédries
hémochromatose	f	hémochromatoses
hémoculture	f	hémocultures
hémocyanine	f	hémocyanines
hémodialyse	f	hémodialyses
hémodilution	f	hémodilutions
hémodynamique	f	hémodynamiques
hémoglobine	f	hémoglobines
hémoglobinomètre	m	hémoglobinomètres
hémoglobinopathie	f	hémoglobinopathies
hémoglobinurie	f	hémoglobinuries
hémoglobinémie	f	hémoglobinémies
hémogramme	m	hémogrammes
hémogénie	f	hémogénies
hémolyse	f	hémolyses
hémolysine	f	hémolysines
hémopathie	f	hémopathies
hémophilie	f	hémophilies
hémoptysie	f	hémoptysies
hémorragie	f	hémorragies
hémorroïde	f	hémorroïdes
hémostase	f	hémostases
hémostatique	m	hémostatiques
héméralopie	f	héméralopies
hémérocalle	f	hémérocalles
héparine	f	héparines
héparinisation	f	héparinisations
hépatalgie	f	hépatalgies
hépatectomie	f	hépatectomies
hépatisation	f	hépatisations
hépatisme	m	hépatismes
hépatite	f	hépatites
hépato-gastro-entérologue	m	hépato-gastro-entérologues
hépatocèle	f	hépatocèles
hépatologie	f	hépatologies
hépatomégalie	f	hépatomégalies
hépatonéphrite	f	hépatonéphrites
hépatopathie	f	hépatopathies
hépatotomie	f	hépatotomies
hépatotoxicité	f	hépatotoxicités
hépatotoxémie	f	hépatotoxémies
héraldique	f	héraldiques
héraut	m	hérauts
hérissement	m	hérissements
hérisson	m	hérissons
hérissonnage	m	hérissonnages
hérissonne	f	hérissonnes
héritage	m	héritages
héritier	m	héritiers
héritière	f	héritières
héron	m	hérons
héronneau	m	héronneaux
héronnière	f	héronnières
héros	m	héros
héroïne	f	héroïnes
héroïcité	f	héroïcités
héroïde	f	héroïdes
héroïne	f	héroïnes
héroïsation	f	héroïsations
héroïsme	m	héroïsmes
hérédité	f	hérédités
hérédosyphilis	f	hérédosyphilis
hérésie	f	hérésies
hésitant	m	hésitants
hésitante	f	hésitantes
hésitation	f	hésitations
hésychasme	m	hésychasmes
hétairie	f	hétairies
hétaïre	f	hétaïres
hétérie	f	hétéries
hétérochromosome	m	hétérochromosomes
hétérodoxie	f	hétérodoxies
hétérodyne	f	hétérodynes
hétérogamie	f	hétérogamies
hétérogreffe	f	hétérogreffes
hétérogénie	f	hétérogénies
hétérogénéité	f	hétérogénéités
hétéromorphie	f	hétéromorphies
hétéromorphisme	m	hétéromorphismes
hétéroscédasticité	f	hétéroscédasticités
hétérosexualité	f	hétérosexualités
hétérosexuel	m	hétérosexuels
hétérosexuelle	f	hétérosexuelles
hétéroside	m	hétérosides
hétérotrophe	m	hétérotrophes
hévéa	m	hévéas
hêtraie	f	hêtraies
hêtre	m	hêtres
hôlement	m	hôlements
hôpital	m	hôpitaux
hôte	m	hôtes
hôtesse	f	hôtesses
hôtel	m	hôtels
hôtel-dieu	m	hôtels-dieu
hôtelier	m	hôteliers
hôtelière	f	hôtelières
hôtellerie	f	hôtelleries
hôtesse	f	hôtesses
iambe	m	iambes
ibadisme	m	ibadismes
ibis	m	ibis
ibéride	f	ibérides
ibéris	m	ibéris
ibérisation	f	ibérisations
icaque	f	icaques
icaquier	m	icaquiers
icarien	m	icariens
icarienne	f	icariennes
ice-boat	m	ice-boats
iceberg	m	icebergs
icefield	m	icefields
ichneumon	m	ichneumons
ichnologie	f	ichnologies
ichor	m	ichors
ichthys	m	ichthys
ichtyocolle	f	ichtyocolles
ichtyol	m	ichtyols
ichtyologie	f	ichtyologies
ichtyophagie	f	ichtyophagies
ichtyornis	m	ichtyornis
ichtyosaure	m	ichtyosaures
ichtyose	f	ichtyoses
icoglan	m	icoglans
iconisation	f	iconisations
iconoclasme	m	iconoclasmes
iconoclastie	f	iconoclasties
iconographie	f	iconographies
iconogène	m	iconogènes
iconologie	f	iconologies
iconolâtrie	f	iconolâtries
iconomètre	m	iconomètres
iconoscope	m	iconoscopes
iconostase	f	iconostases
iconothèque	f	iconothèques
ictus	m	ictus
ictère	m	ictères
icône	f	icônes
ide	m	ides
identifiant	m	identifiants
identification	f	identifications
identique	m	identiques
identité	f	identités
idiolecte	m	idiolectes
idiome	m	idiomes
idiopathie	f	idiopathies
idiosyncrasie	f	idiosyncrasies
idiot	m	idiots
idiote	f	idiotes
idiotie	f	idioties
idiotification	f	idiotifications
idiotisation	f	idiotisations
idiotisme	m	idiotismes
idole	f	idoles
idolâtrerie	f	idolâtreries
idolâtrie	f	idolâtries
idylle	f	idylles
idéal	m	idéaux
idéalisation	f	idéalisations
idéalisme	m	idéalismes
idéalité	f	idéalités
idéation	f	idéations
idée	f	idées
idéogramme	m	idéogrammes
idéographie	f	idéographies
idéologie	f	idéologies
idéologisation	f	idéologisations
if	m	ifs
igame	m	igames
igloo	m	igloos
igname	f	ignames
ignifugation	f	ignifugations
ignifuge	m	ignifuges
ignifugeant	m	ignifugeants
ignipuncture	f	ignipunctures
ignition	f	ignitions
ignitron	m	ignitrons
ignominie	f	ignominies
ignorance	f	ignorances
ignorant	m	ignorants
ignorante	f	ignorantes
ignorantin	m	ignorantins
iguane	m	iguanes
iguanodon	m	iguanodons
igue	f	igues
ijaw	m	ijaws
ilang	m	ilangs
ilang-ilang	m	ilang-ilangs
ilion	m	ilions
illettrisme	m	illettrismes
illettré	m	illettrés
illettrée	f	illettrées
illimitation	f	illimitations
illisibilité	f	illisibilités
illite	f	illites
illogisme	m	illogismes
illumination	f	illuminations
illuminisme	m	illuminismes
illusion	f	illusions
illusionnement	m	illusionnements
illusionnisme	m	illusionnismes
illustrateur	m	illustrateurs
illustratrice	f	illustratrices
illustration	f	ill.
illustré	m	illustrés
illutation	f	illutations
illégalité	f	illégalités
illégitimité	f	illégitimités
iléite	f	iléites
iléon	m	iléons
iléus	m	iléus
image	f	images
imagerie	f	imageries
imagier	m	imagiers
imagière	f	imagières
imaginatif	m	imaginatifs
imaginative	f	imaginatives
imagination	f	imaginations
imam	m	imams
imamat	m	imamats
iman	m	imans
imanat	m	imanats
imbibition	f	imbibitions
imbrication	f	imbrications
imbriquement	m	imbriquements
imbroglio	m	imbroglios
imbrûlé	m	imbrûlés
imbécillité	f	imbécillités
imide	m	imides
imipramine	f	imipramines
imitateur	m	imitateurs
imitatrice	f	imitatrices
imitation	f	imitations
immanence	f	immanences
immanentisme	m	immanentismes
immatriculation	f	immatriculations
immaturation	f	immaturations
immaturité	f	immaturités
immatérialisation	f	immatérialisations
immatérialisme	m	immatérialismes
immatérialité	f	immatérialités
immatériel	m	immatériels
immatérielle	f	immatérielles
immensité	f	immensités
immersion	f	immersions
immeuble	m	immeubles
immigrant	m	immigrants
immigrante	f	immigrantes
immigration	f	immigrations
immigré	m	immigrés
imminence	f	imminences
immixtion	f	immixtions
immobilier	m	immobiliers
immobilisation	f	immobilisations
immobilisme	m	immobilismes
immobilité	f	immobilités
immodestie	f	immodesties
immolation	f	immolations
immondice	f	immondices
immoralisme	m	immoralismes
immoralité	f	immoralités
immortalisation	f	immortalisations
immortalité	f	immortalités
immortel	m	immortels
immortelle	f	immortelles
immuabilité	f	immuabilités
immunisation	f	immunisations
immunité	f	immunités
immunochimie	f	immunochimies
immunodéficience	f	immunodéficiences
immunodépresseur	m	immunodépresseurs
immunodépression	f	immunodépressions
immunofluorescence	f	immunofluorescences
immunoglobuline	f	immunoglobulines
immunogénicité	f	immunogénicités
immunologie	f	immunologies
immunosuppresseur	m	immunosuppresseurs
immunosuppresseuse	f	immunosuppresseuses
immunosuppression	f	immunosuppressions
immunothérapie	f	immunothérapies
immutabilité	f	immutabilités
immédiat	m	immédiats
immédiateté	f	immédiatetés
immédiatisation	f	immédiatisations
impact	m	impacts
impactage	m	impactages
impactation	f	impactations
impaction	f	impactions
impair	m	impairs
impala	m	impalas
impaludation	f	impaludations
impaludé	m	impaludés
impanation	f	impanations
impanissure	f	impanissures
imparfait	m	imparfaits
imparisyllabique	m	imparisyllabiques
imparité	f	imparités
impartialité	f	impartialités
impartition	f	impartitions
impassabilité	f	impassabilités
impasse	f	impasses
impassibilité	f	impassibilités
impatience	f	impatiences
impatiens	f	impatiens
impatient	m	impatients
impatiente	f	impatientes
impatiente	f	impatientes
impatrié	m	impatriés
impatronisation	f	impatronisations
impayé	m	impayés
impeachment	m	impeachments
impeccabilité	f	impeccabilités
impedimento	m	impedimenta
impense	f	impenses
imper	m	impers
imperceptibilité	f	imperceptibilités
imperfectif	m	imperfectifs
imperfection	f	imperfections
imperméabilisant	m	imperméabilisants
imperméabilisation	f	imperméabilisations
imperméabilité	f	imperméabilités
imperméable	m	imperméables
impersonnalisation	f	impersonnalisations
impersonnalité	f	impersonnalités
impersonnel	m	impersonnels
impertinence	f	impertinences
impertinent	m	impertinents
impertinente	f	impertinentes
imperturbabilité	f	imperturbabilités
impesanteur	f	impesanteurs
impiété	f	impiétés
implacabilité	f	implacabilités
implant	m	implants
implantation	f	implantations
implantologie	f	implantologies
implication	f	implications
implicature	f	implicatures
impliquement	m	impliquements
imploration	f	implorations
implosion	f	implosions
implosée	f	implosées
impluvium	m	impluviums
implémentation	f	implémentations
impoli	m	impolis
impolie	f	impolies
impolitesse	f	impolitesses
impondérable	m	impondérables
impopularité	f	impopularités
import	m	imports
import-export	m	
importance	f	importances
important	m	importants
importateur	m	importateurs
importatrice	f	importatrices
importation	f	importations
importun	m	importuns
importune	f	importunes
importunité	f	importunités
imposeur	m	imposeurs
imposition	f	impositions
impossibilité	f	impossibilités
impossible	m	impossibles
imposte	f	impostes
imposteur	m	imposteurs
imposture	f	impostures
imposé	m	imposés
imposée	f	imposées
imposée	f	imposées
impotence	f	impotences
impraticabilité	f	impraticabilités
impresario	m	impresarii
imprescriptibilité	f	imprescriptibilités
impression	f	impressions
impressionnabilité	f	impressionnabilités
impressionnement	m	impressionnements
impressionnisme	m	impressionnismes
imprimabilité	f	imprimabilités
imprimage	m	imprimages
imprimante	f	imprimantes
imprimatur	m	imprimatur
imprimerie	f	imprimeries
imprimeur	m	imprimeurs
imprimé	m	imprimés
improbabilité	f	improbabilités
improbation	f	improbations
improductivité	f	improductivités
impromptu	m	impromptus
impropriété	f	impropriétés
improvisateur	m	improvisateurs
improvisatrice	f	improvisatrices
improvisation	f	improvisations
improviste	m	improvistes
imprudence	f	imprudences
imprudent	m	imprudents
imprudente	f	imprudentes
imprécateur	m	imprécateurs
imprécation	f	imprécations
imprécis	m	imprécis
imprécision	f	imprécisions
imprégnation	f	imprégnations
impréparation	f	impréparations
imprésario	m	imprésarios
imprévisibilité	f	imprévisibilités
imprévision	f	imprévisions
imprévoyance	f	imprévoyances
imprévoyant	m	imprévoyants
imprévoyante	f	imprévoyantes
impuberté	f	impubertés
impudence	f	impudences
impudeur	f	impudeurs
impudicité	f	impudicités
impuissance	f	impuissances
impulsif	m	impulsifs
impulsive	f	impulsives
impulsion	f	impulsions
impulsivité	f	impulsivités
impunité	f	impunités
impur	m	impurs
impure	f	impures
impureté	f	impuretés
imputation	f	imputations
impécuniosité	f	impécuniosités
impédance	f	impédances
impénitence	f	impénitences
impénitent	m	impénitents
impénitente	f	impénitentes
impénétrabilité	f	impénétrabilités
impératif	m	impératifs
impériale	f	impériales
impérialisation	f	impérialisations
impérialisme	m	impérialismes
impéritie	f	impérities
impétiginisation	f	impétiginisations
impétigo	m	impétigos
impétrant	m	impétrants
impétrante	f	impétrantes
impétration	f	impétrations
impétuosité	f	impétuosités
impôt	m	impôts
in-dix-huit	m	in-dix-huit
in-douze	m	in-douze
in-folio	m	in-folio
in-octavo	m	in-octavo
in-plano	m	in-plano
in-quarto	m	in-quarto
in-seize	m	in-seize
inacceptation	f	inacceptations
inaccessibilité	f	inaccessibilités
inaccomplissement	m	inaccomplissements
inachèvement	m	inachèvements
inactif	m	inactifs
inactive	f	inactives
inaction	f	inactions
inactivation	f	inactivations
inactivité	f	inactivités
inactualité	f	inactualités
inadaptation	f	inadaptations
inadmissibilité	f	inadmissibilités
inadvertance	f	inadvertances
inadéquation	f	inadéquations
inaliénabilité	f	inaliénabilités
inaliénation	f	inaliénations
inalpage	m	inalpages
inaltérabilité	f	inaltérabilités
inamovibilité	f	inamovibilités
inanition	f	inanitions
inanité	f	inanités
inapplicabilité	f	inapplicabilités
inapplication	f	inapplications
inaptitude	f	inaptitudes
inarticulation	f	inarticulations
inattention	f	inattentions
inauguration	f	inaugurations
inauthenticité	f	inauthenticités
incandescence	f	incandescences
incantation	f	incantations
incapacitant	m	incapacitants
incapacité	f	incapacités
incarcération	f	incarcérations
incardination	f	incardinations
incarnation	f	incarnations
incartade	f	incartades
incendie	m	incendies
incendié	m	incendiés
incendiée	f	incendiées
incentive	f	incentives
incertitude	f	incertitudes
incessibilité	f	incessibilités
inceste	m	incestes
incestueux	m	incestueux
incestueuse	f	incestueuses
inchoatif	m	inchoatifs
incidence	f	incidences
incident	m	incidents
incidente	f	incidentes
incinérateur	m	incinérateurs
incinération	f	incinérations
incipit	m	incipit
incirconcision	f	incirconcisions
incise	f	incises
incision	f	incisions
incisive	f	incisives
incisure	f	incisures
incitateur	m	incitateurs
incitatrice	f	incitatrices
incitation	f	incitations
incivilité	f	incivilités
incivisme	m	incivismes
inclinaison	f	inclinaisons
inclination	f	inclinations
inclusion	f	inclusions
inclémence	f	inclémences
incoercibilité	f	incoercibilités
incognito	m	incognitos
incohérence	f	incohérences
incombustibilité	f	incombustibilités
incommensurabilité	f	incommensurabilités
incommodation	f	incommodations
incommodité	f	incommodités
incommunicabilité	f	incommunicabilités
incommutabilité	f	incommutabilités
incompatibilité	f	incompatibilités
incomplétude	f	incomplétudes
incompréhensibilité	f	incompréhensibilités
incompréhension	f	incompréhensions
incompétence	f	incompétences
incompétent	m	incompétents
incompétente	f	incompétentes
inconditionnalité	f	inconditionnalités
inconduite	f	inconduites
inconfort	m	inconforts
incongruence	f	incongruences
incongruité	f	incongruités
inconnaissance	f	inconnaissances
inconnu	m	inconnus
inconnue	f	inconnues
inconscience	f	inconsciences
inconscient	m	inconscients
inconsistance	f	inconsistances
inconstance	f	inconstances
inconstitutionnalité	f	inconstitutionnalités
inconstructibilité	f	inconstructibilités
inconséquence	f	inconséquences
incontestabilité	f	incontestabilités
incontinence	f	incontinences
inconvenance	f	inconvenances
inconvénient	m	inconvénients
incoordination	f	incoordinations
incorporation	f	incorporations
incorporé	m	incorporés
incorrection	f	incorrections
incorruptibilité	f	incorruptibilités
incrimination	f	incriminations
incroyance	f	incroyances
incroyant	m	incroyants
incroyante	f	incroyantes
incrustation	f	incrustations
incrustement	m	incrustements
incrusteur	m	incrusteurs
incrédulité	f	incrédulités
incrément	m	incréments
incrémentation	f	incrémentations
incubateur	m	incubateurs
incubation	f	incubations
incube	m	incubes
inculcation	f	inculcations
inculpation	f	inculpations
inculpé	m	inculpés
inculpée	f	inculpées
inculture	f	incultures
incunable	m	incunables
incurie	f	incuries
incuriosité	f	incuriosités
incursion	f	incursions
incurvation	f	incurvations
incuse	f	incuses
incération	f	incérations
inde	m	indes
indemnisation	f	indemnisations
indemnité	f	indemnités
indentation	f	indentations
indestructibilité	f	indestructibilités
index	m	index
indexage	m	indexages
indexation	f	indexations
indianisation	f	indianisations
indianisme	m	indianismes
indianologie	f	indianologies
indic	m	indics
indican	m	indicans
indicanurie	f	indicanuries
indicateur	m	indicateurs
indicatrice	f	indicatrices
indicatif	m	indicatifs
indication	f	indications
indice	m	indices
indiction	f	indictions
indien	m	indiens
indienne	f	indiennes
indienne	f	indiennes
indifférence	f	indifférences
indifférenciation	f	indifférenciations
indigence	f	indigences
indigent	m	indigents
indigente	f	indigentes
indigestion	f	indigestions
indignation	f	indignations
indignité	f	indignités
indigo	m	indigos
indigotier	m	indigotiers
indigotine	f	indigotines
indigénat	m	indigénats
indigénisme	m	indigénismes
indiscipline	f	indisciplines
indiscrétion	f	indiscrétions
indisponibilité	f	indisponibilités
indisposition	f	indispositions
indissolubilité	f	indissolubilités
indium	m	indiums
individu	m	individus
individualisation	f	individualisations
individualisme	m	individualismes
individualité	f	individualités
individuation	f	individuations
individuel	m	individuels
individuelle	f	individuelles
indivisibilité	f	indivisibilités
indivision	f	indivisions
indiçage	m	indiçages
indochinois	m	indochinois
indochinoise	f	indochinoises
indocilité	f	indocilités
indole	m	indoles
indolence	f	indolences
indonésien	m	indonésiens
indonésienne	f	indonésiennes
inducteur	m	inducteurs
induction	f	inductions
induit	m	induits
indulgence	f	indulgences
indulgent	m	indulgents
induline	f	indulines
indult	m	indults
induration	f	indurations
indusie	f	indusies
industrialisation	f	industrialisations
industrialisme	m	industrialismes
industrie	f	industries
industriel	m	industriels
industrielle	f	industrielles
induvie	f	induvies
indène	m	indènes
indécence	f	indécences
indécis	m	indécis
indécise	f	indécises
indécision	f	indécisions
indéfectibilité	f	indéfectibilités
indéformabilité	f	indéformabilités
indélicatesse	f	indélicatesses
indélébilité	f	indélébilités
indépendance	f	indépendances
indépendant	m	indépendants
indépendante	f	indépendantes
indépendantisme	m	indépendantismes
indétermination	f	indéterminations
indéterminisme	m	indéterminismes
inefficacité	f	inefficacités
ineptie	f	inepties
inertie	f	inerties
inexactitude	f	inexactitudes
inexistence	f	inexistences
inexploitation	f	inexploitations
inexpressivité	f	inexpressivités
inexpugnabilité	f	inexpugnabilités
inexpérience	f	inexpériences
inextricabilité	f	inextricabilités
inexécution	f	inexécutions
infaillibilité	f	infaillibilités
infamie	f	infamies
infant	m	infants
infante	f	infantes
infanterie	f	infanteries
infantilisation	f	infantilisations
infantilisme	m	infantilismes
infarctus	m	infarctus
infatuation	f	infatuations
infectation	f	infectations
infectiologue	m	infectiologues
infection	f	infections
infertilité	f	infertilités
infestation	f	infestations
infibulation	f	infibulations
infidélité	f	infidélités
infiltration	f	infiltrations
infini	m	infinis
infinitif	m	infinitifs
infinitude	f	infinitudes
infinité	f	infinités
infirmation	f	infirmations
infirmerie	f	infirmeries
infirmier	m	infirmiers
infirmière	f	infirmières
infirmité	f	infirmités
infixe	m	infixes
inflammabilité	f	inflammabilités
inflammation	f	inflammations
inflation	f	inflations
inflexibilité	f	inflexibilités
inflexion	f	inflexions
inflorescence	f	inflorescences
influence	f	influences
influenza	f	influenzas
influx	m	influx
infléchissement	m	infléchissements
info	f	infos
infographie	f	infographies
informateur	m	informateurs
informatrice	f	informatrices
informaticien	m	informaticiens
informaticienne	f	informaticiennes
information	f	informations
informatique	f	informatiques
informatisation	f	informatisations
informé	m	informés
inforoute	f	inforoutes
infortune	f	infortunes
infraction	f	infractions
infrarouge	m	infrarouges
infrason	m	infrasons
infrastructure	f	infrastructures
infrutescence	f	infrutescences
infule	f	infules
infundibulum	m	infundibulums
infusion	f	infusions
infusoire	m	infusoires
infécondité	f	infécondités
inféodation	f	inféodations
inférence	f	inférences
inférieur	m	inférieurs
inférieure	f	inférieures
infériorisation	f	infériorisations
infériorité	f	infériorités
ingestion	f	ingestions
ingluvie	f	ingluvies
ingouvernabilité	f	ingouvernabilités
ingrat	m	ingrats
ingrate	f	ingrates
ingratitude	f	ingratitudes
ingression	f	ingressions
ingrisme	m	ingrismes
ingrédient	m	ingrédients
ingurgitation	f	ingurgitations
ingénierie	f	ingénieries
ingénieur	m	ingénieurs
ingénieur-conseil	m	ingénieurs-conseils
ingéniosité	f	ingéniosités
ingénu	m	ingénus
ingénue	f	ingénues
ingénue	f	ingénues
ingénuité	f	ingénuités
ingérence	f	ingérences
inhabileté	f	inhabiletés
inhabilité	f	inhabilités
inhalateur	m	inhalateurs
inhalation	f	inhalations
inhibage	m	inhibages
inhibiteur	m	inhibiteurs
inhibition	f	inhibitions
inhibé	m	inhibés
inhibée	f	inhibées
inhumanité	f	inhumanités
inhumation	f	inhumations
inhérence	f	inhérences
inimitié	f	inimitiés
inintelligence	f	inintelligences
inintelligibilité	f	inintelligibilités
iniquité	f	iniquités
initiale	f	initiales
initialisation	f	initialisations
initiateur	m	initiateurs
initiatrice	f	initiatrices
initiation	f	initiations
initiative	f	initiatives
initié	m	initiés
initiée	f	initiées
injecteur	m	injecteurs
injection	f	injections
injective	f	injectives
injonction	f	injonctions
injure	f	injures
injustice	f	injustices
inlandsis	m	inlandsis
inlay	m	inlays
innervation	f	innervations
innocence	f	innocences
innocent	m	innocents
innocente	f	innocentes
innocuité	f	innocuités
innovateur	m	innovateurs
innovatrice	f	innovatrices
innovation	f	innovations
innéisme	m	innéismes
innéité	f	innéités
inobservance	f	inobservances
inobservation	f	inobservations
inoccupation	f	inoccupations
inocuité	f	inocuités
inoculabilité	f	inoculabilités
inoculant	m	inoculants
inoculation	f	inoculations
inocybe	m	inocybes
inondation	f	inondations
inondé	m	inondés
inondée	f	inondées
inopportunité	f	inopportunités
inopposabilité	f	inopposabilités
inorganisation	f	inorganisations
inox	m	inox
input	m	inputs
inquart	m	inquarts
inquisiteur	m	inquisiteurs
inquisitrice	f	inquisitrices
inquisition	f	inquisitions
inquiétude	f	inquiétudes
insaisissabilité	f	insaisissabilités
insalivation	f	insalivations
insalubrité	f	insalubrités
insanité	f	insanités
insatiabilité	f	insatiabilités
insatisfaction	f	insatisfactions
inscription	f	inscriptions
inscrit	m	inscrits
inscrite	f	inscrites
inscrivant	m	inscrivants
inscrivante	f	inscrivantes
insculpation	f	insculpations
insectarium	m	insectariums
insecte	m	insectes
insecticide	m	insecticides
inselberg	m	inselbergs
insensibilisation	f	insensibilisations
insensibilité	f	insensibilités
insertion	f	insertions
insigne	m	insignes
insignifiance	f	insignifiances
insincérité	f	insincérités
insinuation	f	insinuations
insipidité	f	insipidités
insistance	f	insistances
insolation	f	insolations
insolence	f	insolences
insolent	m	insolents
insolente	f	insolentes
insolubilisation	f	insolubilisations
insolvabilité	f	insolvabilités
insomnie	f	insomnies
insomnieux	m	insomnieux
insomnieuse	f	insomnieuses
insonorisation	f	insonorisations
insonorité	f	insonorités
insouciance	f	insouciances
insouciant	m	insouciants
insouciante	f	insouciantes
insoumission	f	insoumissions
inspecteur	m	inspecteurs
inspectrice	f	inspectrices
inspection	f	inspections
inspectorat	m	inspectorats
inspirateur	m	inspirateurs
inspiratrice	f	inspiratrices
inspiration	f	inspirations
inspiré	m	inspirés
instabilité	f	instabilités
installateur	m	installateurs
installation	f	installations
instance	f	instances
instant	m	instants
instantané	m	instantanés
instantanéisation	f	instantanéisations
instantanéité	f	instantanéités
instar	m	instars
instauration	f	instaurations
instigateur	m	instigateurs
instigatrice	f	instigatrices
instigation	f	instigations
instillation	f	instillations
instinct	m	instincts
instinctif	m	instinctifs
instinctive	f	instinctives
instinctivité	f	instinctivités
institut	m	instituts
institute	f	institutes
instituteur	m	instituteurs
institutrice	f	institutrices
institution	f	institutions
institutionalisation	f	institutionalisations
institutionnalisation	f	institutionnalisations
institutionnalisme	m	institutionnalismes
institué	m	institués
instructeur	m	instructeurs
instruction	f	instructions
instrument	m	instruments
instrumental	m	instrumentaux
instrumentalisation	f	instrumentalisations
instrumentalisme	m	instrumentalismes
instrumentation	f	instrumentations
insu	m	insus
insubmersibilité	f	insubmersibilités
insubordination	f	insubordinations
insuccès	m	insuccès
insuffisance	f	insuffisances
insufflage	m	insufflages
insufflateur	m	insufflateurs
insufflation	f	insufflations
insularisation	f	insularisations
insularité	f	insularités
insulinase	f	insulinases
insuline	f	insulines
insulinothérapie	f	insulinothérapies
insulte	f	insultes
insulteur	m	insulteurs
insulté	m	insultés
insultée	f	insultées
insurgent	m	insurgents
insurgente	f	insurgentes
insurgé	m	insurgés
insurgée	f	insurgées
insurrection	f	insurrections
insurrectionnaire	m	insurrectionnaires
insécurisation	f	insécurisations
insécurité	f	insécurités
insémination	f	inséminations
inséparabilité	f	inséparabilités
intaille	f	intailles
intangibilité	f	intangibilités
intellect	m	intellects
intellectualisation	f	intellectualisations
intellectualisme	m	intellectualismes
intellectualité	f	intellectualités
intellectuel	m	intellectuels
intellectuelle	f	intellectuelles
intelligence	f	intelligences
intelligentsia	f	intelligentsias
intelligibilité	f	intelligibilités
intemporalité	f	intemporalités
intempérance	f	intempérances
intempérie	f	intempéries
intendance	f	intendances
intendant	m	intendants
intendante	f	intendantes
intensif	m	intensifs
intensification	f	intensifications
intensité	f	intensités
intentement	m	intentements
intention	f	intentions
intentionnalisation	f	intentionnalisations
intentionnalité	f	intentionnalités
inter	m	inters
interaction	f	interactions
interactivité	f	interactivités
intercalage	m	intercalages
intercalaire	m	intercalaires
intercalation	f	intercalations
intercalement	m	intercalements
intercepteur	m	intercepteurs
interception	f	interceptions
intercesseur	m	intercesseurs
intercession	f	intercessions
interchangeabilité	f	interchangeabilités
interclasse	m	interclasses
interclassement	m	interclassements
interclubs	m	interclubs
intercommunalité	f	intercommunalités
intercommunication	f	intercommunications
interconnection	f	interconnections
interconnexion	f	interconnexions
intercourse	f	intercourses
interdiction	f	interdictions
interdisciplinarité	f	interdisciplinarités
interdit	m	interdits
interdite	f	interdites
interdépendance	f	interdépendances
interface	f	interfaces
interfaçage	m	interfaçages
interfluve	m	interfluves
interfoliage	m	interfoliages
interférence	f	interférences
interféromètre	m	interféromètres
interférométrie	f	interférométries
interféron	m	interférons
interglaciaire	m	interglaciaires
intergouvernementalité	f	intergouvernementalités
intergroupe	m	intergroupes
interim	m	interims
interjection	f	interjections
interlignage	m	interlignages
interlock	m	interlocks
interlocuteur	m	interlocuteurs
interlocutrice	f	interlocutrices
interlocutoire	m	interlocutoires
interlude	m	interludes
intermittence	f	intermittences
intermittent	m	intermittents
intermittente	f	intermittentes
intermède	m	intermèdes
internalisation	f	internalisations
internat	m	internats
international	m	internationaux
internationale	f	internationales
internationale	f	internationales
internationalisation	f	internationalisations
internationalisme	m	internationalismes
internationalité	f	internationalités
internement	m	internements
internet	m	
internonce	m	internonces
interné	m	internés
internée	f	internées
interopérabilité	f	interopérabilités
interpellateur	m	interpellateurs
interpellatrice	f	interpellatrices
interpellation	f	interpellations
interphase	f	interphases
interphone	m	interphones
interpolateur	m	interpolateurs
interpolatrice	f	interpolatrices
interpolation	f	interpolations
interpollinisation	f	interpollinisations
interposition	f	interpositions
interprétant	m	interprétants
interprétariat	m	interprétariats
interprétation	f	interprétations
interpréteur	m	interpréteurs
interpsychologie	f	interpsychologies
interpénétration	f	interpénétrations
interrelation	f	interrelations
interrogateur	m	interrogateurs
interrogatrice	f	interrogatrices
interrogatif	m	interrogatifs
interrogation	f	interrogations
interrogative	f	interrogatives
interrogatoire	m	interrogatoires
interroi	m	interrois
interrupteur	m	interrupteurs
interruptrice	f	interruptrices
interruption	f	interruptions
interrègne	m	interrègnes
intersection	f	intersections
intersession	f	intersessions
intersexualité	f	intersexualités
intersigne	m	intersignes
interstice	m	interstices
intertextualité	f	intertextualités
interurbain	m	interurbains
intervalle	m	intervalles
intervenant	m	intervenants
intervenante	f	intervenantes
intervention	f	interventions
interventionnisme	m	interventionnismes
interversion	f	interversions
interview	f	interviews
interviewer	m	interviewers
intervieweur	m	intervieweurs
interviewé	m	interviewés
interviewée	f	interviewées
intervocalique	f	intervocaliques
intestat	m	intestats
intestin	m	intestins
inti	m	intis
intifada	f	intifadas
intima	f	intimas
intimation	f	intimations
intimidation	f	intimidations
intimisme	m	intimismes
intimité	f	intimités
intimé	m	intimés
intimée	f	intimées
intitulation	f	intitulations
intitulé	m	intitulés
intolérance	f	intolérances
intonation	f	intonations
intoxication	f	intox
intoxiqué	m	intoxiqués
intoxiquée	f	intoxiquées
intradermo	f	intradermos
intradermo-réaction	f	intradermo-réactions
intrados	m	intrados
intranet	m	intranets
intransigeance	f	intransigeances
intransigeant	m	intransigeants
intransigeante	f	intransigeantes
intransitivité	f	intransitivités
intrant	m	intrants
intraveineuse	f	intraveineuses
intrication	f	intrications
intrigant	m	intrigants
intrigante	f	intrigantes
intrigue	f	intrigues
introducteur	m	introducteurs
introductrice	f	introductrices
introduction	f	intr..
introjection	f	introjections
intromission	f	intromissions
intronisation	f	intronisations
introspection	f	introspections
introversion	f	introversions
introverti	m	introvertis
introvertie	f	introverties
introït	m	introït
intrus	m	intrus
intruse	f	intruses
intrusion	f	intrusions
intrépidité	f	intrépidités
intubation	f	intubations
intuitif	m	intuitifs
intuitive	f	intuitives
intuition	f	intuitions
intuitionnisme	m	intuitionnismes
intussusception	f	intussusceptions
intégrale	f	intégrales
intégralité	f	intégralités
intégrateur	m	intégrateurs
intégration	f	intégrations
intégrisme	m	intégrismes
intégrité	f	intégrités
intéressement	m	intéressements
intéressé	m	intéressés
intéressée	f	intéressées
intérieur	m	intérieurs
intérim	m	intérims
intériorisation	f	intériorisations
intériorité	f	intériorités
intéroceptivité	f	intéroceptivités
intérêt	m	intérêts
inuit	m	inuits
inuite	f	inuites
inule	f	inules
inuline	f	inulines
inutilité	f	inutilités
invagination	f	invaginations
invalidation	f	invalidations
invalidité	f	invalidités
invariabilité	f	invariabilités
invariance	f	invariances
invasion	f	invasions
invective	f	invectives
invendu	m	invendus
inventaire	m	inventaires
inventeur	m	inventeurs
inventrice	f	inventrices
inventif	m	inventifs
inventive	f	inventives
invention	f	inventions
inventivité	f	inventivités
inventoriage	m	inventoriages
inventorisation	f	inventorisations
inversement	m	inversements
inverseur	m	inverseurs
inversible	m	inversibles
inversion	f	inversions
invertase	f	invertases
inverti	m	invertis
invertie	f	inverties
invertine	f	invertines
invertébré	m	invertébrés
investigateur	m	investigateurs
investigation	f	investigations
investissement	m	investissements
investisseur	m	investisseurs
investiture	f	investitures
invincibilité	f	invincibilités
inviolabilité	f	inviolabilités
invisibilité	f	invisibilités
invisible	m	invisibles
invitation	f	invitations
invitatoire	m	invitatoires
invite	f	invites
invité	m	invités
invitée	f	invitées
invocateur	m	invocateurs
invocation	f	invocations
involution	f	involutions
invraisemblance	f	invraisemblances
invulnérabilité	f	invulnérabilités
inédit	m	inédits
inégalisation	f	inégalisations
inégalité	f	inégalités
inélasticité	f	inélasticités
inéligibilité	f	inéligibilités
inéluctabilité	f	inéluctabilités
inéluctable	m	inéluctables
inélégance	f	inélégances
inéquation	f	inéquations
inéquité	f	inéquités
inévitabilité	f	inévitabilités
iodate	m	iodates
iodation	f	iodations
iode	m	iodes
iodisme	m	iodismes
iodoforme	m	iodoformes
iodophilie	f	iodophilies
iodure	m	iodures
ion	m	ions
ionien	m	ioniens
ionienne	f	ioniennes
ionique	m	ioniques
ionisation	f	ionisations
ionogramme	m	ionogrammes
ionone	f	ionones
ionosphère	f	ionosphères
ionothérapie	f	ionothérapies
iota	m	iota
iotacisme	m	iotacismes
iourte	f	iourtes
iphone	m	iphones
ipod	m	ipods
ipomée	f	ipomées
ipséité	f	ipséités
ipéca	m	ipécas
irakien	m	irakiens
irakienne	f	irakiennes
irascibilité	f	irascibilités
ire	f	ires
iridacée	f	iridacées
iridectomie	f	iridectomies
iridium	m	iridiums
iris	m	iris
irisage	m	irisages
irisation	f	irisations
irisement	m	irisements
irish	m	irish
iritis	f	iritis
irlandais	m	irlandais
irlandaise	f	irlandaises
irone	f	irones
ironie	f	ironies
ironisation	f	ironisations
ironisée	f	ironisées
iroquois	m	iroquois
iroquoise	f	iroquoises
irradiation	f	irradiations
irrationalisme	m	irrationalismes
irrationalité	f	irrationalités
irrationnel	m	irrationnels
irrationnelle	f	irrationnelles
irrecevabilité	f	irrecevabilités
irrespect	m	irrespects
irresponsabilité	f	irresponsabilités
irrigation	f	irrigations
irritabilité	f	irritabilités
irritant	m	irritants
irritation	f	irritations
irroration	f	irrorations
irruption	f	irruptions
irréalisation	f	irréalisations
irréalisme	m	irréalismes
irréalité	f	irréalités
irrédentisme	m	irrédentismes
irréductibilité	f	irréductibilités
irréel	m	irréels
irréflexion	f	irréflexions
irréfutabilité	f	irréfutabilités
irrégularité	f	irrégularités
irrégulier	m	irréguliers
irrégulière	f	irrégulières
irréligion	f	irréligions
irrésistibilité	f	irrésistibilités
irrésolution	f	irrésolutions
irrétrécissabilité	f	irrétrécissabilités
irréversibilité	f	irréversibilités
irrévocabilité	f	irrévocabilités
irrévérence	f	irrévérences
irénarchie	f	irénarchies
irénarque	m	irénarques
irénisme	m	irénismes
isallobare	f	isallobares
isard	m	isards
isatis	m	isatis
isba	f	isbas
ischion	m	ischions
ischémie	f	ischémies
isiaque	m	isiaques
islam	m	islams
islamisation	f	islamisations
islamisme	m	islamismes
islandais	m	islandais
islandaise	f	islandaises
ismaélien	m	ismaéliens
ismaélienne	f	ismaéliennes
ismaïlien	m	ismaïliens
ismaïlienne	f	ismaïliennes
isobathe	f	isobathes
isocarde	m	isocardes
isochronisme	m	isochronismes
isodynamie	f	isodynamies
isogamie	f	isogamies
isohypse	f	isohypses
isolant	m	isolants
isolat	m	isolats
isolateur	m	isolateurs
isolation	f	isolations
isolationnisme	m	isolationnismes
isolement	m	isolements
isoleucine	f	isoleucines
isologue	m	isologues
isoloir	m	isoloirs
isolé	m	isolés
isolée	f	isolées
isomorphie	f	isomorphies
isomorphisme	m	isomorphismes
isomère	m	isomères
isomérase	f	isomérases
isomérie	f	isoméries
isomérisation	f	isomérisations
isométrie	f	isométries
isométrique	f	isométriques
isoniazide	m	isoniazides
isonomie	f	isonomies
isopet	m	isopets
isoprène	m	isoprènes
isoptère	m	isoptères
isorel	m	isorels
isostasie	f	isostasies
isoséiste	f	isoséistes
isothermie	f	isothermies
isotonie	f	isotonies
isotope	m	isotopes
isotopie	f	isotopies
isotropie	f	isotropies
israélien	m	israéliens
israélienne	f	israéliennes
israélisation	f	israélisations
issue	f	issues
issus	m	issus
isthme	m	isthmes
italianisant	m	italianisants
italianisante	f	italianisantes
italianisation	f	italianisations
italianisme	m	italianismes
italien	m	italiens
italienne	f	italiennes
italique	f	ital..
item	m	items
ithyphalle	m	ithyphalles
ithyphallique	m	ithyphalliques
itinéraire	m	itinéraires
itinérant	f	itinérants
itération	f	itérations
iufm	m	iufm
iule	m	iules
ive	f	ives
ivette	f	ivettes
ivoire	m	ivoires
ivoirerie	f	ivoireries
ivoirier	m	ivoiriers
ivoirité	f	ivoirités
ivraie	f	ivraies
ivresse	f	ivresses
ivrognesse	f	
ivrognerie	f	ivrogneries
iwan	m	iwans
ixage	m	ixages
ixia	f	ixias
ixode	m	ixodes
jabiru	m	jabirus
jablage	m	jablages
jable	m	jables
jablière	f	jablières
jabloir	m	jabloirs
jabloire	f	jabloires
jaborandi	m	jaborandis
jabot	m	jabots
jabotage	m	jabotages
jaboteur	m	jaboteurs
jaboteuse	f	jaboteuses
jacaranda	m	jacarandas
jacassage	m	jacassages
jacasse	f	jacasses
jacassement	m	jacassements
jacasserie	f	jacasseries
jacasseur	m	jacasseurs
jacasseuse	f	jacasseuses
jachère	f	jachères
jacinthe	f	jacinthes
jack	m	jacks
jacket	f	jackets
jackpot	m	jackpots
jaco	m	jacos
jacobin	m	jacobins
jacobine	f	jacobines
jacobinisme	m	jacobinismes
jacobus	m	jacobus
jacobée	f	jacobées
jaconas	m	jaconas
jacot	m	jacots
jacquard	m	jacquards
jacqueline	f	jacquelines
jacquemart	m	jacquemarts
jacquerie	f	jacqueries
jacques	m	jacques
jacquet	m	jacquets
jacquier	m	jacquiers
jacquot	m	jacquots
jactance	f	jactances
jacée	f	jacées
jade	m	jades
jadéite	f	jadéites
jaguar	m	jaguars
jagunços	m	jagunços
jaillissement	m	jaillissements
jais	m	jais
jalap	m	jalaps
jale	f	jales
jalon	m	jalons
jalonnage	m	jalonnages
jalonnement	m	jalonnements
jalonneur	m	jalonneurs
jalousie	f	jalousies
jaloux	m	jaloux
jalouse	f	jalouses
jamais-vu	m	jamais-vu
jamaïcain	m	jamaïcains
jamaïcaine	f	jamaïcaines
jamaïquain	m	jamaïquains
jamaïquaine	f	jamaïquaines
jambage	m	jambages
jambart	m	jambarts
jambe	f	jambes
jambette	f	jambettes
jambier	m	jambiers
jambière	f	jambières
jambon	m	jambons
jambonneau	m	jambonneaux
jamboree	m	jamborees
jambose	f	jamboses
jambosier	m	jambosiers
jamerosier	m	jamerosiers
jan	m	jans
jangada	f	jangadas
janissaire	m	janissaires
janotisme	m	janotismes
jansénisme	m	jansénismes
jante	f	jantes
janvier	m	janviers
japon	m	japons
japonais	m	japonais
japonaise	f	japonaises
japonaiserie	f	japonaiseries
japonerie	f	japoneries
japonisant	m	japonisants
japonisante	f	japonisantes
japonisation	f	japonisations
japonisme	m	japonismes
jappage	m	jappages
jappement	m	jappements
jappeur	m	jappeurs
jappeuse	f	jappeuses
jaquemart	m	jaquemarts
jaquette	f	jaquettes
jaquier	m	jaquiers
jar	m	jars
jard	m	jards
jarde	f	jardes
jardin	m	jardins
jardinage	m	jardinages
jardinet	m	jardinets
jardinier	m	jardiniers
jardinière	f	jardinières
jardinière	f	jardinières
jardinée	f	jardinées
jardon	m	jardons
jargon	m	jargons
jargonaphasie	f	jargonaphasies
jargonnage	m	jargonnages
jargonnement	m	jargonnements
jarosse	f	jarosses
jarovisation	f	jarovisations
jarret	m	jarrets
jarretelle	f	jarretelles
jarretière	f	jarretières
jars	m	jars
jas	m	jas
jasement	m	jasements
jaseran	m	jaserans
jaserie	f	jaseries
jaseron	m	jaserons
jaseur	m	jaseurs
jaseuse	f	jaseuses
jasmin	m	jasmins
jaspe	m	jaspes
jaspinage	m	jaspinages
jaspinement	m	jaspinements
jaspure	f	jaspures
jaspé	m	jaspés
jasée	f	jasées
jatte	f	jattes
jattée	f	jattées
jauge	f	jauges
jaugeage	m	jaugeages
jaugeur	m	jaugeurs
jaumière	f	jaumières
jaunet	m	jaunets
jauni	m	jaunis
jaunissage	m	jaunissages
jaunisse	f	jaunisses
jaunissement	m	jaunissements
java	f	javas
javanais	m	javanais
javanaise	f	javanaises
javart	m	javarts
javascript	m	javascripts
javeau	m	javeaux
javel	f	javels
javelage	m	javelages
javeleur	m	javeleurs
javeleuse	f	javeleuses
javeleuse	f	javeleuses
javeline	f	javelines
javelle	f	javelles
javellisation	f	javellisations
javelot	m	javelots
jayet	m	jayets
jazz	m	jazz
jazzman	m	jazzmen
jaïnisme	m	jaïnismes
jdanovchtchina	f	jdanovchtchinas
je-m'en-fichisme	m	je-m'en-fichismes
je-m'en-foutisme	m	je-m'en-foutismes
je-ne-baise-plus	m	je-ne-baise-plus
je-ne-sais-quoi	m	je-ne-sais-quoi
jean	m	jeans
jean-foutre	m	jean-foutre
jeanne	f	jeannes
jeannette	f	jeannettes
jeans	m	jeans
jeep	f	jeeps
jeepney	m	jeepneys
jenny	f	jennys
jerez	m	jerez
jerk	m	jerks
jerrican	m	jerricans
jerricane	f	jerricanes
jerrycan	m	jerrycans
jersey	m	jersis
jersiais	m	jersiais
jersiaise	f	jersiaises
jet	m	jets
jetage	m	jetages
jeteur	m	jeteurs
jeteuse	f	jeteuses
jeton	m	jetons
jettatore	m	jettatores
jettatura	f	jettaturas
jeté	m	jetés
jetée	f	jetées
jeu	m	jeux
jeudi	m	jeudis
jeunesse	f	jeunesses
jeunet	m	jeunets
jeunette	f	jeunettes
jeunisme	m	jeunismes
jeunot	m	jeunots
jeunotte	f	jeunottes
jeûne	m	jeûnes
jeûneur	m	jeûneurs
jeûneuse	f	jeûneuses
jigger	m	jiggers
jiu-jitsu	m	jiu-jitsu
joaillerie	f	joailleries
joaillier	m	joailliers
joaillière	f	joaillières
job	m	jobs
jobard	m	jobards
jobarde	f	jobardes
jobarderie	f	jobarderies
jobardise	f	jobardises
jobelin	m	jobelins
jocasse	f	jocasses
jockey	m	jockeys
jocrisse	m	jocrisses
jodhpur	m	jodhpurs
jogging	m	joggings
johannite	f	johannites
joie	f	joies
joint	m	joints
jointage	m	jointages
jointement	m	jointements
jointive	f	jointives
jointoiement	m	jointoiements
jointoyage	m	jointoyages
jointoyeur	m	jointoyeurs
jointure	f	jointures
jojo	m	jojos
joker	m	jokers
joli	m	jolis
joliesse	f	joliesses
jonc	m	joncs
joncacée	f	joncacées
jonchage	m	jonchages
jonchement	m	jonchements
jonchet	m	jonchets
jonchère	f	jonchères
jonchée	f	jonchées
jonction	f	jonctions
jonglage	m	jonglages
jonglerie	f	jongleries
jongleur	m	jongleurs
jongleuse	f	jongleuses
jonkheer	m	jonkheers
jonque	f	jonques
joran	m	jorans
jordanien	m	jordaniens
jordanienne	f	jordaniennes
joseph	m	joseph
joséphisme	m	joséphismes
jota	f	jotas
jottereau	m	jottereaux
joual	m	jouals
joubarbe	f	joubarbes
joue	f	joues
jouerie	f	joueries
jouet	m	jouets
joueur	m	joueurs
joueuse	f	joueuses
joufflu	f	joufflus
joug	m	jougs
jouissance	f	jouissances
jouissement	m	jouissements
jouisseur	m	jouisseurs
jouisseuse	f	jouisseuses
joujou	m	joujoux
joule	m	joules
jour	m	jours
journade	f	journades
journal	m	journaux
journalier	m	journaliers
journalière	f	journalières
journalisation	f	journalisations
journalisme	m	journalismes
journée	f	journées
joute	f	joutes
jouteur	m	jouteurs
jouteuse	f	jouteuses
jouvence	f	jouvences
jouvenceau	m	jouvenceaux
jouvencelle	f	jouvencelles
jouée	f	jouées
jovialité	f	jovialités
jovien	m	joviens
jovienne	f	joviennes
joyau	m	joyaux
joyeuse	f	joyeuses
joyeuseté	f	joyeusetés
joyeux	m	joyeux
jpeg	m	jpeg
jpg	m	jpg
jubarte	f	jubartes
jubilation	f	jubilations
jubilé	m	jubilés
jubé	m	jubés
juchoir	m	juchoirs
juchée	f	juchées
judas	m	judas
judaïcité	f	judaïcités
judaïsant	m	judaïsants
judaïsation	f	judaïsations
judaïsme	m	judaïsmes
judaïté	f	judaïtés
judelle	f	judelles
judicature	f	judicatures
judiciarisation	f	judiciarisations
judo	m	judos
judéité	f	judéités
judéo-christianisme	m	judéo-christianismes
juge	m	juges
jugement	m	jugements
jugeote	f	jugeotes
jugeur	m	jugeurs
jugeuse	f	jugeuses
juglandacée	f	juglandacées
jugulaire	f	jugulaires
jugulation	f	jugulations
jugulement	m	jugulements
juif	m	juifs
juive	f	juives
juillet	m	juillets
juin	m	juins
juiverie	f	juiveries
jujube	m	jujubes
jujubier	m	jujubiers
juke-box	m	juke-box
jules	m	jules
julienne	f	juliennes
jumbo	m	jumbos
jumeau	m	jumeaux
jumelle	f	jumelles
jumelage	m	jumelages
jumelle	f	jumelles
jument	f	juments
jumping	m	jumpings
jungle	f	jungles
junker	m	junkers
junte	f	juntes
jupe	f	jupes
jupette	f	jupettes
jupier	m	jupiers
jupière	f	jupières
jupon	m	jupons
jurande	f	jurandes
jurassien	m	jurassiens
jurassienne	f	jurassiennes
jurassique	m	jurassiques
jurat	m	jurats
jurement	m	jurements
jureur	m	jureurs
juridiction	f	juridictions
juridisme	m	juridismes
jurisprudence	f	jurisprudences
juron	m	jurons
jury	m	jurys
juré	m	jurés
jurée	f	jurées
jus	m	jus
jusant	m	jusants
jusqu'au-boutisme	m	jusqu'au-boutismes
jusquiame	f	jusquiames
jussion	f	jussions
jussiée	f	jussiées
justaucorps	m	justaucorps
juste	m	justes
justesse	f	justesses
justice	f	justices
justicier	m	justiciers
justicière	f	justicières
justificatif	m	justificatifs
justification	f	justifications
jusée	f	jusées
jutage	m	jutages
jute	m	jutes
juteuse	f	juteuses
juteux	m	juteux
juvénat	m	juvénats
juvénile	m	juvéniles
juvénilité	f	juvénilités
juxtaposition	f	juxtapositions
jéjunum	m	jéjunums
jéroboam	m	jéroboams
jérémiade	f	jérémiades
jésuite	m	jésuites
jésuitisme	m	jésuitismes
jésus	m	jésus
ka	m	kas
kabbale	f	kabbales
kabuki	m	kabukis
kacha	f	kachas
kache	f	kaches
kadi	m	kadis
kafkaïen	m	kafkaïens
kafkaïenne	f	kafkaïennes
kaiser	m	kaisers
kakatoès	m	kakatoès
kaki	m	kakis
kakémono	m	kakémonos
kalachnikov	f	kalachnikovs
kali	m	kalis
kalicytie	f	kalicyties
kalium	m	kaliums
kaliémie	f	kaliémies
kalmouk	m	kalmouks
kaléidoscope	m	kaléidoscopes
kamala	m	kamalas
kami	m	kamis
kamichi	m	kamichis
kammerspiel	m	kammerspiels
kampuchéen	m	kampuchéens
kampuchéenne	f	kampuchéennes
kan	m	kans
kana	m	kanas
kanak	m	kanaks
kanake	f	kanakes
kandjar	m	kandjars
kangourou	m	kangourous
kannara	m	kannaras
kantien	m	kantiens
kantienne	f	kantiennes
kantisme	m	kantismes
kaoliang	m	kaoliangs
kaolin	m	kaolins
kaolinisation	f	kaolinisations
kaolinite	f	kaolinites
kaon	m	kaons
kapo	m	kapos
kapok	m	kapoks
kapokier	m	kapokiers
kappa	m	kappa
karakul	m	karakuls
karaoké	m	karaokés
karaté	m	karatés
karbau	m	karbaux
karité	m	karités
karma	m	karmas
karman	m	karmans
karst	m	karsts
kart	m	karts
karting	m	kartings
karyokinèse	f	karyokinèses
kasaïen	m	kasaïens
kasaïenne	f	kasaïennes
katakana	m	katakanas
katchina	m	katchinas
kava	m	kavas
kawa	m	kawas
kawi	m	kawis
kayac	m	kayacs
kayak	m	kayaks
kazakh	m	kazakhs
kazakhe	f	kazakhes
kaïnite	f	kaïnites
keepsake	m	keepsakes
keffieh	m	keffiehs
keiretsu	m	keiretsus
kelvin	m	kelvins
kendo	m	kendos
kentia	m	kentias
kentrophylle	m	kentrophylles
kerdomètre	m	kerdomètres
kermesse	f	kermesses
kermès	m	kermès
kerria	m	kerrias
ketch	m	ketchs
ketchup	m	ketchup
ketmie	f	ketmies
keynésianisme	m	keynésianismes
khalifat	m	khalifats
khalife	m	khalifes
khamsin	m	khamsins
khan	m	khans
khanat	m	khanats
kharidjisme	m	kharidjismes
khat	m	khats
khi	m	khi
khmer	m	khmers
khmère	f	khmères
khoin	m	khoins
khrouchtchévien	m	khrouchtchéviens
khrouchtchévienne	f	khrouchtchéviennes
khâgne	f	khâgnes
khâgneux	m	khâgneux
khâgneuse	f	khâgneuses
khédivat	m	khédivats
khédive	m	khédives
khédiviat	m	khédiviats
khôl	m	khôls
kibanguisme	m	kibanguismes
kibboutz	m	kibboutz
kichenotte	f	kichenottes
kick	m	kicks
kidnappage	m	kidnappages
kidnappeur	m	kidnappeurs
kidnappeuse	f	kidnappeuses
kidnapping	m	kidnappings
kief	m	kiefs
kieselguhr	m	kieselguhrs
kiesérite	f	kiesérites
kif	m	kifs
kiff	m	kiffs
kiki	m	kikis
kikuyu	m	kikuyus
kikuyue	f	kikuyues
kil	m	kils
killer	m	killers
kilo	m	kilos
kilo-octet	m	ko
kiloampère	m	kiloampères
kilocalorie	f	kilocalories
kilocycle	m	kilocycles
kilogramme	m	kg
kilogrammètre	m	kilogrammètres
kilohertz	m	kilohertz
kilomètre	m	kilomètres
km/h	m	km/h
kilométrage	m	kilométrages
kilotonne	f	kilotonnes
kilovolt	m	kilovolts
kilowatt	m	kilowatts
kilowatt-heure	m	kilowatt-heures
kilowattheure	m	kilowattheures
kilt	m	kilts
kimono	m	kimonos
kinase	f	kinases
kincajou	m	kincajous
kinescope	m	kinescopes
kinesthésie	f	kinesthésies
king	m	kings
kinkajou	m	kinkajous
kinésithérapie	f	kiné
kiosque	m	kiosques
kippa	f	kippas
kipper	m	kippers
kir	m	kirs
kirghiz	m	kirghiz
kirghize	m	kirghizes
kiri	m	kiris
kirsch	m	kirsch
kit	m	kits
kitchenette	f	kitchenettes
kitsch	m	kitsch
kiwi	m	kiwis
klaxon	m	klaxons
klaxonnement	m	klaxonnements
kleenex	m	kleenex
kleptomanie	f	kleptomanies
klippe	f	klippes
klystron	m	klystrons
knicker	m	knickers
knock-out	m	knock-outs
knout	m	knouts
know-how	m	know-how
koala	m	koalas
kob	m	kobs
kobold	m	kobolds
koheul	m	koheuls
kohol	m	kohols
koinè	f	koinès
kola	m	kolas
kolatier	m	kolatiers
kolinski	m	kolinskis
kolkhoz	m	kolkhoz
kolkhoze	m	kolkhozes
kolkhozien	m	kolkhoziens
kolkhozienne	f	kolkhoziennes
kommandantur	f	kommandanturs
kondo	m	kondos
konzern	m	konzerns
kopeck	m	kopecks
korrigan	m	korrigans
korrigane	f	korriganes
korê	f	korês
kosovar	m	kosovars
kosovare	f	kosovares
koto	m	kotos
koubba	f	koubbas
kouglof	m	kouglofs
koulak	m	koulaks
koulibiac	m	koulibiacs
koumis	m	koumis
koumyck	m	koumycks
koumycke	f	koumyckes
koumys	m	koumys
kourgane	m	kourganes
kouros	m	kouros
koweïtien	m	koweïtiens
koweïtienne	f	koweïtiennes
kraal	m	kraals
krach	m	krachs
kraft	m	krafts
krak	m	kraks
kraken	m	krakens
kremlin	m	kremlins
kremlinologie	f	kremlinologies
kreuzer	m	kreuzers
krill	m	krills
kriss	m	kriss
kronprinz	m	kronprinz
kroumir	m	kroumirs
krypton	m	kryptons
ksar	m	ksour
ksi	m	ksi
kufique	m	kufiques
kulturkampf	m	kulturkampfs
kummel	m	kummels
kumquat	m	kumquats
kvas	m	kvas
kwas	m	kwas
kwashiorkor	m	kwashiorkors
kyat	m	kyats
kymographe	m	kymographes
kymographie	f	kymographies
kyrie	m	kyrie
kyrielle	f	kyrielles
kyste	m	kystes
kéfir	m	kéfirs
kémalisme	m	kémalismes
kénotron	m	kénotrons
kényan	m	kényans
kényane	f	kényanes
képhir	m	képhirs
képi	m	képis
kérabau	m	kérabaus
kératine	f	kératines
kératinisation	f	kératinisations
kératite	f	kératites
kératocèle	f	kératocèles
kératocône	m	kératocônes
kératolyse	f	kératolyses
kératolytique	m	kératolytiques
kératoscopie	f	kératoscopies
kératose	f	kératoses
kératotome	m	kératotomes
kératotomie	f	kératotomies
kérogène	m	kérogènes
kérosène	m	kérosènes
la	m	la
labadens	m	labadens
labanotation	f	labanotations
labarum	m	labarums
labdanum	m	labdanums
label	m	labels
labelle	m	labelles
labellisation	f	labellisations
labeur	m	labeurs
labferment	m	labferments
labiacée	f	labiacées
labiale	f	labiales
labialisation	f	labialisations
labilité	f	labilités
labiodentale	f	labiodentales
labium	m	labiums
labiée	f	labiées
laborantin	m	laborantins
laborantine	f	laborantines
laboratoire	m	laboratoires
labour	m	labours
labourage	m	labourages
laboureur	m	laboureurs
labrador	m	labradors
labre	m	labres
labri	m	labris
labrit	m	labrits
labyrinthe	m	labyrinthes
labyrinthite	f	labyrinthites
labyrinthodon	m	labyrinthodons
labyrinthodonte	m	labyrinthodontes
lac	m	lacs
laccase	f	laccases
laccolite	m	laccolites
laccolithe	f	laccolithes
lacement	m	lacements
lacerie	f	laceries
lacet	m	lacets
laceur	m	laceurs
laceuse	f	laceuses
lacis	m	lacis
laconisme	m	laconismes
lacrima-christi	m	lacrima-christi
lacryma-christi	m	lacryma-christi
lacs	m	lacs
lactaire	m	lactaires
lactalbumine	f	lactalbumines
lactame	m	lactames
lactarium	m	lactariums
lactase	f	lactases
lactate	m	lactates
lactation	f	lactations
lactatémie	f	lactatémies
lactescence	f	lactescences
lactobacille	m	lactobacilles
lactodensimètre	m	lactodensimètres
lactofermentation	f	lactofermentations
lactoflavine	f	lactoflavines
lactomètre	m	lactomètres
lactone	f	lactones
lactose	m	lactoses
lactosurie	f	lactosuries
lactosérum	m	lactosérums
lactucarium	m	lactucariums
lacune	f	lacunes
lacé	m	lacés
lacédémonien	m	lacédémoniens
lacédémonienne	f	lacédémoniennes
lacérage	m	lacérages
lacération	f	lacérations
lad	m	lads
ladang	m	ladangs
ladanum	m	ladanums
ladin	m	ladins
ladrerie	f	ladreries
lady	f	ladies
lagan	m	lagans
lagon	m	lagons
lagopède	m	lagopèdes
lagosien	m	lagosiens
lagosienne	f	lagosiennes
lagothrix	m	lagothrix
lagotriche	m	lagotriches
laguiole	m	laguioles
laguis	m	laguis
lagune	f	lagunes
lai	m	lais
laideron	m	laiderons
laideronne	f	laideronnes
laideur	f	laideurs
laie	f	laies
laimargue	f	laimargues
lainage	m	lainages
laine	f	laines
lainerie	f	laineries
laineur	m	laineurs
laineuse	f	laineuses
laineuse	f	laineuses
lainier	m	lainiers
lainière	f	lainières
laird	m	lairds
laisse	f	laisses
laisser-aller	m	laisser-aller
laissez-passer	m	laissez-passer
laissé-pour-compte	m	laissés-pour-compte
laissé-pour-compte	f	laissés-pour-compte
lait	m	laits
laitage	m	laitages
laitance	f	laitances
laiterie	f	laiteries
laiteron	m	laiterons
laitier	m	laitiers
laitière	f	laitières
laiton	m	laitons
laitonnage	m	laitonnages
laitue	f	laitues
laize	f	laizes
lallation	f	lallations
lama	m	lamas
lamage	m	lamages
lamanage	m	lamanages
lamaneur	m	lamaneurs
lamantin	m	lamantins
lamarckisme	m	lamarckismes
lamaserie	f	lamaseries
lamaïsme	m	lamaïsmes
lambda	m	lambda
lambdacisme	m	lambdacismes
lambeau	m	lambeaux
lambel	m	lambels
lambic	m	lambics
lambin	m	lambins
lambine	f	lambines
lambinage	m	lambinages
lambinerie	f	lambineries
lambliase	f	lambliases
lambourde	f	lambourdes
lambrequin	m	lambrequins
lambris	m	lambris
lambrissage	m	lambrissages
lambruche	f	lambruches
lambrusque	f	lambrusques
lambswool	m	lambswools
lame	f	lames
lamellation	f	lamellations
lamelle	f	lamelles
lamellibranche	m	lamellibranches
lamellicorne	m	lamellicornes
lamellirostre	m	lamellirostres
lamentation	f	lamentations
lamento	m	lamentos
lamie	f	lamies
lamier	m	lamiers
lamifié	m	lamifiés
laminage	m	laminages
laminaire	f	laminaires
lamination	f	laminations
laminectomie	f	laminectomies
lamineur	m	lamineurs
lamineuse	f	lamineuses
lamineuse	f	lamineuses
laminoir	m	laminoirs
laminé	m	laminés
lampadaire	m	lampadaires
lampadophore	m	lampadophores
lampadédromie	f	lampadédromies
lamparo	m	lamparos
lampas	m	lampas
lampe	f	lampes
lampion	m	lampions
lampisterie	f	lampisteries
lampourde	f	lampourdes
lamprillon	m	lamprillons
lamproie	f	lamproies
lamprophyre	m	lamprophyres
lampyre	m	lampyres
lampée	f	lampées
lamé	m	lamés
lance	f	lances
lance-bombes	m	lance-bombes
lance-flammes	m	lance-flammes
lance-fusées	m	lance-fusées
lance-grenades	m	lance-grenades
lance-missiles	m	lance-missiles
lance-pierre	m	lance-pierre
lance-pierres	m	lance-pierres
lance-roquettes	m	lance-roquettes
lance-torpilles	m	lance-torpilles
lancement	m	lancements
lancer	m	lancers
lancette	f	lancettes
lanceur	m	lanceurs
lanceuse	f	lanceuses
lancier	m	lanciers
lancinance	f	lancinances
lancination	f	lancinations
lancinement	m	lancinements
lancis	m	lancis
lancé	m	lancés
lancée	f	lancées
land	m	lands
landais	m	landais
landaise	f	landaises
landau	m	landaus
landaulet	m	landaulets
lande	f	landes
landerneau	m	landerneaus
landgrave	m	landgraves
landgraviat	m	landgraviats
landier	m	landiers
landsturm	m	landsturms
langage	m	langages
lange	m	langes
langeage	m	langeages
langouste	f	langoustes
langoustier	m	langoustiers
langoustine	f	langoustines
langue	f	langues
languedocien	m	languedociens
languette	f	languettes
langueur	f	langueurs
langueyage	m	langueyages
languier	m	languiers
languissement	m	languissements
lanier	m	laniers
lanière	f	lanières
lanoline	f	lanolines
lansquenet	m	lansquenets
lantanier	m	lantaniers
lanterne	f	lanternes
lanterneau	m	lanterneaux
lanternement	m	lanternements
lanternon	m	lanternons
lanthane	m	lanthanes
lanthanide	m	lanthanides
lantiponnage	m	lantiponnages
lançage	m	lançages
lançon	m	lançons
lao	m	laos
laotien	m	laotiens
laotienne	f	laotiennes
lapalissade	f	lapalissades
lapement	m	lapements
lapereau	m	lapereaux
lapiaz	m	lapiaz
lapicide	m	lapicides
lapidation	f	lapidations
lapidification	f	lapidifications
lapin	m	lapins
lapine	f	lapines
lapinisme	m	lapinismes
lapinière	f	lapinières
lapis	m	lapis
lapis-lazuli	m	lapis-lazuli
lapié	m	lapiés
lapon	m	lapons
lapone	f	lapones
lappement	m	lappements
lapping	m	lappings
laps	m	laps
lapsus	m	lapsus
laptot	m	laptots
lapée	f	lapées
laquage	m	laquages
laquais	m	laquais
laqueur	m	laqueurs
laqueuse	f	laqueuses
laqué	m	laqués
laraire	m	laraires
larbin	m	larbins
larcin	m	larcins
lard	m	lards
lardage	m	lardages
lardoire	f	lardoires
lardon	m	lardons
lare	m	lares
largage	m	largages
large	m	larges
largesse	f	largesses
larget	m	largets
largeur	f	largeurs
larghetto	m	larghettos
larguage	m	larguages
largue	m	largues
largueur	m	largueurs
lariforme	m	lariformes
larigot	m	larigots
larme	f	larmes
larmier	m	larmiers
larmoiement	m	larmoiements
larron	m	larrons
larronnesse	f	larronnesses
larronnerie	f	larronneries
larve	f	larves
larvicide	m	larvicides
laryngectomie	f	laryngectomies
laryngisme	m	laryngismes
laryngite	f	laryngites
laryngologie	f	laryngologies
laryngophone	m	laryngophones
laryngoscope	m	laryngoscopes
laryngoscopie	f	laryngoscopies
laryngospasme	m	laryngospasmes
larynx	m	larynx
lasagne	f	lasagnes
lascar	m	lascars
lasciveté	f	lascivetés
lascivité	f	lascivités
laser	m	lasers
lassis	m	lassis
lassitude	f	lassitudes
lasso	m	lassos
lastex	m	lastex
lasting	m	lastings
latanier	m	lataniers
latence	f	latences
latex	m	latex
lathyrisme	m	lathyrismes
laticifère	m	laticifères
laticlave	m	laticlaves
latifundio	m	latifundios
latifundisme	m	latifundismes
latifundium	m	latifundia
latifundo	m	latifundos
latin	m	latins
latine	f	latines
latinisant	m	latinisants
latinisation	f	latinisations
latiniseur	m	latiniseurs
latinisme	m	latinismes
latinité	f	latinités
latitude	f	latitudes
latitudinarisme	m	latitudinarismes
latomie	f	latomies
latrie	f	latries
latrine	f	latrines
lattage	m	lattages
latte	f	lattes
lattis	m	lattis
latté	m	lattés
latéral	m	latérals
latérale	f	latérales
latérale	f	latérales
latéralisation	f	latéralisations
latéralité	f	latéralités
latérite	f	latérites
latéritisation	f	latéritisations
latéroposition	f	latéropositions
latéropulsion	f	latéropulsions
latéroversion	f	latéroversions
laudanum	m	laudanums
laudateur	m	laudateurs
laude	f	laudes
lauracée	f	lauracées
laure	f	laures
laurier	m	lauriers
lauréat	m	lauréats
lauréate	f	lauréates
lause	f	lauses
lauze	f	lauzes
lava	f	lavas
lavabilité	f	lavabilités
lavabo	m	lavabos
lavage	m	lavages
lavallière	f	lavallières
lavande	f	lavandes
lavandin	m	lavandins
lavandière	f	lavandières
lavaret	m	lavarets
lavasse	f	lavasses
lavatory	m	lavatorys
lave	f	laves
lave-glace	m	lave-glaces
lave-linge	m	lave-linge
lave-mains	m	lave-mains
lave-vaisselle	m	lave-vaisselle
lavement	m	lavements
laverie	f	laveries
lavette	f	lavettes
laveur	m	laveurs
laveuse	f	laveuses
laveuse	f	laveuses
lavis	m	lavis
lavoir	m	lavoirs
lavra	f	lavras
lavure	f	lavures
lavée	f	lavées
lawn-tennis	m	lawn-tennis
lawrencium	m	lawrenciums
laxatif	m	laxatifs
laxisme	m	laxismes
laxité	f	laxités
layage	m	layages
laye	f	layes
layette	f	layettes
layon	m	layons
lazaret	m	lazarets
lazulite	f	lazulites
lazurite	f	lazurites
lazzarone	m	lazzarones
lazzi	m	lazzis
laçage	m	laçages
laîche	f	laîches
laïc	m	laïcs
laïque	f	laïques
laïcat	m	laïcats
laïcisation	f	laïcisations
laïcisme	m	laïcismes
laïcité	f	laïcités
laïus	m	laïus
leadership	m	leaderships
leasing	m	leasings
lebel	m	lebels
lecteur	m	lecteurs
lectrice	f	lectrices
lectionnaire	m	lectionnaires
lectorat	m	lectorats
lecture	f	lectures
legato	m	legatos
leghorn	f	leghorns
legs	m	legs
leishmania	f	leishmanias
leishmanie	f	leishmanies
leishmaniose	f	leishmanioses
leitmotif	m	leitmotifs
leitmotiv	m	leitmotive
lek	m	leks
lemmatisation	f	lemmatisations
lemme	m	lemmes
lemming	m	lemmings
lemniscate	f	lemniscates
lempira	m	lempiras
lendemain	m	lendemains
lendit	m	lendits
lente	f	lentes
lenteur	f	lenteurs
lenticelle	f	lenticelles
lentigine	f	lentigines
lentigineux	m	lentigineux
lentigo	m	lentigos
lentille	f	lentilles
lentillon	m	lentillons
lentisque	m	lentisques
leptocéphale	m	leptocéphales
leptolithique	m	leptolithiques
leptoméningite	f	leptoméningites
lepton	m	leptons
leptoprosopie	f	leptoprosopies
leptorhinie	f	leptorhinies
leptorhinien	m	leptorhiniens
leptospire	m	leptospires
leptospirose	f	leptospiroses
lepture	m	leptures
lepénisme	m	lepénismes
lesbianisme	m	lesbianismes
lesbien	m	lesbiens
lesbienne	f	lesbiennes
lesbisme	m	lesbismes
lessivage	m	lessivages
lessive	f	lessives
lessivement	m	lessivements
lessiveuse	f	lessiveuses
lest	m	lests
lestage	m	lestages
lestes	m	lestes
letchi	m	letchis
letton	m	lettons
lettonne	f	lettonnes
lettrage	m	lettrages
lettre	f	lettres
lettrine	f	lettrines
lettrisme	m	lettrismes
lettré	m	lettrés
lettrée	f	lettrées
leu	m	lei
leucanie	f	leucanies
leucine	f	leucines
leucoaraïose	f	leucoaraïoses
leucoblaste	m	leucoblastes
leucocytation	f	leucocytations
leucocyte	m	leucocytes
leucocytolyse	f	leucocytolyses
leucocytose	f	leucocytoses
leucodermie	f	leucodermies
leucome	m	leucomes
leucomyélite	f	leucomyélites
leucomélanodermie	f	leucomélanodermies
leuconychie	f	leuconychies
leucoplasie	f	leucoplasies
leucopoïèse	f	leucopoïèses
leucopédèse	f	leucopédèses
leucopénie	f	leucopénies
leucorrhée	f	leucorrhées
leucose	f	leucoses
leucotomie	f	leucotomies
leucémie	f	leucémies
leude	m	leudes
leurrage	m	leurrages
leurre	m	leurres
lev	m	leva
levage	m	levages
levain	m	levains
levant	m	levants
levantin	m	levantins
levantine	f	levantines
lever	m	levers
levier	m	leviers
levraut	m	levrauts
levrette	f	levrettes
levron	m	levrons
levronne	f	levronnes
levronne	f	levronnes
levurage	m	levurages
levuration	f	levurations
levure	f	levures
levée	f	levées
lexicalisation	f	lexicalisations
lexicographie	f	lexicographies
lexicologie	f	lexicologies
lexicométrie	f	lexicométries
lexie	f	lexies
lexique	m	lexiques
lexis	f	lexis
lexème	m	lexèmes
leçon	f	leçons
li	m	lis
liage	m	liages
liais	m	liais
liaison	f	liaisons
liaisonnage	m	liaisonnages
liaisonnement	m	liaisonnements
liane	f	lianes
liant	m	liants
liard	m	liards
lias	m	lias
liassage	m	liassages
liasse	f	liasses
libage	m	libages
libanais	m	libanais
libanaise	f	libanaises
libation	f	libations
libeccio	m	libeccios
libelle	m	libelles
libellule	f	libellules
libellé	m	libellés
liber	m	libers
liberticide	m	liberticides
libertin	m	libertins
libertine	f	libertines
libertinage	m	libertinages
liberty	m	liberty
liberté	f	libertés
libidineux	m	libidineux
libidineuse	f	libidineuses
libido	f	libido
librairie	f	librairies
libration	f	librations
libre-arbitre	m	libre-arbitre
libre-service	m	libres-services
libre-échange	m	libre-échanges
libre-échangisme	m	libre-échangismes
libretto	m	librettos
librisme	m	librismes
libyen	m	libyens
libyenne	f	libyennes
libéral	m	libéraux
libérale	f	libérales
libéralisation	f	libéralisations
libéralisme	m	libéralismes
libéralité	f	libéralités
libérateur	m	libérateurs
libératrice	f	libératrices
libération	f	libérations
libérien	m	libériens
libérienne	f	libériennes
libéré	m	libérés
libérée	f	libérées
lice	f	lices
licence	f	licences
licenciation	f	licenciations
licenciement	m	licenciements
licencié	m	licenciés
licenciée	f	licenciées
lichade	f	lichades
liche	f	liches
lichen	m	lichens
lichette	f	lichettes
licheur	m	licheurs
licheuse	f	licheuses
lichénification	f	lichénifications
licier	m	liciers
licitation	f	licitations
licol	m	licols
licorne	f	licornes
licou	m	licous
licteur	m	licteurs
licéité	f	licéités
lido	m	lidos
lie	f	lies
lied	m	lieder
liement	m	liements
lien	m	liens
lierne	f	liernes
lierre	m	lierres
liesse	f	liesses
lieu	m	lieus
lieu-dit	m	lieux-dits
lieudit	m	lieudits
lieue	f	lieues
lieur	m	lieurs
lieuse	f	lieuses
lieuse	f	lieuses
lieutenance	f	lieutenances
lieutenant	m	lieutenants
lieutenante	f	lieutenantes
lieutenant-colonel	m	lieutenants-colonels
lift	m	lifts
liftier	m	liftiers
lifting	m	liftings
ligament	m	ligaments
ligand	m	ligands
ligase	f	ligases
ligaturage	m	ligaturages
ligature	f	ligatures
ligie	f	ligies
lignage	m	lignages
lignard	m	lignards
ligne	f	lignes
lignerolle	f	lignerolles
ligneul	m	ligneuls
ligneur	f	ligneurs
lignification	f	lignifications
lignine	f	lignines
lignite	m	lignites
lignomètre	m	lignomètres
lignée	f	lignées
ligot	m	ligots
ligotage	m	ligotages
ligue	f	ligues
ligueur	m	ligueurs
ligueuse	f	ligueuses
ligule	f	ligules
liguliflore	f	liguliflores
ligurien	f	liguriens
ligérien	m	ligériens
like	m	likes
lilas	m	lilas
liliacée	f	liliacées
liliale	f	liliales
liliiflore	f	liliiflores
lilliputien	m	lilliputiens
lilliputienne	f	lilliputiennes
lillois	m	lillois
lilloise	f	lilloises
limace	f	limaces
limage	m	limages
limaille	f	limailles
liman	m	limans
limande	f	limandes
limaçon	m	limaçons
limbe	m	limbes
lime	f	limes
limerick	m	limericks
limes	m	limes
limette	f	limettes
limettier	m	limettiers
limeur	m	limeurs
limeuse	f	limeuses
limeuse	f	limeuses
limicole	m	limicoles
limier	m	limiers
limitation	f	limitations
limite	f	limites
limiteur	m	limiteurs
limniculture	f	limnicultures
limnigraphe	m	limnigraphes
limnimètre	m	limnimètres
limnimétrie	f	limnimétries
limnologie	f	limnologies
limnée	f	limnées
limogeage	m	limogeages
limon	m	limons
limonade	f	limonades
limonadier	m	limonadiers
limonadière	f	limonadières
limonage	m	limonages
limonaire	m	limonaires
limonier	m	limoniers
limonite	f	limonites
limonière	f	limonières
limonène	m	limonènes
limoselle	f	limoselles
limousin	f	limousins
limousinage	m	limousinages
limousinant	m	limousinants
limousine	f	limousines
limousinerie	f	limousineries
limpidité	f	limpidités
limule	f	limules
lin	m	lins
linacée	f	linacées
linaigrette	f	linaigrettes
linaire	f	linaires
linceul	m	linceuls
line	f	lines
liner	m	liners
linette	f	linettes
linga	m	lingas
lingam	m	lingams
linge	m	linges
lingerie	f	lingeries
lingot	m	lingots
lingotage	m	lingotages
lingotière	f	lingotières
linguale	f	linguales
linguatule	f	linguatules
lingue	f	lingues
linguette	f	linguettes
linguistique	f	linguistiques
lingère	f	lingères
linier	m	liniers
liniment	m	liniments
linière	f	linières
linkage	m	linkages
lino	m	linos
linoléum	m	linoléums
linon	m	linons
linotte	f	linottes
linotype	f	linotypes
linotypie	f	linotypies
linsang	m	linsangs
linsoir	m	linsoirs
linteau	m	linteaux
linter	m	linters
linux	m	linux
linéaire	m	linéaires
linéale	f	linéales
linéament	m	linéaments
linéarisation	f	linéarisations
linéarité	f	linéarités
lion	m	lions
lionne	f	lionnes
lionceau	m	lionceaux
liparis	m	liparis
lipase	f	lipases
lipide	m	lipides
lipochrome	m	lipochromes
lipodystrophie	f	lipodystrophies
lipogramme	m	lipogrammes
lipolyse	f	lipolyses
lipome	m	lipomes
lipoprotéine	f	lipoprotéines
liposarcome	m	liposarcomes
liposome	m	liposomes
lipothymie	f	lipothymies
lipovaccin	m	lipovaccins
lipoïde	m	lipoïdes
lippe	f	lippes
lippée	f	lippées
lipémie	f	lipémies
liquation	f	liquations
liquette	f	liquettes
liqueur	f	liqueurs
liquidambar	m	liquidambars
liquidateur	m	liquidateurs
liquidatrice	f	liquidatrices
liquidation	f	liquidations
liquidité	f	liquidités
liquéfacteur	m	liquéfacteurs
liquéfaction	f	liquéfactions
lire	f	lires
liron	m	lirons
lis	m	lis
lisage	m	lisages
lise	f	lises
liserage	m	liserages
liseron	m	liserons
liseré	m	liserés
lisette	f	lisettes
liseur	m	liseurs
liseuse	f	liseuses
liseuse	f	liseuses
lisibilité	f	lisibilités
lisier	m	lisiers
lisière	f	lisières
lissage	m	lissages
lisse	f	lisses
lisseur	m	lisseurs
lisseuse	f	lisseuses
lisseuse	f	lisseuses
lissoir	m	lissoirs
lissé	m	lissés
list	f	lists
listage	m	listages
liste	f	listes
listel	m	listels
listing	m	listings
liston	m	listons
listériose	f	listérioses
lisérage	m	lisérages
liséré	m	lisérés
lit	m	lits
lit-cage	m	lit-cages
litage	m	litages
litanie	f	litanies
litchi	m	litchis
liteau	m	liteaux
literie	f	literies
litham	m	lithams
litharge	f	litharges
lithiase	f	lithiases
lithiné	m	lithinés
lithium	m	lithiums
litho	f	lithos
lithochromie	f	lithochromies
lithodome	m	lithodomes
lithogenèse	f	lithogenèses
lithographie	f	lithographies
lithologie	f	lithologies
lithophage	m	lithophages
lithophanie	f	lithophanies
lithosphère	f	lithosphères
lithothamnium	m	lithothamniums
lithotriteur	m	lithotriteurs
lithotypographie	f	lithotypographies
litige	m	litiges
litispendance	f	litispendances
litière	f	litières
litorne	f	litornes
litote	f	litotes
litron	m	litrons
litsam	m	litsams
littoral	m	littorals
littorine	f	littorines
littéral	m	littéraux
littéralité	f	littéralités
littérarité	f	littérarités
littérateur	m	littérateurs
littérature	f	littératures
littératurisation	f	littératurisations
lituanien	m	lituaniens
lituanienne	f	lituaniennes
liturgie	f	liturgies
litée	f	litées
liure	f	liures
livarot	m	livarots
live	m	lives
livedo	f	livedos
livet	m	livets
lividité	f	lividités
living	m	livings
livraison	f	livraisons
livret	m	livrets
livreur	m	livreurs
livreuse	f	livreuses
livreuse	f	livreuses
livrée	f	livrées
livèche	f	livèches
lixiviation	f	lixiviations
liège	m	lièges
lièvre	m	lièvres
lié	m	liés
liégeage	m	liégeages
liégeois	m	liégeois
liégeoise	f	liégeoises
loader	m	loaders
lob	m	lobs
lobby	m	lobbies
lobbying	m	lobbyings
lobe	m	lobes
lobectomie	f	lobectomies
lobotomie	f	lobotomies
lobotomisation	f	lobotomisations
lobélie	f	lobélies
local	m	locaux
locale	f	locales
localier	m	localiers
localière	f	localières
localisation	f	localisations
localité	f	localités
locatif	m	locatifs
location	f	locations
loch	m	lochs
lochage	m	lochages
loche	f	loches
lochie	f	lochies
lock-out	m	lock-out
lockout	f	lockouts
locomobile	f	locomobiles
locomoteur	m	locomoteurs
locomotrice	f	locomotrices
locomotion	f	locomotions
locomotive	f	locomotives
locomotrice	f	locomotrices
locotracteur	m	locotracteurs
locus	m	loci
locuste	f	locustes
locuteur	m	locuteurs
locutrice	f	locutrices
locution	f	locutions
lod	m	lods
loden	m	lodens
loess	m	loess
lof	m	lofs
loft	m	lofts
logarithme	m	log
loge	f	loges
logement	m	logements
logette	f	logettes
logeur	m	logeurs
logeuse	f	logeuses
loggia	f	loggias
logiciel	m	logiciels
logicien	m	logiciens
logicienne	f	logiciennes
logicisation	f	logicisations
logicisme	m	logicismes
logique	f	logiques
logis	m	logis
logisticien	m	logisticiens
logistique	f	logistiques
logo	m	logos
logographe	m	logographes
logogriphe	m	logogriphes
logomachie	f	logomachies
logopédie	f	logopédies
logorrhée	f	logorrhées
logos	m	logos
logotype	m	logotypes
loi	f	lois
loi-cadre	f	lois-cadres
loi-programme	f	lois-programmes
lointain	m	lointains
loir	m	loirs
loisir	m	loisirs
lokoum	m	lokoums
lollard	m	lollards
lolo	m	lolos
lombago	m	lombagos
lombalgie	f	lombalgies
lombard	m	lombards
lombarde	f	lombardes
lombarthrose	f	lombarthroses
lombe	f	lombes
lombostat	m	lombostats
lombric	m	lombrics
londonien	m	londoniens
londonienne	f	londoniennes
londrès	m	londrès
long	m	longs
long-courrier	m	long-courriers
longane	m	longanes
longanimité	f	longanimités
longe	f	longes
longeron	m	longerons
longicorne	m	longicornes
longitude	f	longitudes
longotte	f	longottes
longrine	f	longrines
longue	f	longues
longue-vue	f	longues-vues
longuet	m	longuets
longuette	f	longuettes
longueur	f	longueurs
longévité	f	longévités
looch	m	loochs
loofa	m	loofas
look	m	looks
looping	m	loopings
lopette	f	lopettes
lophobranche	m	lophobranches
lophophore	m	lophophores
lopin	m	lopins
loquacité	f	loquacités
loque	f	loques
loquet	m	loquets
loqueteau	m	loqueteaux
loqueteux	m	loqueteux
loran	m	lorans
lord	m	lords
lord-maire	m	lords-maires
lordose	f	lordoses
lorette	f	lorettes
lorgnade	f	lorgnades
lorgnement	m	lorgnements
lorgnerie	f	lorgneries
lorgnette	f	lorgnettes
lorgnon	m	lorgnons
lori	m	loris
loricaire	m	loricaires
loriot	m	loriots
loriquet	m	loriquets
loris	m	loris
lorrain	m	lorrains
lorraine	f	lorraines
lorry	m	lorries
losange	m	losanges
lot	m	lots
lote	f	lotes
loterie	f	loteries
lotier	m	lotiers
lotion	f	lotions
lotissage	m	lotissages
lotissement	m	lotissements
lotisseur	m	lotisseurs
loto	m	lotos
lotte	f	lottes
lotus	m	lotus
louage	m	louages
louange	f	louanges
louangeur	m	louangeurs
louangeuse	f	louangeuses
loubar	m	loubars
loubard	m	loubards
louchement	m	louchements
loucherie	f	loucheries
louchet	m	louchets
loucheur	m	loucheurs
loucheuse	f	loucheuses
louchissement	m	louchissements
louchon	m	louchons
louchée	f	louchées
loueur	m	loueurs
loueuse	f	loueuses
loufiat	m	loufiats
loufoquerie	f	loufoqueries
lougre	m	lougres
louis	m	louis
louise	f	louises
loukoum	m	loukoums
loulou	m	loulous
loup	m	loups
loup-cervier	m	loups-cerviers
loup-garou	m	loups-garous
loupage	m	loupages
loupe	f	loupes
loupiot	m	loupiots
loupiotte	f	loupiottes
loupiote	f	loupiotes
loupé	m	loupés
lourd	m	lourds
lourdaud	m	lourdauds
lourdaude	f	lourdaudes
lourde	f	lourdes
lourdeur	f	lourdeurs
loure	f	loures
loustic	m	loustics
loutre	f	loutres
louve	f	louves
louvetage	m	louvetages
louveteau	m	louveteaux
louveterie	f	louveteries
louvetier	m	louvetiers
louvette	f	louvettes
louvoiement	m	louvoiements
louvoyage	m	louvoyages
louvoyée	f	louvoyées
louée	f	louées
lovelace	m	lovelaces
loxodromie	f	loxodromies
loyalisme	m	loyalismes
loyauté	f	loyautés
loyer	m	loyers
lozérien	m	lozériens
lozérienne	f	lozériennes
lubie	f	lubies
lubricité	f	lubricités
lubrifiance	f	lubrifiances
lubrifiant	m	lubrifiants
lubrification	f	lubrifications
lucane	m	lucanes
lucarne	f	lucarnes
luchage	m	luchages
lucidité	f	lucidités
lucifuge	m	lucifuges
luciférase	f	luciférases
luciférien	m	lucifériens
luciférienne	f	lucifériennes
luciférine	f	luciférines
lucilie	f	lucilies
lucimètre	m	lucimètres
luciole	f	lucioles
lucite	f	lucites
lucre	m	lucres
luddisme	m	luddismes
ludiciel	m	ludiciels
ludion	m	ludions
ludisme	m	ludismes
ludothèque	f	ludothèques
luette	f	luettes
lueur	f	lueurs
luffa	m	luffas
luge	f	luges
luger	m	lugers
lugeur	m	lugeurs
lugeuse	f	lugeuses
luisance	f	luisances
luisant	m	luisants
lulu	m	lulus
lumachelle	f	lumachelles
lumad	m	lumads
lumbago	m	lumbagos
lumen	m	lumens
lumignon	m	lumignons
luminaire	m	luminaires
luminance	f	luminances
luminescence	f	luminescences
luminisme	m	luminismes
luminophore	m	luminophores
luminosité	f	luminosités
lumitype	f	lumitypes
lumière	f	lumières
lump	m	lumps
lunaire	f	lunaires
lunaison	f	lunaisons
lunch	m	lunches
lundi	m	lundis
lune	f	lunes
lunetier	m	lunetiers
lunetière	f	lunetières
lunetière	f	lunetières
lunette	f	lunettes
lunetterie	f	lunetteries
lunule	f	lunules
lunure	f	lunures
lupanar	m	lupanars
lupercale	f	lupercales
lupin	m	lupins
lupulin	m	lupulins
lupuline	f	lupulines
lupus	m	lupus
lurette	f	lurettes
luron	m	lurons
luronne	f	luronnes
lusin	m	lusins
lusitanien	f	lusitaniens
lustrage	m	lustrages
lustration	f	lustrations
lustre	m	lustres
lustrerie	f	lustreries
lustrine	f	lustrines
lustroir	m	lustroirs
lut	m	luts
lutage	m	lutages
lutation	f	lutations
luth	m	luths
lutherie	f	lutheries
luthier	m	luthiers
luthéranisme	m	luthéranismes
luthérien	m	luthériens
luthérienne	f	luthériennes
lutin	f	lutins
lutinerie	f	lutineries
lutrin	m	lutrins
lutte	f	luttes
lutteur	m	lutteurs
lutteuse	f	lutteuses
lutécien	m	lutéciens
lutécium	m	lutéciums
lutéine	f	lutéines
lutéinisation	f	lutéinisations
lux	m	lux
luxation	f	luxations
luxe	m	luxes
luxembourgeois	m	luxembourgeois
luxembourgeoise	f	luxembourgeoises
luxmètre	m	luxmètres
luxure	f	luxures
luxuriance	f	luxuriances
luzerne	f	luzernes
luzernière	f	luzernières
luzule	f	luzules
luétine	f	luétines
lycanthropie	f	lycanthropies
lycaon	m	lycaons
lychnis	m	lychnis
lycope	m	lycopes
lycoperdon	m	lycoperdons
lycopode	m	lycopodes
lycose	f	lycoses
lycra	m	lycras
lycène	f	lycènes
lycée	m	lycées
lycéen	m	lycéens
lycéenne	f	lycéennes
lyddite	f	lyddites
lydien	f	lydiens
lydienne	f	lydiennes
lymphangite	f	lymphangites
lymphatisme	m	lymphatismes
lymphe	f	lymphes
lymphocyte	m	lymphocytes
lymphocytose	f	lymphocytoses
lymphogranulomatose	f	lymphogranulomatoses
lymphographie	f	lymphographies
lymphopoïèse	f	lymphopoïèses
lymphopénie	f	lymphopénies
lynchage	m	lynchages
lyncheur	m	lyncheurs
lynx	m	lynx
lyonnais	m	lyonnais
lyonnaise	f	lyonnaises
lyophilisation	f	lyophilisations
lyre	f	lyres
lyric	m	lyrics
lyrique	m	lyriques
lyrisme	m	lyrismes
lys	m	lys
lysat	m	lysats
lyse	f	lyses
lysergamide	m	lysergamides
lysergide	m	lysergides
lysimaque	f	lysimaques
lysine	f	lysines
lysosome	m	lysosomes
lysozyme	m	lysozymes
lâchage	m	lâchages
lâcher	m	lâchers
lâcheté	f	lâchetés
lâcheur	m	lâcheurs
lâcheuse	f	lâcheuses
lâchure	f	lâchures
lâché	m	lâchés
lèche	f	lèches
lèche-bottes	m	lèche-bottes
lèche-cul	m	lèche-cul
lèche-vitrines	m	lèche-vitrines
lèchefrite	f	lèchefrites
lèchement	m	lèchements
lèpre	f	lèpres
lèse-majesté	f	lèse-majestés
lève	f	lèves
lève-glaces	m	lève-glaces
lèvre	f	lèvres
lé	m	lés
léchade	f	léchades
léchage	m	léchages
lécherie	f	lécheries
léchette	f	léchettes
lécheur	m	lécheurs
lécheuse	f	lécheuses
léchouillage	m	léchouillages
léchouillis	m	léchouillis
lécithine	f	lécithines
lécythe	m	lécythes
légalisation	f	légalisations
légalisme	m	légalismes
légalité	f	légalités
légat	m	légats
légation	f	légations
légendage	m	légendages
légende	f	légendes
légifération	f	légiférations
légion	f	légions
législateur	m	législateurs
législatrice	f	législatrices
législation	f	législations
législative	f	législatives
législature	f	législatures
légitimation	f	légitimations
légitime	f	légitimes
légitimité	f	légitimités
légitimé	m	légitimés
légitimée	f	légitimées
légumier	m	légumiers
légumière	f	légumières
légumine	f	légumines
légumineuse	f	légumineuses
légèreté	f	légèretés
léiomyome	m	léiomyomes
lémure	m	lémures
lémurien	m	lémuriens
lénification	f	lénifications
léninisme	m	léninismes
léonure	m	léonures
léopard	m	léopards
lépidodendron	m	lépidodendrons
lépidolite	m	lépidolites
lépidoptère	m	lépidoptères
lépidosirène	m	lépidosirènes
lépidostée	m	lépidostées
lépiote	f	lépiotes
lépisme	m	lépismes
lépisostée	m	lépisostées
lépreux	m	lépreux
lépreuse	f	lépreuses
léprologie	f	léprologies
léproserie	f	léproseries
lérot	m	lérots
lésine	f	lésines
lésinerie	f	lésineries
lésineur	m	lésineurs
lésineuse	f	lésineuses
lésion	f	lésions
lésé	m	lésés
lésée	f	lésées
létalité	f	létalités
léthargie	f	léthargies
lévigation	f	lévigations
lévirat	m	lévirats
lévitation	f	lévitations
lévitique	m	lévitiques
lévrier	m	lévriers
lévulose	m	lévuloses
lézard	m	lézards
lézardage	m	lézardages
lézarde	f	lézardes
lézardement	m	lézardements
m'as-tu-vu	m	m'as-tu-vu
m'as-tu-vue	f	m'as-tu-vue
ma-jong	m	ma-jongs
maboul	m	mabouls
maboule	f	maboules
mac	m	macs
macadam	m	macadams
macadamisage	m	macadamisages
macadamisation	f	macadamisations
macaque	m	macaques
macareux	m	macareux
macaron	m	macarons
macaroni	m	macaroni
macassar	m	macassars
maccarthysme	m	maccarthysmes
maccartisme	m	maccartismes
macchabée	m	macchabées
maceron	m	macerons
macfarlane	m	macfarlanes
mach	m	machs
machaon	m	machaons
machette	f	machettes
machiavel	m	machiavels
machiavélisation	f	machiavélisations
machiavélisme	m	machiavélismes
machicotage	m	machicotages
machin	m	machins
machinage	m	machinages
machination	f	machinations
machinchouette	m	machinchouettes
machine	f	machines
machine-outil	f	machines-outils
machinerie	f	machineries
machinisation	f	machinisations
machinisme	m	machinismes
machisme	m	machismes
machmètre	m	machmètres
macho	m	machos
macis	m	macis
maclage	m	maclages
macquage	m	macquages
macque	f	macques
macramé	m	macramés
macre	f	macres
macreuse	f	macreuses
macro	f	macros
macrobiotique	f	macrobiotiques
macrocosme	m	macrocosmes
macrocyste	m	macrocystes
macrocystis	m	macrocystis
macrocyte	m	macrocytes
macrocéphalie	f	macrocéphalies
macrodécision	f	macrodécisions
macroglobuline	f	macroglobulines
macroglobulinémie	f	macroglobulinémies
macrographie	f	macrographies
macrophotographie	f	macrophotographies
macropode	m	macropodes
macropsie	f	macropsies
macroscélide	m	macroscélides
macrosporange	m	macrosporanges
macrospore	f	macrospores
macroséisme	m	macroséismes
macula	f	maculas
maculage	m	maculages
maculation	f	maculations
maculature	f	maculatures
macule	f	macules
macumba	f	macumbas
macédoine	f	macédoines
macédonien	m	macédoniens
macédonienne	f	macédoniennes
macération	f	macérations
madapolam	m	madapolams
madeleine	f	madeleines
madelonnette	f	madelonnettes
mam'selle	f	mam'selles
madone	f	madones
madourais	m	madourais
madouraise	f	madouraises
madrague	f	madragues
madras	m	madras
madrasa	f	madrasas
madrassa	f	madrassas
madrier	m	madriers
madrigal	m	madrigaux
madrure	f	madrures
madréporaire	m	madréporaires
madrépore	m	madrépores
madère	m	madères
madéfaction	f	madéfactions
madérisation	f	madérisations
maelström	m	maelströms
maestria	f	maestrias
maestro	m	maestros
maffia	f	maffias
maffioso	m	maffiosi
mafia	f	mafias
mafioso	m	mafiosi
magasin	m	magasins
magasinage	m	magasinages
magasinier	m	magasiniers
magazine	m	magazines
magdalénien	m	magdaléniens
mage	m	mages
magenta	m	magentas
maghrébin	m	maghrébins
maghrébin	f	maghrébinnes
maghzen	m	maghzens
magicien	m	magiciens
magicienne	f	magiciennes
magie	f	magies
magister	m	magisters
magistrale	f	magistrales
magistrat	m	magistrats
magistrature	f	magistratures
magistère	m	magistères
magma	m	magmas
magnan	m	magnans
magnanarelle	f	magnanarelles
magnanerie	f	magnaneries
magnanier	m	magnaniers
magnanimité	f	magnanimités
magnat	m	magnats
magnificat	m	magnificat
magnificence	f	magnificences
magnitude	f	magnitudes
magnolia	m	magnolias
magnum	m	magnums
magnésie	f	magnésies
magnésiothermie	f	magnésiothermies
magnésite	f	magnésites
magnésium	m	magnésiums
magnétisation	f	magnétisations
magnétiseur	m	magnétiseurs
magnétiseuse	f	magnétiseuses
magnétisme	m	magnétismes
magnétite	f	magnétites
magnétocassette	f	magnétocassettes
magnétochimie	f	magnétochimies
magnétodynamique	f	magnétodynamiques
magnétomètre	m	magnétomètres
magnétométrie	f	magnétométries
magnéton	m	magnétons
magnétopause	f	magnétopauses
magnétophone	m	magnétophones
magnétoscopage	m	magnétoscopages
magnétoscope	m	magnétoscopes
magnétosphère	f	magnétosphères
magnétostatique	f	magnétostatiques
magnétostriction	f	magnétostrictions
magnétron	m	magnétrons
magot	m	magots
magouillage	m	magouillages
magouille	f	magouilles
magouilleur	m	magouilleurs
magret	m	magrets
magyarisation	f	magyarisations
mah-jong	m	mah-jongs
maharadjah	m	maharadjahs
maharajah	m	maharajahs
maharani	f	maharanis
mahatma	m	mahatmas
mahométan	m	mahométans
mahométane	f	mahométanes
mahométisme	m	mahométismes
mahonia	m	mahonias
mahonne	f	mahonnes
mai	m	mais
maie	f	maies
maigreur	f	maigreurs
maigrichon	m	maigrichons
maigrichonne	f	maigrichonnes
mail	m	mails
mail-coach	m	mail-coaches
mailing	m	mailings
maillage	m	maillages
maillard	m	maillards
maille	f	mailles
maillechort	m	maillechorts
maillet	m	maillets
mailletage	m	mailletages
mailleton	m	mailletons
maillochage	m	maillochages
mailloche	f	mailloches
maillon	m	maillons
maillot	m	maillots
maillotage	m	maillotages
maillotin	m	maillotins
maillure	f	maillures
main	f	mains
main-d'oeuvre	f	mains-d'oeuvre
main-forte	f	main-fortes
mainate	m	mainates
mainlevée	f	mainlevées
mainmise	f	mainmises
mainmortable	m	mainmortables
mainmorte	f	mainmortes
maintenance	f	maintenances
mainteneur	m	mainteneurs
maintenue	f	maintenues
maintien	m	maintiens
maire	m	maires
mairesse	f	mairesses
mairie	f	mairies
maison	f	maisons
maison-mère	f	maisons-mères
maisonnette	f	maisonnettes
maisonnée	f	maisonnées
majesté	f	majestés
majeur	m	majeurs
majeure	f	majeures
majeure	f	majeures
majolique	f	majoliques
major	m	majors
majoral	m	majoraux
majorant	m	majorants
majorat	m	majorats
majoration	f	majorations
majordome	m	majordomes
majorette	f	majorettes
majorité	f	majorités
majorquin	m	majorquins
majorquine	f	majorquines
majuscule	f	majuscules
makhzen	m	makhzens
maki	m	makis
makila	m	makilas
makimono	m	makimonos
mal	m	maux
mal-jugé	m	mal-jugés
mal-logé	m	mal-logés
malabar	m	malabars
malabsorption	f	malabsorptions
malachite	f	malachites
malacologie	f	malacologies
malacoptérygien	m	malacoptérygiens
malacostracé	m	malacostracés
malade	m	malades
maladie	f	maladies
maladrerie	f	maladreries
maladresse	f	maladresses
malaga	m	malagas
malais	m	malais
malaise	f	malaises
malaise	m	malaises
malaisien	m	malaisiens
malaisienne	f	malaisiennes
malandre	f	malandres
malandrin	m	malandrins
malappris	m	malappris
malapprise	f	malapprises
malard	m	malards
malaria	f	malarias
malart	m	malarts
malaxage	m	malaxages
malaxation	f	malaxations
malaxeur	m	malaxeurs
malchance	f	malchances
malchanceux	m	malchanceux
malchanceuse	f	malchanceuses
maldonne	f	maldonnes
malentendant	m	malentendants
malentendante	f	malentendantes
malentendu	m	malentendus
malfaisance	f	malfaisances
malfaiteur	m	malfaiteurs
malfaitrice	f	malfaitrices
malfaçon	f	malfaçons
malformation	f	malformations
malfrat	m	malfrats
malheur	m	malheurs
malhonnêteté	f	malhonnêtetés
mali	m	malis
malice	f	malices
malien	m	maliens
malienne	f	maliennes
malignité	f	malignités
malines	f	malines
malinké	m	malinkés
malinois	m	malinois
malintentionné	m	malintentionnés
malle	f	malles
malle-poste	f	malles-poste
mallette	f	mallettes
mallophage	m	mallophages
malléabilisation	f	malléabilisations
malléabilité	f	malléabilités
malléination	f	malléinations
malléole	f	malléoles
malmenage	m	malmenages
malmignatte	f	malmignattes
malnutrition	f	malnutritions
malocclusion	f	malocclusions
malotru	m	malotrus
malotrue	f	malotrues
malpighie	f	malpighies
malposition	f	malpositions
malpropreté	f	malpropretés
malsonnance	f	malsonnances
malstrom	m	malstroms
malt	m	malts
maltage	m	maltages
maltais	m	maltais
maltaise	f	maltaises
maltaise	f	maltaises
maltase	f	maltases
malterie	f	malteries
malteur	m	malteurs
malthusianisme	m	malthusianismes
malthusien	m	malthusiens
malthusienne	f	malthusiennes
maltose	m	maltoses
maltraitance	f	maltraitances
maltraitement	m	maltraitements
maltôte	f	maltôtes
malus	m	malus
malvacée	f	malvacées
malveillance	f	malveillances
malveillant	m	malveillants
malveillante	f	malveillantes
malversation	f	malversations
malvoyant	m	malvoyants
malédiction	f	malédictions
maléfice	m	maléfices
malékisme	m	malékismes
mamamouchi	m	mamamouchis
maman	f	mamans
mambo	m	mambos
mamelle	f	mamelles
mamelon	m	mamelons
mamelonnage	m	mamelonnages
mamelouk	m	mamelouks
mameluk	m	mameluks
mamie	f	mamies
mamillaire	f	mamillaires
mamma	f	mamas
mammalogie	f	mammalogies
mammectomie	f	mammectomies
mammifère	m	mammifères
mammite	f	mammites
mammographie	f	mammographies
mammoplastie	f	mammoplasties
mammouth	m	mammouths
mammy	f	mammys
mamour	m	mamours
mamy	f	mamys
mana	m	manas
manade	f	manades
management	m	managements
manager	m	managers
manant	m	manants
manceau	f	manceaus
mancelle	f	mancelles
mancenille	f	mancenilles
mancenillier	m	mancenilliers
mancheron	m	mancherons
manchette	f	manchettes
manchon	m	manchons
manchonnage	m	manchonnages
manchonnement	m	manchonnements
manchot	m	manchots
manchote	f	manchotes
mancie	f	mancies
mancipation	f	mancipations
mandala	m	mandalas
mandale	f	mandales
mandant	m	mandants
mandante	f	mandantes
mandarin	m	mandarins
mandarinat	m	mandarinats
mandarine	f	mandarines
mandarinier	m	mandariniers
mandat	m	mandats
mandat-carte	m	mandats-cartes
mandat-contributions	m	mandats-contributions
mandat-lettre	m	mandats-lettres
mandatement	m	mandatements
mandchou	m	mandchous
mandchoue	f	mandchoues
mandement	m	mandements
mandibule	f	mandibules
mandingue	m	mandingues
mandoline	f	mandolines
mandore	f	mandores
mandorle	f	mandorles
mandragore	f	mandragores
mandrill	m	mandrills
mandrin	m	mandrins
mandrinage	m	mandrinages
manducation	f	manducations
mandéen	f	mandéens
mandéisme	m	mandéismes
maneton	m	manetons
manette	f	manettes
manga	m	mangas
manganate	m	manganates
manganine	f	manganines
manganèse	m	manganèses
mange-tout	m	mange-tout
mangeage	m	mangeages
mangeaille	f	mangeailles
mangement	m	mangements
mangeoire	f	mangeoires
mangerie	f	mangeries
mangeur	m	mangeurs
mangeuse	f	mangeuses
mangeure	f	mangeures
mangle	f	mangles
manglier	m	mangliers
mangonneau	m	mangonneaux
mangoustan	m	mangoustans
mangoustanier	m	mangoustaniers
mangouste	f	mangoustes
mangrove	f	mangroves
manguier	m	manguiers
mania	f	manias
maniabilité	f	maniabilités
maniage	m	maniages
maniaquerie	f	maniaqueries
manichordion	m	manichordions
manichéen	m	manichéens
manichéenne	f	manichéennes
manichéisme	m	manichéismes
manicle	f	manicles
manicorde	m	manicordes
manie	f	manies
maniement	m	maniements
manieur	m	manieurs
manieuse	f	manieuses
manifestant	m	manifestants
manifestante	f	manifestantes
manifestation	f	manif
manifeste	m	manifestes
manifesto	m	manifesti
manifold	m	manifolds
manigance	f	manigances
maniguette	f	maniguettes
manillon	m	manillons
manioc	m	maniocs
manipulateur	m	manipulateurs
manipulatrice	f	manipulatrices
manipulation	f	manip
manipule	m	manipules
manique	f	maniques
manitou	m	manitous
manivelle	f	manivelles
manière	f	manières
maniérisme	m	maniérismes
manne	f	mannes
mannequin	m	mannequins
mannite	f	mannites
mannitol	m	mannitols
mannose	m	mannoses
manocage	m	manocages
manodétendeur	m	manodétendeurs
manoeuvrabilité	f	manoeuvrabilités
manoeuvrage	m	manoeuvrages
manoeuvrier	m	manoeuvriers
manoeuvrière	f	manoeuvrières
manographe	m	manographes
manoir	m	manoirs
manomètre	m	manomètres
manométrie	f	manométries
manoquage	m	manoquages
manoque	f	manoques
manostat	m	manostats
manouvrier	m	manouvriers
manquant	m	manquants
manquante	f	manquantes
manquement	m	manquements
manqué	m	manqués
mansard	m	mansards
mansarde	f	mansardes
mansion	f	mansions
mansuétude	f	mansuétudes
mante	f	mantes
manteau	m	manteaux
mantelet	m	mantelets
mantelure	f	mantelures
mantelé	m	mantelés
mantille	f	mantilles
mantique	f	mantiques
mantisse	f	mantisses
mantra	m	mantra
manubrium	m	manubriums
manuel	m	manuels
manuelle	f	manuelles
manuelle	f	manuelles
manufacturation	f	manufacturations
manufacture	f	manufactures
manufacturier	m	manufacturiers
manufacturing	m	manufacturings
manumission	f	manumissions
manuscrit	m	manuscrits
manutention	f	manutentions
manuterge	m	manuterges
manuélisation	f	manuélisations
manzanilla	m	manzanillas
manège	m	manèges
manécanterie	f	manécanteries
maoïsme	m	maoïsmes
mappemonde	f	mappemondes
maque	f	maques
maquereau	m	maquereaux
maquerelle	f	maquerelles
maquereautage	m	maquereautages
maquerellage	m	maquerellages
maquerelle	f	maquerelles
maquette	f	maquettes
maqui	m	maquis
maquignon	m	maquignons
maquignonnage	m	maquignonnages
maquila	f	maquilas
maquillage	m	maquillages
maquille	f	maquilles
maquilleur	m	maquilleurs
maquilleuse	f	maquilleuses
maquis	m	maquis
maquisard	m	maquisards
maquée	f	maquées
mar	m	mars
marabout	m	marabouts
maraboutisme	m	maraboutismes
marais	m	marais
maranta	m	marantas
marante	f	marantes
marasme	m	marasmes
marasque	f	marasques
marasquin	m	marasquins
marathon	m	marathons
marathonien	m	marathoniens
maraud	m	marauds
maraude	f	maraudes
maraudage	m	maraudages
maraude	f	maraudes
maraudeur	m	maraudeurs
maraudeuse	f	maraudeuses
maravédis	m	maravédis
maraîchage	m	maraîchages
maraîcher	m	maraîchers
maraîchère	f	maraîchères
maraîchinage	m	maraîchinages
marbrage	m	marbrages
marbre	m	marbres
marbrerie	f	marbreries
marbreur	m	marbreurs
marbreuse	f	marbreuses
marbrier	m	marbriers
marbrière	f	marbrières
marbrière	f	marbrières
marbrure	f	marbrures
marbré	m	marbrés
marc	m	marcs
marcassin	m	marcassins
marcassite	f	marcassites
marcescence	f	marcescences
marchage	m	marchages
marchand	m	marchands
marchande	f	marchandes
marchandage	m	marchandages
marchandisation	f	marchandisations
marchandise	f	marchandises
marchantie	f	marchanties
marche	f	marches
marchepied	m	marchepieds
marcheur	m	marcheurs
marcheuse	f	marcheuses
marcheux	m	marcheux
marcheuse	f	marcheuses
marché	m	marchés
marchéage	m	marchéages
marconi	m	marconis
marcottage	m	marcottages
marcotte	f	marcottes
mardi	m	mardis
mare	f	mares
marelle	f	marelles
maremme	f	maremmes
marengo	m	marengos
marennes	f	marennes
mareyage	m	mareyages
mareyeur	m	mareyeurs
mareyeuse	f	mareyeuses
marfil	m	marfils
margaille	f	margailles
margarine	f	margarines
margay	m	margays
marge	f	marges
margeage	m	margeages
margelle	f	margelles
marginal	m	marginaux
marginale	f	marginales
marginalisation	f	marginalisations
marginalisme	m	marginalismes
marginalité	f	marginalités
margis	m	margis
margot	f	margots
margotin	m	margotins
margouillis	m	margouillis
margoulette	f	margoulettes
margoulin	m	margoulins
margousier	m	margousiers
margrave	m	margraves
margraviat	m	margraviats
marguerite	f	marguerites
marguillier	m	marguilliers
mari	m	maris
mariage	m	mariages
marie	f	maries
marie-jeanne	f	marie-jeanne
marieur	m	marieurs
marieuse	f	marieuses
marigot	m	marigots
marihuana	f	marihuanas
marijuana	f	marijuanas
marin	m	marins
marina	f	marinas
marinade	f	marinades
marinage	m	marinages
maringouin	m	maringouins
marinier	m	mariniers
marinière	f	marinières
marinisme	m	marinismes
marinière	f	marinières
mariol	f	mariols
mariole	f	marioles
marionnette	f	marionnettes
marisque	f	marisques
mariste	m	maristes
maritime	m	maritimes
maritorne	f	maritornes
marivaudage	m	marivaudages
marié	m	mariés
mariée	f	mariées
marjolaine	f	marjolaines
mark	m	marks
marka	f	markas
marketing	m	marketings
marketplace	f	marketplaces
marli	m	marlis
marlou	m	marlous
marmaille	f	marmailles
marmelade	f	marmelades
marmenteau	m	marmenteaux
marmitage	m	marmitages
marmite	f	marmites
marmiton	m	marmitons
marmitonnage	m	marmitonnages
marmitée	f	marmitées
marmonnement	m	marmonnements
marmorisation	f	marmorisations
marmot	m	marmots
marmottage	m	marmottages
marmotte	f	marmottes
marmottement	m	marmottements
marmotteur	m	marmotteurs
marmotteuse	f	marmotteuses
marmouset	m	marmousets
marnage	m	marnages
marne	f	marnes
marneur	m	marneurs
marneuse	f	marneuses
marnière	f	marnières
marocain	m	marocains
marocaine	f	marocaines
maroilles	m	maroilles
maroquin	m	maroquins
maroquinage	m	maroquinages
maroquinerie	f	maroquineries
maroquinier	m	maroquiniers
maroquinière	f	maroquinières
marotte	f	marottes
marouette	f	marouettes
marouflage	m	marouflages
maroute	f	maroutes
marquage	m	marquages
marque	f	marques
marqueterie	f	marqueteries
marqueteur	m	marqueteurs
marqueur	m	marqueurs
marqueur	f	marqueurs
marqueuse	f	marqueuses
marquis	m	marquis
marquise	f	marquises
marquisat	m	marquisats
marquise	f	marquises
marquoir	m	marquoirs
marrade	f	marrades
marraine	f	marraines
marrant	m	marrants
marrante	f	marrantes
marron	m	marrons
marronnage	m	marronnages
marronnier	m	marronniers
marrube	m	marrubes
mars	m	mars
marsault	m	marsaults
marseillais	m	marseillais
marseillaise	f	marseillaises
marsouin	m	marsouins
marsouinage	m	marsouinages
marsupial	m	marsupiaux
marsupiale	f	marsupiales
marsupialisation	f	marsupialisations
martagon	m	martagons
marte	f	martes
marteau	m	marteaux
martel	m	martels
martelage	m	martelages
marteleur	m	marteleurs
martellement	m	martellements
martelé	m	martelés
martensite	f	martensites
martien	m	martiens
martienne	f	martiennes
martin	m	martins
martin-pêcheur	m	martins-pêcheurs
martinet	m	martinets
martingale	f	martingales
martini	m	martini
martiniquais	m	martiniquais
martiniquaise	f	martiniquaises
martre	f	martres
martyr	m	martyrs
martyre	f	martyres
martyre	m	martyres
martyrisation	f	martyrisations
martyrium	m	martyriums
martyrologe	m	martyrologes
martèlement	m	martèlements
marxien	m	marxiens
marxienne	f	marxiennes
marxisant	m	marxisants
marxisation	f	marxisations
marxisme	m	marxismes
maryland	m	marylands
marâtre	f	marâtres
marécage	m	marécages
maréchal	m	maréchaux
maréchale	f	maréchales
maréchal-ferrant	m	maréchaux-ferrants
maréchalat	m	maréchalats
maréchale	f	maréchales
maréchalerie	f	maréchaleries
maréchaussée	f	maréchaussées
marée	f	marées
marégraphe	m	marégraphes
maréomètre	m	maréomètres
mas	m	mas
mascara	m	mascaras
mascarade	f	mascarades
mascaret	m	mascarets
mascaron	m	mascarons
mascotte	f	mascottes
masculin	m	masculins
masculinisation	f	masculinisations
masculinité	f	masculinités
maser	m	masers
maskinongé	m	maskinongés
masochisme	m	masochismes
masquage	m	masquages
masque	m	masques
massacre	m	massacres
massacreur	m	massacreurs
massage	m	massages
masse	f	masses
masselotte	f	masselottes
massement	m	massements
massepain	m	massepains
massette	f	massettes
masseur	m	masseurs
masseuse	f	masseuses
massicot	m	massicots
massicotage	m	massicotages
massier	m	massiers
massière	f	massières
massif	m	massifs
massification	f	massifications
massivité	f	massivités
massorah	f	massorahs
massue	f	massues
massé	m	massés
masséter	m	masséters
mastaba	m	mastabas
mastectomie	f	mastectomies
master	m	master
mastic	m	mastics
masticage	m	masticages
masticateur	m	masticateurs
mastication	f	mastications
masticatoire	m	masticatoires
mastiff	m	mastiffs
mastiquage	m	mastiquages
mastite	f	mastites
mastoc	m	mastocs
mastodonte	m	mastodontes
mastologie	f	mastologies
mastoïdite	f	mastoïdites
mastroquet	m	mastroquets
masturbation	f	masturbations
mastère	m	mastères
masure	f	masures
masurium	m	masuriums
mat	m	mats
matador	m	matadors
mataf	m	matafs
matage	m	matages
matamore	m	matamores
match	m	matches
matchage	m	matchages
matefaim	m	matefaims
matelas	m	matelas
matelassage	m	matelassages
matelassier	m	matelassiers
matelassière	f	matelassières
matelot	m	matelots
matelote	f	matelotes
maternage	m	maternages
maternelle	f	maternelles
maternisation	f	maternisations
maternité	f	maternités
mateur	m	mateurs
math	f	math
matheux	m	matheux
matheuse	f	matheuses
mathieu	m	mathieux
mathurin	m	mathurins
mathusalem	m	mathusalems
mathématicien	m	mathématiciens
mathématicienne	f	mathématiciennes
mathématique	f	math..
mathématisation	f	mathématisations
mathématisme	m	mathématismes
matin	m	matins
matine	f	matines
matinière	f	matinières
matinée	f	matinées
matissage	m	matissages
matité	f	matités
matière	f	matières
matoir	m	matoirs
matois	m	matois
matoise	f	matoises
matou	m	matous
matraquage	m	matraquages
matraque	f	matraques
matraqueur	m	matraqueurs
matras	m	matras
matriarcat	m	matriarcats
matricaire	f	matricaires
matrice	f	matrices
matriçage	m	matriçages
matrone	f	matrones
mattage	m	mattages
matte	f	mattes
matthiole	f	matthioles
maturation	f	maturations
maturité	f	maturités
maté	m	matés
matérialisation	f	matérialisations
matérialisme	m	matérialismes
matérialité	f	matérialités
matériau	m	matériaux
matériel	m	matériels
matérielle	f	matérielles
maubèche	f	maubèches
maudit	m	maudits
maudite	f	maudites
maugréement	m	maugréements
maugrément	m	maugréments
maurandie	f	maurandies
mauresque	f	mauresques
maurelle	f	maurelles
mauresque	f	mauresques
mauricien	m	mauriciens
mauricienne	f	mauriciennes
mauritanien	m	mauritaniens
mauritanienne	f	mauritaniennes
mauser	m	mausers
mausolée	m	mausolées
maussaderie	f	maussaderies
mauvais	m	mauvais
mauvaise	f	mauvaises
mauvaiseté	f	mauvaisetés
mauviette	f	mauviettes
mauvis	m	mauvis
mauvéine	f	mauvéines
maxillaire	m	maxillaires
maxille	m	maxilles
maximale	f	maximales
maximalisation	f	maximalisations
maximalisme	m	maximalismes
maximation	f	maximations
maxime	f	maximes
maximisation	f	maximisations
maximum	m	max
maxwell	m	maxwells
maye	f	mayes
mayen	m	mayens
mayonnaise	f	mayonnaises
mazagran	m	mazagrans
mazdéisme	m	mazdéismes
mazette	f	mazettes
mazout	m	mazouts
mazoutage	m	mazoutages
mazurka	f	mazurkas
maçon	m	maçons
maçonnage	m	maçonnages
maçonnerie	f	maçonneries
maître	m	maîtres
maîtresse	f	maîtresses
maître-assistant	m	maîtres-assistants
maître-auxiliaire	m	maîtres-auxiliaires
maîtresse	f	maîtresses
maîtrise	f	maîtrises
maïa	m	maïas
maïeur	m	maïeurs
maïeutique	f	maïeutiques
maïolique	f	maïoliques
maïs	m	maïs
maïserie	f	maïseries
maïzena	f	maïzenas
mea-culpa	m	mea-culpa
mec	m	mecs
meccano	m	meccanos
mechta	f	mechtas
mecton	m	mectons
medersa	f	medersas
media	m	medias
meeting	m	meetings
meilleur	m	meilleurs
meilleure	f	meilleures
meistre	m	meistres
melchior	m	melchiors
mellification	f	mellifications
mellifère	m	mellifères
mellite	m	mellites
mellâh	m	mellâhs
melon	m	melons
melonnière	f	melonnières
melonnée	f	melonnées
melting-pot	m	melting-pot
membrane	f	membranes
membranule	f	membranules
membre	m	membres
membron	m	membrons
membrure	f	membrures
memento	m	mementos
memorandum	m	memorandums
menace	f	menaces
mendiant	m	mendiants
mendiante	f	mendiantes
mendicité	f	mendicités
mendigot	m	mendigots
mendigote	f	mendigotes
mendélisme	m	mendélismes
mendélévium	m	mendéléviums
meneau	m	meneaux
meneur	m	meneurs
meneuse	f	meneuses
menhir	m	menhirs
menin	m	menins
menine	f	menines
menottage	m	menottages
menotte	f	menottes
mense	f	menses
mensonge	m	mensonges
menstruation	f	menstruations
menstrue	f	menstrues
mensualisation	f	mensualisations
mensualité	f	mensualités
mensuel	m	mensuels
mensuration	f	mensurations
mental	m	mentals
mentalisme	m	mentalismes
mentalité	f	mentalités
menterie	f	menteries
menteur	m	menteurs
menteuse	f	menteuses
menthe	f	menthes
menthol	m	menthols
mention	f	mentions
mentisme	m	mentismes
menton	m	mentons
mentonnet	m	mentonnets
mentonnière	f	mentonnières
mentor	m	mentors
menu	m	menus
menuet	m	menuets
menuisage	m	menuisages
menuise	f	menuises
menuiserie	f	menuiseries
menuisier	m	menuisiers
menuisière	f	menuisières
menée	f	menées
mer	f	mers
mercanti	m	mercantis
mercantilisation	f	mercantilisations
mercantilisme	m	mercantilismes
mercaptan	m	mercaptans
mercaticien	m	mercaticiens
mercatique	f	mercatiques
mercerie	f	merceries
mercerisage	m	mercerisages
mercerisation	f	mercerisations
merchandising	m	merchandisings
merci	m	mercis
mercier	m	merciers
mercière	f	mercières
mercredi	m	mercredis
mercure	m	mercures
mercurescéine	f	mercurescéines
mercurochrome	m	mercurochromes
merdaillon	m	merdaillons
merde	f	merdes
merdeux	m	merdeux
merdeuse	f	merdeuses
merdier	m	merdiers
merdocratie	f	merdocraties
merdoiement	m	merdoiements
merdouillage	m	merdouillages
merguez	f	merguez
meringage	m	meringages
meringuage	m	meringuages
meringue	f	meringues
merise	f	merises
merisier	m	merisiers
merl	m	merls
merlan	m	merlans
merle	m	merles
merleau	m	merleaus
merlette	f	merlettes
merlin	m	merlins
merlon	m	merlons
merlot	m	merlots
merlu	m	merlus
merluche	f	merluches
merlus	m	merlus
merrain	m	merrains
merveille	f	merveilles
merveilleux	m	merveilleux
mesa	f	mesas
mescaline	f	mescalines
mesclun	m	mescluns
mesmérisme	m	mesmérismes
mesquinerie	f	mesquineries
mess	m	mess
message	m	mp
messager	m	messagers
messagère	f	messagères
messagerie	f	messageries
messe	f	messes
messer	m	messers
messianisme	m	messianismes
messidor	m	messidors
messie	m	messies
messier	m	messiers
messin	m	messins
messine	f	messines
messire	m	messires
mestrance	f	mestrances
mestre	m	mestres
mesurage	m	mesurages
mesure	f	mesures
mesureur	m	mesureurs
mets	m	mets
metteur	m	metteurs
metteuse	f	metteuses
meublage	m	meublages
meuble	m	meubles
meublement	m	meublements
meublé	m	meublés
meuf	f	meufs
meuglement	m	meuglements
meulage	m	meulages
meule	f	meules
meulette	f	meulettes
meulier	m	meuliers
meulière	f	meulières
meulière	f	meulières
meulon	m	meulons
meunerie	f	meuneries
meunier	m	meuniers
meunière	f	meunières
meunière	f	meunières
meurette	f	meurettes
meursault	m	meursault
meurtre	m	meurtres
meurtrier	m	meurtriers
meurtrière	f	meurtrières
meurtrissure	f	meurtrissures
meurtrière	f	meurtrières
meusien	m	meusiens
meusienne	f	meusiennes
meute	f	meutes
mexicain	m	mexicains
mexicaine	f	mexicaines
mexicanisation	f	mexicanisations
mezzanine	f	mezzanines
mezzo-tinto	m	mezzo-tinto
mi	m	mi
mi-août	f	mi-aoûts
mi-avril	f	mi-avrils
mi-bas	m	mi-bas
mi-carême	f	mi-carêmes
mi-décembre	f	mi-décembres
mi-février	f	mi-févriers
mi-janvier	f	mi-janviers
mi-juillet	f	mi-juillets
mi-juin	f	mi-juins
mi-mai	f	mi-mais
mi-mars	f	mi-mars
mi-novembre	f	mi-novembres
mi-octobre	f	mi-octobres
mi-septembre	f	mi-septembres
mi-temps	f	mi-temps
miam-miam	m	miam-miams
miaou	m	miaous
miasme	m	miasmes
miaulement	m	miaulements
mica	m	micas
micaschiste	m	micaschistes
micelle	f	micelles
miche	f	miches
micheline	f	michelines
micheton	m	michetons
michetonnage	m	michetonnages
micmac	m	micmacs
micocoulier	m	micocouliers
micoquien	m	micoquiens
micro	m	micros
micro-informatique	f	micro-informatiques
micro-ordinateur	m	micro-ordinateurs
micro-organisme	m	micro-organismes
micro-électronique	f	micro-électroniques
microanalyse	f	microanalyses
microbalance	f	microbalances
microbe	m	microbes
microbicide	m	microbicides
microbille	f	microbilles
microbiologie	f	microbiologies
microbus	m	microbus
microcalorimètre	m	microcalorimètres
microcalorimétrie	f	microcalorimétries
microcassette	f	microcassettes
microchimie	f	microchimies
microchirurgie	f	microchirurgies
microcinéma	m	microcinémas
microcircuit	m	microcircuits
microclimat	m	microclimats
microcline	m	microclines
microcopie	f	microcopies
microcoque	m	microcoques
microcosme	m	microcosmes
microcristal	m	microcristaux
microcéphalie	f	microcéphalies
microdissection	f	microdissections
microdécision	f	microdécisions
microfichage	m	microfichages
microfiche	f	microfiches
microfilm	m	microfilms
microfilmage	m	microfilmages
microflore	f	microflores
microfractographie	f	microfractographies
microglie	f	microglies
microglossaire	m	microglossaires
micrographie	f	micrographies
microlithe	m	microlithes
micromanipulateur	m	micromanipulateurs
micromanipulation	f	micromanipulations
microminiaturisation	f	microminiaturisations
micromodule	m	micromodules
micromètre	m	micromètres
micrométrie	f	micrométries
micrométéorite	f	micrométéorites
micron	m	microns
micronisation	f	micronisations
micronésien	m	micronésiens
microphage	m	microphages
microphone	m	microphones
microphotographie	f	microphotographies
microphysique	f	microphysiques
micropodiforme	m	micropodiformes
microprocesseur	m	microprocesseurs
microprogrammation	f	microprogrammations
microscope	m	microscopes
microseconde	f	microsecondes
microsillon	m	microsillons
miction	f	mictions
midi	m	midis
midinette	f	midinettes
midrash	m	midrashs
midship	m	midships
midshipman	m	midshipmans
mie	f	mies
miel	m	miels
miellat	m	miellats
miellée	f	miellées
mien	m	miens
miette	f	miettes
mieux	m	mieux
mieux-être	m	mieux-être
migmatite	f	migmatites
mignardise	f	mignardises
mignon	m	mignons
mignonne	f	mignonnes
mignonne	f	mignonnes
mignonnerie	f	mignonneries
mignonnette	f	mignonnettes
mignotage	m	mignotages
migraine	f	migraines
migraineux	m	migraineux
migraineuse	f	migraineuses
migrant	m	migrants
migrante	f	migrantes
migrateur	m	migrateurs
migratrice	f	migratrices
migration	f	migrations
mijaurée	f	mijaurées
mijotage	m	mijotages
mijotement	m	mijotements
mikado	m	mikados
mil	m	mils
milady	f	miladys
milan	m	milans
milanais	m	milanais
milanaise	f	milanaises
mildiou	m	mildious
mile	m	miles
miliaire	f	miliaires
milice	f	milices
milicien	m	miliciens
milicienne	f	miliciennes
milieu	m	milieux
militaire	m	militaires
militance	f	militances
militant	m	militants
militante	f	militantes
militantisme	m	militantismes
militarisation	f	militarisations
militarisme	m	militarismes
milk-bar	m	milk-bars
millage	m	millages
millas	m	millas
millasse	f	millasses
mille	m	mille
mille-pattes	m	mille-pattes
mille-pertuis	m	mille-pertuis
mille-raies	m	mille-raies
millefeuille	m	millefeuilles
millepertuis	m	millepertuis
millerandage	m	millerandages
millet	m	millets
milliampère	m	milliampères
milliampèremètre	m	milliampèremètres
milliard	m	milliards
millibar	m	millibars
millier	m	milliers
milligramme	m	mg
millilitre	m	millilitres
millimètre	m	millimètres
milliseconde	f	millisecondes
millithermie	f	millithermies
millivolt	m	millivolts
millivoltmètre	m	millivoltmètres
millénaire	m	millénaires
millénarisme	m	millénarismes
millénium	m	milléniums
millépore	m	millépores
millésimage	m	millésimages
millésime	m	millésimes
milord	m	milords
milouin	m	milouins
mimi	m	mimis
mimique	f	mimiques
mimiquerie	f	mimiqueries
mimodrame	m	mimodrames
mimolette	f	mimolettes
mimologie	f	mimologies
mimosa	m	mimosas
mimosacée	f	mimosacées
mimosée	f	mimosées
mimétisme	m	mimétismes
min	m	min
minage	m	minages
minahouet	m	minahouets
minaret	m	minarets
minauderie	f	minauderies
minaudier	m	minaudiers
minaudière	f	minaudières
minbar	m	minbars
minceur	f	minceurs
mindel	m	mindels
mine	f	mines
minente	f	minentes
minerai	m	minerais
minerval	m	minervals
minerve	f	minerves
minestrone	m	minestrones
minet	m	minets
minette	f	minettes
minette	f	minettes
mineur	m	mineurs
mineure	f	mineures
mineure	f	mineures
mini	m	minis
mini-cassette	f	mini-cassettes
mini-chaîne	f	mini-chaînes
mini-jupe	f	mini-jupes
mini-ordinateur	m	mini-ordinateurs
miniature	f	miniatures
miniaturisation	f	miniaturisations
minibus	m	minibus
minicar	m	minicars
minicassette	f	minicassettes
minichaîne	f	minichaînes
minimation	f	minimations
minime	m	minimes
minimisation	f	minimisations
minimum	m	min
ministre	m	ministres
ministère	m	ministères
minitel	m	minitel
minium	m	miniums
minière	f	minières
minnesinger	m	minnesingers
mino	m	minos
minoen	m	minoens
minoenne	f	minoennes
minois	m	minois
minorant	m	minorants
minoration	f	minorations
minorisation	f	minorisations
minorité	f	minorités
minoré	m	minorés
minot	m	minots
minoterie	f	minoteries
minotier	m	minotiers
minou	m	minous
minuit	m	minuits
minuscule	f	minuscules
minutage	m	minutages
minute	f	min
minuterie	f	minuteries
minuteur	m	minuteurs
minutie	f	minuties
minutier	m	minutiers
minutieux	m	minutieux
minutieuse	f	minutieuses
minéralier	m	minéraliers
minéralisation	f	minéralisations
minéralogie	f	minéralogies
minéralurgie	f	minéralurgies
miocène	m	miocènes
mir	m	mirs
mirabelle	f	mirabelles
mirabellier	m	mirabelliers
mirabilis	m	mirabilis
miracle	m	miracles
miraculé	m	miraculés
miraculée	f	miraculées
mirador	m	miradors
mirage	m	mirages
miraud	m	mirauds
mirbane	f	mirbanes
mire	f	mires
mirepoix	f	mirepoix
mirette	f	mirettes
mireur	m	mireurs
mireuse	f	mireuses
mireuse	f	mireuses
mirliflor	m	mirliflors
mirliflore	m	mirliflores
mirliton	m	mirlitons
mirmidon	m	mirmidons
mirmillon	m	mirmillons
miroir	m	miroirs
miroitement	m	miroitements
miroiterie	f	miroiteries
miroitier	m	miroitiers
miroité	m	miroités
mironton	m	mirontons
miroton	m	mirotons
misaine	f	misaines
misanthropie	f	misanthropies
miscibilité	f	miscibilités
mise	f	mises
miserere	m	miserere
mismatch	m	mismatchs
misogynie	f	misogynies
misonéisme	m	misonéismes
mispickel	m	mispickels
miss	f	miss
missel	m	missels
missile	m	missiles
missilier	m	missiliers
mission	f	missions
missionnement	m	missionnements
missive	f	missives
mistelle	f	mistelles
mistigri	m	mistigris
miston	m	mistons
mistoufle	f	mistoufles
mistral	m	mistrals
misère	f	misères
misérabilisme	m	misérabilismes
miséreux	m	miséreux
miséreuse	f	miséreuses
miséricorde	f	miséricordes
miséréré	m	miséréré
mitage	m	mitages
mitaine	f	mitaines
mitan	m	mitans
mitard	m	mitards
mite	f	mites
miteux	m	miteux
miteuse	f	miteuses
mithracisme	m	mithracismes
mithriacisme	m	mithriacismes
mithridatisation	f	mithridatisations
mithridatisme	m	mithridatismes
mitigation	f	mitigations
mitigeage	m	mitigeages
mitigeur	m	mitigeurs
mitochondrie	f	mitochondries
miton	m	mitons
mitonnage	m	mitonnages
mitonnement	m	mitonnements
mitose	f	mitoses
mitoyenneté	f	mitoyennetés
mitraillade	f	mitraillades
mitraillage	m	mitraillages
mitraille	f	mitrailles
mitraillette	f	mitraillettes
mitrailleur	m	mitrailleurs
mitrailleuse	f	mitrailleuses
mitre	f	mitres
mitron	m	mitrons
mitterrandisme	m	mitterrandismes
mix	m	mix
mixage	m	mixages
mixeur	m	mixeurs
mixité	f	mixités
mixtion	f	mixtions
mixture	f	mixtures
mièvrerie	f	mièvreries
mnémotechnie	f	mnémotechnies
mnémotechnique	f	mnémotechniques
mobile	m	mobiles
mobilier	m	mobiliers
mobilisation	f	mobilisations
mobilisé	m	mobilisés
mobilisée	f	mobilisées
mobilité	f	mobilités
moblot	m	moblots
mobylette	f	mobylettes
mocassin	m	mocassins
mocheté	f	mochetés
moco	m	mocos
modal	m	modaux
modalisation	f	modalisations
modalité	f	modalités
modelage	m	modelages
modeleur	f	modeleurs
modelé	m	modelés
modem	m	modems
modernisateur	m	modernisateurs
modernisatrice	f	modernisatrices
modernisation	f	modernisations
modernisme	m	modernismes
modernité	f	modernités
modestie	f	modesties
modicité	f	modicités
modificateur	m	modificateurs
modification	f	modifications
modillon	m	modillons
modiste	f	modistes
modulage	m	modulages
modularité	f	modularités
modulateur	m	modulateurs
modulatrice	f	modulatrices
modulation	f	modulations
fm	f	
module	m	modules
modulo	m	modulos
modulor	m	modulors
modus	m	modus
modèle	m	modèles
modèlement	m	modèlements
modélisation	f	modélisations
modélisme	m	modélismes
modénature	f	modénatures
modérantisme	m	modérantismes
modérateur	m	modérateurs
modératrice	f	modératrices
modération	f	modérations
modéré	m	modérés
modérée	f	modérées
moelle	f	moelles
moellon	m	moellons
moere	f	moeres
mofette	f	mofettes
mogol	m	mogols
mogole	f	mogoles
mohair	m	mohairs
moi	m	mois
moie	f	moies
moignon	m	moignons
moine	m	moines
moineau	m	moineaux
moinerie	f	moineries
moinillon	m	moinillons
moins	m	moins
moins-perçu	m	moins-perçus
moirage	m	moirages
moire	f	moires
moirure	f	moirures
moiré	m	moirés
mois	m	mois
moisage	m	moisages
moise	f	moises
moisement	m	moisements
moisi	m	moisis
moisissement	m	moisissements
moisissure	f	moisissures
moissine	f	moissines
moisson	f	moissons
moissonnage	m	moissonnages
moissonneur	m	moissonneurs
moissonneuse	f	moissonneuses
moissonneuse	f	moissonneuses
moiteur	f	moiteurs
moitié	f	moitiés
moka	m	mokas
molaire	f	molaires
molasse	f	molasses
moldovien	m	moldoviens
moldovienne	f	moldoviennes
moleskine	f	moleskines
molestage	m	molestages
molestation	f	molestations
moletage	m	moletages
molette	f	molettes
molinisme	m	molinismes
molinosisme	m	molinosismes
mollah	m	mollahs
mollard	m	mollards
mollasse	f	mollasses
mollasserie	f	mollasseries
mollasson	m	mollassons
mollassonne	f	mollassonnes
mollesse	f	mollesses
mollet	m	mollets
molletière	f	molletières
molleton	m	molletons
molletonnage	m	molletonnages
mollification	f	mollifications
mollissement	m	mollissements
molluscum	m	molluscums
mollusque	m	mollusques
mollé	m	mollés
moloch	m	molochs
molosse	m	molosses
moly	m	molys
molybdène	m	molybdènes
molène	f	molènes
molécule	f	molécules
moment	m	moments
momentanée	f	momentanées
momerie	f	momeries
momie	f	momies
momification	f	momifications
momordique	f	momordiques
monachisme	m	monachismes
monade	f	monades
monadisme	m	monadismes
monarchie	f	monarchies
monarchien	m	monarchiens
monarchisation	f	monarchisations
monarchisme	m	monarchismes
monarque	m	monarques
monastère	m	monastères
monazite	f	monazites
monceau	m	monceaux
mondage	m	mondages
mondain	m	mondains
mondaine	f	mondaines
mondaine	f	mondaines
mondanisation	f	mondanisations
mondanité	f	mondanités
monde	m	mondes
mondialisation	f	mondialisations
mondialisme	m	mondialismes
mondification	f	mondifications
mondovision	f	mondovisions
monel	m	monels
mongol	m	mongols
mongol	f	mongoles
mongolien	m	mongoliens
mongolienne	f	mongoliennes
mongolisme	m	mongolismes
moniale	f	moniales
monilia	m	monilias
monisme	m	monismes
moniteur	m	moniteurs
monitrice	f	monitrices
monition	f	monitions
monitoire	m	monitoires
monitor	m	monitors
monitorage	m	monitorages
monitorat	m	monitorats
monitoring	m	monitorings
monnaie	f	monnaies
monnayage	m	monnayages
monnayeur	m	monnayeurs
monoacide	m	monoacides
monobloc	m	monoblocs
monocaméralisme	m	monocaméralismes
monochrome	m	monochromes
monochromie	f	monochromies
monocle	m	monocles
monoclinal	m	monoclinaux
monocotylédone	f	monocotylédones
monoculture	f	monocultures
monocyte	m	monocytes
monodie	f	monodies
monoecie	f	monoecies
monogame	m	monogames
monogamie	f	monogamies
monogramme	m	monogrammes
monographie	f	monographies
monogénisme	m	monogénismes
monolinguisme	m	monolinguismes
monolithe	m	monolithes
monolithisme	m	monolithismes
monologue	m	monologues
monomanie	f	monomanies
monomoteur	m	monomoteurs
monométallisme	m	monométallismes
mononucléose	f	mononucléoses
monopartisme	m	monopartismes
monoplan	m	monoplans
monopole	m	monopoles
monopolisateur	m	monopolisateurs
monopolisation	f	monopolisations
monopolisme	m	monopolismes
monoprix	m	monoprix
monopsone	m	monopsones
monoptère	m	monoptères
monorail	m	monorails
monosaccharide	m	monosaccharides
monoski	m	monoskis
monosulfite	m	monosulfites
monosyllabe	f	monosyllabes
monosyllabisme	m	monosyllabismes
monothéisme	m	monothéismes
monotonie	f	monotonies
monoxyde	m	monoxydes
monoxyle	m	monoxyles
monoïdéisme	m	monoïdéismes
monseigneur	m	messeigneurs
monsieur	m	messieurs
madame	f	mesdames
monsignor	m	monsignors
monsignore	m	monsignores
monstre	m	monstres
monstruosité	f	monstruosités
mont	m	monts
mont-blanc	m	monts-blancs
mont-de-piété	m	monts-de-piété
mont-joie	f	mont-joies
montage	m	montages
montagnard	m	montagnards
montagnarde	f	montagnardes
montagne	f	montagnes
montagnette	f	montagnettes
montaison	f	montaisons
montanisme	m	montanismes
montant	m	montants
monte	f	montes
monte-charge	m	monte-charge
monte-pente	m	monte-pentes
monte-plats	m	monte-plats
monte-sac	m	monte-sac
monteur	m	monteurs
monteuse	f	monteuses
montgolfière	f	montgolfières
monticule	m	monticules
montmartrois	m	montmartrois
montmartroise	f	montmartroises
montmorency	f	montmorency
montoir	m	montoirs
montpellierrain	m	montpellierrains
montpellierraine	f	montpellierraines
montrance	f	montrances
montre	f	montres
montreur	m	montreurs
montreuse	f	montreuses
monture	f	montures
montée	f	montées
monténégrin	m	monténégrins
monténégrine	f	monténégrines
monument	m	monuments
monumentalisation	f	monumentalisations
monumentalité	f	monumentalités
monème	m	monèmes
monétarisme	m	monétarismes
monétique	f	monétiques
monétisation	f	monétisations
monôme	m	monômes
moque	f	moques
moquerie	f	moqueries
moquette	f	moquettes
moqueur	m	moqueurs
moqueuse	f	moqueuses
moracée	f	moracées
moraille	f	morailles
moraillon	m	moraillons
moraine	f	moraines
moral	m	morals
morale	f	morales
moralisateur	m	moralisateurs
moralisatrice	f	moralisatrices
moralisation	f	moralisations
moralisme	m	moralismes
moralité	f	moralités
morasse	f	morasses
moratoire	m	moratoires
moratorium	m	moratoriums
morbidité	f	morbidités
morbus	m	morbus
morceau	m	morceaux
morcelage	m	morcelages
morcellement	m	morcellements
morcèlement	m	morcèlements
mordache	f	mordaches
mordacité	f	mordacités
mordage	m	mordages
mordant	m	mordants
mordançage	m	mordançages
mordillage	m	mordillages
mordillement	m	mordillements
mordorure	f	mordorures
mordoré	m	mordorés
mordu	m	mordus
mordue	f	mordues
moresque	f	
morelle	f	morelles
moresque	f	moresques
morfal	m	morfals
morfil	m	morfils
morfilage	m	morfilages
morfondement	m	morfondements
morgeline	f	morgelines
morgue	f	morgues
moribond	m	moribonds
moribonde	f	moribondes
morille	f	morilles
morillon	m	morillons
morio	m	morios
morion	m	morions
mormon	m	mormons
mormone	f	mormones
mormonisme	m	mormonismes
mornifle	f	mornifles
morosité	f	morosités
morphine	f	morphines
morphinisme	m	morphinismes
morphinomanie	f	morphinomanies
morphisme	m	morphismes
morpho-syntaxe	f	morpho-syntaxes
morphologie	f	morphologies
morphopsychologie	f	morphopsychologies
morphosyntaxe	f	morphosyntaxes
morphème	m	morphèmes
morpion	m	morpions
mors	m	mors
morse	m	morses
morsure	f	morsures
mort	m	morts
mort	f	mortes
mort-aux-rats	f	mort-aux-rats
mortadelle	f	mortadelles
mortaisage	m	mortaisages
mortaise	f	mortaises
mortaiseur	m	mortaiseurs
mortaiseuse	f	mortaiseuses
mortaiseuse	f	mortaiseuses
mortalité	f	mortalités
morte-eau	f	mortes-eaux
morte-saison	f	mortes-saisons
mortel	m	mortels
mortelle	f	mortelles
mortier	m	mortiers
mortification	f	mortifications
mortinatalité	f	mortinatalités
mortuaire	f	mortuaires
morue	f	morues
morula	f	morulas
morutier	m	morutiers
morutière	f	morutières
morve	f	morves
morveux	m	morveux
morveuse	f	morveuses
morène	f	morènes
mosaïque	f	mosaïques
mosaïsme	m	mosaïsmes
mosellan	f	mosellans
mosette	f	mosettes
mosquée	f	mosquées
mot	m	mots
mot-clé	m	mots-clefs
mot-valise	m	mot-valises
motard	m	motards
motel	m	motels
motet	m	motets
moteur	m	moteurs
motif	m	motifs
motilité	f	motilités
motion	f	motions
motivation	f	motivations
moto	f	motos
moto-cross	m	moto-cross
motocross	m	motocross
motoculteur	m	motoculteurs
motoculture	f	motocultures
motocycle	m	motocycles
motocyclette	f	motocyclettes
motocyclisme	m	motocyclismes
motogodille	f	motogodilles
motonautisme	m	motonautismes
motoneige	f	motoneiges
motopompe	f	motopompes
motopropulseur	m	motopropulseurs
motorisation	f	motorisations
motorship	m	motorships
mototracteur	m	mototracteurs
motrice	f	motrices
motricité	f	motricités
mottage	m	mottages
motte	f	mottes
motteux	m	motteux
mou	m	mous
mouchage	m	mouchages
moucharabieh	m	moucharabieh
mouchard	m	mouchards
moucharde	f	mouchardes
mouchardage	m	mouchardages
mouche	f	mouches
moucheron	m	moucherons
moucheronnage	m	moucheronnages
mouchetage	m	mouchetages
mouchetis	m	mouchetis
mouchette	f	mouchettes
moucheture	f	mouchetures
moucheté	m	mouchetés
mouchoir	m	mouchoirs
mouchure	f	mouchures
moudjahid	m	moudjahidin
moue	f	moues
mouette	f	mouettes
moufette	f	moufettes
mouffette	f	mouffettes
mouflet	m	mouflets
mouflon	m	mouflons
mouillage	m	mouillages
mouillant	m	mouillants
mouille	f	mouilles
mouillement	m	mouillements
mouillette	f	mouillettes
mouilleur	m	mouilleurs
mouilloir	m	mouilloirs
mouillure	f	mouillures
mouillère	f	mouillères
mouise	f	mouises
moujik	m	moujiks
moukère	f	moukères
moulage	m	moulages
mouleur	m	mouleurs
moulin	m	moulins
moulinage	m	moulinages
moulinet	m	moulinets
moulinette	f	moulinettes
moulineur	m	moulineurs
moulinier	m	mouliniers
moulière	f	moulières
moulurage	m	moulurages
mouluration	f	moulurations
moulure	f	moulures
moulée	f	moulées
moumoute	f	moumoutes
mouquère	f	mouquères
mourant	m	mourants
mourante	f	mourantes
mouroir	m	mouroirs
mouron	m	mourons
mourre	f	mourres
mourshid	m	mourshids
mouscaille	f	mouscailles
mousmé	f	mousmés
mousquet	m	mousquets
mousquetade	f	mousquetades
mousqueterie	f	mousqueteries
mousqueton	m	mousquetons
moussage	m	moussages
moussaillon	m	moussaillons
mousseline	f	mousselines
mousseron	m	mousserons
mousseux	m	mousseux
moussoir	m	moussoirs
mousson	f	moussons
moussée	f	moussées
moustache	f	moustaches
moustachu	m	moustachus
moustachue	f	moustachues
moustiquaire	f	moustiquaires
moustique	m	moustiques
moustérien	m	moustériens
moutard	m	moutards
moutarde	f	moutardes
moutardier	m	moutardiers
moutier	m	moutiers
mouton	m	moutons
moutonnage	m	moutonnages
moutonnement	m	moutonnements
moutonnerie	f	moutonneries
moutonnisme	m	moutonnismes
mouture	f	moutures
mouvance	f	mouvances
mouvement	m	mouvements
mouvette	f	mouvettes
moviola	f	moviolas
moxa	m	moxas
moyen	m	moyens
moyen-courrier	m	moyen-courriers
moyen-âge	m	moyen-âges
moyennage	m	moyennages
moyenne	f	moyennes
moyette	f	moyettes
moyeu	m	moyeux
mozambicain	m	mozambicains
mozambicainne	f	mozambicainnes
mozette	f	mozettes
moïse	m	moïses
moût	m	moûts
mu	m	mu
muance	f	muances
muchacho	m	muchachos
mucilage	m	mucilages
mucor	m	mucors
mucoracée	f	mucoracées
mucosité	f	mucosités
mucoviscidose	f	mucoviscidoses
mucron	m	mucrons
mucus	m	mucus
mue	f	mues
muet	m	muets
muette	f	muettes
muette	f	muettes
muezzin	m	muezzins
muffin	m	muffins
mufle	m	mufles
muflerie	f	mufleries
muflier	m	mufliers
mufti	m	muftis
muge	m	muges
mugissement	m	mugissements
muguet	m	muguets
muid	m	muids
mule	f	mules
mule-jenny	f	mule-jennys
mulet	m	mulets
muleta	f	muletas
muletage	m	muletages
muletier	m	muletiers
muletière	f	muletières
mulette	f	mulettes
mullah	m	mullahs
mulon	m	mulons
mulot	m	mulots
mulotage	m	mulotages
mulsion	f	mulsions
multiculturalisme	m	multiculturalismes
multifonctionnalité	f	multifonctionnalités
multigraphie	f	multigraphies
multilatéralisme	m	multilatéralismes
multilinguisme	m	multilinguismes
multimédia	m	multimédias
multinationale	f	multinationales
multipare	f	multipares
multiparité	f	multiparités
multipartisme	m	multipartismes
multiplace	m	multiplaces
multiple	m	multiples
multiplet	m	multiplets
multiplex	m	multiplex
multiplexage	m	multiplexages
multiplexe	m	multiplexes
multiplexeur	m	multiplexeurs
multiplicande	m	multiplicandes
multiplicateur	m	multiplicateurs
multiplication	f	multiplications
multiplicité	f	multiplicités
multiprocesseur	m	multiprocesseurs
multiprogrammation	f	multiprogrammations
multipropriété	f	multipropriétés
multirisque	f	multirisques
multisalles	m	multisalles
multistandard	m	multistandards
multitraitement	m	multitraitements
multitude	f	multitudes
mulâtre	m	mulâtres
mulâtresse	f	mulâtresses
munichois	m	munichois
munichoise	f	munichoises
municipale	f	municipales
municipalisation	f	municipalisations
municipalité	f	municipalités
municipe	m	municipes
munie	f	munies
munificence	f	munificences
munition	f	munitions
munitionnaire	m	munitionnaires
munster	m	munsters
muon	m	muons
muphti	m	muphtis
muqueuse	f	muqueuses
mur	m	murs
mur-rideau	m	murs-rideaux
murage	m	murages
muraille	f	murailles
muraillement	m	muraillements
mural	m	murals
muret	m	murets
muretin	m	muretins
murette	f	murettes
murex	m	murex
muriate	m	muriates
muridé	m	muridés
murmel	m	murmels
murmure	m	murmures
murmurement	m	murmurements
murène	f	murènes
musacée	f	musacées
musaraigne	f	musaraignes
musard	m	musards
musarde	f	musardes
musarderie	f	musarderies
musardise	f	musardises
musc	m	muscs
muscade	f	muscades
muscadelle	f	muscadelles
muscadet	m	muscadets
muscadier	m	muscadiers
muscadin	m	muscadins
muscardin	m	muscardins
muscardine	f	muscardines
muscari	m	muscaris
muscarine	f	muscarines
muscat	m	muscat
muscinée	f	muscinées
muscle	m	muscles
musculation	f	musculations
musculature	f	musculatures
musculeuse	f	musculeuses
muse	f	muses
museau	m	museaux
muselage	m	muselages
muselet	m	muselets
museletage	m	museletages
muselière	f	muselières
musellement	m	musellements
musement	m	musements
muserolle	f	muserolles
museum	m	museums
music-hall	m	music-halls
musical	m	musicals
musicalisation	f	musicalisations
musicalité	f	musicalités
musication	f	musications
musicien	m	musiciens
musicienne	f	musiciennes
musicographie	f	musicographies
musicologie	f	musicologies
musique	f	musiques
musiquette	f	musiquettes
musoir	m	musoirs
mussitation	f	mussitations
must	m	musts
mustang	m	mustangs
mustélidé	m	mustélidés
mustélidée	f	mustélidées
musulman	m	musulmans
musulmane	f	musulmanes
musèlement	m	musèlements
musée	m	musées
muséographie	f	muséographies
muséologie	f	muséologies
muséum	m	muséums
mutabilité	f	mutabilités
mutage	m	mutages
mutant	m	mutants
mutante	f	mutantes
mutation	f	mutations
mutationnisme	m	mutationnismes
mutilateur	m	mutilateurs
mutilatrice	f	mutilatrices
mutilation	f	mutilations
mutilé	m	mutilés
mutilée	f	mutilées
mutin	m	mutins
mutinerie	f	mutineries
mutiné	m	mutinés
mutinée	f	mutinées
mutisme	m	mutismes
mutité	f	mutités
mutualisation	f	mutualisations
mutualisme	m	mutualismes
mutualité	f	mutualités
mutuelle	f	mutuelles
mutule	f	mutules
mvet	m	mvets
myalgie	f	myalgies
myasthénie	f	myasthénies
mycoderme	m	mycodermes
mycologie	f	mycologies
mycophénolate	m	mycophénolates
mycoplasme	m	mycoplasmes
mycorhize	f	mycorhizes
mycose	f	mycoses
mycélium	m	mycéliums
mycénien	m	mycéniens
mycénienne	f	mycéniennes
mydriase	f	mydriases
mydriatique	m	mydriatiques
mye	f	myes
mygale	f	mygales
myiase	f	myiases
myocarde	m	myocardes
myocardiopathie	f	myocardiopathies
myocardite	f	myocardites
myogramme	m	myogrammes
myographe	m	myographes
myologie	f	myologies
myome	m	myomes
myopathie	f	myopathies
myopie	f	myopies
myopotame	m	myopotames
myosite	f	myosites
myosotis	m	myosotis
myriade	f	myriades
myriamètre	m	myriamètres
myriapode	m	myriapodes
myriophylle	f	myriophylles
myrmidon	m	myrmidons
myrobolan	m	myrobolans
myrosine	f	myrosines
myroxyle	m	myroxyles
myroxylon	m	myroxylons
myrrhe	f	myrrhes
myrtacée	f	myrtacées
myrte	m	myrtes
myrtille	f	myrtilles
mysidacé	m	mysidacés
mysql	m	mysql
mystagogie	f	mystagogies
mysticisme	m	mysticismes
mysticité	f	mysticités
mysticète	m	mysticètes
mystificateur	m	mystificateurs
mystificatrice	f	mystificatrices
mystification	f	mystifications
mystère	m	mystères
mystérieux	m	mystérieux
mythe	m	mythes
mythification	f	mythifications
mythologie	f	mythologies
mythologisation	f	mythologisations
mythomanie	f	mythomanies
mytiliculteur	m	mytiliculteurs
mytiliculture	f	mytilicultures
mytilotoxine	f	mytilotoxines
myxine	f	myxines
myxoedème	m	myxoedèmes
myxoedémateux	m	myxoedémateux
myxoedémateuse	f	myxoedémateuses
myxomatose	f	myxomatoses
myxome	m	myxomes
myéline	f	myélines
myélite	f	myélites
myéloblaste	m	myéloblastes
myélocyte	m	myélocytes
myélographie	f	myélographies
myélome	m	myélomes
mâchage	m	mâchages
mâche	f	mâches
mâchefer	m	mâchefers
mâchement	m	mâchements
mâcheur	m	mâcheurs
mâchicoulis	m	mâchicoulis
mâchillement	m	mâchillements
mâchoire	f	mâchoires
mâchonnement	m	mâchonnements
mâchouillage	m	mâchouillages
mâchouillement	m	mâchouillements
mâchurage	m	mâchurages
mâclage	m	mâclages
mâcon	m	mâcons
mâconnais	m	mâconnais
mâconnaise	f	mâconnaises
mâle	m	mâles
mâne	m	mânes
mât	m	mâts
mâtage	m	mâtages
mâtereau	m	mâtereaux
mâtin	m	mâtins
mâtinage	m	mâtinages
mâture	f	mâtures
mèche	f	mèches
mère	f	mères
mère-grand	f	mères-grand
mètre	m	mètres
méandrage	m	méandrages
méandre	m	méandres
méandrement	m	méandrements
méandrine	f	méandrines
méat	m	méats
mécanicien	m	mécaniciens
mécanicienne	f	mécaniciennes
mécanique	f	mécaniques
mécanisation	f	mécanisations
mécanisme	m	mécanismes
mécanographie	f	mécanographies
mécanothérapie	f	mécanothérapies
méchage	m	méchages
méchanceté	f	méchancetés
méchant	m	méchants
méchante	f	méchantes
méchoui	m	méchouis
mécompte	m	mécomptes
méconduite	f	méconduites
méconium	m	méconiums
méconnaissance	f	méconnaissances
méconnu	m	méconnus
méconnue	f	méconnues
mécontement	m	mécontements
mécontent	m	mécontents
mécontente	f	mécontentes
mécontentement	m	mécontentements
mécréant	m	mécréants
mécréante	f	mécréantes
mécénat	m	mécénats
médaille	f	médailles
médailleur	m	médailleurs
médaillier	m	médailliers
médaillon	m	médaillons
médaillé	m	médaillés
médaillée	f	médaillées
médecin	m	médecins
médecin-chef	m	médecins-chefs
médecin-chef	f	médecins-chefs
médecine	f	médecines
médersa	f	médersas
média	m	médias
médiale	f	médiales
médiane	f	médianes
médianoche	m	médianoches
médiante	f	médiantes
médiastin	m	médiastins
médiateur	m	médiateurs
médiatrice	f	médiatrices
médiathèque	f	médiathèques
médiation	f	médiations
médiatique	f	médiatiques
médiatisation	f	médiatisations
médiator	m	médiators
médiatrice	f	médiatrices
médicalisation	f	médicalisations
médicament	m	médicaments
médicamentation	f	médicamentations
médication	f	médications
médicinier	m	médiciniers
médina	f	médinas
médiocratie	f	médiocraties
médiocrisation	f	médiocrisations
médiocrité	f	médiocrités
médiologie	f	médiologies
médisance	f	médisances
médisant	m	médisants
médisante	f	médisantes
méditation	f	méditations
méditerranée	f	méditerranées
méditerranéen	m	méditerranéens
méditerranéenne	f	méditerranéennes
méditerranéisation	f	méditerranéisations
médiumnité	f	médiumnités
médius	m	médius
médiévisme	m	médiévismes
médoc	m	médocs
méduse	f	méduses
méfait	m	méfaits
méfiance	f	méfiances
méfiant	m	méfiants
méfiante	f	méfiantes
méforme	f	méformes
méga-octet	m	mo
mégacycle	m	mégacycles
mégacéros	m	mégacéros
mégacôlon	m	mégacôlons
mégahertz	m	mégahertz
mégalithe	m	mégalithes
mégalomanie	f	mégalomanies
mégalopole	f	mégalopoles
mégaphone	m	mégaphones
mégapole	f	mégapoles
mégaptère	m	mégaptères
mégarde	f	mégardes
mégathérium	m	mégathériums
mégatonne	f	mégatonnes
mégawatt	m	mégawatts
mégis	m	mégis
mégissage	m	mégissages
mégisserie	f	mégisseries
mégissier	m	mégissiers
mégohm	m	mégohms
mégohmmètre	m	mégohmmètres
mégot	m	mégots
mégotage	m	mégotages
mégottage	m	mégottages
mégère	f	mégères
méhari	m	méharis
méharée	f	méharées
méiose	f	méioses
méjanage	m	méjanages
méjugement	m	méjugements
mélaena	m	mélaenas
mélampyre	m	mélampyres
mélancolie	f	mélancolies
mélancolisation	f	mélancolisations
mélange	m	mélanges
mélangeage	m	mélangeages
mélangeur	f	mélangeurs
mélangeuse	f	mélangeuses
mélanine	f	mélanines
mélanisation	f	mélanisations
mélanisme	m	mélanismes
mélanodermie	f	mélanodermies
mélanome	m	mélanomes
mélanose	f	mélanoses
mélanostimuline	f	mélanostimulines
mélanésien	m	mélanésiens
mélanésienne	f	mélanésiennes
mélasse	f	mélasses
mélatonine	f	mélatonines
méli-mélo	m	mélis-mélos
mélia	m	mélias
mélilot	m	mélilots
mélinite	f	mélinites
mélique	f	méliques
mélisse	f	mélisses
mélitte	f	mélittes
mélo	m	mélos
mélodie	f	mélodies
mélodrame	m	mélodrames
mélongine	f	mélongines
mélophage	m	mélophages
mélopée	f	mélopées
mélusine	f	mélusines
mélèze	m	mélèzes
méléagrine	f	méléagrines
méléna	m	mélénas
mémento	m	mémentos
mémo	m	mémos
mémorandum	m	mémorandums
mémoration	f	mémorations
mémorial	m	mémoriaux
mémorisation	f	mémorisations
mémère	f	mémères
mémé	f	mémés
mémérage	m	mémérages
ménade	f	ménades
ménage	m	ménages
ménagement	m	ménagements
ménagerie	f	ménageries
ménagère	f	ménagères
ménestrel	m	ménestrels
méninge	f	méninges
méningiome	m	méningiomes
méningite	f	méningites
méningocoque	m	méningocoques
ménisque	m	ménisques
ménologe	m	ménologes
ménopause	f	ménopauses
ménopausée	f	ménopausées
ménorragie	f	ménorragies
ménure	m	ménures
ményanthe	m	ményanthes
ménétrier	m	ménétriers
méphitisme	m	méphitismes
méplat	m	méplats
mépris	m	mépris
méprise	f	méprises
mépréhension	f	mépréhensions
méricarpe	m	méricarpes
méridien	m	méridiens
méridienne	f	méridiennes
méridional	m	méridionaux
méridionale	f	méridionales
méridionalis	m	méridionalis
méridionalisation	f	méridionalisations
mérinos	m	mérinos
méristème	m	méristèmes
mérite	m	mérites
méritocratie	f	méritocraties
mérostome	m	mérostomes
mérou	m	mérous
mérovingien	m	mérovingiens
mérovingienne	f	mérovingiennes
mérycisme	m	mérycismes
mésalliance	f	mésalliances
mésange	f	mésanges
mésangette	f	mésangettes
mésaventure	f	mésaventures
mésembryanthème	m	mésembryanthèmes
mésenchyme	m	mésenchymes
mésencéphale	m	mésencéphales
mésentente	f	mésententes
mésentère	m	mésentères
mésestimation	f	mésestimations
mésestime	f	mésestimes
mésintelligence	f	mésintelligences
mésinterprétation	f	mésinterprétations
mésoblaste	m	mésoblastes
mésocarpe	m	mésocarpes
mésoderme	m	mésodermes
mésolithique	m	mésolithiques
mésomérie	f	mésoméries
méson	m	mésons
mésopause	f	mésopauses
mésopotamien	m	mésopotamiens
mésopotamienne	f	mésopotamiennes
mésosphère	f	mésosphères
mésothorax	m	mésothorax
mésozoïque	m	mésozoïques
mésusage	m	mésusages
méta	m	métas
métabolisme	m	métabolismes
métabolite	m	métabolites
métacarpe	m	métacarpes
métacentre	m	métacentres
métachromatisme	m	métachromatismes
métadiscours	m	métadiscours
métairie	f	métairies
métal	m	métaux
métalangage	m	métalangages
métalangue	f	métalangues
métaldéhyde	m	métaldéhydes
métallisation	f	métallisations
métallochromie	f	métallochromies
métallographie	f	métallographies
métalloprotéine	f	métalloprotéines
métalloïde	m	métalloïdes
métallurgie	f	métallurgies
métamorphisation	f	métamorphisations
métamorphisme	m	métamorphismes
métamorphose	f	métamorphoses
métaphase	f	métaphases
métaphore	f	métaphores
métaphorisation	f	métaphorisations
métaphyse	f	métaphyses
métaphysicien	m	métaphysiciens
métaphysicienne	f	métaphysiciennes
métaphysique	f	métaphysiques
métaplasie	f	métaplasies
métapsychique	f	métapsychiques
métapsychologie	f	métapsychologies
métastabilité	f	métastabilités
métastase	f	métastases
métatarse	m	métatarses
métathèse	f	métathèses
métayage	m	métayages
métayer	m	métayers
métayère	f	métayères
métazoaire	m	métazoaires
méteil	m	méteils
métempsycose	f	métempsycoses
métencéphale	m	métencéphales
méthane	m	méthanes
méthanier	m	méthaniers
méthionine	f	méthionines
méthode	f	méthodes
méthodisme	m	méthodismes
méthodologie	f	méthodologies
méthyl	m	méthyls
méthylation	f	méthylations
méthyle	m	méthyles
méthylène	m	méthylènes
méthémoglobine	f	méthémoglobines
méticuleux	m	méticuleux
méticuleuse	f	méticuleuses
méticulosité	f	méticulosités
métier	m	métiers
métisse	f	métisses
métissage	m	métissages
métonymie	f	métonymies
métope	f	métopes
métrage	m	métrages
métreur	m	métreurs
métreuse	f	métreuses
métreuse	f	métreuses
métricien	m	métriciens
métrique	f	métriques
métrite	f	métrites
métro	m	métros
métrologie	f	métrologies
métromanie	f	métromanies
métronome	m	métronomes
métropole	f	métropoles
métropolitain	m	métropolitains
métropolitainne	f	métropolitainnes
métropolite	m	métropolites
métrorragie	f	métrorragies
métré	m	métrés
météo	f	météos
météore	m	météores
météorisation	f	météorisations
météorologie	f	météorologies
mévente	f	méventes
mézail	m	mézails
mézière	f	mézières
mêlement	m	mêlements
mêlé-cass	m	mêlé-cass
mêlé-cassis	m	mêlé-cassis
mêlée	f	mêlées
même	m	mêmes
mûre	f	mûres
mûrier	m	mûriers
mûrissage	m	mûrissages
mûrissement	m	mûrissements
mûrisserie	f	mûrisseries
n-gramme	m	n-grammes
nabab	m	nababs
nabot	m	nabots
nabote	f	nabotes
nabuchodonosor	m	nabuchodonosors
nacarat	m	nacarats
nacelle	f	nacelles
nacrage	m	nacrages
nacre	f	nacres
nacré	m	nacrés
nadir	m	nadirs
naevus	m	naevi
nafé	m	nafés
nagari	f	nagaris
nagaïka	f	nagaïkas
nage	f	nages
nageoire	f	nageoires
nageur	m	nageurs
nageuse	f	nageuses
nahaïka	f	nahaïkas
nain	m	nains
naine	f	naines
naira	m	nairas
naissain	m	naissains
naissance	f	naissances
naisseur	m	naisseurs
naja	m	najas
namibien	m	namibiens
namibienne	f	namibiennes
nana	f	nanas
nanan	m	nanans
nanar	m	nanars
nancéien	m	nancéiens
nancéienne	f	nancéiennes
nandou	m	nandous
nanification	f	nanifications
nanisme	m	nanismes
nankin	m	nankins
nanoparticule	f	nanoparticules
nanoseconde	f	nanosecondes
nanotechnologie	f	nanotechnologies
nansouk	m	nansouks
nantais	m	nantais
nantaise	f	nantaises
nanti	m	nantis
nantie	f	nanties
nantissement	m	nantissements
nanzouk	m	nanzouks
naos	m	naos
napalm	m	napalms
napel	m	napels
naphta	m	naphtas
naphtaline	f	naphtalines
naphtalène	m	naphtalènes
naphtazoline	f	naphtazolines
naphte	m	naphtes
naphtol	m	naphtols
napolitain	m	napolitains
napolitaine	f	napolitaines
napolitaine	f	napolitaines
napoléon	m	napoléons
napoléonien	m	napoléoniens
napoléonienne	f	napoléoniennes
nappage	m	nappages
nappe	f	nappes
napperon	m	napperons
naproxène	m	naproxènes
napée	f	napées
narcisse	m	narcisses
narcissisme	m	narcissismes
narcolepsie	f	narcolepsies
narcose	f	narcoses
narcothérapie	f	narcothérapies
narcotine	f	narcotines
narcotique	m	narcotiques
narcotisation	f	narcotisations
narcéine	f	narcéines
nard	m	nards
narghileh	m	narghilehs
narghilé	m	narghilés
nargue	f	nargues
narguilé	m	narguilés
narine	f	narines
narquois	m	narquois
narrateur	m	narrateurs
narratrice	f	narratrices
narration	f	narrations
narrativisation	f	narrativisations
narré	m	narrés
narthex	m	narthex
narval	m	narvals
nasale	f	nasales
nasalisation	f	nasalisations
nasalité	f	nasalités
nasard	m	nasards
nasarde	f	nasardes
nase	m	nases
naseau	m	naseaux
nasillement	m	nasillements
nasilleur	m	nasilleurs
nasilleuse	f	nasilleuses
nasillonnement	m	nasillonnements
nasitort	m	nasitorts
nasonnement	m	nasonnements
nasse	f	nasses
nassérien	m	nassériens
nassérienne	f	nassériennes
nastie	f	nasties
natalité	f	natalités
natation	f	natations
natice	f	natices
natif	m	natifs
native	f	natives
nation	f	nations
national-socialisme	m	national-socialismes
national-socialiste	m	nationaux-socialistes
nationale	f	nationales
nationalisation	f	nationalisations
nationalisme	m	nationalismes
nationalité	f	nationalités
nativisme	m	nativismes
nativité	f	nativités
natrium	m	natriums
natron	m	natrons
natrum	m	natrums
natrémie	f	natrémies
nattage	m	nattages
natte	f	nattes
nattier	m	nattiers
nattière	f	nattières
natté	m	nattés
naturalisation	f	naturalisations
naturalisme	m	naturalismes
naturalisé	m	naturalisés
naturalisée	f	naturalisées
nature	f	natures
naturel	m	naturels
naturelle	f	naturelles
naturisme	m	naturismes
naucore	f	naucores
naufrage	m	naufrages
naufrageur	m	naufrageurs
naufrageuse	f	naufrageuses
naufragé	m	naufragés
naufragée	f	naufragées
naumachie	f	naumachies
naupathie	f	naupathies
nauplius	m	nauplius
nausée	f	nausées
nautile	m	nautiles
nautisme	m	nautismes
nautonier	m	nautoniers
nautonière	f	nautonières
navaja	f	navajas
navale	f	navales
navalisation	f	navalisations
navarin	m	navarins
navarque	m	navarques
navarrais	m	navarrais
navarraise	f	navarraises
navel	f	navels
navet	m	navets
navette	f	navettes
navetteur	m	navetteurs
navicert	m	navicert
navicule	f	navicules
navigabilité	f	navigabilités
navigage	m	navigages
navigant	m	navigants
navigante	f	navigantes
navigateur	m	navigateurs
navigatrice	f	navigatrices
navigation	f	navigations
naviplane	m	naviplanes
navire	m	navires
navire-citerne	m	navires-citernes
navire-jumeau	m	navires-jumeaux
navire-école	m	navires-écoles
navisphère	f	navisphères
navrance	f	navrances
navrement	m	navrements
navrure	f	navrures
nazaréen	m	nazaréens
nazaréenne	f	nazaréennes
nazi	m	nazis
nazie	f	nazies
nazification	f	nazifications
nazisme	m	nazismes
naïade	f	naïades
naïf	m	naïfs
naïve	f	naïves
naïveté	f	naïvetés
ndlr	f	ndlr
nebka	f	nebkas
nec-plus-ultra	m	nec-plus-ultra
neck	m	necks
nectaire	m	nectaires
nectar	m	nectars
nectarine	f	nectarines
necton	m	nectons
nef	f	nefs
negro-spiritual	m	negro-spirituals
neige	f	neiges
nemrod	m	nemrods
neolibéralisme	m	neolibéralismes
neptunium	m	neptuniums
nerf	m	nerfs
nerprun	m	nerpruns
nervation	f	nervations
nerveux	m	nerveux
nerveuse	f	nerveuses
nervi	m	nervis
nervin	m	nervins
nervosisme	m	nervosismes
nervosité	f	nervosités
nervurage	m	nervurages
nervuration	f	nervurations
nervure	f	nervures
nescafé	m	nescafés
nestorianisme	m	nestorianismes
nestorien	m	nestoriens
nestorienne	f	nestoriennes
net	m	nets
nette	f	nettes
netteté	f	nettetés
nettoiement	m	nettoiements
nettoyage	m	nettoyages
nettoyant	m	nettoyants
nettoyeur	m	nettoyeurs
nettoyeuse	f	nettoyeuses
network	m	networks
networking	m	networkings
neuchâteloise	f	neuchâteloises
neuf	m	neuf
neufchâtel	m	neufchâtels
neurasthénie	f	neurasthénies
neurinome	m	neurinomes
neurobiochimie	f	neurobiochimies
neurobiologie	f	neurobiologies
neuroblaste	m	neuroblastes
neurochimie	f	neurochimies
neurochirurgie	f	neurochirurgies
neurochirurgien	m	neurochirurgiens
neurochirurgienne	f	neurochirurgiennes
neurofibromatose	f	neurofibromatoses
neuroleptique	m	neuroleptiques
neurolinguistique	f	neurolinguistiques
neurologie	f	neuro
neuromodulateur	m	neuromodulateurs
neuromodulatrice	f	neuromodulatrices
neuromédiateur	m	neuromédiateurs
neuromédiatrice	f	neuromédiatrices
neurone	m	neurones
neuropathie	f	neuropathies
neuropharmacologie	f	neuropharmacologies
neurophysiologie	f	neurophysiologies
neuroplégique	m	neuroplégiques
neuroprotecteur	m	neuroprotecteurs
neuroprotectrice	f	neuroprotectrices
neuroprotection	f	neuroprotections
neuropsychiatrie	f	neuropsychiatries
neuropsychiatrique	f	neuropsychiatriques
neuropsychologie	f	neuropsychologies
neuroradiologie	f	neuroradiologies
neuroscience	f	neurosciences
neurosyphilis	m	neurosyphilis
neurosécrétion	f	neurosécrétions
neurotomie	f	neurotomies
neurotoxicité	f	neurotoxicités
neurotransmetteur	m	neurotransmetteurs
neurotransmission	f	neurotransmissions
neurula	f	neurulas
neutralisant	m	neutralisants
neutralisation	f	neutralisations
neutralisme	m	neutralismes
neutralité	f	neutralités
neutrino	m	neutrinos
neutrodynage	m	neutrodynages
neutrographie	f	neutrographies
neutron	m	neutrons
neutronique	f	neutroniques
neutronographie	f	neutronographies
neutropénie	f	neutropénies
neuvaine	f	neuvaines
neveu	m	neveux
newsletter	f	newsletters
newtonien	m	newtoniens
newtonienne	f	newtoniennes
nez	m	nez
niais	m	niais
niaise	f	niaises
niaiserie	f	niaiseries
niaouli	m	niaoulis
nicaraguayen	m	nicaraguayens
nicaraguayenne	f	nicaraguayennes
niche	f	niches
nichet	m	nichets
nichoir	m	nichoirs
nichon	m	nichons
nichrome	m	nichromes
nichée	f	nichées
nickel	m	nickels
nickelage	m	nickelages
nicodème	m	nicodèmes
nicol	m	nicols
nicolaïsme	m	nicolaïsmes
nicotine	f	nicotines
nicotinisme	m	nicotinismes
nictation	f	nictations
nictitation	f	nictitations
nid	m	nids
nidation	f	nidations
nidification	f	nidifications
niellage	m	niellages
nielleur	m	nielleurs
niellure	f	niellures
nietzschéen	m	nietzschéens
nietzschéenne	f	nietzschéennes
nietzschéisme	m	nietzschéismes
nif	m	nifs
nife	m	nifes
nigaud	m	nigauds
nigaude	f	nigaudes
nigauderie	f	nigauderies
nigelle	f	nigelles
nigérian	m	nigérians
nigériane	f	nigérianes
nigérien	m	nigériens
nigérienne	f	nigériennes
nihilisation	f	nihilisations
nihilisme	m	nihilismes
nilgaut	m	nilgauts
nille	f	nilles
nimbe	m	nimbes
nimbus	m	nimbus
ninas	m	ninas
niobium	m	niobiums
niolo	m	niolos
nippe	f	nippes
nippon	m	nippons
nippone	f	nippones
niquage	m	niquages
nique	f	niques
niqueur	m	niqueurs
nirvana	m	nirvanas
nitescence	f	nitescences
nitouche	f	nitouches
nitratage	m	nitratages
nitratation	f	nitratations
nitrate	m	nitrates
nitration	f	nitrations
nitre	m	nitres
nitrification	f	nitrifications
nitrile	m	nitriles
nitrite	m	nitrites
nitrière	f	nitrières
nitrobacter	m	nitrobacters
nitrobenzine	f	nitrobenzines
nitrobenzène	m	nitrobenzènes
nitrocellulose	f	nitrocelluloses
nitroglycérine	f	nitroglycérines
nitrogène	m	nitrogènes
nitrométhane	m	nitrométhanes
nitron	m	nitrons
nitrosation	f	nitrosations
nitrosomonas	m	nitrosomonas
nitrosyle	m	nitrosyles
nitrotoluène	m	nitrotoluènes
nitruration	f	nitrurations
nitrure	m	nitrures
nivation	f	nivations
niveau	m	niveaux
nivelage	m	nivelages
nivelette	f	nivelettes
niveleur	m	niveleurs
niveleuse	f	niveleuses
niveleuse	f	niveleuses
nivellation	f	nivellations
nivelle	f	nivelles
nivellement	m	nivellements
nivernais	m	nivernais
nivernaise	f	nivernaises
nivèlement	m	nivèlements
nivéole	f	nivéoles
nivôse	m	nivôses
nixe	f	nixes
nizeré	m	nizerés
nièce	f	nièces
niôle	f	niôles
nobiliaire	m	nobiliaires
noblaillon	m	noblaillons
noblaillonne	f	noblaillonnes
noblesse	f	noblesses
nobliau	m	nobliaux
nobélium	m	nobéliums
noce	f	noces
noceur	m	noceurs
noceuse	f	noceuses
nocher	m	nochers
nocivité	f	nocivités
noctambulage	m	noctambulages
noctambulation	f	noctambulations
noctambulisme	m	noctambulismes
noctambulité	f	noctambulités
noctiluque	f	noctiluques
noctuelle	f	noctuelles
noctule	f	noctules
nocturne	m	nocturnes
nocuité	f	nocuités
nodale	f	nodales
nodosité	f	nodosités
nodule	m	nodules
noeud	m	noeuds
noiement	m	noiements
noir	m	noirs
noire	f	noires
noiraud	m	noirauds
noiraude	f	noiraudes
noirceur	f	noirceurs
noircissage	m	noircissages
noircissement	m	noircissements
noircisseur	m	noircisseurs
noircissure	f	noircissures
noire	f	noires
noise	f	noises
noiseraie	f	noiseraies
noisetier	m	noisetiers
noisette	f	noisettes
noix	f	noix
noli-me-tangere	m	noli-me-tangere
nolis	m	nolis
nolisage	m	nolisages
nolisement	m	nolisements
nom	m	noms
nomadisation	f	nomadisations
nomadisme	m	nomadismes
nombrage	m	nombrages
nombre	m	nombres
nombril	m	nombrils
nombrilisme	m	nombrilismes
nome	m	nomes
nomenclateur	m	nomenclateurs
nomenclature	f	nomenclatures
nomenklatura	f	nomenklaturas
nominalisation	f	nominalisations
nominalisme	m	nominalismes
nomination	f	nominations
nommage	m	nommages
nomogramme	m	nomogrammes
nomographie	f	nomographies
non	m	non
non-agression	f	non-agressions
non-alignement	m	non-alignements
non-assistance	f	non-assistances
non-combattant	m	non-combattants
non-combattante	f	non-combattantes
non-comparant	m	non-comparants
non-comparution	f	non-comparutions
non-conciliation	f	non-conciliations
non-conformisme	m	non-conformismes
non-conformité	f	non-conformités
non-contradiction	f	non-contradictions
non-disponibilité	f	non-disponibilités
non-déductibilité	f	non-déductibilités
non-existence	f	non-existences
non-exécution	f	non-exécutions
non-initié	m	non-initiés
non-initiée	f	non-initiées
non-inscrit	m	non-inscrits
non-inscrite	f	non-inscrites
non-intervention	f	non-interventions
non-lieu	m	non-lieux
non-lucrativité	f	non-lucrativités
non-moi	m	non-moi
non-paiement	m	non-paiements
non-recevoir	m	non-recevoirs
non-satisfaction	f	non-satisfactions
non-sens	m	non-sens
non-usage	m	non-usages
non-valeur	f	non-valeurs
non-violence	f	non-violences
non-être	m	non-êtres
nonante	m	nonante
nonce	m	nonces
nonchalance	f	nonchalances
nonchalant	m	nonchalants
nonchalante	f	nonchalantes
nonchaloir	m	nonchaloirs
nonciature	f	nonciatures
none	f	nones
nonidi	m	nonidis
nonnette	f	nonnettes
nonpareille	f	nonpareilles
nopage	m	nopages
nopal	m	nopals
noradrénaline	f	noradrénalines
noramidopyrine	f	noramidopyrines
nord	m	nords
nord-est	m	nord-est
nord-ouest	m	nord-ouest
noria	f	norias
normage	m	normages
normale	f	normales
normalien	m	normaliens
normalienne	f	normaliennes
normalisation	f	normalisations
normalité	f	normalités
normand	m	normands
normande	f	normandes
normande	f	normandes
normandisation	f	normandisations
normation	f	normations
normativité	f	normativités
norme	f	normes
normoblaste	m	normoblastes
normographe	m	normographes
norois	m	norois
noroise	f	noroises
noroît	m	noroîts
norrois	m	norrois
norroise	f	norroises
norvégien	m	norvégiens
norvégienne	f	norvégiennes
norvégienne	f	norvégiennes
nosographie	f	nosographies
nosologie	f	nosologies
nostalgie	f	nostalgies
nostoc	m	nostocs
nostomanie	f	nostomanies
nosémose	f	nosémoses
nota	m	nota
notabilité	f	notabilités
notage	m	notages
notaire	m	notaires
notairesse	f	notairesses
notariat	m	notariats
notarisation	f	notarisations
notateur	m	notateurs
notation	f	notations
note	f	notes
notice	f	notices
notification	f	notifications
notion	f	notions
notonecte	f	notonectes
notoriété	f	notoriétés
notre-dame	f	notre-dame
notule	f	notules
nouage	m	nouages
nouaison	f	nouaisons
nouba	f	noubas
noue	f	noues
nouement	m	nouements
nougat	m	nougats
nougatine	f	nougatines
nouille	f	nouilles
noulet	m	noulets
noumène	m	noumènes
nounou	f	nounous
nounours	m	nounours
nourrain	m	nourrains
nourrice	f	nourrices
nourricerie	f	nourriceries
nourrissage	m	nourrissages
nourrissement	m	nourrissements
nourrisseur	m	nourrisseurs
nourrisson	m	nourrissons
nourriture	f	nourritures
nouure	f	nouures
nouveau	m	nouveaux
nouvelle	f	nouvelles
nouveau-né	m	nouveau-nés
nouveau-née	f	nouveau-nées
nouveauté	f	nouveautés
nouvelle	f	nouvelles
nova	f	novae
novateur	m	novateurs
novatrice	f	novatrices
novation	f	novations
novembre	m	novembres
noviciat	m	noviciats
novocaïne	f	novocaïnes
noyade	f	noyades
noyage	m	noyages
noyau	m	noyaux
noyautage	m	noyautages
noyer	m	noyers
noyé	m	noyés
noyée	f	noyées
noël	m	noëls
nu	m	nu
nu-pieds	m	nu-pieds
nu-propriétaire	m	nus-propriétaires
nue-propriétaire	f	nues-propriétaires
nuage	m	nuages
nuance	f	nuances
nuancement	m	nuancements
nuanciation	f	nuanciations
nuançage	m	nuançages
nubilité	f	nubilités
nucelle	m	nucelles
nucléaire	m	nucléaires
nucléarisation	f	nucléarisations
nucléine	f	nucléines
nucléole	m	nucléoles
nucléon	m	nucléons
nucléonique	f	nucléoniques
nucléoprotéine	f	nucléoprotéines
nucléosynthèse	f	nucléosynthèses
nucléotide	m	nucléotides
nucléus	m	nucléus
nudisme	m	nudismes
nudité	f	nudités
nue	f	nues
nue-propriété	f	nues-propriétés
nuisance	f	nuisances
nuisible	m	nuisibles
nuit	f	nuits
nuitée	f	nuitées
nul	m	nuls
nulle	f	nulles
nullard	m	nullards
nullarde	f	nullardes
nulle	f	nulles
nullification	f	nullifications
nullipare	f	nullipares
nullité	f	nullités
numerus	m	numerus
numismatique	f	numismatiques
nummulite	f	nummulites
nummulitique	m	nummulitiques
numérateur	m	numérateurs
numération	f	numérations
numérisation	f	numérisations
numériseur	m	numériseurs
numéro	m	numéros
numérologie	f	numérologies
numérotage	m	numérotages
numérotation	f	numérotations
nunatak	m	nunataks
nuncupation	f	nuncupations
nuptialité	f	nuptialités
nuque	f	nuques
nuraghe	m	nuraghi
nurse	f	nurses
nurserie	f	nurseries
nursery	f	nurseries
nutation	f	nutations
nutriment	m	nutriments
nutrition	f	nutritions
nuée	f	nuées
nyctaginacée	f	nyctaginacées
nyctalopie	f	nyctalopies
nycthémère	m	nycthémères
nycturie	f	nycturies
nylon	m	nylons
nymphale	m	nymphales
nymphalidé	m	nymphalidés
nymphe	f	nymphes
nymphette	f	nymphettes
nymphomane	f	nymphomanes
nymphomanie	f	nymphomanies
nymphose	f	nymphoses
nymphéa	m	nymphéas
nymphéacée	f	nymphéacées
nymphée	m	nymphées
nystagmus	m	nystagmus
nèfle	f	nèfles
nègre	m	nègres
négresse	f	
néant	m	néants
néantisation	f	néantisations
nébuleuse	f	nébuleuses
nébulisation	f	nébulisations
nébuliseur	m	nébuliseurs
nébulosité	f	nébulosités
nécessaire	m	nécessaires
nécessitation	f	nécessitations
nécessiteux	m	nécessiteux
nécessiteuse	f	nécessiteuses
nécessité	f	nécessités
nécrobie	f	nécrobies
nécrologe	m	nécrologes
nécrologie	f	nécrologies
nécromancie	f	nécromancies
nécromancien	m	nécromanciens
nécromancienne	f	nécromanciennes
nécromant	m	nécromants
nécrophilie	f	nécrophilies
nécrophore	m	nécrophores
nécropole	f	nécropoles
nécropsie	f	nécropsies
nécrose	f	nécroses
néerlandais	m	néerlandais
néerlandaise	f	néerlandaises
néflier	m	néfliers
négateur	m	négateurs
négatrice	f	négatrices
négatif	m	négatifs
négation	f	négations
négationnisme	m	négationnismes
négativation	f	négativations
négative	f	négatives
négaton	m	négatons
négatoscope	m	négatoscopes
négentropie	f	négentropies
négligement	m	négligements
négligence	f	négligences
négligent	m	négligents
négligente	f	négligentes
négligé	m	négligés
négoce	m	négoces
négociabilité	f	négociabilités
négociant	m	négociants
négociante	f	négociantes
négociateur	m	négociateurs
négociatrice	f	négociatrices
négociation	f	négociations
négondo	m	négondos
négrier	m	négriers
négrière	f	négrières
négrification	f	négrifications
négrille	m	négrilles
négrillon	m	négrillons
négrillonne	f	négrillonnes
négritude	f	négritudes
néguentropie	f	néguentropies
négus	m	négus
nélombo	m	nélombos
némale	m	némales
némalion	m	némalions
némathelminthe	m	némathelminthes
nématique	m	nématiques
nématocyste	m	nématocystes
nématode	m	nématodes
némerte	m	némertes
nénette	f	nénettes
nénuphar	m	nénuphars
néné	m	nénés
néo	m	néos
néo-classicisme	m	néo-classicismes
néo-colonialisme	m	néo-colonialismes
néo-criticisme	m	néo-criticismes
néo-darwinisme	m	néo-darwinismes
néo-kantisme	m	néo-kantismes
néo-platonicien	m	néo-platoniciens
néo-platonisme	m	néo-platonismes
néo-positivisme	m	néo-positivismes
néo-réalisme	m	néo-réalismes
néo-thomisme	m	néo-thomismes
néo-zélandais	m	néo-zélandais
néo-zélandaise	f	néo-zélandaises
néoblaste	m	néoblastes
néocolonialisme	m	néocolonialismes
néoconservatisme	m	néoconservatismes
néodarwinisme	m	néodarwinismes
néodyme	m	néodymes
néoformation	f	néoformations
néolamarckisme	m	néolamarckismes
néolibéral	m	néolibéraux
néolibérale	f	néolibérales
néolibéralisme	m	néolibéralismes
néologie	f	néologies
néologisation	f	néologisations
néologisme	m	néologismes
néomortalité	f	néomortalités
néomycine	f	néomycines
néoménie	f	néoménies
néon	m	néons
néonatalogie	f	néonatalogies
néopilina	f	néopilinas
néoplasie	f	néoplasies
néoplasme	m	néoplasmes
néoplasticisme	m	néoplasticismes
néoplastie	f	néoplasties
néopositivisme	m	néopositivismes
néotectonique	f	néotectoniques
néottie	f	néotties
néotène	m	néotènes
néozoïque	m	néozoïques
népalais	m	népalais
népalaise	f	népalaises
népenthès	m	népenthès
néphrectomie	f	néphrectomies
néphridie	f	néphridies
néphrite	f	néphrites
néphrographie	f	néphrographies
néphrologie	f	néphrologies
néphron	m	néphrons
néphropathie	f	néphropathies
néphropexie	f	néphropexies
néphrose	f	néphroses
néphrostomie	f	néphrostomies
néphéline	f	néphélines
néphélion	m	néphélions
népotisme	m	népotismes
népète	f	népètes
néroli	m	nérolis
néréis	f	néréis
névralgie	f	névralgies
névraxe	m	névraxes
névrilème	m	névrilèmes
névrite	f	névrites
névrodermite	f	névrodermites
névroglie	f	névroglies
névropathie	f	névropathies
névroptère	m	névroptères
névrose	f	névroses
névrosé	m	névrosés
névrosée	f	névrosées
névrotomie	f	névrotomies
névé	m	névés
nô	m	nôs
nôtre	m	nôtres
o.n.u.	f	o.n.u.
oaristys	f	oaristys
oasien	m	oasiens
oasienne	f	oasiennes
oasis	f	oasis
obel	m	obels
obi	f	obis
obier	m	obiers
obit	m	obits
obituaire	m	obituaires
objecteur	m	objecteurs
objectif	m	objectifs
objection	f	objections
objectivation	f	objectivations
objectivisation	f	objectivisations
objectivisme	m	objectivismes
objectivité	f	objectivités
objet	m	objets
objurgation	f	objurgations
oblast	m	oblasts
oblat	m	oblats
oblate	f	oblates
oblation	f	oblations
oblature	f	oblatures
obligation	f	obligations
obligeance	f	obligeances
obligé	m	obligés
obligée	f	obligées
obliquité	f	obliquités
oblitérateur	m	oblitérateurs
oblitération	f	oblitérations
obnubilation	f	obnubilations
obole	f	oboles
obscurantisme	m	obscurantismes
obscurcissement	m	obscurcissements
obscurité	f	obscurités
obscénité	f	obscénités
observance	f	observances
observant	m	observants
observateur	m	observateurs
observatrice	f	observatrices
observation	f	obs..
observatoire	m	observatoires
obsession	f	obsessions
obsidienne	f	obsidiennes
obsolescence	f	obsolescences
obstacle	m	obstacles
obstination	f	obstinations
obstiné	m	obstinés
obstinée	f	obstinées
obstruction	f	obstructions
obstructionnisme	m	obstructionnismes
obstétricien	m	obstétriciens
obstétricienne	f	obstétriciennes
obstétrique	f	obstétriques
obsèque	f	obsèques
obsécration	f	obsécrations
obsédé	m	obsédés
obsédée	f	obsédées
obséquiosité	f	obséquiosités
obtempération	f	obtempérations
obtenteur	m	obtenteurs
obtentrice	f	obtentrices
obtention	f	obtentions
obturateur	m	obturateurs
obturation	f	obturations
obtusion	f	obtusions
obus	m	obus
obusier	m	obusiers
obvers	m	obvers
obèle	m	obèles
obédience	f	obédiences
obédiencier	m	obédienciers
obéissance	f	obéissances
obélisque	m	obélisques
obérée	f	obérées
obésité	f	obésités
oc	f	ocs
ocarina	m	ocarinas
occase	f	occases
occasion	f	occase
occasionnalisme	m	occasionnalismes
occident	m	occidents
occidental	m	occidentaux
occidentale	f	occidentales
occidentalisation	f	occidentalisations
occiput	m	occiputs
occision	f	occisions
occitan	m	occitans
occitane	f	occitanes
occlusion	f	occlusions
occlusive	f	occlusives
occultage	m	occultages
occultation	f	occultations
occultisme	m	occultismes
occupant	m	occupants
occupante	f	occupantes
occupation	f	occupations
occurrence	f	occurrences
ocelle	m	ocelles
ocellement	m	ocellements
ocelot	m	ocelots
octal	m	octaux
octane	m	octanes
octant	m	octants
octante	m	octante
octave	f	octaves
octaviation	f	octaviations
octavin	m	octavins
octaèdre	m	octaèdres
octet	m	octets
octidi	m	octidis
octobre	m	octobres
octocoralliaire	m	octocoralliaires
octogone	m	octogones
octroi	m	octrois
octroiement	m	octroiements
octuor	m	octuors
octuple	m	octuples
oculaire	m	oculaires
oculus	m	oculi
ocytocine	f	ocytocines
océan	m	océans
océanide	f	océanides
océanien	m	océaniens
océanienne	f	océaniennes
océanographie	f	océanographies
océanologie	f	océanologies
odalisque	f	odalisques
ode	f	odes
odelette	f	odelettes
odeur	f	odeurs
odomètre	m	odomètres
odonate	m	odonates
odontalgie	f	odontalgies
odontologie	f	odontologies
odontomètre	m	odontomètres
odontostomatologie	f	odontostomatologies
odorat	m	odorats
odoration	f	odorations
odorisation	f	odorisations
odyssée	f	odyssées
odéon	m	odéons
oecuménicité	f	oecuménicités
oecuménisme	m	oecuménismes
oedicnème	m	oedicnèmes
oedipe	m	oedipes
oedème	m	oedèmes
oeil	m	oeils
oeil-de-boeuf	m	oeils-de-boeuf
oeil-de-chat	m	oeils-de-chat
oeil-de-perdrix	m	oeils-de-perdrix
oeil-de-pie	m	oeil-de-pies
oeillade	f	oeillades
oeillard	m	oeillards
oeillet	m	oeillets
oeilletage	m	oeilletages
oeilleton	m	oeilletons
oeilletonnage	m	oeilletonnages
oeillette	f	oeillettes
oeillère	f	oeillères
oekoumène	m	oekoumènes
oenanthe	f	oenanthes
oenilisme	m	oenilismes
oenolisme	m	oenolismes
oenologie	f	oenologies
oenométrie	f	oenométries
oenothera	m	oenotheras
oenothèque	f	oenothèques
oenothère	m	oenothères
oenothéracée	f	oenothéracées
oersted	m	oersteds
oerstite	f	oerstites
oesophage	m	oesophages
oesophagite	f	oesophagites
oesophagoscope	m	oesophagoscopes
oestradiol	m	oestradiols
oestre	m	oestres
oestrogène	m	oestrogènes
oestrone	f	oestrones
oestrus	m	oestrus
oeuf	m	oeufs
oeufrier	m	oeufriers
oeuvrage	m	oeuvrages
oeuvrée	f	oeuvrées
offense	f	offenses
offenseur	m	offenseurs
offensive	f	offensives
offensé	m	offensés
offensée	f	offensées
offertoire	m	offertoires
official	m	officiaux
officialisation	f	officialisations
officialité	f	officialités
officiant	m	officiants
officiel	m	officiels
officielle	f	officielles
officine	f	officines
offrande	f	offrandes
offrant	m	offrants
offre	f	offres
offreur	m	offreurs
offreuse	f	offreuses
offshore	m	offshore
offuscation	f	offuscations
offusquement	m	offusquements
oflag	m	oflags
ogham	m	oghams
ogivage	m	ogivages
ogive	f	ogives
ogoni	m	ogonis
ogonie	f	ogonies
ogre	m	ogres
ogresse	f	ogresses
ohm	m	ohms
ohmmètre	m	ohmmètres
oie	f	oies
oignon	m	oignons
oignonade	f	oignonades
oignonière	f	oignonières
oille	f	oilles
oing	m	oings
oint	m	oints
oiseau	m	oiseaux
oiselle	f	oiselles
oiseau-lyre	m	oiseaux-lyres
oiseau-mouche	m	oiseaux-mouches
oiselet	m	oiselets
oiseleur	m	oiseleurs
oiselier	m	oiseliers
oiselière	f	oiselières
oiselle	f	oiselles
oisellerie	f	oiselleries
oisif	m	oisifs
oisive	f	oisives
oisillon	m	oisillons
oisiveté	f	oisivetés
oison	m	oisons
okapi	m	okapis
okoumé	m	okoumés
olanzapine	f	olanzapines
olfaction	f	olfactions
oliban	m	olibans
olibrius	m	olibrius
olifant	m	olifants
oligarchie	f	oligarchies
oligarchisme	m	oligarchismes
oligiste	m	oligistes
oligo-élément	m	oligo-éléments
oligochète	m	oligochètes
oligoclase	f	oligoclases
oligodendroglie	f	oligodendroglies
oligophrénie	f	oligophrénies
oligopole	m	oligopoles
oligopsone	m	oligopsones
oligurie	f	oliguries
olim	m	olim
oliphant	m	oliphants
olivaie	f	olivaies
olivaison	f	olivaisons
olive	f	olives
oliveraie	f	oliveraies
olivet	m	olivets
olivette	f	olivettes
olivier	m	oliviers
olivine	f	olivines
olivétain	m	olivétains
olympe	m	olympes
olympiade	f	olympiades
olympisme	m	olympismes
oléacée	f	oléacées
oléagineux	m	oléagineux
oléagineuse	f	oléagineuses
oléandomycine	f	oléandomycines
oléastre	m	oléastres
oléate	m	oléates
oléfine	f	oléfines
oléiculteur	m	oléiculteurs
oléicultrice	f	oléicultrices
oléiculture	f	oléicultures
oléine	f	oléines
oléoduc	m	oléoducs
oléolat	m	oléolats
oléomètre	m	oléomètres
oléorésine	f	oléorésines
oléum	m	oléums
ombellale	f	ombellales
ombelle	f	ombelles
ombellifère	f	ombellifères
ombelliféracée	f	ombelliféracées
ombellule	f	ombellules
ombilic	m	ombilics
ombilicale	f	ombilicales
ombilication	f	ombilications
omble	m	ombles
ombrage	m	ombrages
ombragement	m	ombragements
ombrelle	f	ombrelles
ombrette	f	ombrettes
ombrien	m	ombriens
ombrienne	f	ombriennes
ombrine	f	ombrines
ombrée	f	ombrées
ombudsman	m	ombudsmans
omelette	f	omelettes
omerta	f	omertas
omertà	f	omertàs
omicron	m	omicron
omis	m	omis
omission	f	omissions
ommatidie	f	ommatidies
omnibus	m	omnibus
omnipotence	f	omnipotences
omnipraticien	m	omnipraticiens
omnipraticienne	f	omnipraticiennes
omniprésence	f	omniprésences
omniscience	f	omnisciences
omnium	m	omniums
omnivore	m	omnivores
omoplate	f	omoplates
oméga	m	oméga
on-dit	m	on-dit
onagracée	f	onagracées
onagrariacée	f	onagrariacées
onagrariée	f	onagrariées
onanisme	m	onanismes
onaniste	m	onanistes
once	f	onces
onchocercose	f	onchocercoses
onciale	f	onciales
oncle	m	oncles
oncologie	f	oncologies
onction	f	onctions
onctuosité	f	onctuosités
ondatra	m	ondatras
onde	f	ondes
ondemètre	m	ondemètres
ondin	m	ondins
ondine	f	ondines
ondoiement	m	ondoiements
ondoyance	f	ondoyances
ondulation	f	ondulations
onduleur	m	onduleurs
onduleuse	f	onduleuses
ondée	f	ondées
one-man-show	m	one-man-shows
one-step	m	one-step
ongle	m	ongles
onglet	m	onglets
onglette	f	onglettes
onglier	m	ongliers
onglon	m	onglons
onglée	f	onglées
onguent	m	onguents
onguiculé	m	onguiculés
onirisme	m	onirismes
onirologie	f	onirologies
oniromancie	f	oniromancies
oniromancien	m	oniromanciens
oniromancienne	f	oniromanciennes
onirothérapie	f	onirothérapies
onomasiologie	f	onomasiologies
onomastique	f	onomastiques
onomatopée	f	onomatopées
ontarien	m	ontariens
ontarienne	f	ontariennes
onto-théologie	f	onto-théologies
ontogenèse	f	ontogenèses
ontogénie	f	ontogénies
ontologie	f	ontologies
ontologisation	f	ontologisations
ontologisme	m	ontologismes
onychomycose	f	onychomycoses
onychophagie	f	onychophagies
onychophore	m	onychophores
onyx	m	onyx
onyxis	m	onyxis
onzain	m	onzains
onze	m	onze
oocyte	m	oocytes
oogone	f	oogones
oosphère	f	oosphères
oospore	f	oospores
oothèque	f	oothèques
opacifiant	m	opacifiants
opacification	f	opacifications
opacimétrie	f	opacimétries
opacité	f	opacités
opale	f	opales
opalescence	f	opalescences
opaline	f	opalines
opalisation	f	opalisations
open	m	opens
openfield	m	openfields
os	m	os
opercule	m	opercules
ophicléide	m	ophicléides
ophidien	m	ophidiens
ophioglosse	m	ophioglosses
ophiographie	f	ophiographies
ophiolite	f	ophiolites
ophiologie	f	ophiologies
ophiolâtrie	f	ophiolâtries
ophiure	f	ophiures
ophrys	m	ophrys
ophtalmie	f	ophtalmies
ophtalmologie	f	ophtalmologies
ophtalmomètre	m	ophtalmomètres
ophtalmoscope	m	ophtalmoscopes
ophtalmoscopie	f	ophtalmoscopies
opiacé	m	opiacés
opiat	m	opiats
opilation	f	opilations
opilion	m	opilions
opinion	f	opinions
opiniâtreté	f	opiniâtretés
opiomanie	f	opiomanies
opisthobranche	m	opisthobranches
opisthodome	m	opisthodomes
opium	m	opiums
opopanax	m	opopanax
opossum	m	opossums
opothérapie	f	opothérapies
oppidum	m	oppidums
opportunisme	m	opportunismes
opportunité	f	opportunités
opposabilité	f	opposabilités
opposant	m	opposants
opposante	f	opposantes
opposite	m	opposites
opposition	f	oppositions
oppositionnel	m	oppositionnels
oppositionnelle	f	oppositionnelles
opposé	m	opposés
oppressement	m	oppressements
oppresseur	m	oppresseurs
oppression	f	oppressions
opprimé	m	opprimés
opprimée	f	opprimées
opprobre	m	opprobres
optant	m	optants
optatif	m	optatifs
opticien	m	opticiens
opticienne	f	opticiennes
optimalisation	f	optimalisations
optimisation	f	optimisations
optimisme	m	optimismes
optimum	m	optima
option	f	options
optique	f	optiques
optométrie	f	optométries
opulence	f	opulences
opuntia	m	opuntias
opus	m	opus
opuscule	m	opuscules
opéra	m	opéras
opéra-comique	m	opéras-comiques
opérande	m	opérandes
opérateur	m	opérateurs
opératrice	f	opératrices
opération	f	opérations
opérationnisme	m	opérationnismes
opérette	f	opérettes
opéron	m	opérons
opéré	m	opérés
opérée	f	opérées
or	m	ors
oracle	m	oracles
orage	m	orages
oraison	f	oraisons
oral	m	oraux
orale	f	orales
oralité	f	oralités
oranais	m	oranais
oranaise	f	oranaises
orang	m	orangs
orang-outan	m	orangs-outans
orang-outang	m	orangs-outangs
orangeade	f	orangeades
oranger	m	orangers
orangeraie	f	orangeraies
orangerie	f	orangeries
orangé	m	orangés
orant	m	orants
orante	f	orantes
orateur	m	orateurs
oratrice	f	oratrices
oratoire	m	oratoires
oratorio	m	oratorios
orbitale	f	orbitales
orbitation	f	orbitations
orbite	f	orbites
orcanette	f	orcanettes
orchestique	f	orchestiques
orchestrateur	m	orchestrateurs
orchestration	f	orchestrations
orchestre	m	orchestres
orchidacée	f	orchidacées
orchidée	f	orchidées
orchis	m	orchis
orchite	f	orchites
ordalie	f	ordalies
ordinaire	m	ordinaires
ordinal	m	ordinaux
ordinand	m	ordinands
ordinant	m	ordinants
ordinateur	m	ordinateurs
ordination	f	ordinations
ordo	m	ordo
ordonnancement	m	ordonnancements
ordonnateur	m	ordonnateurs
ordonnatrice	f	ordonnatrices
ordonnement	m	ordonnements
ordonnée	f	ordonnées
ordovicien	m	ordoviciens
ordre	m	ordres
ordure	f	ordures
oreille	f	oreilles
oreille-de-mer	f	oreilles-de-mer
oreille-de-souris	f	oreilles-de-souris
oreiller	m	oreillers
oreillette	f	oreillettes
oreillon	m	oreillons
orfraie	f	orfraies
orfroi	m	orfrois
orfèvrerie	f	orfèvreries
organdi	m	organdis
organe	m	organes
organeau	m	organeaux
organicisme	m	organicismes
organigramme	m	organigrammes
organisateur	m	organisateurs
organisatrice	f	organisatrices
organisation	f	organisations
organisme	m	organismes
organite	m	organites
organologie	f	organologies
organothérapie	f	organothérapies
organsin	m	organsins
organsinage	m	organsinages
orgasme	m	orgasmes
orgeat	m	orgeats
orgelet	m	orgelets
orgie	f	orgies
orgue	m	orgues
orgueil	m	orgueils
orgueilleux	m	orgueilleux
orgueilleuse	f	orgueilleuses
oribus	m	oribus
orichalque	m	orichalques
oriel	m	oriels
orient	m	orients
oriental	m	orientaux
orientalisation	f	orientalisations
orientalisme	m	orientalismes
orientation	f	orientations
orientement	m	orientements
orienteur	m	orienteurs
orifice	m	orifices
oriflamme	f	oriflammes
origan	m	origans
original	m	originaux
originale	f	originales
originalité	f	originalités
origine	f	origines
orignal	m	orignaux
orillon	m	orillons
orin	m	orins
oringage	m	oringages
oripeau	m	oripeaux
orle	m	orles
orlon	m	orlons
orléanais	m	orléanais
orléanaise	f	orléanaises
ormaie	f	ormaies
orme	m	ormes
ormeau	m	ormeaux
ormille	f	ormilles
ormoie	f	ormoies
orne	m	ornes
ornement	m	ornements
ornementale	f	ornementales
ornementation	f	ornementations
ornithogale	m	ornithogales
ornithologie	f	ornithologies
ornithomancie	f	ornithomancies
ornithorynque	m	ornithorynques
ornière	f	ornières
orobanche	f	orobanches
orobe	m	orobes
orogenèse	f	orogenèses
orographie	f	orographies
orogénie	f	orogénies
oronge	f	oronges
oropharynx	m	oropharynx
orpaillage	m	orpaillages
orpailleur	m	orpailleurs
orphelin	m	orphelins
orpheline	f	orphelines
orphelinage	m	orphelinages
orphelinat	m	orphelinats
orphie	f	orphies
orphisme	m	orphismes
orphéon	m	orphéons
orpiment	m	orpiments
orpin	m	orpins
orque	f	orques
orseille	f	orseilles
orteil	m	orteils
orthocentre	m	orthocentres
orthodonte	m	orthodontes
orthodontie	f	orthodonties
orthodoxie	f	orthodoxies
orthogenèse	f	orthogenèses
orthogonalité	f	orthogonalités
orthographe	f	orthographes
orthographie	f	orthographies
orthogénie	f	orthogénies
orthophonie	f	orthophonies
orthopédie	f	orthopédies
orthoscopie	f	orthoscopies
orthose	f	orthoses
orthostate	m	orthostates
orthostatisme	m	orthostatismes
ortie	f	orties
ortolan	m	ortolans
orvale	f	orvales
orvet	m	orvets
orviétan	m	orviétans
oryctérope	m	oryctéropes
oryx	m	oryx
oréade	f	oréades
orée	f	orées
oréopithèque	m	oréopithèques
os	m	os
oscabrion	m	oscabrions
oscar	m	oscars
oscillaire	f	oscillaires
oscillateur	m	oscillateurs
oscillation	f	oscillations
oscillement	m	oscillements
oscillogramme	m	oscillogrammes
oscillographe	m	oscillographes
oscillomètre	m	oscillomètres
oscillométrie	f	oscillométries
oscilloscope	m	oscilloscopes
osculation	f	osculations
oscule	m	oscules
ose	m	oses
oseille	f	oseilles
oseraie	f	oseraies
oside	m	osides
osier	m	osiers
osiériculture	f	osiéricultures
osmiridium	m	osmiridiums
osmium	m	osmiums
osmiure	m	osmiures
osmomètre	m	osmomètres
osmométrie	f	osmométries
osmonde	f	osmondes
osmose	f	osmoses
ossature	f	ossatures
osselet	m	osselets
ossement	m	ossements
ossianisme	m	ossianismes
ossification	f	ossifications
osso-bucco	m	osso-bucco
ossuaire	m	ossuaires
ossète	m	ossètes
osséine	f	osséines
ost	m	ost
ostensoir	m	ostensoirs
ostentation	f	ostentations
ostiak	m	ostiaks
ostinato	m	ostinatos
ostiole	m	ostioles
osto	m	ostos
ostracisation	f	ostracisations
ostracisme	m	ostracismes
ostracode	m	ostracodes
ostracon	m	ostracons
ostrogot	m	ostrogots
ostrogote	f	ostrogotes
ostrogoth	m	ostrogoths
ostrogothe	f	ostrogothes
ostréiculteur	m	ostréiculteurs
ostréicultrice	f	ostréicultrices
ostréiculture	f	ostréicultures
ostréidé	m	ostréidés
ostéalgie	f	ostéalgies
ostéite	f	ostéites
ostéoblaste	m	ostéoblastes
ostéochondrite	f	ostéochondrites
ostéochondromatose	f	ostéochondromatoses
ostéochondrose	f	ostéochondroses
ostéoclasie	f	ostéoclasies
ostéoclaste	m	ostéoclastes
ostéodynie	f	ostéodynies
ostéogenèse	f	ostéogenèses
ostéolithe	m	ostéolithes
ostéologie	f	ostéologies
ostéolyse	f	ostéolyses
ostéomalacie	f	ostéomalacies
ostéome	m	ostéomes
ostéomyélite	f	ostéomyélites
ostéonécrose	f	ostéonécroses
ostéopathie	f	ostéopathies
ostéophone	m	ostéophones
ostéophyte	m	ostéophytes
ostéoplaste	m	ostéoplastes
ostéoplastie	f	ostéoplasties
ostéoporose	f	ostéoporoses
ostéosarcome	m	ostéosarcomes
ostéose	f	ostéoses
ostéosynthèse	f	ostéosynthèses
ostéotomie	f	ostéotomies
otage	m	otages
otalgie	f	otalgies
otarie	f	otaries
otite	f	otites
oto-rhino	m	oto-rhinos
oto-rhino-laryngologie	f	oto-rhino-laryngologies
otoconie	f	otoconies
otocyon	m	otocyons
otocyste	m	otocystes
otologie	f	otologies
otomi	m	otomis
otoplastie	f	otoplasties
otorragie	f	otorragies
otorrhée	f	otorrhées
otoscope	m	otoscopes
otospongiose	f	otospongioses
ottoman	m	ottomans
ottomane	f	ottomanes
ottomane	f	ottomanes
ouabaïne	f	ouabaïnes
ouaille	f	ouailles
ouananiche	f	ouananiches
ouaouaron	m	ouaouarons
ouarine	m	ouarines
ouatage	m	ouatages
ouate	f	ouates
ouaterie	f	ouateries
ouatinage	m	ouatinages
ouatine	f	ouatines
oubli	m	oublis
oublie	f	oublies
oubliette	f	oubliettes
oublieux	m	oublieux
oublieuse	f	oublieuses
ouche	f	ouches
oued	m	oueds
ouest	m	ouests
ougandais	m	ougandais
ougandaise	f	ougandaises
ougrien	m	ougriens
ouguiya	m	ouguiyas
oui	m	oui
ouillage	m	ouillages
ouillère	f	ouillères
ouistiti	m	ouistitis
oukase	m	oukases
oulice	f	oulices
ouléma	m	oulémas
oumiak	m	oumiaks
ouragan	m	ouragans
ourdissage	m	ourdissages
ourdisseur	m	ourdisseurs
ourdisseuse	f	ourdisseuses
ourdissoir	m	ourdissoirs
ourdou	m	ourdous
ourlage	m	ourlages
ourle	m	ourles
ourlement	m	ourlements
ourlet	m	ourlets
ours	m	ours
ourse	f	ourses
ourse	f	ourses
oursin	m	oursins
ourson	m	oursons
oustachi	m	oustachis
outan	m	outans
outang	m	outangs
outarde	f	outardes
outardeau	m	outardeaux
outil	m	outils
outillage	m	outillages
outillement	m	outillements
outilleur	m	outilleurs
outlaw	m	outlaws
output	m	outputs
outrage	m	outrages
outrance	f	outrances
outre	f	outres
outrecuidance	f	outrecuidances
outremer	m	outremers
outrepassage	m	outrepassages
outrepasse	f	outrepasses
outrepassement	m	outrepassements
ouvala	f	ouvalas
ouvert	m	ouverts
ouverture	f	ouvertures
ouvrabilité	f	ouvrabilités
ouvrage	m	ouvrages
ouvraison	f	ouvraisons
ouvrant	m	ouvrants
ouvre-bouteille	m	ouvre-bouteilles
ouvre-boîte	m	ouvre-boîtes
ouvre-gant	m	ouvre-gants
ouvre-huitre	m	ouvre-huitres
ouvreau	m	ouvreaux
ouvreur	m	ouvreurs
ouvreuse	f	ouvreuses
ouvreuse	f	ouvreuses
ouvrier	m	ouvriers
ouvrière	f	ouvrières
ouvrière	f	ouvrières
ouvriérisme	m	ouvriérismes
ouvroir	m	ouvroirs
ouzbèke	f	ouzbèkes
ouzo	m	ouzos
ouï-dire	m	ouï-dire
ouïe	f	ouïes
ouïgour	m	ouïgours
ouïgoure	f	ouïgoures
ovaire	m	ovaires
ovalbumine	f	ovalbumines
ovale	m	ovales
ovalisation	f	ovalisations
ovariectomie	f	ovariectomies
ovariotomie	f	ovariotomies
ovarite	f	ovarites
ovate	m	ovates
ovation	f	ovations
ove	m	oves
overdose	f	overdoses
ovibos	m	ovibos
oviducte	m	oviductes
ovidé	m	ovidés
ovin	m	ovins
oviné	m	ovinés
ovipare	m	ovipares
oviparité	f	oviparités
ovipositeur	m	ovipositeurs
oviscapte	m	oviscaptes
ovni	m	ovnis
ovocyte	m	ovocytes
ovogenèse	f	ovogenèses
ovogonie	f	ovogonies
ovoproduit	m	ovoproduits
ovotide	m	ovotides
ovoviviparité	f	ovoviviparités
ovulation	f	ovulations
oxacide	m	oxacides
oxalate	m	oxalates
oxalurie	f	oxaluries
oxalémie	f	oxalémies
oxford	m	oxfords
oxfordien	m	oxfordiens
oxime	f	oximes
oxonium	m	oxoniums
oxyacide	m	oxyacides
oxycarbonisme	m	oxycarbonismes
oxycarbonémie	f	oxycarbonémies
oxychlorure	m	oxychlorures
oxycoupage	m	oxycoupages
oxycyanure	m	oxycyanures
oxydant	m	oxydants
oxydase	f	oxydases
oxydation	f	oxydations
oxyde	m	oxydes
oxydoréductase	f	oxydoréductases
oxydoréductimétrie	f	oxydoréductimétries
oxydoréduction	f	oxydoréductions
oxygène	m	oxygènes
oxygénateur	m	oxygénateurs
oxygénation	f	oxygénations
oxygénothérapie	f	oxygénothérapies
oxyhémoglobine	f	oxyhémoglobines
oxylithe	f	oxylithes
oxymel	m	oxymels
oxymoron	m	oxymorons
oxymétrie	f	oxymétries
oxysel	m	oxysels
oxysulfure	m	oxysulfures
oxyton	m	oxytons
oxyure	m	oxyures
oxyurose	f	oxyuroses
oyat	m	oyats
ozocérite	f	ozocérites
ozokérite	f	ozokérites
ozonage	m	ozonages
ozonateur	m	ozonateurs
ozonation	f	ozonations
ozone	m	ozones
ozoneur	m	ozoneurs
ozonide	m	ozonides
ozonisateur	m	ozonisateurs
ozonisation	f	ozonisations
ozoniseur	m	ozoniseurs
ozonosphère	f	ozonosphères
ozène	m	ozènes
ozéneux	m	ozéneux
oïdie	f	oïdies
oïdium	m	oïdiums
oïl	f	oïls
pacage	m	pacages
pacemaker	m	pacemakers
pacfung	m	pacfungs
pacha	m	pachas
pachalik	m	pachaliks
pachto	m	pachtos
pachyderme	m	pachydermes
pachydermie	f	pachydermies
pacificateur	m	pacificateurs
pacificatrice	f	pacificatrices
pacification	f	pacifications
pacifisme	m	pacifismes
pack	m	packs
package	m	packages
packaging	m	packagings
packfung	m	packfungs
pacotille	f	pacotilles
pacquage	m	pacquages
pacson	m	pacsons
pacte	m	pactes
paction	f	pactions
pactisation	f	pactisations
pactole	m	pactoles
paddock	m	paddocks
paddy	m	paddys
padichah	m	padichahs
padischah	m	padischahs
padou	m	padous
padoue	m	padoues
padre	m	padres
paella	f	paellas
pagaie	f	pagaies
pagaille	f	pagailles
paganisation	f	paganisations
paganisme	m	paganismes
pagayage	m	pagayages
pagaye	f	pagayes
pagayeur	m	pagayeurs
pagayeuse	f	pagayeuses
pagaïe	f	pagaïes
p.	f	p.
pageau	m	pageaus
pagel	m	pagels
pageot	m	pageots
pagination	f	paginations
pagne	m	pagnes
pagode	f	pagodes
pagodon	m	pagodons
pagre	m	pagres
pagure	m	pagures
pagus	m	pagus
paidologie	f	paidologies
paie	f	paies
paiement	m	paiements
paierie	f	paieries
paillage	m	paillages
paillard	m	paillards
paillarde	f	paillardes
paillardise	f	paillardises
paillasson	m	paillassons
paillassonnage	m	paillassonnages
paillet	m	paillets
pailletage	m	pailletages
pailletement	m	pailletements
pailleteur	m	pailleteurs
paillette	f	paillettes
pailleur	m	pailleurs
pailleuse	f	pailleuses
paillis	m	paillis
paillole	f	pailloles
paillon	m	paillons
paillot	m	paillots
paillote	f	paillotes
paillé	m	paillés
pain	m	pains
pair	m	pairs
pairage	m	pairages
paire	f	paires
pairesse	f	pairesses
pairie	f	pairies
pairle	m	pairles
paissance	f	paissances
paisseau	m	paisseaux
paix	f	paix
pakistanais	m	pakistanais
pakistanaise	f	pakistanaises
pal	m	pals
palace	m	palaces
paladin	m	paladins
paladinage	m	paladinages
palais	m	palais
palamisme	m	palamismes
palan	m	palans
palanche	f	palanches
palangre	f	palangres
palanquin	m	palanquins
palanquée	f	palanquées
palastre	m	palastres
palatale	f	palatales
palatalisation	f	palatalisations
palatin	m	palatins
palatine	f	palatines
palatinat	m	palatinats
palatine	f	palatines
palatite	f	palatites
palatogramme	m	palatogrammes
palatoplastie	f	palatoplasties
pale	f	pales
palefrenier	m	palefreniers
palefroi	m	palefrois
paleron	m	palerons
palestinien	m	palestiniens
palestinienne	f	palestiniennes
palestre	f	palestres
palet	m	palets
paletot	m	paletots
palette	f	palettes
palettisation	f	palettisations
palettiseur	m	palettiseurs
palier	m	paliers
palification	f	palifications
palilalie	f	palilalies
palimpseste	m	palimpsestes
palindrome	m	palindromes
palingénésie	f	palingénésies
palinodie	f	palinodies
palis	m	palis
palissade	f	palissades
palissage	m	palissages
palissandre	m	palissandres
palissonnage	m	palissonnages
palissonneur	m	palissonneurs
paliure	m	paliures
palière	f	palières
palladianisme	m	palladianismes
palladium	m	palladiums
palle	f	palles
palliation	f	palliations
pallidectomie	f	pallidectomies
pallidum	m	pallidums
pallium	m	palliums
palma-christi	m	palma-christi
palmacée	f	palmacées
palmage	m	palmages
palmaire	m	palmaires
palmarium	m	palmariums
palmarès	m	palmarès
palmature	f	palmatures
palmeraie	f	palmeraies
palmette	f	palmettes
palmier	m	palmiers
palmipède	m	palmipèdes
palmite	m	palmites
palmitine	f	palmitines
palmure	f	palmures
palois	m	palois
paloise	f	paloises
palombe	f	palombes
palonnier	m	palonniers
palot	m	palots
palourde	f	palourdes
palpage	m	palpages
palpation	f	palpations
palpe	m	palpes
palpeur	m	palpeurs
palpitant	m	palpitants
palpitation	f	palpitations
palpitement	m	palpitements
palplanche	f	palplanches
paltoquet	m	paltoquets
paluche	f	paluches
palud	m	paluds
paludarium	m	paludariums
palude	f	paludes
paludier	m	paludiers
paludine	f	paludines
paludisme	m	paludismes
paludologie	f	paludologies
paludéen	m	paludéens
palus	m	palus
palynologie	f	palynologies
palâtre	m	palâtres
palée	f	palées
palémon	m	palémons
paléobotanique	f	paléobotaniques
paléoclimat	m	paléoclimats
paléographie	f	paléographies
paléohistologie	f	paléohistologies
paléolithique	m	paléolithiques
paléomagnétisme	m	paléomagnétismes
paléontologie	f	paléontologies
paléosol	m	paléosols
paléothérium	m	paléothériums
palétuvier	m	palétuviers
pampa	f	pampas
pamphlet	m	pamphlets
pampille	f	pampilles
pamplemoussier	m	pamplemoussiers
pampre	m	pampres
pampéro	m	pampéros
pan	m	pans
panachage	m	panachages
panache	m	panaches
panachure	f	panachures
panacée	f	panacées
panade	f	panades
panafricanisme	m	panafricanismes
panais	m	panais
panama	m	panamas
panaméen	m	panaméens
panaméricanisme	m	panaméricanismes
panarabisme	m	panarabismes
panaris	m	panaris
panatela	m	panatelas
panatella	m	panatellas
panax	m	panax
panca	m	pancas
pancalisme	m	pancalismes
pancarte	f	pancartes
panclastite	f	panclastites
pancosmisme	m	pancosmismes
pancrace	m	pancraces
pancréas	m	pancréas
pancréatine	f	pancréatines
pancréatite	f	pancréatites
panda	m	pandas
pandanus	m	pandanus
pandecte	f	pandectes
pandiculation	f	pandiculations
pandit	m	pandits
pandème	f	pandèmes
pandémie	f	pandémies
pandémonium	m	pandémoniums
panel	m	panels
panerée	f	panerées
paneterie	f	paneteries
panetier	m	panetiers
panetière	f	panetières
panetière	f	panetières
paneton	m	panetons
pangermanisme	m	pangermanismes
pangolin	m	pangolins
panhellénisme	m	panhellénismes
panic	m	panics
panicaut	m	panicauts
panier	m	paniers
panification	f	panifications
paniquard	m	paniquards
panique	f	paniques
panislamisme	m	panislamismes
panière	f	panières
panka	m	pankas
panlogisme	m	panlogismes
panmixie	f	panmixies
panne	f	pannes
panneau	m	panneaux
panneautage	m	panneautages
panneton	m	pannetons
pannicule	m	pannicules
panné	f	pannés
panonceau	m	panonceaux
panophtalmie	f	panophtalmies
panoplie	f	panoplies
panoptique	m	panoptiques
panorama	m	panoramas
panoramique	m	panoramiques
panorpe	f	panorpes
panosse	f	panosses
panoufle	f	panoufles
pansage	m	pansages
panse	f	panses
pansement	m	pansements
panslavisme	m	panslavismes
panspermie	f	panspermies
pantalon	m	pantalons
pantalonnade	f	pantalonnades
pantalonnage	m	pantalonnages
pante	m	pantes
pantenne	f	pantennes
panthère	f	panthères
panthéisme	m	panthéismes
panthéon	m	panthéons
panthéonisation	f	panthéonisations
pantin	m	pantins
pantière	f	pantières
pantographe	m	pantographes
pantoire	f	pantoires
pantomètre	m	pantomètres
pantouflage	m	pantouflages
pantouflard	m	pantouflards
pantoufle	f	pantoufles
pantouflier	m	pantoufliers
pantouflière	f	pantouflières
pantoum	m	pantoums
pantèlement	m	pantèlements
pantène	f	pantènes
panure	f	panures
panurgisme	m	panurgismes
panzer	m	panzers
panégyrique	m	panégyriques
paon	m	paons
paonne	f	paonnes
paonneau	m	paonneaus
papa	m	papas
paparazzo	m	paparazzos
papas	m	papas
papauté	f	papautés
papaver	m	papavers
papavéracée	f	papavéracées
papavérine	f	papavérines
papaye	f	papayes
papayer	m	papayers
papaïne	f	papaïnes
pape	m	papes
papesse	f	papesses
papegai	m	papegais
papelard	m	papelards
papelarde	f	papelardes
papelardise	f	papelardises
paperasse	f	paperasses
paperasserie	f	paperasseries
paperassier	m	paperassiers
paperassière	f	paperassières
paperback	m	paperbacks
papesse	f	papesses
papeterie	f	papeteries
papetier	m	papetiers
papetière	f	papetières
papi	m	papis
papier	m	papiers
papier-monnaie	m	papiers-monnaies
papilionacée	f	papilionacées
papille	f	papilles
papillome	m	papillomes
papillon	m	papillons
papillonnage	m	papillonnages
papillonnement	m	papillonnements
papillonnée	f	papillonnées
papillotage	m	papillotages
papillote	f	papillotes
papillotement	m	papillotements
papion	m	papions
papisme	m	papismes
papotage	m	papotages
papotis	m	papotis
papou	m	papous
papouillage	m	papouillages
papouille	f	papouilles
paprika	m	paprikas
papule	f	papules
papy	m	papys
papyrologie	f	papyrologies
papyrus	m	papyrus
paquebot	m	paquebots
paquet	m	paquets
paquetage	m	paquetages
paqueteur	m	paqueteurs
paqueteuse	f	paqueteuses
par	m	pars
parabase	f	parabases
parabellum	m	parabellums
parabiose	f	parabioses
parabole	f	paraboles
parabolique	f	paraboliques
parabolisation	f	parabolisations
paracentèse	f	paracentèses
parachronisme	m	parachronismes
parachutage	m	parachutages
parachute	m	parachutes
parachutisme	m	parachutismes
parachèvement	m	parachèvements
paraclet	m	paraclets
paracétamol	m	paracétamols
parade	f	parades
paradeur	m	paradeurs
paradigmatique	f	paradigmatiques
paradigme	m	paradigmes
paradis	m	paradis
paradisier	m	paradisiers
parados	m	parados
paradoxe	m	paradoxes
paradée	f	paradées
parafe	m	parafes
paraffinage	m	paraffinages
paraffine	f	paraffines
parafiscalité	f	parafiscalités
parafoudre	m	parafoudres
parage	m	parages
paragraphe	m	paragr.
paragrêle	m	paragrêles
paraguayen	m	paraguayens
paraguayenne	f	paraguayennes
paraison	f	paraisons
paralangage	m	paralangages
paralittérature	f	paralittératures
parallaxe	f	parallaxes
parallélisation	f	parallélisations
parallélisme	m	parallélismes
parallélogramme	m	parallélogrammes
parallélépipède	m	parallélépipèdes
paralogisme	m	paralogismes
paralysation	f	paralysations
paralysie	f	paralysies
paralysé	m	paralysés
paralysée	f	paralysées
paramagnétisme	m	paramagnétismes
paramètre	m	paramètres
paramécie	f	paramécies
parangon	m	parangons
parangonnage	m	parangonnages
paranormal	m	paranormals
paranoïa	f	paranoïas
paranthrope	m	paranthropes
parapente	m	parapentes
parapet	m	parapets
paraphasie	f	paraphasies
paraphe	m	paraphes
parapheur	m	parapheurs
paraphimosis	m	paraphimosis
paraphrasage	m	paraphrasages
paraphrase	f	paraphrases
paraphraseur	m	paraphraseurs
paraphraseuse	f	paraphraseuses
paraphrénie	f	paraphrénies
paraphyse	f	paraphyses
parapluie	m	parapluies
paraplégie	f	paraplégies
parapode	m	parapodes
parapsychologie	f	parapsychologies
parasange	f	parasanges
parascève	f	parascèves
parasexualité	f	parasexualités
parasitage	m	parasitages
parasitisme	m	parasitismes
parasitose	f	parasitoses
parasol	m	parasols
parasympathique	m	parasympathiques
parataxe	f	parataxes
parathormone	f	parathormones
parathyroïde	f	parathyroïdes
paratonnerre	m	paratonnerres
paratyphoïde	f	paratyphoïdes
paravent	m	paravents
parc	m	parcs
parcage	m	parcages
parcellarisation	f	parcellarisations
parcelle	f	parcelles
parcellisation	f	parcellisations
parchemin	m	parchemins
parcheminage	m	parcheminages
parchemination	f	parcheminations
parcheminement	m	parcheminements
parcheminier	m	parcheminiers
parchet	m	parchets
parcimonie	f	parcimonies
parcmètre	m	parcmètres
parcomètre	m	parcomètres
parcotrain	m	parcotrains
parcours	m	parcours
pardessus	m	pardessus
pardon	m	pardons
pardonnement	m	pardonnements
pare-avalanches	m	pare-avalanches
pare-balles	m	pare-balles
pare-boue	m	pare-boue
pare-brise	m	pare-brise
pare-chocs	m	pare-chocs
pare-feu	m	pare-feu
pare-soleil	m	pare-soleil
pare-éclats	m	pare-éclats
pare-étincelles	m	pare-étincelles
pareil	m	pareils
pareille	f	pareilles
pareille	f	pareilles
parement	m	parements
parementage	m	parementages
parementure	f	parementures
parenchyme	m	parenchymes
parent	m	parents
parente	f	parentes
parentalité	f	parentalités
parenthèse	f	parenthèses
parentèle	m	parentèles
parenté	f	parentés
paresse	f	paresses
paresseux	m	paresseux
paresseuse	f	paresseuses
paressée	f	paressées
paresthésie	f	paresthésies
pareur	m	pareurs
pareuse	f	pareuses
pareuse	f	pareuses
parfait	m	parfaits
parfilage	m	parfilages
parfum	m	parfums
parfumage	m	parfumages
parfumerie	f	parfumeries
parfumeur	m	parfumeurs
parfumeuse	f	parfumeuses
parhélie	m	parhélies
pari	m	paris
pariade	f	pariades
pariage	m	pariages
parian	m	parians
paridigitidé	m	paridigitidés
parieur	m	parieurs
parieuse	f	parieuses
parigot	m	parigots
parigote	f	parigotes
parisette	f	parisettes
parisianisme	m	parisianismes
parisien	m	parisiens
parisienne	f	parisiennes
parité	f	parités
pariétaire	f	pariétaires
pariétale	f	pariétales
parka	m	parkas
parking	m	parkings
parkinson	m	parkinsons
parkinsonien	m	parkinsoniens
parkérisation	f	parkérisations
parlage	m	parlages
parlant	m	parlants
parlement	m	parlements
parlementage	m	parlementages
parlementarisme	m	parlementarismes
parlementation	f	parlementations
parler	m	parlers
parlerie	f	parleries
parleur	m	parleurs
parleuse	f	parleuses
parloir	m	parloirs
parlotage	m	parlotages
parlote	f	parlotes
parloterie	f	parloteries
parlotte	f	parlottes
parlotterie	f	parlotteries
parlure	f	parlures
parlé	m	parlés
parme	m	parmes
parmenture	f	parmentures
parmesan	m	parmesans
parmesane	f	parmesanes
parmélie	f	parmélies
parnasse	m	parnasses
parnassien	f	parnassiens
parodie	f	parodies
paroi	f	parois
paroisse	f	paroisses
paroissien	m	paroissiens
paroissienne	f	paroissiennes
parole	f	paroles
paroli	m	parolis
parolier	m	paroliers
paronomase	f	paronomases
paronyme	m	paronymes
paronymie	f	paronymies
paros	m	paros
parotide	f	parotides
parotidite	f	parotidites
parousie	f	parousies
paroxysme	m	paroxysmes
paroxyton	m	paroxytons
parpaillot	m	parpaillots
parpaillote	f	parpaillotes
parpaing	m	parpaings
parquage	m	parquages
parque	f	parques
parquement	m	parquements
parquet	m	parquets
parquetage	m	parquetages
parqueterie	f	parqueteries
parqueteur	m	parqueteurs
parqueteuse	f	parqueteuses
parqueteuse	f	parqueteuses
parqueur	m	parqueurs
parqueuse	f	parqueuses
parrain	m	parrains
parrainage	m	parrainages
parraineur	m	parraineurs
parraineuse	f	parraineuses
parsec	m	parsecs
parsi	m	parsis
parsie	f	parsies
parsisme	m	parsismes
partage	m	partages
partageant	m	partageants
partageux	m	partageux
partageuse	f	partageuses
partance	f	partances
partant	m	partants
partenariat	m	partenariats
parterre	m	parterres
parthénogénèse	f	parthénogénèses
parti	m	partis
parti-pris	m	partis-pris
partialité	f	partialités
participant	m	participants
participante	f	participantes
participation	f	participations
participe	m	participes
particularisation	f	particularisations
particularisme	m	particularismes
particularité	f	particularités
particule	f	particules
particulier	m	particuliers
partie	f	parties
partiel	m	partiels
partielle	f	partielles
partisan	m	partisans
partisane	f	partisanes
partiteur	m	partiteurs
partitif	m	partitifs
partition	f	partitions
partner	m	partners
partnership	m	partnerships
partouse	f	partouses
partouzard	m	partouzards
partouze	f	partouzes
parturiente	f	parturientes
parturition	f	parturitions
party	f	parties
parulie	f	parulies
parure	f	parures
parurerie	f	parureries
parurier	m	paruriers
parurière	f	parurières
parution	f	parutions
parvenu	m	parvenus
parvenue	f	parvenues
parvis	m	parvis
parâtre	m	parâtres
parère	m	parères
paréage	m	paréages
parégorique	m	parégoriques
parélie	m	parélies
parémiologie	f	parémiologies
paréo	m	paréos
parésie	f	parésies
pas	m	pas
pas-d'âne	m	pas-d'âne
pas-de-géant	m	pas-de-géant
pas-de-porte	m	pas-de-porte
pas-grand-chose	m	pas-grand-chose
pascal	m	pascals
pascalien	m	pascaliens
pascalienne	f	pascaliennes
pasquin	m	pasquins
pasquinade	f	pasquinades
pass	m	pass
passacaille	f	passacailles
passade	f	passades
passage	m	passages
passager	m	passagers
passagère	f	passagères
passant	m	passants
passante	f	passantes
passation	f	passations
passavant	m	passavants
passe-boule	m	passe-boule
passe-boules	m	passe-boules
passe-crassane	m	passe-crassane
passe-droit	m	passe-droits
passe-lacet	m	passe-lacets
passe-montagne	m	passe-montagnes
passe-partout	m	passe-partout
passe-passe	m	passe-passe
passe-pied	m	passe-pieds
passe-plat	m	passe-plats
passe-rose	m	passe-rose
passe-temps	m	passe-temps
passe-thé	m	passe-thé
passe-velours	m	passe-velours
passe-volant	m	passe-volants
passefilage	m	passefilages
passement	m	passements
passementerie	f	passementeries
passepoil	m	passepoils
passeport	m	passeports
passerage	f	passerages
passereau	m	passereaux
passerelle	f	passerelles
passerillage	m	passerillages
passerine	f	passerines
passerinette	f	passerinettes
passerose	f	passeroses
passeur	m	passeurs
passif	m	passifs
passiflore	f	passiflores
passing-shot	m	passing-shots
passion	f	passions
passionnette	f	passionnettes
passionné	m	passionnés
passionnée	f	passionnées
passivation	f	passivations
passivité	f	passivités
passoire	f	passoires
passé	m	passés
passée	f	passées
passéification	f	passéifications
passéisme	m	passéismes
pastel	m	pastels
pastenague	f	pastenagues
pasteur	m	pasteurs
pasteurien	m	pasteuriens
pasteurienne	f	pasteuriennes
pasteurisateur	m	pasteurisateurs
pasteurisation	f	pasteurisations
pastichage	m	pastichages
pastiche	m	pastiches
pasticherie	f	pasticheries
pasticheur	m	pasticheurs
pasticheuse	f	pasticheuses
pastille	f	pastilles
pastis	m	pastis
pastoralisme	m	pastoralismes
pastoure	m	pastoures
pastoureau	m	pastoureaux
pastourelle	f	pastourelles
pastourelle	f	pastourelles
pastèque	f	pastèques
pat	m	pats
patache	f	pataches
patachon	m	patachons
pataphysique	f	pataphysiques
patapouf	m	patapoufs
pataquès	m	pataquès
patarasse	f	patarasses
patard	m	patards
patarin	m	patarins
patate	f	patates
pataud	m	patauds
pataude	f	pataudes
pataugeage	m	pataugeages
pataugement	m	pataugements
pataugeoire	f	pataugeoires
pataugis	m	pataugis
patchouli	m	patchoulis
patchwork	m	patchworks
patelin	m	patelins
patelinage	m	patelinages
patelinerie	f	patelineries
patelle	f	patelles
patentage	m	patentages
patente	f	patentes
patenté	m	patentés
patentée	f	patentées
patenôtre	f	patenôtres
pater	m	pater
paternage	m	paternages
paternalisation	f	paternalisations
paternalisme	m	paternalismes
paternel	m	paternels
paternité	f	paternités
pathogène	m	pathogènes
pathogénie	f	pathogénies
pathologie	f	pathologies
pathomimie	f	pathomimies
pathos	m	pathos
pathétique	m	pathétiques
pathétisation	f	pathétisations
pathétisme	m	pathétismes
patience	f	patiences
patient	m	patients
patiente	f	patientes
patientèle	f	patientèles
patin	m	patins
patinage	m	patinages
patine	f	patines
patinette	f	patinettes
patineur	m	patineurs
patineuse	f	patineuses
patinoire	f	patinoires
patio	m	patios
patoche	f	patoches
patois	m	patois
patoisant	m	patoisants
patoisante	f	patoisantes
patouillade	f	patouillades
patouillage	m	patouillages
patouille	f	patouilles
patraque	f	patraques
patriarcat	m	patriarcats
patriarche	m	patriarches
patrice	m	patrices
patriciat	m	patriciats
patricien	m	patriciens
patricienne	f	patriciennes
patriclan	m	patriclans
patricotage	m	patricotages
patrie	f	patries
patrimoine	m	patrimoines
patrimonialisation	f	patrimonialisations
patriotard	m	patriotards
patriotarde	f	patriotardes
patriotisme	m	patriotismes
patristique	f	patristiques
patrologie	f	patrologies
patron	m	patrons
patronne	f	patronnes
patronage	m	patronages
patronat	m	patronats
patronesse	f	patronesses
patronnage	m	patronnages
patronne	f	patronnes
patronnesse	f	patronnesses
patronyme	m	patronymes
patrouillage	m	patrouillages
patrouille	f	patrouilles
patrouilleur	m	patrouilleurs
patte	f	pattes
patte-d'oie	f	pattes-d'oie
pattemouille	f	pattemouilles
pattern	m	patterns
pattinsonage	m	pattinsonages
paturon	m	paturons
patène	f	patènes
patère	f	patères
pauchouse	f	pauchouses
paulette	f	paulettes
paulinisme	m	paulinismes
paulownia	m	paulownias
paumage	m	paumages
paume	f	paumes
paumelle	f	paumelles
paumier	m	paumiers
paumure	f	paumures
paumé	m	paumés
paupiette	f	paupiettes
paupière	f	paupières
paupérisation	f	paupérisations
paupérisme	m	paupérismes
pause	f	pauses
pause-café	f	pauses-café
pauvresse	f	pauvresses
pauvret	m	pauvrets
pauvrette	f	pauvrettes
pauvreté	f	pauvretés
pavage	m	pavages
pavane	f	pavanes
pavanement	m	pavanements
pavement	m	pavements
paveur	m	paveurs
pavie	f	pavies
pavillon	m	pavillons
pavillonnerie	f	pavillonneries
pavois	m	pavois
pavoisement	m	pavoisements
pavot	m	pavots
pavé	m	pavés
pavée	f	pavées
payant	m	payants
paye	f	payes
payement	m	payements
payeur	m	payeurs
payeuse	f	payeuses
pays	m	pays
paysage	m	paysages
paysagement	m	paysagements
paysan	m	paysans
paysane	f	paysanes
paysannat	m	paysannats
paysannerie	f	paysanneries
païen	m	païens
païenne	f	païennes
pdf	m	pdf
pdg	m	
peau	f	peaux
peau-rouge	m	peaux-rouges
peaufinage	m	peaufinages
peaufinement	m	peaufinements
peausserie	f	peausseries
peaussier	m	peaussiers
peccadille	f	peccadilles
pechblende	f	pechblendes
pecnot	m	pecnots
pecten	m	pectens
pectine	f	pectines
pectiné	m	pectinés
pectoral	m	pectoraux
pedigree	m	pedigrees
pedum	m	pedums
peeling	m	peelings
pegmatite	f	pegmatites
pehlvi	m	pehlvis
peignage	m	peignages
peigne	m	peignes
peigne-cul	m	peigne-cul
peignerie	f	peigneries
peigneur	m	peigneurs
peigneuse	f	peigneuses
peigneuse	f	peigneuses
peignoir	m	peignoirs
peignure	f	peignures
peigné	m	peignés
peignée	f	peignées
peille	f	peilles
peinard	m	peinards
peinarde	f	peinardes
peine	f	peines
peinturage	m	peinturages
peinture	f	peintures
peinturlurage	m	peinturlurages
pel	m	pel
pelade	f	pelades
pelage	m	pelages
pelagos	m	pelagos
pelanage	m	pelanages
pelard	m	pelards
pelisse	f	pelisses
pellagre	f	pellagres
pellagreux	m	pellagreux
pellagreuse	f	pellagreuses
pelle	f	pelles
pelle-pioche	m	pelles-pioches
pellet	m	pellets
pelletage	m	pelletages
pelleterie	f	pelleteries
pelleteur	m	pelleteurs
pelleteuse	f	pelleteuses
pelleteuse	f	pelleteuses
pelletier	m	pelletiers
pelletière	f	pelletières
pelletière	f	pelletières
pelletiérine	f	pelletiérines
pelletée	f	pelletées
pelleversage	m	pelleversages
pelliculage	m	pelliculages
pellicule	f	pellicules
pelotage	m	pelotages
pelotari	m	pelotaris
pelote	f	pelotes
peloteuse	f	peloteuses
peloton	m	pelotons
pelotonnage	m	pelotonnages
pelotonnement	m	pelotonnements
pelouse	f	pelouses
pelta	f	peltas
peltaste	m	peltastes
peluchage	m	peluchages
peluche	f	peluches
pelure	f	pelures
pelvigraphie	f	pelvigraphies
pelvis	m	pelvis
pelé	m	pelés
pelée	f	pelées
pemmican	m	pemmicans
pemphigus	m	pemphigus
penalty	m	penalties
penchant	m	penchants
penchement	m	penchements
pendage	m	pendages
pendaison	f	pendaisons
pendant	m	pendants
pendard	m	pendards
pendarde	f	pendardes
pendeloque	f	pendeloques
pendentif	m	pendentifs
penderie	f	penderies
pendillon	m	pendillons
pendoir	m	pendoirs
pendu	m	pendus
pendue	f	pendues
pendulage	m	pendulages
pendulation	f	pendulations
pendulette	f	pendulettes
pennage	m	pennages
penne	f	pennes
pennon	m	pennons
penny	m	pence
penon	m	penons
pense-bête	m	pense-bêtes
pensement	m	pensements
penseur	m	penseurs
pension	f	pensions
pensionnat	m	pensionnats
pensionnement	m	pensionnements
pensionné	m	pensionnés
pensionnée	f	pensionnées
pensum	m	pensum
pensée	f	pensées
pentacle	m	pentacles
pentacorde	m	pentacordes
pentacrine	m	pentacrines
pentadécagone	m	pentadécagones
pentagone	m	pentagones
pentamère	m	pentamères
pentane	m	pentanes
pentapole	f	pentapoles
pentarchie	f	pentarchies
pentateuque	m	pentateuques
pentathlon	m	pentathlons
pentatome	f	pentatomes
pentaèdre	m	pentaèdres
pente	f	pentes
pentecôte	f	pentecôtes
pentecôtisme	m	pentecôtismes
penthiobarbital	m	penthiobarbitals
penthode	f	penthodes
penthotal	m	penthotals
pentium	m	pentiums
pentode	f	pentodes
pentose	m	pentoses
penture	f	pentures
peone	m	peones
pep	m	peps
peplum	m	peplum
peppermint	m	peppermints
pepsine	f	pepsines
peptide	m	peptides
peptone	f	peptones
peptonisation	f	peptonisations
perambulation	f	perambulations
perborate	m	perborates
percale	f	percales
percaline	f	percalines
perce	f	perces
perce-muraille	m	perce-murailles
perce-oreille	m	perce-oreilles
perce-pierre	m	perce-pierres
percement	m	percements
percept	m	percepts
percepteur	m	percepteurs
perceptibilité	f	perceptibilités
perception	f	perceptions
percerette	f	percerettes
perceur	f	perceurs
perceuse	f	perceuses
percha	f	perchas
perchage	m	perchages
perche	f	perches
perchement	m	perchements
percheron	m	percherons
percheronne	f	percheronnes
perchis	m	perchis
perchlorate	m	perchlorates
perchman	m	perchmans
perchoir	m	perchoirs
perché	m	perchés
perchée	f	perchées
perciforme	m	perciformes
percnoptère	m	percnoptères
percolateur	m	percolateurs
percolation	f	percolations
percomorphe	m	percomorphes
percussion	f	percussions
percutage	m	percutages
percuteur	m	percuteurs
percée	f	percées
perdant	m	perdants
perdante	f	perdantes
perditance	f	perditances
perdition	f	perditions
perdreau	m	perdreaux
perdrigon	m	perdrigons
perdrix	f	perdrix
perdu	m	perdus
perdurance	f	perdurances
perduration	f	perdurations
perestroïka	f	perestroïkas
perfectibilité	f	perfectibilités
perfectif	m	perfectifs
perfection	f	perfections
perfectionnement	m	perfectionnements
perfectionnisme	m	perfectionnismes
perfidie	f	perfidies
perforage	m	perforages
perforateur	m	perforateurs
perforatrice	f	perforatrices
perforation	f	perforations
perforatrice	f	perforatrices
perforeuse	f	perforeuses
performance	f	performances
performatif	m	performatifs
performeur	m	performeurs
performeuse	f	performeuses
perfringens	m	perfringens
perfusion	f	perfusions
pergola	f	pergolas
pergélisol	m	pergélisols
perlage	m	perlages
perlant	m	perlants
perle	f	perles
perlement	m	perlements
perlier	m	perliers
perlière	f	perlières
perlimpinpin	m	perlimpinpins
perlite	f	perlites
perlon	m	perlons
perlot	m	perlots
perlouse	f	perlouses
perlouze	f	perlouzes
perlèche	f	perlèches
permafrost	m	permafrosts
permalloy	m	permalloys
permanence	f	permanences
permanencier	m	permanenciers
permanent	m	permanents
permanente	f	permanentes
permanente	f	permanentes
permanganate	m	permanganates
permien	m	permiens
permis	m	permis
permission	f	permissions
permissivité	f	permissivités
permittivité	f	permittivités
permutabilité	f	permutabilités
permutant	m	permutants
permutante	f	permutantes
permutation	f	permutations
perméabilisation	f	perméabilisations
perméabilité	f	perméabilités
peroxydase	f	peroxydases
peroxydation	f	peroxydations
peroxyde	m	peroxydes
perpendiculaire	f	perpendiculaires
perpendicularité	f	perpendicularités
perplexité	f	perplexités
perprétation	f	perprétations
perpétration	f	perpétrations
perpétuation	f	perpétuations
perpétuement	m	perpétuements
perpétuité	f	perpétuités
perquisition	f	perquisitions
perron	m	perrons
perroquet	m	perroquets
perruche	f	perruches
perruque	f	perruques
perruquier	m	perruquiers
persan	m	persans
persane	f	persanes
persel	m	persels
persicaire	f	persicaires
persicot	m	persicots
persienne	f	persiennes
persiflage	m	persiflages
persifleur	m	persifleurs
persifleuse	f	persifleuses
persil	m	persils
persillade	f	persillades
persillère	f	persillères
persillé	m	persillés
persistance	f	persistances
personale	f	personales
personnage	m	personnages
personnalisation	f	personnalisations
personnalisme	m	personnalismes
personnalité	f	personnalités
personne	f	personnes
personnel	m	personnels
personnification	f	personnifications
perspective	f	perspectives
perspectivisme	m	perspectivismes
perspicacité	f	perspicacités
perspiration	f	perspirations
persuasion	f	persuasions
persulfate	m	persulfates
persulfure	m	persulfures
persécuteur	m	persécuteurs
persécutrice	f	persécutrices
persécution	f	persécutions
persécuté	m	persécutés
persécutée	f	persécutées
persévérance	f	persévérances
persévérant	m	persévérants
persévération	f	persévérations
perte	f	pertes
pertinence	f	pertinences
pertuis	m	pertuis
pertuisane	f	pertuisanes
pertuisanier	m	pertuisaniers
perturbateur	m	perturbateurs
perturbatrice	f	perturbatrices
perturbation	f	perturbations
pervers	m	pervers
perverse	f	perverses
perversion	f	perversions
perversité	f	perversités
perverti	m	pervertis
pervertie	f	perverties
pervertissement	m	pervertissements
pervertisseur	m	pervertisseurs
pervertisseuse	f	pervertisseuses
pervibrage	m	pervibrages
pervibrateur	m	pervibrateurs
pervibration	f	pervibrations
perçage	m	perçages
pesade	f	pesades
pesage	m	pesages
pesant	m	pesants
pesanteur	f	pesanteurs
peseta	f	pesetas
pesette	f	pesettes
peseur	m	peseurs
peseuse	f	peseuses
peshmerga	m	peshmergas
peso	m	pesos
peson	m	pesons
pessaire	m	pessaires
pesse	f	pesses
pessimisme	m	pessimismes
peste	f	pestes
pesticide	m	pesticides
pestiféré	m	pestiférés
pestiférée	f	pestiférées
pestilence	f	pestilences
pesée	f	pesées
pet	m	pets
pet-de-nonne	m	pets-de-nonne
petiot	f	petiots
petit	m	petits
petite	f	petites
petit-beurre	m	petits-beurre
petit-bois	m	petits-bois
petit-bourgeois	m	petits-bourgeois
petite-bourgeoise	f	petites-bourgeoises
petit-fils	m	petits-fils
petit-gris	m	petits-gris
petit-lait	m	petits-laits
petit-maître	m	petits-maîtres
petit-neveu	m	petits-neveux
petit-suisse	m	petits-suisses
petite-fille	f	petites-filles
petite-maîtresse	f	petite-maîtresses
petite-nièce	f	petites-nièces
petitesse	f	petitesses
peton	m	petons
peucédan	m	peucédans
peul	m	peuls
peule	f	peules
peulven	m	peulvens
peuplade	f	peuplades
peuple	m	peuples
peuplement	m	peuplements
peupleraie	f	peupleraies
peuplier	m	peupliers
peur	f	peurs
peureux	m	peureux
peureuse	f	peureuses
peyotl	m	peyotls
pfennig	m	pfennigs
ph	m	ph
phacochère	m	phacochères
phacomètre	m	phacomètres
phage	m	phages
phagocyte	m	phagocytes
phagocytose	f	phagocytoses
phagédénisme	m	phagédénismes
phalange	f	phalanges
phalanger	m	phalangers
phalangette	f	phalangettes
phalangine	f	phalangines
phalanstère	m	phalanstères
phalanstérien	f	phalanstériens
phalarope	m	phalaropes
phalline	f	phallines
phallocentrisme	m	phallocentrismes
phallocratie	f	phallocraties
phallus	m	phallus
phalène	f	phalènes
phalère	f	phalères
phanatron	m	phanatrons
phanie	f	phanies
phantasme	m	phantasmes
phanère	m	phanères
phanérogame	f	phanérogames
phanérogamie	f	phanérogamies
pharaon	m	pharaons
phare	m	phares
pharillon	m	pharillons
pharisaïsme	m	pharisaïsmes
pharisien	m	pharisiens
pharmacie	f	pharmacies
pharmacien	m	pharmaciens
pharmacienne	f	pharmaciennes
pharmacocinétique	f	pharmacocinétiques
pharmacodynamie	f	pharmacodynamies
pharmacodépendance	f	pharmacodépendances
pharmacognosie	f	pharmacognosies
pharmacologie	f	pharmacologies
pharmacomanie	f	pharmacomanies
pharmacopée	f	pharmacopées
pharmacothérapie	f	pharmacothérapies
pharmacovigilance	f	pharmacovigilances
pharyngale	f	pharyngales
pharyngite	f	pharyngites
pharynx	m	pharynx
phascolome	m	phascolomes
phase	f	phases
phasemètre	m	phasemètres
phasianidé	m	phasianidés
phasme	m	phasmes
phasmidé	m	phasmidés
phelloderme	m	phellodermes
phi	m	phi
philanthe	m	philanthes
philanthropie	f	philanthropies
philatélie	f	philatélies
philharmonie	f	philharmonies
philibeg	m	philibegs
philippin	m	philippins
philippine	f	philippines
philippine	f	philippines
philippique	f	philippiques
philistin	m	philistins
philistinisme	m	philistinismes
philo	f	philos
philodendron	m	philodendrons
philologie	f	philologies
philosophaillerie	f	philosophailleries
philosophie	f	philosophies
philtre	m	philtres
phlegmasie	f	phlegmasies
phlegmon	m	phlegmons
phlogistique	m	phlogistiques
phloroglucinol	m	phloroglucinols
phlox	m	phlox
phlyctène	f	phlyctènes
phlébite	f	phlébites
phlébologie	f	phlébologies
phlébotomie	f	phlébotomies
phobie	f	phobies
phocomélie	f	phocomélies
phocéen	m	phocéens
phocéenne	f	phocéennes
phoenix	m	phoenix
pholade	f	pholades
pholiote	f	pholiotes
phonation	f	phonations
phone	m	phones
phoniatrie	f	phoniatries
phonie	f	phonies
phoning	m	phonings
phono	m	phonos
phonographe	m	phonographes
phonogénie	f	phonogénies
phonolite	f	phonolites
phonologie	f	phonologies
phonométrie	f	phonométries
phonothèque	f	phonothèques
phonème	m	phonèmes
phonématique	f	phonématiques
phonéticien	m	phonéticiens
phonéticienne	f	phonéticiennes
phonétique	f	phonétiques
phonétisation	f	phonétisations
phonétisme	m	phonétismes
phoque	m	phoques
phormium	m	phormiums
phosgène	m	phosgènes
phosphatage	m	phosphatages
phosphatase	f	phosphatases
phosphatation	f	phosphatations
phosphate	m	phosphates
phosphatisation	f	phosphatisations
phosphaturie	f	phosphaturies
phosphine	f	phosphines
phosphite	m	phosphites
phosphokinase	f	phosphokinases
phospholipide	m	phospholipides
phosphore	m	phosphores
phosphorescence	f	phosphorescences
phosphorisation	f	phosphorisations
phosphorylation	f	phosphorylations
phosphène	m	phosphènes
photo	f	photos
photo-roman	m	photos-romans
photo-élasticimétrie	f	photo-élasticimétries
photocalque	m	photocalques
photocellule	f	photocellules
photochimie	f	photochimies
photocomposeur	m	photocomposeurs
photocomposeuse	f	photocomposeuses
photocomposeuse	f	photocomposeuses
photoconducteur	m	photoconducteurs
photocopiage	m	photocopiages
photocopie	f	photocopies
photocopieur	m	photocopieurs
photocopieuse	f	photocopieuses
photoglyptie	f	photoglypties
photogrammétrie	f	photogrammétries
photographie	f	photographies
photograveur	m	photograveurs
photogravure	f	photogravures
photogénie	f	photogénies
photojournalisme	m	photojournalismes
photolithographie	f	photolithographies
photoluminescence	f	photoluminescences
photolyse	f	photolyses
photomacrographie	f	photomacrographies
photomaton	m	photomatons
photomicrographie	f	photomicrographies
photomontage	m	photomontages
photomètre	m	photomètres
photométrie	f	photométries
photon	m	photons
photophobie	f	photophobies
photophore	m	photophores
photopile	f	photopiles
photopériodisme	m	photopériodismes
photosphère	f	photosphères
photostat	m	photostats
photostyle	m	photostyles
photosynthèse	f	photosynthèses
phototactisme	m	phototactismes
photothèque	f	photothèques
photothérapie	f	photothérapies
phototropisme	m	phototropismes
phototype	m	phototypes
phototypie	f	phototypies
photoélectricité	f	photoélectricités
php	m	php
phragmite	m	phragmites
phrase	f	phrases
phraseur	m	phraseurs
phraseuse	f	phraseuses
phrasé	m	phrasés
phraséologie	f	phraséologies
phratrie	f	phratries
phrygane	f	phryganes
phrygien	m	phrygiens
phrygienne	f	phrygiennes
phrénologie	f	phrénologies
phtalate	m	phtalates
phtaléine	f	phtaléines
phtiriase	f	phtiriases
phtiriasis	m	phtiriasis
phtisie	f	phtisies
phtisiologie	f	phtisiologies
phycologie	f	phycologies
phycomycète	m	phycomycètes
phylactère	m	phylactères
phylarque	m	phylarques
phyllade	m	phyllades
phyllie	f	phyllies
phyllopode	m	phyllopodes
phylloxera	m	phylloxeras
phylloxéra	m	phylloxéras
phylogenèse	f	phylogenèses
phylogénie	f	phylogénies
phylum	m	phylums
physalie	f	physalies
physalis	m	physalis
physicalisme	m	physicalismes
physicien	m	physiciens
physicienne	f	physiciennes
physicisme	m	physicismes
physiocratie	f	physiocraties
physiognomonie	f	physiognomonies
physiologie	f	physiologies
physionomie	f	physionomies
physiopathologie	f	physiopathologies
physiothérapie	f	physiothérapies
physisorption	f	physisorptions
physostigma	m	physostigmas
physostome	m	physostomes
phytogéographie	f	phytogéographies
phytotron	m	phytotrons
phytozoaire	m	phytozoaires
phytéléphas	m	phytéléphas
phénakisticope	m	phénakisticopes
phénakistiscope	m	phénakistiscopes
phénanthrène	m	phénanthrènes
phénate	m	phénates
phénicien	m	phéniciens
phénicienne	f	phéniciennes
phénix	m	phénix
phénobarbital	m	phénobarbitals
phénol	m	phénols
phénomène	m	phénomènes
phénoménologie	f	phénoménologies
phénotypage	m	phénotypages
phénotype	m	phénotypes
phénylalanine	f	phénylalanines
phényle	m	phényles
pi	m	pi
piaf	m	piafs
piaffement	m	piaffements
piaffé	m	piaffés
piaillard	m	piaillards
piaillarde	f	piaillardes
piaillement	m	piaillements
piaillerie	f	piailleries
piailleur	m	piailleurs
piailleuse	f	piailleuses
pian	m	pians
piano	m	pianos
piano-forte	m	piano-forte
pianotage	m	pianotages
pianotement	m	pianotements
piassava	m	piassavas
piastre	f	piastres
piaule	f	piaules
piaulement	m	piaulements
piaulis	m	piaulis
piazza	f	piazzas
pib	m	pib
pibale	f	pibales
pibrock	m	pibrocks
pic	m	pics
pic-vert	m	pic-verts
pica	m	picas
picador	m	picadors
picage	m	picages
picard	m	picards
picarde	f	picardes
picardan	m	picardans
picarel	m	picarels
piccolo	m	piccolos
pichenette	f	pichenettes
pichet	m	pichets
picholine	f	picholines
pick-up	m	pick-up
picklage	m	picklages
picolage	m	picolages
picoleur	m	picoleurs
picolo	m	picolos
picorage	m	picorages
picorement	m	picorements
picoseconde	f	picosecondes
picot	m	picots
picotage	m	picotages
picotement	m	picotements
picotin	m	picotins
picouse	f	picouses
picpoul	m	picpouls
picrate	m	picrates
picridium	m	picridiums
picris	m	picris
pictogramme	m	pictogrammes
pictographie	f	pictographies
picturalisation	f	picturalisations
pidgin	m	pidgins
pie	f	pies
pie-grièche	f	pies-grièches
pied-bot	m	pieds-bots
pied-d'alouette	m	pieds-d'alouette
pied-d'oiseau	m	pieds-d'oiseau
pied-de-biche	m	pieds-de-biche
pied-de-cheval	m	pieds-de-cheval
pied-de-chèvre	m	pieds-de-chèvre
pied-de-loup	m	pieds-de-loup
pied-de-poule	m	pieds-de-poule
pied-de-veau	m	pieds-de-veau
pied-droit	m	pieds-droits
pied-fort	m	pieds-forts
pied-noir	m	pieds-noirs
pied-noir	f	pieds-noirs
pied-plat	m	pieds-plats
piedmont	m	piedmonts
pierraille	f	pierrailles
pierre	f	pierres
pierrette	f	pierrettes
pierreuse	f	pierreuses
pierrier	m	pierriers
pierrot	m	pierrots
pierrée	f	pierrées
pietà	f	pietàs
pieu	m	pieux
pieuvre	f	pieuvres
pif	m	pifs
pifomètre	m	pifomètres
pige	f	piges
pigeage	m	pigeages
pigeon	m	pigeons
pigeonne	f	pigeonnes
pigeonnage	m	pigeonnages
pigeonneau	m	pigeonneaux
pigeonnier	m	pigeonniers
pigment	m	pigments
pigmentation	f	pigmentations
pignada	f	pignadas
pignade	f	pignades
pignatelle	f	pignatelles
pigne	f	pignes
pignochage	m	pignochages
pignon	m	pignons
pignouf	m	pignoufs
pignouserie	f	pignouseries
pilaf	m	pilafs
pilage	m	pilages
pilastre	m	pilastres
pilchard	m	pilchards
pile	f	piles
pilet	m	pilets
pileur	m	pileurs
pileuse	f	pileuses
pilier	m	piliers
pillage	m	pillages
pillard	m	pillards
pillarde	f	pillardes
pillerie	f	pilleries
pilleur	m	pilleurs
pilleuse	f	pilleuses
pilocarpe	m	pilocarpes
pilocarpine	f	pilocarpines
pilon	m	pilons
pilonnage	m	pilonnages
pilonnement	m	pilonnements
pilori	m	piloris
piloselle	f	piloselles
pilosisme	m	pilosismes
pilosité	f	pilosités
pilot	m	pilots
pilotage	m	pilotages
pilotin	m	pilotins
pilotis	m	pilotis
pilou	m	pilous
pilule	f	pilules
pilulier	m	piluliers
pilum	m	pilums
pimbêche	f	pimbêches
piment	m	piments
pimenta	m	pimentas
pimprenelle	f	pimprenelles
pin	m	pins
pin-up	f	pin-up
pinacle	m	pinacles
pinacothèque	f	pinacothèques
pinaillage	m	pinaillages
pinaillement	m	pinaillements
pinaillerie	f	pinailleries
pinailleur	m	pinailleurs
pinailleuse	f	pinailleuses
pinard	m	pinards
pinardier	m	pinardiers
pinasse	f	pinasses
pinastre	m	pinastres
pinata	f	pinatas
pince	f	pinces
pince-fesse	m	pince-fesse
pince-fesses	m	pince-fesses
pince-maille	m	pince-mailles
pince-monseigneur	f	pinces-monseigneur
pince-nez	m	pince-nez
pince-sans-rire	m	pince-sans-rire
pinceau	m	pinceaux
pinceautage	m	pinceautages
pincelier	m	pinceliers
pincement	m	pincements
pincette	f	pincettes
pinchard	f	pinchards
pincée	f	pincées
pindarisme	m	pindarismes
pineau	m	pineaus
pineraie	f	pineraies
ping	m	ping
ping-pong	m	ping-pong
pingouin	m	pingouins
pingrerie	f	pingreries
pinière	f	pinières
pinne	f	pinnes
pinnothère	m	pinnothères
pinnule	f	pinnules
pinocytose	f	pinocytoses
pinot	m	pinots
pinson	m	pinsons
pintade	f	pintades
pintadeau	m	pintadeaux
pintadine	f	pintadines
pinte	f	pintes
pinyin	m	pinyins
pinçade	f	pinçades
pinçage	m	pinçages
pinçon	m	pinçons
pinçure	f	pinçures
pinède	f	pinèdes
pinène	m	pinènes
piochade	f	piochades
piochage	m	piochages
pioche	f	pioches
piochement	m	piochements
piocheur	m	piocheurs
piocheuse	f	piocheuses
piocheuse	f	piocheuses
piolet	m	piolets
pion	m	pions
pionne	f	pionnes
pionce	f	pionces
pionnage	m	pionnages
pionnier	m	pionniers
pionnière	f	pionnières
pionçage	m	pionçages
pioupiou	m	pioupious
pipa	m	pipas
pipage	m	pipages
pipe	f	pipes
pipe-line	m	pipe-lines
pipeau	m	pipeaux
pipelet	m	pipelets
pipelette	f	pipelettes
pipeline	m	pipelines
pipement	m	pipements
piperade	f	piperades
piperie	f	piperies
pipetage	m	pipetages
pipettage	m	pipettages
pipette	f	pipettes
pipeur	m	pipeurs
pipi	m	pipis
pipier	m	pipiers
pipière	f	pipières
pipistrelle	f	pipistrelles
pipit	m	pipits
pipo	m	pipos
pipée	f	pipées
pipéracée	f	pipéracées
pipérine	f	pipérines
pipéronal	m	pipéronals
piquage	m	piquages
piquant	m	piquants
pique-assiette	m	pique-assiette
pique-boeuf	m	pique-boeufs
pique-feu	m	pique-feu
pique-fleurs	m	pique-fleurs
pique-nique	m	pique-niques
pique-niqueur	m	pique-niqueurs
pique-notes	m	pique-notes
piquement	m	piquements
piquet	m	piquets
piquetage	m	piquetages
piquette	f	piquettes
piqueur	m	piqueurs
piqueuse	f	piqueuses
piqueux	m	piqueux
piquier	m	piquiers
piquouse	f	piquouses
piqué	m	piqués
piquée	f	piquées
piquée	f	piquées
piqûre	f	piqûres
piranha	m	piranhas
piratage	m	piratages
piraterie	f	pirateries
piraya	m	pirayas
pire	m	pires
pirogue	f	pirogues
piroguier	m	piroguiers
pirojki	m	pirojkis
pirole	f	piroles
pirouette	f	pirouettes
pirouettement	m	pirouettements
pis	m	pis
pis-aller	m	pis-aller
pisan	m	pisans
pisane	f	pisanes
piscicole	f	piscicoles
pisciculteur	m	pisciculteurs
pisciculture	f	piscicultures
piscine	f	piscines
piscivore	m	piscivores
pissage	m	pissages
pissaladière	f	pissaladières
pissat	m	pissats
pisse	f	pisses
pisse-froid	m	pisse-froid
pisse-vinaigre	m	pisse-vinaigre
pissement	m	pissements
pissenlit	m	pissenlits
pissette	f	pissettes
pisseur	m	pisseurs
pisseuse	f	pisseuses
pisseuse	f	pisseuses
pissoir	m	pissoirs
pissotière	f	pissotières
pistachier	m	pistachiers
pistage	m	pistages
pistard	m	pistards
pistation	f	pistations
piste	f	pistes
pisteur	m	pisteurs
pistil	m	pistils
pistillode	m	pistillodes
pistolade	f	pistolades
pistole	f	pistoles
pistoleiros	m	pistoleiros
pistolet	m	pistolets
pistolet-mitrailleur	m	pistolets-mitrailleurs
pistolettage	m	pistolettages
piston	m	pistons
pistonnement	m	pistonnements
pistonné	m	pistonnés
pistonnée	f	pistonnées
pistou	m	pistous
pisé	m	pisés
pitance	f	pitances
pitchpin	m	pitchpins
pite	f	pites
pithiatisme	m	pithiatismes
pithiviers	m	pithiviers
pithécanthrope	m	pithécanthropes
pitié	f	pitiés
piton	m	pitons
pitonnage	m	pitonnages
pitre	m	pitres
pitrerie	f	pitreries
pittoresque	m	pittoresques
pittosporum	m	pittosporums
pituite	f	pituites
pityriasis	m	pityriasis
pive	f	pives
pivert	m	piverts
pivoine	f	pivoines
pivot	m	pivots
pivotage	m	pivotages
pivotation	f	pivotations
pivotement	m	pivotements
pixel	m	pixels
pizza	f	pizzas
pizzeria	f	pizzerias
pizzicato	m	pizzicati
pièce	f	pièces
piège	m	pièges
piètement	m	piètements
pièze	f	pièzes
piécette	f	piécettes
piédestal	m	piédestaux
piédouche	m	piédouches
piédroit	m	piédroits
piéfort	m	piéforts
piégeage	m	piégeages
piégeur	m	piégeurs
piémont	m	piémonts
piémontais	m	piémontais
piémontaise	f	piémontaises
piéride	f	piérides
piétage	m	piétages
piétaille	f	piétailles
piétin	m	piétins
piétinage	m	piétinages
piétinement	m	piétinements
piétisme	m	piétismes
piéton	m	piétons
piétonne	f	piétonnes
piétrain	m	piétrains
piété	f	piétés
piézo-électricité	f	piézo-électricités
piézographe	m	piézographes
piézomètre	m	piézomètres
placage	m	placages
placard	m	placards
placardage	m	placardages
placardisation	f	placardisations
place	f	places
placebo	m	placebos
placement	m	placements
placenta	m	placentas
placentaire	m	placentaires
placentation	f	placentations
placer	m	placers
placet	m	placets
placette	f	placettes
placeur	m	placeurs
placeuse	f	placeuses
placidité	f	placidités
placier	m	placiers
placière	f	placières
placotage	m	placotages
placé	m	placés
plafond	m	plafonds
plafonnage	m	plafonnages
plafonnement	m	plafonnements
plafonneur	m	plafonneurs
plafonnier	m	plafonniers
plafonnée	f	plafonnées
plage	f	plages
plagiat	m	plagiats
plagioclase	m	plagioclases
plaid	m	plaids
plaiderie	f	plaideries
plaideur	m	plaideurs
plaideuse	f	plaideuses
plaidoirie	f	plaidoiries
plaidoyer	m	plaidoyers
plaie	f	plaies
plaignant	m	plaignants
plaignante	f	plaignantes
plain	m	plains
plain-chant	m	plains-chants
plainage	m	plainages
plaine	f	plaines
plainte	f	plaintes
plaisance	f	plaisances
plaisancier	m	plaisanciers
plaisant	m	plaisants
plaisanterie	f	plaisanteries
plaisantin	m	plaisantins
plaisir	m	plaisirs
plamage	m	plamages
plan	m	plans
plan-concave	m	plan-concaves
plan-convexe	m	plan-convexes
planage	m	planages
planchage	m	planchages
planche	f	planches
plancher	m	planchers
planchette	f	planchettes
planchéiage	m	planchéiages
plancton	m	planctons
planement	m	planements
planerie	f	planeries
planetage	m	planetages
planeur	m	planeurs
planificateur	m	planificateurs
planificatrice	f	planificatrices
planification	f	planifications
planimètre	m	planimètres
planimétrie	f	planimétries
planisme	m	planismes
planisphère	m	planisphères
planning	m	plannings
planoir	m	planoirs
planorbe	f	planorbes
planquage	m	planquages
planque	f	planques
planqué	m	planqués
plant	m	plants
plantage	m	plantages
plantain	m	plantains
plantation	f	plantations
plante	f	plantes
planteur	m	planteurs
planteuse	f	planteuses
planteuse	f	planteuses
plantigrade	m	plantigrades
plantoir	m	plantoirs
planton	m	plantons
plantule	f	plantules
planté	m	plantés
planète	f	planètes
planèze	f	planèzes
planéité	f	planéités
planétaire	m	planétaires
planétarisation	f	planétarisations
planétarium	m	planétariums
plaquage	m	plaquages
plaque	f	plaques
plaquemine	f	plaquemines
plaqueminier	m	plaqueminiers
plaquette	f	plaquettes
plaqueur	m	plaqueurs
plaqué	m	plaqués
plasma	m	plasmas
plasmocyte	m	plasmocytes
plasmode	m	plasmodes
plasmodium	m	plasmodiums
plasmolyse	f	plasmolyses
plaste	m	plastes
plastic	m	plastics
plasticage	m	plasticages
plasticien	m	plasticiens
plasticité	f	plasticités
plastie	f	plasties
plastifiant	m	plastifiants
plastification	f	plastifications
plastigel	m	plastigels
plastiquage	m	plastiquages
plastiqueur	m	plastiqueurs
plastisol	m	plastisols
plastron	m	plastrons
plat	m	plats
platane	m	platanes
plate	f	plates
plate-bande	f	plates-bandes
plate-forme	f	plates-formes
plateau	m	plateaux
plateforme	f	plateformes
platelage	m	platelages
plathelminthe	m	plathelminthes
platinage	m	platinages
platination	f	platinations
platinure	f	platinures
platitude	f	platitudes
platière	f	platières
platonicien	m	platoniciens
platonicienne	f	platoniciennes
platonisme	m	platonismes
platyrhinien	m	platyrhiniens
platée	f	platées
plausibilité	f	plausibilités
play-back	m	play-backs
play-boy	m	play-boys
playon	m	playons
plaçage	m	plaçages
plaçure	f	plaçures
plectognathe	m	plectognathes
plectre	m	plectres
plein	m	pleins
plein-emploi	m	plein-emplois
pleur	m	pleurs
pleurage	m	pleurages
pleurant	m	pleurants
pleurard	m	pleurards
pleurarde	f	pleurardes
pleurement	m	pleurements
pleureur	m	pleureurs
pleureuse	f	pleureuses
pleureuse	f	pleureuses
pleurite	f	pleurites
pleurnichage	m	pleurnichages
pleurnichard	m	pleurnichards
pleurnichement	m	pleurnichements
pleurnicherie	f	pleurnicheries
pleurnicheur	m	pleurnicheurs
pleurnicheuse	f	pleurnicheuses
pleurobranche	m	pleurobranches
pleurodynie	f	pleurodynies
pleuronecte	m	pleuronectes
pleuronectidé	m	pleuronectidés
pleuropneumonie	f	pleuropneumonies
pleurote	m	pleurotes
pleurotomie	f	pleurotomies
pleurésie	f	pleurésies
pleutre	m	pleutres
pleutrerie	f	pleutreries
pleuvotement	m	pleuvotements
plexiglas	m	plexiglas
plexus	m	plexus
pleyon	m	pleyons
pli	m	plis
pliage	m	pliages
pliant	m	pliants
plie	f	plies
pliement	m	pliements
plieur	m	plieurs
plieuse	f	plieuses
plieuse	f	plieuses
plinthe	f	plinthes
pliocène	m	pliocènes
plioir	m	plioirs
plion	m	plions
plique	f	pliques
plissage	m	plissages
plissement	m	plissements
plisseur	m	plisseurs
plisseuse	f	plisseuses
plisseuse	f	plisseuses
plissure	f	plissures
plissé	m	plissés
pliure	f	pliures
plié	m	pliés
plocéidé	m	plocéidés
ploiement	m	ploiements
plomb	m	plombs
plombage	m	plombages
plombaginacée	f	plombaginacées
plombagine	f	plombagines
plombaginée	f	plombaginées
plombe	f	plombes
plomberie	f	plomberies
plombeur	m	plombeurs
plombier	m	plombiers
plombière	f	plombières
plombière	f	plombières
plomboir	m	plomboirs
plombure	f	plombures
plombée	f	plombées
plombémie	f	plombémies
plommée	f	plommées
plonge	f	plonges
plongement	m	plongements
plongeoir	m	plongeoirs
plongeon	m	plongeons
plongeur	m	plongeurs
plongeuse	f	plongeuses
plongée	f	plongées
plot	m	plots
ploutocratie	f	ploutocraties
ployage	m	ployages
pluche	f	pluches
plugin	m	plugins
pluie	f	pluies
plumage	m	plumages
plumaison	f	plumaisons
plumard	m	plumards
plumasserie	f	plumasseries
plumassier	m	plumassiers
plumassière	f	plumassières
plumeau	m	plumeaux
plumet	m	plumets
plumetis	m	plumetis
plumeur	m	plumeurs
plumeuse	f	plumeuses
plumeuse	f	plumeuses
plumier	m	plumiers
plumitif	m	plumitifs
plumule	f	plumules
plumée	f	plumées
plupart	f	pluparts
pluralisation	f	pluralisations
pluralisme	m	pluralismes
pluralité	f	pluralités
pluridisciplinarité	f	pluridisciplinarités
pluriel	m	pl..
plurilinguisme	m	plurilinguismes
pluripartisme	m	pluripartismes
plus	m	plus
plus-que-parfait	m	plus-que-parfaits
plus-value	f	plus-values
pluton	m	plutons
plutonien	f	plutoniens
plutonisme	m	plutonismes
plutonium	m	plutoniums
pluvian	m	pluvians
pluvier	m	pluviers
pluviomètre	m	pluviomètres
pluviométrie	f	pluviométries
pluviosité	f	pluviosités
pluviôse	m	pluviôses
plâtrage	m	plâtrages
plâtras	m	plâtras
plâtre	m	plâtres
plâtrerie	f	plâtreries
plâtrier	m	plâtriers
plâtrière	f	plâtrières
plâtrière	f	plâtrières
plèbe	f	plèbes
plèvre	f	plèvres
pléban	m	plébans
plébiscite	m	plébiscites
plébéien	m	plébéiens
pléiade	f	pléiades
pléistocène	m	pléistocènes
plénitude	f	plénitudes
plénum	m	plénums
pléonasme	m	pléonasmes
plésiosaure	m	plésiosaures
pléthore	f	pléthores
pme	f	pme
pmi	f	pmi
pnb	m	pnb
pneu	m	pneus
pneumallergène	m	pneumallergènes
pneumatique	m	pneumatiques
pneumatologie	f	pneumatologies
pneumatophore	m	pneumatophores
pneumatothérapie	f	pneumatothérapies
pneumectomie	f	pneumectomies
pneumo	m	pneumos
pneumoconiose	f	pneumoconioses
pneumocoque	m	pneumocoques
pneumographie	f	pneumographies
pneumologie	f	pneumologies
pneumonie	f	pneumonies
pneumopathie	f	pneumopathies
pneumothorax	m	pneumothorax
pochade	f	pochades
pochage	m	pochages
pochard	m	pochards
pocharde	f	pochardes
pocharderie	f	pocharderies
pochardise	f	pochardises
pochette	f	pochettes
pochette-surprise	f	pochettes-surprises
pochetée	f	pochetées
pocheuse	f	pocheuses
pochoir	m	pochoirs
pochon	m	pochons
pochouse	f	pochouses
pochée	f	pochées
podaire	f	podaires
podestat	m	podestats
podium	m	podiums
podolithe	m	podolithes
podologie	f	podologies
podomètre	m	podomètres
podoscaphe	m	podoscaphes
podzol	m	podzols
podzolisation	f	podzolisations
poecile	m	poeciles
poecilotherme	m	poecilothermes
pogne	f	pognes
pognon	m	pognons
pogonophore	m	pogonophores
pogrom	m	pogroms
pogrome	m	pogromes
poids	m	poids
poignard	m	poignards
poignardement	m	poignardements
poigne	f	poignes
poignet	m	poignets
poignée	f	poignées
poil	m	poils
poilade	f	poilades
poilage	m	poilages
poilu	m	poilus
poing	m	poings
point	m	points
point-virgule	m	points-virgules
pointage	m	pointages
pointal	m	pointaux
pointe	f	pointes
pointeau	m	pointeaux
pointement	m	pointements
pointeur	m	pointeurs
pointil	m	pointils
pointillage	m	pointillages
pointillement	m	pointillements
pointilleux	m	pointilleux
pointilleuse	f	pointilleuses
pointillisme	m	pointillismes
pointu	m	pointus
pointure	f	pointures
pointé	m	pointés
poinçon	m	poinçons
poinçonnage	m	poinçonnages
poinçonnement	m	poinçonnements
poinçonneur	m	poinçonneurs
poinçonneuse	f	poinçonneuses
poinçonneuse	f	poinçonneuses
poire	f	poires
poireau	m	poireaux
poireautage	m	poireautages
poirier	m	poiriers
poirée	f	poirées
pois	m	pois
poiscaille	f	poiscailles
poise	m	poises
poiseuille	m	poiseuilles
poison	m	poisons
poissage	m	poissages
poissarde	f	poissardes
poisse	f	poisses
poissement	m	poissements
poisson	m	poissons
poisson-chat	m	poissons-chats
poisson-lune	m	poisson-lunes
poisson-scie	m	poissons-scies
poisson-épée	m	poisson-épées
poissonnerie	f	poissonneries
poissonnier	m	poissonniers
poissonnière	f	poissonnières
poissonnière	f	poissonnières
poitevin	m	poitevins
poitevine	f	poitevines
poitrail	m	poitrails
poitrinage	m	poitrinages
poitrine	f	poitrines
poitrinière	f	poitrinières
poivrade	f	poivrades
poivrage	m	poivrages
poivre	m	poivres
poivrier	m	poivriers
poivrière	f	poivrières
poivron	m	poivrons
poivrot	m	poivrots
poivrote	f	poivrotes
poix	f	poix
poker	m	pokers
polacre	f	polacres
polaire	f	polaires
polar	m	polars
polard	m	polards
polarimètre	m	polarimètres
polarimétrie	f	polarimétries
polarisation	f	polarisations
polariscope	m	polariscopes
polariseur	m	polariseurs
polarité	f	polarités
polarographie	f	polarographies
polaroïd	m	polaroïds
polatouche	m	polatouches
polder	m	polders
poldérisation	f	poldérisations
polenta	f	polentas
poli	m	polis
police	f	polices
policeman	m	policemen
polichinelle	m	polichinelles
policier	m	policiers
policlinique	f	policliniques
poliomyélite	f	poliomyélites
poliorcétique	f	poliorcétiques
poliose	f	polioses
polissage	m	polissages
polisseur	m	polisseurs
polisseuse	f	polisseuses
polisseuse	f	polisseuses
polissoir	m	polissoirs
polissoire	f	polissoires
polisson	m	polissons
polissonne	f	polissonnes
polissonnerie	f	polissonneries
polissure	f	polissures
politesse	f	politesses
politicaillerie	f	politicailleries
politicard	m	politicards
politicien	m	politiciens
politicienne	f	politiciennes
politicologie	f	politicologies
politiquaillerie	f	politiquailleries
politisation	f	politisations
polka	f	polkas
pollen	m	pollens
pollinisation	f	pollinisations
polluant	m	polluants
pollueur	m	pollueurs
pollueuse	f	pollueuses
pollution	f	pollutions
polo	m	polos
polochon	m	polochons
polonais	m	polonais
polonaise	f	polonaises
polonaise	f	polonaises
polonisation	f	polonisations
polonium	m	poloniums
poltron	m	poltrons
poltronne	f	poltronnes
poltronnerie	f	poltronneries
polyacide	m	polyacides
polyaddition	f	polyadditions
polyalcool	m	polyalcools
polyamide	m	polyamides
polyamine	f	polyamines
polyandre	f	polyandres
polyandrie	f	polyandries
polyarchie	f	polyarchies
polyarthrite	f	polyarthrites
polybutadiène	m	polybutadiènes
polycentrisme	m	polycentrismes
polychromie	f	polychromies
polychroïsme	m	polychroïsmes
polychète	m	polychètes
polyclinique	f	polycliniques
polycondensat	m	polycondensats
polycondensation	f	polycondensations
polycopiage	m	polycopiages
polycopie	f	polycopies
polycopié	m	polycopiés
polyculture	f	polycultures
polydactylie	f	polydactylies
polydipsie	f	polydipsies
polyembryonie	f	polyembryonies
polyester	m	polyesters
polygala	m	polygalas
polygale	m	polygales
polygamie	f	polygamies
polyglobulie	f	polyglobulies
polygonacée	f	polygonacées
polygonale	f	polygonales
polygonation	f	polygonations
polygone	m	polygones
polygonisation	f	polygonisations
polygraphie	f	polygraphies
polygynie	f	polygynies
polygénisme	m	polygénismes
polyholoside	m	polyholosides
polyhybridisme	m	polyhybridismes
polymorphie	f	polymorphies
polymorphisme	m	polymorphismes
polymère	m	polymères
polymérase	f	polymérases
polymérie	f	polyméries
polymérisation	f	polymérisations
polynucléose	f	polynucléoses
polynésien	m	polynésiens
polynésienne	f	polynésiennes
polynévrite	f	polynévrites
polynôme	m	polynômes
polyoside	m	polyosides
polype	m	polypes
polypeptide	m	polypeptides
polyphagie	f	polyphagies
polyphonie	f	polyphonies
polypier	m	polypiers
polyploïde	m	polyploïdes
polyploïdie	f	polyploïdies
polyploïdisation	f	polyploïdisations
polypnée	f	polypnées
polypode	m	polypodes
polypore	m	polypores
polyporée	f	polyporées
polypropylène	m	polypropylènes
polyptyque	m	polyptyques
polyptère	m	polyptères
polyradiculonévrite	f	polyradiculonévrites
polyrythmie	f	polyrythmies
polysaccharide	m	polysaccharides
polysialie	f	polysialies
polysoc	m	polysocs
polyspermie	f	polyspermies
polystyrène	m	polystyrènes
polystélie	f	polystélies
polysulfure	m	polysulfures
polysyllabique	m	polysyllabiques
polysyllabisme	m	polysyllabismes
polysynodie	f	polysynodies
polysynthèse	f	polysynthèses
polysémie	f	polysémies
polytechnicien	m	polytechniciens
polytechnicienne	f	polytechniciennes
polytechnique	f	polytechniques
polyterpène	m	polyterpènes
polythène	m	polythènes
polythéisme	m	polythéismes
polytonalité	f	polytonalités
polytric	m	polytrics
polyurie	f	polyuries
polyuréthanne	m	polyuréthannes
polyvalence	f	polyvalences
polyvision	f	polyvisions
polyèdre	m	polyèdres
polyéthylène	m	polyéthylènes
polémique	f	polémiques
polémiquée	f	polémiquées
polémologie	f	polémologies
polémoniacée	f	polémoniacées
pommade	f	pommades
pomme	f	pommes
pommeau	m	pommeaux
pommelure	f	pommelures
pommette	f	pommettes
pommier	m	pommiers
pomoculture	f	pomocultures
pomoerium	m	pomoeriums
pomologie	f	pomologies
pompage	m	pompages
pompe	f	pompes
pomperie	f	pomperies
pompeur	f	pompeurs
pompidolien	m	pompidoliens
pompidolienne	f	pompidoliennes
pompile	m	pompiles
pompiérisme	m	pompiérismes
pompon	m	pompons
pomponnage	m	pomponnages
pompéien	m	pompéiens
pompéienne	f	pompéiennes
pomélo	m	pomélos
ponant	m	ponants
ponantais	m	ponantais
ponantaise	f	ponantaises
ponce	f	ponces
ponceau	m	ponceaux
poncelet	m	poncelets
ponceur	m	ponceurs
ponceuse	f	ponceuses
ponceuse	f	ponceuses
poncho	m	ponchos
poncif	m	poncifs
ponction	f	ponctions
ponctionnement	m	ponctionnements
ponctualisation	f	ponctualisations
ponctualité	f	ponctualités
ponctuation	f	ponctuations
pondaison	f	pondaisons
pondeur	m	pondeurs
pondeuse	f	pondeuses
pondeuse	f	pondeuses
pondoir	m	pondoirs
pondérateur	m	pondérateurs
pondératrice	f	pondératrices
pondération	f	pondérations
pondéreux	m	pondéreux
poney	m	poneys
pongidé	m	pongidés
pongé	m	pongés
pongée	m	pongées
pont	m	ponts
pont-bascule	m	ponts-bascules
pont-l'évêque	m	pont-l'évêque
pont-levis	m	ponts-levis
pont-promenade	m	ponts-promenade
pontage	m	pontages
pontet	m	pontets
pontier	m	pontiers
pontife	m	pontifes
pontifiage	m	pontifiages
pontifiant	m	pontifiants
pontificat	m	pontificats
pontifiement	m	pontifiements
pontil	m	pontils
ponton	m	pontons
pontonnage	m	pontonnages
pontonnier	m	pontonniers
pontuseau	m	pontuseaux
pontée	f	pontées
ponçage	m	ponçages
ponçure	f	ponçures
pool	m	pools
pop	f	pop
pop-corn	m	pop-corn
pope	m	popes
popeline	f	popelines
popote	f	popotes
popotin	m	popotins
populace	f	populaces
populage	m	populages
popularisation	f	popularisations
popularité	f	popularités
population	f	populations
populisme	m	populismes
populo	m	populos
populéum	m	populéums
poquet	m	poquets
porc	m	porcs
porc-épic	m	porcs-épics
porcelaine	f	porcelaines
porcelainier	m	porcelainiers
porcelainière	f	porcelainières
porcelet	m	porcelets
porchaison	f	porchaisons
porche	m	porches
porcher	m	porchers
porchère	f	porchères
porcherie	f	porcheries
porcin	m	porcins
pore	m	pores
porion	m	porions
porno	m	pornos
pornographie	f	pornographies
porophore	m	porophores
porosité	f	porosités
porphyre	m	porphyres
porphyrie	f	porphyries
porphyrine	f	porphyrines
porphyrisation	f	porphyrisations
porque	f	porques
porreau	m	porreaus
porrection	f	porrections
porridge	m	porridges
port	m	ports
port-salut	m	port-salut
portable	m	portables
portage	m	portages
portail	m	portails
portance	f	portances
portant	m	portants
porte	f	portes
porte-affiche	m	porte-affiche
porte-affiches	m	porte-affiches
porte-aiguille	m	porte-aiguille
porte-allumettes	m	porte-allumettes
porte-amarre	m	porte-amarre
porte-avions	m	porte-avions
porte-bagages	m	porte-bagages
porte-balais	m	porte-balais
porte-bannière	m	porte-bannière
porte-baïonnette	m	porte-baïonnette
porte-billets	m	porte-billets
porte-bonheur	m	porte-bonheur
porte-bouquet	m	porte-bouquet
porte-bouteilles	m	porte-bouteilles
porte-bébé	m	porte-bébé
porte-carnier	m	porte-carnier
porte-carte	m	porte-carte
porte-cartes	m	porte-cartes
porte-chapeaux	m	porte-chapeaux
porte-cigares	m	porte-cigares
porte-cigarettes	m	porte-cigarettes
porte-clefs	m	porte-clefs
porte-clés	m	porte-clés
porte-copie	m	porte-copie
porte-couteau	m	porte-couteau
porte-crayon	m	porte-crayon
porte-croix	m	porte-croix
porte-crosse	m	porte-crosses
porte-documents	m	porte-documents
porte-drapeau	m	porte-drapeau
porte-enseigne	m	porte-enseigne
porte-faix	m	porte-faix
porte-fanion	m	porte-fanion
porte-fenêtre	f	portes-fenêtres
porte-fort	m	porte-fort
porte-glaive	m	porte-glaives
porte-greffe	m	porte-greffe
porte-hauban	m	porte-haubans
porte-jarretelles	m	porte-jarretelles
porte-jupe	m	porte-jupe
porte-lame	m	porte-lame
porte-lames	m	porte-lames
porte-malheur	m	porte-malheur
porte-menu	m	porte-menu
porte-mine	m	porte-mine
porte-monnaie	m	porte-monnaie
porte-montre	m	porte-montre
porte-mors	m	porte-mors
porte-musique	m	porte-musique
porte-objet	m	porte-objet
porte-outil	m	porte-outil
porte-parapluies	m	porte-parapluies
porte-parole	m	porte-parole
porte-plume	m	porte-plume
porte-queue	m	porte-queue
porte-savon	m	porte-savon
porte-savons	m	porte-savons
porte-serviettes	m	porte-serviettes
porte-vent	m	porte-vent
porte-voix	m	porte-voix
porte-à-faux	m	porte-à-faux
porte-épée	m	porte-épée
porte-étendard	m	porte-étendard
porte-étriers	m	porte-étriers
porte-étrivière	m	porte-étrivière
portefaix	m	portefaix
portefeuille	m	portefeuilles
portemanteau	m	portemanteaux
portement	m	portements
portemine	m	portemines
porterie	f	porteries
porteur	m	porteurs
porteuse	f	porteuses
porteuse	f	porteuses
portfolio	m	portfolios
portier	m	portiers
portière	f	portières
portillon	m	portillons
portion	f	portions
portique	m	portiques
portière	f	portières
portland	m	portlands
portlandien	m	portlandiens
porto	m	portos
portocain	m	portocains
portocaine	f	portocaines
portor	m	portors
portoricain	m	portoricains
portoricainne	f	portoricainnes
portrait	m	portraits
portrait-robot	m	portraits-robots
portraiture	f	portraitures
portugais	m	portugais
portugaise	f	portugaises
portulan	m	portulans
portune	m	portunes
porté	m	portés
portée	f	portées
posada	f	posadas
posage	m	posages
pose	f	poses
posemètre	m	posemètres
poseur	m	poseurs
poseuse	f	poseuses
positif	m	positifs
position	f	positions
positionnement	m	positionnements
positivation	f	positivations
positivisme	m	positivismes
positivité	f	positivités
positon	m	positons
positonium	m	positoniums
positron	m	positrons
posologie	f	posologies
possesseur	m	possesseurs
possessif	m	possessifs
possession	f	possessions
possessivité	f	possessivités
possessoire	m	possessoires
possibilisation	f	possibilisations
possibilité	f	possibilités
possédant	m	possédants
possédante	f	possédantes
possédé	m	possédés
possédée	f	possédées
post	m	posts
post-doctorant	m	post-doctorants
post-doctorante	f	post-doctorantes
post-scriptum	m	post-scriptum
postage	m	postages
postcombustion	f	postcombustions
postcommunion	f	postcommunions
postcure	f	postcures
postdatation	f	postdatations
postdate	f	postdates
poste-frontière	m	postes-frontières
poster	m	posters
postface	f	postfaces
postfordisme	m	postfordismes
posthite	f	posthites
posthypophyse	f	posthypophyses
posticheur	m	posticheurs
postier	m	postiers
postière	f	postières
postillon	m	postillons
postillonnade	f	postillonnades
postillonnage	m	postillonnages
postlude	m	postludes
postmodernisme	m	postmodernismes
postposition	f	postpositions
postscript	m	postscript
postsonorisation	f	postsonorisations
postsynchronisation	f	postsynchronisations
postulant	m	postulants
postulante	f	postulantes
postulat	m	postulats
postulation	f	postulations
posture	f	postures
postérieur	m	postérieurs
postériorité	f	postériorités
postérisation	f	postérisations
postérité	f	postérités
posée	f	posées
pot	m	pots
pot-au-feu	m	pot-au-feu
pot-de-vin	m	pots-de-vin
pot-pourri	m	pots-pourris
potache	m	potaches
potage	m	potages
potager	m	potagers
potamochère	m	potamochères
potamologie	f	potamologies
potamot	m	potamots
potard	m	potards
potassage	m	potassages
potasse	f	potasses
potasseur	m	potasseurs
potassium	m	potassiums
poteau	m	poteaux
potence	f	potences
potentat	m	potentats
potentialisation	f	potentialisations
potentialité	f	potentialités
potentiel	m	potentiels
potentille	f	potentilles
potentiomètre	m	potentiomètres
poterie	f	poteries
poterne	f	poternes
potiche	f	potiches
potier	m	potiers
potin	m	potins
potinage	m	potinages
potinier	m	potiniers
potinière	f	potinières
potinière	f	potinières
potion	f	potions
potiron	m	potirons
potlatch	m	potlatchs
potomètre	m	potomètres
potto	m	pottos
potée	f	potées
pou	m	poux
pou-de-soie	m	poux-de-soie
poubelle	f	poubelles
pouce	m	pouces
pouce-pied	m	pouce-pied
poucet	m	poucets
poucette	f	poucettes
poucier	m	pouciers
pouding	m	poudings
poudingue	m	poudingues
poudrage	m	poudrages
poudre	f	poudres
poudrerie	f	poudreries
poudrette	f	poudrettes
poudreuse	f	poudreuses
poudrier	m	poudriers
poudrière	f	poudrières
poudroiement	m	poudroiements
poudré	m	poudrés
pouf	m	poufs
pouffage	m	pouffages
pouffement	m	pouffements
pouffiasse	f	pouffiasses
pouffée	f	pouffées
pouillage	m	pouillages
pouillard	m	pouillards
pouillerie	f	pouilleries
pouilleux	m	pouilleux
pouilleuse	f	pouilleuses
pouillot	m	pouillots
pouilly	m	pouilly
pouillé	m	pouillés
poujadisme	m	poujadismes
poulailler	m	poulaillers
poulain	m	poulains
poulaine	f	poulaines
poularde	f	poulardes
poulbot	m	poulbots
poule	f	poules
poulet	m	poulets
poulette	f	poulettes
pouliche	f	pouliches
poulie	f	poulies
poulinage	m	poulinages
poulinement	m	poulinements
poulinière	f	poulinières
pouliot	m	pouliots
poulot	m	poulots
poulotte	f	poulottes
poulpe	m	poulpes
pouls	m	pouls
poult-de-soie	m	poults-de-soie
poumon	m	poumons
pound	m	pounds
poupard	m	poupards
pouparde	f	poupardes
poupe	f	poupes
poupon	m	poupons
pouponnage	m	pouponnages
pouponnière	f	pouponnières
poupée	f	poupées
pour	m	pours
pour-compte	m	pour-comptes
pour-soi	m	pour-sois
pourboire	m	pourboires
pourceau	m	pourceaux
pourcent	m	%
pourcentage	m	pourcentages
pourchassement	m	pourchassements
pourchasseur	m	pourchasseurs
pourfendeur	m	pourfendeurs
pourfendeuse	f	pourfendeuses
pourlèchement	m	pourlèchements
pourléchage	m	pourléchages
pourparler	m	pourparlers
pourpier	m	pourpiers
pourpoint	m	pourpoints
pourquoi	m	pourquoi
pourri	m	pourris
pourrie	f	pourries
pourridié	m	pourridiés
pourrissage	m	pourrissages
pourrissement	m	pourrissements
pourrissoir	m	pourrissoirs
pourriture	f	pourritures
poursuite	f	poursuites
poursuivant	m	poursuivants
poursuivante	f	poursuivantes
poursuiveur	m	poursuiveurs
pourtour	m	pourtours
pourtournement	m	pourtournements
pourvoi	m	pourvois
pourvoyeur	m	pourvoyeurs
pourvoyeuse	f	pourvoyeuses
poussa	m	poussas
poussade	f	poussades
poussage	m	poussages
poussah	m	poussahs
pousse	f	pousses
pousse-café	m	pousse-café
pousse-cailloux	m	pousse-cailloux
pousse-pied	m	pousse-pied
pousse-pousse	m	pousse-pousse
poussement	m	poussements
poussette	f	poussettes
pousseur	m	pousseurs
poussier	m	poussiers
poussin	m	poussins
poussinière	f	poussinières
poussière	f	poussières
poussoir	m	poussoirs
poussée	f	poussées
pout-de-soie	m	pouts-de-soie
poutargue	f	poutargues
poutou	m	poutous
poutraison	f	poutraisons
poutre	f	poutres
poutrelle	f	poutrelles
pouture	f	poutures
pouvoir	m	pouvoirs
pouzzolane	f	pouzzolanes
poème	m	poèmes
poétesse	f	poétesses
poésie	f	poésies
poétereau	m	poétereaux
poétesse	f	poétesses
poétique	f	poétiques
poétisation	f	poétisations
poêlage	m	poêlages
poêlon	m	poêlons
poêlée	f	poêlées
poïkilotherme	m	poïkilothermes
ppt	m	ppt
praesidium	m	praesidiums
pragmatisme	m	pragmatismes
praire	f	praires
prairial	m	prairials
prairie	f	prairies
pralin	m	pralins
pralinage	m	pralinages
praline	f	pralines
praliné	m	pralinés
prame	f	prames
pramipexole	f	pramipexoles
prao	m	praos
praséodyme	m	praséodymes
praticabilité	f	praticabilités
praticable	m	praticables
praticien	m	praticiens
praticienne	f	praticiennes
pratiquant	m	pratiquants
pratiquante	f	pratiquantes
pratique	f	pratiques
praxie	f	praxies
praxis	f	praxis
premier	m	premiers
première	f	premières
premier-né	m	premiers-nés
première-née	f	premières-nées
première	f	premières
preneur	m	preneurs
preneuse	f	preneuses
presbytie	f	presbyties
presbytère	m	presbytères
presbytérianisme	m	presbytérianismes
presbytérien	m	presbytériens
presbytérienne	f	presbytériennes
prescience	f	presciences
prescripteur	m	prescripteurs
prescription	f	prescriptions
presle	f	presles
presqu'île	f	presqu'îles
press-book	m	press-books
pressage	m	pressages
presse	f	presses
presse-bouton	m	presse-bouton
presse-citron	m	presse-citron
presse-fruits	m	presse-fruits
presse-papiers	m	presse-papiers
presse-purée	m	presse-purée
presse-raquette	m	presse-raquette
presse-étoupe	m	presse-étoupe
pressement	m	pressements
pressentiment	m	pressentiments
presseur	m	presseurs
pressier	m	pressiers
pressing	m	pressings
pression	f	pressions
pressoir	m	pressoirs
pressurage	m	pressurages
pressuration	f	pressurations
pressureur	m	pressureurs
pressurisation	f	pressurisations
pressé	m	pressés
pressée	f	pressées
prestance	f	prestances
prestant	m	prestants
prestation	f	prestations
prestesse	f	prestesses
prestidigitateur	m	prestidigitateurs
prestidigitation	f	prestidigitations
prestige	m	prestiges
preuve	f	preuves
preux	m	preux
priant	m	priants
priapisme	m	priapismes
priapée	f	priapées
prie	f	pries
prie-dieu	m	prie-dieu
prieur	m	prieurs
prieure	f	prieures
prieuré	m	prieurés
primage	m	primages
primarisation	f	primarisations
primarisme	m	primarismes
primarité	f	primarités
primat	m	primats
primatiale	f	primatiales
primatie	f	primaties
primauté	f	primautés
prime	f	primes
primerose	f	primeroses
primeur	m	primeurs
primeur	f	primeur
primevère	f	primevères
primidi	m	primidis
primipare	f	primipares
primipilaire	m	primipilaires
primipile	m	primipiles
primitif	m	primitifs
primitive	f	primitives
primitive	f	primitives
primitivisme	m	primitivismes
primo-infection	f	primo-infections
primogéniture	f	primogénitures
primulacée	f	primulacées
prince	m	princes
princesse	f	princesses
principal	m	principaux
principale	f	principales
principalat	m	principalats
principale	f	principales
principat	m	principats
principauté	f	principautés
principe	m	principes
printanisation	f	printanisations
printemps	m	printemps
priodonte	m	priodontes
prion	m	prions
priorat	m	priorats
priorisation	f	priorisations
priorité	f	priorités
prisage	m	prisages
prise	f	prises
priseur	m	priseurs
priseuse	f	priseuses
prismatisation	f	prismatisations
prisme	m	prismes
prison	f	prisons
prisonnier	m	prisonniers
prisonnière	f	prisonnières
prisée	f	prisées
privat-docent	m	privat-docents
privat-dozent	m	privat-dozents
privatif	m	privatifs
privation	f	privations
privatique	f	privatiques
privatisation	f	privatisations
privatisée	f	privatisées
privauté	f	privautés
privilège	m	privilèges
privilégié	m	privilégiés
privilégiée	f	privilégiées
privé	m	privés
prix	m	prix
prière	f	prières
proactivité	f	proactivités
probabilisation	f	probabilisations
probabilisme	m	probabilismes
probabilité	f	probabilités
probation	f	probations
probité	f	probités
problème	m	pb
problématique	f	problématiques
problématisation	f	problématisations
proboscidien	m	proboscidiens
process	m	process
processeur	m	processeurs
processing	m	processings
procession	f	processions
processionnaire	f	processionnaires
processionnement	m	processionnements
processus	m	processus
prochain	m	prochains
prochaine	f	prochaines
prochinois	m	prochinois
prochinoise	f	prochinoises
procidence	f	procidences
proclamation	f	proclamations
proclitique	m	proclitiques
proclivie	f	proclivies
proclivité	f	proclivités
proconsul	m	proconsuls
proconsule	f	proconsules
proconsulat	m	proconsulats
procordé	m	procordés
procrastination	f	procrastinations
procrastine	f	procrastines
procréateur	m	procréateurs
procréatrice	f	procréatrices
procréation	f	procréations
proctalgie	f	proctalgies
proctite	f	proctites
proctologie	f	proctologies
proctorrhée	f	proctorrhées
procurateur	m	procurateurs
procuratie	f	procuraties
procuration	f	procurations
procure	f	procures
procureur	m	procureurs
procureure	f	procureures
procès	m	procès
procès-verbal	m	procès-verbaux
procédure	f	procédures
procédurier	m	procéduriers
procédurière	f	procédurières
procédé	m	procédés
prodigalité	f	prodigalités
prodige	m	prodiges
prodrome	m	prodromes
producteur	m	producteurs
productrice	f	productrices
production	f	prod
productique	f	productiques
productivisme	m	productivismes
productivité	f	productivités
produit	m	produits
profanateur	m	profanateurs
profanatrice	f	profanatrices
profanation	f	profanations
professant	m	professants
professeur	m	professeurs
profession	f	professions
professionalité	f	professionalités
professionnalisation	f	professionnalisations
professionnalisme	m	professionnalismes
professionnel	m	professionnels
professionnelle	f	professionnelles
professorat	m	professorats
profil	m	profils
profilage	m	profilages
profilement	m	profilements
profileur	m	profileurs
profilographe	m	profilographes
profilé	m	profilés
profit	m	profits
profitabilité	f	profitabilités
profiterole	f	profiteroles
profiteur	m	profiteurs
profiteuse	f	profiteuses
profond	m	profonds
profondeur	f	profondeurs
profusion	f	profusions
profès	m	profès
professe	f	professes
profération	f	proférations
progagande	f	progagandes
progestatif	m	progestatifs
progestérone	f	progestérones
progiciel	m	progiciels
proglottis	m	proglottis
prognathisme	m	prognathismes
progradation	f	progradations
programmateur	m	programmateurs
programmatrice	f	programmatrices
programmation	f	programmations
programmatique	f	programmatiques
programme	m	programmes
programme-cadre	m	programmes-cadres
programmeur	m	programmeurs
programmeuse	f	programmeuses
progressement	m	progressements
progressif	m	progressifs
progression	f	progressions
progressisme	m	progressismes
progressivité	f	progressivités
progrès	m	progrès
progéniture	f	progénitures
progérie	f	progéries
prohibition	f	prohibitions
prohibitionnisme	m	prohibitionnismes
proie	f	proies
projecteur	m	projecteurs
projectile	m	projectiles
projection	f	projections
projecture	f	projectures
projet	m	projets
projetage	m	projetages
projetante	f	projetantes
projeteur	m	projeteurs
projeté	m	projetés
prolactine	f	prolactines
prolamine	f	prolamines
prolan	m	prolans
prolapsus	m	prolapsus
prolepse	f	prolepses
prolificité	f	prolificités
prolifération	f	proliférations
prolixité	f	prolixités
prolog	m	prolog
prologue	m	prologues
prolongateur	m	prolongateurs
prolongation	f	prolongations
prolonge	f	prolonges
prolongement	m	prolongements
prolétariat	m	prolétariats
prolétarisation	f	prolétarisations
promenade	f	promenades
promeneur	m	promeneurs
promeneuse	f	promeneuses
promeneuse	f	promeneuses
promenoir	m	promenoirs
promesse	f	promesses
promis	m	promis
promise	f	promises
promiscuité	f	promiscuités
promission	f	promissions
promo	f	promos
promontoire	m	promontoires
promoteur	m	promoteurs
promotrice	f	promotrices
promotion	f	promotions
prompteur	m	prompteurs
promptitude	f	promptitudes
promu	m	promus
promue	f	promues
promulgation	f	promulgations
promyélocyte	m	promyélocytes
prométhazine	f	prométhazines
prométhéum	m	prométhéums
pronaos	m	pronaos
pronateur	m	pronateurs
pronation	f	pronations
pronom	m	pronoms
pronominalisation	f	pronominalisations
prononce	m	prononces
prononcement	m	prononcements
prononciation	f	prononciations
prononcé	m	prononcés
pronostic	m	pronostics
pronostication	f	pronostications
pronostiqueur	m	pronostiqueurs
pronostiqueuse	f	pronostiqueuses
pronunciamiento	m	pronunciamientos
propadiène	m	propadiènes
propagande	f	propagandes
propagandisme	m	propagandismes
propagateur	m	propagateurs
propagatrice	f	propagatrices
propagation	f	propagations
propagule	f	propagules
propane	m	propanes
propanier	m	propaniers
propanol	m	propanols
proparoxyton	m	proparoxytons
propension	f	propensions
propergol	m	propergols
propharmacien	m	propharmaciens
propharmacienne	f	propharmaciennes
prophase	f	prophases
prophylactique	m	prophylactiques
prophylaxie	f	prophylaxies
prophète	m	prophètes
prophétesse	f	prophétesse
prophétie	f	prophéties
prophétisation	f	prophétisations
prophétisme	m	prophétismes
propitiation	f	propitiations
propitiatoire	m	propitiatoires
propolis	f	propolis
proportion	f	proportions
proportionnalité	f	proportionnalités
proportionnelle	f	proportionnelles
proportionnement	m	proportionnements
propos	m	propos
proposant	m	proposants
proposition	f	propositions
propre	m	propres
propreté	f	propretés
propriocepteur	m	propriocepteurs
proprioception	f	proprioceptions
propriété	f	propriétés
propréteur	m	propréteurs
propréture	f	proprétures
propulseur	m	propulseurs
propulsion	f	propulsions
propylène	m	propylènes
propylée	m	propylées
propène	m	propènes
propédeutique	f	propédeutiques
proquesteur	m	proquesteurs
proquesture	f	proquestures
prorata	m	prorata
prorogation	f	prorogations
prosateur	m	prosateurs
prosaïsation	f	prosaïsations
prosaïsme	m	prosaïsmes
proscenium	m	prosceniums
proscripteur	m	proscripteurs
proscription	f	proscriptions
proscrit	m	proscrits
proscrite	f	proscrites
prose	f	proses
prosecteur	m	prosecteurs
prosectorat	m	prosectorats
prosimien	m	prosimiens
prosobranche	m	prosobranches
prosodie	f	prosodies
prosome	m	prosomes
prosopologie	f	prosopologies
prosopopée	f	prosopopées
prospect	m	prospects
prospecteur	m	prospecteurs
prospectrice	f	prospectrices
prospection	f	prospections
prospective	f	prospectives
prospectus	m	prospectus
prospérité	f	prospérités
prostaglandine	f	prostaglandines
prostate	f	prostates
prostatectomie	f	prostatectomies
prostatique	m	prostatiques
prostatisme	m	prostatismes
prosternation	f	prosternations
prosternement	m	prosternements
prosthèse	f	prosthèses
prostitution	f	prostitutions
prostitué	m	prostitués
prostituée	f	prostituées
prostration	f	prostrations
prostyle	m	prostyles
prosyllogisme	m	prosyllogismes
prosélytisme	m	prosélytismes
protactinium	m	protactiniums
protal	m	protals
protandrie	f	protandries
protase	f	protases
protecteur	m	protecteurs
protectrice	f	protectrices
protection	f	protections
protectionnisme	m	protectionnismes
protectorat	m	protectorats
protestant	m	protestants
protestante	f	protestantes
protestantisation	f	protestantisations
protestantisme	m	protestantismes
protestation	f	protestations
protestée	f	protestées
prothalle	m	prothalles
prothombine	f	prothombines
prothorax	m	prothorax
prothrombine	f	prothrombines
prothèse	f	prothèses
protide	m	protides
protiste	m	protistes
protistologie	f	protistologies
protococcale	f	protococcales
protococcus	m	protococcus
protocole	m	protocoles
protocordé	m	protocordés
protogalaxie	f	protogalaxies
protogine	f	protogines
protogynie	f	protogynies
protohistoire	f	protohistoires
protohistorien	m	protohistoriens
protomé	m	protomés
protométrie	f	protométries
proton	m	protons
protoplasme	m	protoplasmes
protoptère	m	protoptères
protostomien	m	protostomiens
protothérien	m	protothériens
prototypage	m	prototypages
prototype	m	prototypes
protoure	m	protoures
protoxyde	m	protoxydes
protozoaire	m	protozoaires
protrusion	f	protrusions
protubérance	f	protubérances
protuteur	m	protuteurs
protutrice	f	protutrices
protège-cahier	m	protège-cahiers
protège-dents	m	protège-dents
protège-tibia	m	protège-tibias
protègement	m	protègements
protèle	m	protèles
protéase	f	protéases
protée	m	protées
protégé	m	protégés
protégée	f	protégées
protéide	m	protéides
protéine	f	protéines
protéinurie	f	protéinuries
protéolyse	f	protéolyses
protérandrie	f	protérandries
protêt	m	protêts
proudhonien	f	proudhoniens
proue	f	proues
prouesse	f	prouesses
provenance	f	provenances
provende	f	provendes
provençal	m	provençaux
provençale	f	provençales
provençalisation	f	provençalisations
proverbe	m	proverbes
proverbialisation	f	proverbialisations
providence	f	providences
providentialisme	m	providentialismes
provignage	m	provignages
provignement	m	provignements
provin	m	provins
province	f	provinces
provincial	m	provinciaux
provinciale	f	provinciales
provincialat	m	provincialats
provincialisation	f	provincialisations
provincialisme	m	provincialismes
provirus	m	provirus
proviseur	m	proviseurs
proviseure	f	proviseures
provision	f	provisions
provisionnement	m	provisionnements
provisoire	m	provisoires
provisorat	m	provisorats
provitamine	f	provitamines
provocateur	m	provocateurs
provocatrice	f	provocatrices
provocation	f	provocations
provéditeur	m	provéditeurs
proximité	f	proximités
proxémique	f	proxémiques
proxénétisme	m	proxénétismes
proyer	m	proyers
proéminence	f	proéminences
prud'homme	m	prud'hommes
prudence	f	prudences
prudent	m	prudents
prudente	f	prudentes
pruderie	f	pruderies
prudhommerie	f	prudhommeries
pruine	f	pruines
pruneau	m	pruneaux
prunelaie	f	prunelaies
prunelle	f	prunelles
prunellier	m	prunelliers
prunelée	f	prunelées
prunier	m	pruniers
prunus	m	prunus
prurigo	m	prurigos
prurit	m	prurits
prussianisation	f	prussianisations
prussiate	m	prussiates
prussien	m	prussiens
prussienne	f	prussiennes
prussification	f	prussifications
prytane	m	prytanes
prytanée	m	prytanées
prèle	f	prèles
pré	m	prés
pré-salé	m	prés-salés
préadamisme	m	préadamismes
préadaptation	f	préadaptations
préadhésion	f	préadhésions
préalable	m	préalables
préambule	m	préambules
préau	m	préaux
préavis	m	préavis
prébende	f	prébendes
prébendier	m	prébendiers
prébendé	m	prébendés
précarisation	f	précarisations
précarité	f	précarités
précaution	f	précautions
préceinte	f	préceintes
précellence	f	précellences
précepte	m	préceptes
précepteur	m	précepteurs
préceptrice	f	préceptrices
préceptorat	m	préceptorats
précession	f	précessions
préchambre	f	préchambres
préchauffage	m	préchauffages
préchauffe	f	préchauffes
précieuse	f	précieuses
précieux	m	précieux
précieuse	f	précieuses
préciosité	f	préciosités
précipice	m	précipices
précipitation	f	précipitations
précipitement	m	précipitements
précipité	m	précipités
préciput	m	préciputs
précis	m	précis
précision	f	précisions
précocité	f	précocités
précombustion	f	précombustions
précomptage	m	précomptages
précompte	m	précomptes
préconception	f	préconceptions
préconisateur	m	préconisateurs
préconisation	f	préconisations
préconiseur	m	préconiseurs
préconscient	m	préconscients
précontraint	m	précontraints
précontrainte	f	précontraintes
précurseur	m	précurseurs
précédent	m	précédents
prédateur	m	prédateurs
prédatrice	f	prédatrices
prédation	f	prédations
prédestination	f	prédestinations
prédestinianisme	m	prédestinianismes
prédestiné	m	prédestinés
prédestinée	f	prédestinées
prédetermination	f	prédeterminations
prédicament	m	prédicaments
prédicant	m	prédicants
prédicat	m	prédicats
prédicateur	m	prédicateurs
prédicatrice	f	prédicatrices
prédication	f	prédications
prédiction	f	prédictions
prédigestion	f	prédigestions
prédilection	f	prédilections
prédisposition	f	prédispositions
prédominance	f	prédominances
prédomination	f	prédominations
prédécesseur	m	prédécesseurs
prédétermination	f	prédéterminations
préempteur	m	préempteurs
préemption	f	préemptions
préemptrice	f	préemptrices
préexistence	f	préexistences
préfabrication	f	préfabrications
préfabriqué	m	préfabriqués
préface	f	préfaces
préfacier	m	préfaciers
préfecture	f	préfectures
préfet	m	préfets
préfète	f	préfètes
préfiguration	f	préfigurations
préfinancement	m	préfinancements
préfixage	m	préfixages
préfixation	f	préfixations
préfixe	m	préfixes
préfixion	f	préfixions
préfloraison	f	préfloraisons
préfoliation	f	préfoliations
préformage	m	préformages
préformation	f	préformations
préfrittage	m	préfrittages
préférence	f	préférences
préféré	m	préférés
préférée	f	préférées
prégnance	f	prégnances
préhension	f	préhensions
préhistoire	f	préhistoires
préhistorien	m	préhistoriens
préhistorienne	f	préhistoriennes
préimpression	f	préimpressions
préjudice	m	préjudices
préjugement	m	préjugements
préjugé	m	préjugés
prélart	m	prélarts
prélassement	m	prélassements
prélat	m	prélats
prélature	f	prélatures
prélavage	m	prélavages
prélegs	m	prélegs
préleveur	m	préleveurs
préleveuse	f	préleveuses
prélevée	f	prélevées
prélibation	f	prélibations
préliminaire	m	préliminaires
prélude	m	préludes
prélèvement	m	prélèvements
prématurité	f	prématurités
prématuré	m	prématurés
prématurée	f	prématurées
prémisse	f	prémisses
prémolaire	f	prémolaires
prémonition	f	prémonitions
prémontage	m	prémontages
prémontré	m	prémontrés
prémunition	f	prémunitions
prémédication	f	prémédications
préméditation	f	préméditations
prénom	m	prénoms
prénomination	f	prénominations
prénommé	m	prénommés
prénommée	f	prénommées
préoccupation	f	préoccupations
prépa	f	prépas
prépaiement	m	prépaiements
préparage	m	préparages
préparateur	m	préparateurs
préparatrice	f	préparatrices
préparatif	m	préparatifs
préparation	f	préparations
prépondérance	f	prépondérances
préposition	f	prépositions
préposé	m	préposés
préposée	f	préposées
prépotence	f	prépotences
prépuce	m	prépuces
préretraite	f	préretraites
prérogative	f	prérogatives
préromantisme	m	préromantismes
présage	m	présages
présalaire	m	présalaires
présanctifié	m	présanctifiés
présence	f	présences
présent	m	présents
présente	f	présentes
présentateur	m	présentateurs
présentatrice	f	présentatrices
présentation	f	présentations
présente	f	présentes
présentification	f	présentifications
présentoir	m	présentoirs
préservatif	m	préservatifs
préservation	f	préservations
préside	m	présides
présidence	f	présidences
président	m	présidents
présidente	f	présidentes
président-directeur	m	présidents-directeurs
présidentialisation	f	présidentialisations
présidentialisme	m	présidentialismes
présidentielle	f	présidentielles
présidium	m	présidiums
présomption	f	présomptions
présomptueux	m	présomptueux
présomptueuse	f	présomptueuses
présonorisation	f	présonorisations
présupposition	f	présuppositions
présupposé	m	présupposés
présurage	m	présurages
présure	f	présures
préséance	f	préséances
présélecteur	m	présélecteurs
présélection	f	présélections
présérie	f	préséries
prétantaine	f	prétantaines
prétendant	m	prétendants
prétendante	f	prétendantes
prétendu	m	prétendus
prétendue	f	prétendues
prétentaine	f	prétentaines
prétentiard	m	prétentiards
prétentieux	m	prétentieux
prétentieuse	f	prétentieuses
prétention	f	prétentions
préteur	m	préteurs
prétoire	m	prétoires
prétonique	f	prétoniques
prétorien	m	prétoriens
prétérit	m	prétérits
prétérition	f	prétéritions
prévalence	f	prévalences
prévaricateur	m	prévaricateurs
prévaricatrice	f	prévaricatrices
prévarication	f	prévarications
prévenance	f	prévenances
prévention	f	préventions
préventorium	m	préventoriums
prévenu	m	prévenus
prévenue	f	prévenues
préverbe	m	préverbes
prévisibilité	f	prévisibilités
prévision	f	prévisions
prévoyance	f	prévoyances
prévôt	m	prévôts
prévôté	f	prévôtés
prééminence	f	prééminences
préétablissement	m	préétablissements
prêche	m	prêches
prêchement	m	prêchements
prêcherie	f	prêcheries
prêcheur	m	prêcheurs
prêcheuse	f	prêcheuses
prêchi-prêcha	m	prêchi-prêcha
prêle	f	prêles
prêt	m	prêts
prêtant	m	prêtants
prête-nom	m	prête-noms
prêteur	m	prêteurs
prêteuse	f	prêteuses
prêtraille	f	prêtrailles
prêtre	m	prêtres
prêtresse	f	prêtresses
prêtresse	f	prêtresses
prêtrise	f	prêtrises
prêté	m	prêtés
prônage	m	prônages
prône	m	prônes
prôneur	m	prôneurs
prôneuse	f	prôneuses
psallette	f	psallettes
psalliote	f	psalliotes
psalmodiement	m	psalmodiements
psaltérion	m	psaltérions
psaume	m	psaumes
psautier	m	psautiers
pschent	m	pschents
pseudarthrose	f	pseudarthroses
pseudencéphale	m	pseudencéphales
pseudencéphalie	f	pseudencéphalies
pseudo-fécondation	f	pseudo-fécondations
pseudo-instruction	f	pseudo-instructions
pseudomembrane	f	pseudomembranes
pseudonyme	m	pseudonymes
pseudoparasite	m	pseudoparasites
pseudopode	m	pseudopodes
pseudorhumatisme	m	pseudorhumatismes
pseudotuberculose	f	pseudotuberculoses
pseudotumeur	f	pseudotumeurs
psi	m	psi
psilocybe	m	psilocybes
psilocybine	f	psilocybines
psilopa	f	psilopas
psittacidé	m	psittacidés
psittacisme	m	psittacismes
psittacose	f	psittacoses
psoas	m	psoas
psophomètre	m	psophomètres
psophométrie	f	psophométries
psoque	m	psoques
psoralène	m	psoralènes
psoriasis	m	psoriasis
psychagogie	f	psychagogies
psychanalyse	f	psychanalyses
psychanalysé	m	psychanalysés
psychanalysée	f	psychanalysées
psychiatrie	f	psychiatries
psychiatrisation	f	psychiatrisations
psychisme	m	psychismes
psychoanaleptique	m	psychoanaleptiques
psychobiologie	f	psychobiologies
psychochirurgie	f	psychochirurgies
psychodrame	m	psychodrames
psychogenèse	f	psychogenèses
psychogénétique	f	psychogénétiques
psychokinèse	f	psychokinèses
psychokinésie	f	psychokinésies
psycholinguistique	f	psycholinguistiques
psychologie	f	psycho
psychologisation	f	psychologisations
psychologisme	m	psychologismes
psychomotricité	f	psychomotricités
psychométrie	f	psychométries
psychonévrose	f	psychonévroses
psychopathie	f	psychopathies
psychopathologie	f	psychopathologies
psychopharmacologie	f	psychopharmacologies
psychophysicien	m	psychophysiciens
psychophysiologie	f	psychophysiologies
psychoplasticité	f	psychoplasticités
psychopédagogie	f	psychopédagogies
psychorigidité	f	psychorigidités
psychorééducateur	m	psychorééducateurs
psychose	f	psychoses
psychosociologie	f	psychosociologies
psychosomaticien	m	psychosomaticiens
psychotechnicien	m	psychotechniciens
psychotechnicienne	f	psychotechniciennes
psychothérapie	f	psychothérapies
psychotrope	m	psychotropes
psychè	f	psychès
psyché	f	psychés
ptomaïne	f	ptomaïnes
ptyaline	f	ptyalines
ptyalisme	m	ptyalismes
ptéridophyte	m	ptéridophytes
ptéridospermée	f	ptéridospermées
ptérobranche	m	ptérobranches
ptérodactyle	m	ptérodactyles
ptéropode	m	ptéropodes
ptérosaurien	m	ptérosauriens
ptérygote	m	ptérygotes
ptérygotus	m	ptérygotus
ptérygoïde	m	ptérygoïdes
ptérygoïdien	m	ptérygoïdiens
ptôse	f	ptôses
ptôsis	m	ptôsis
puanteur	f	puanteurs
puberté	f	pubertés
pubescence	f	pubescences
pubis	m	pubis
public	m	publics
publicain	m	publicains
publication	f	publications
publicisation	f	publicisations
publicité	f	publicités
publipostage	m	publipostages
puccinia	m	puccinias
puccinie	f	puccinies
puce	f	puces
puceau	m	puceaux
pucelle	f	pucelles
pucelage	m	pucelages
puceron	m	pucerons
puche	f	puches
pucheux	m	pucheux
pucier	m	puciers
pudding	m	puddings
puddlage	m	puddlages
puddleur	m	puddleurs
pudeur	f	pudeurs
pudibond	m	pudibonds
pudibonde	f	pudibondes
pudibonderie	f	pudibonderies
pudicité	f	pudicités
pueblo	m	pueblos
puffin	m	puffins
pugilat	m	pugilats
pugnacité	f	pugnacités
puisage	m	puisages
puisard	m	puisards
puisatier	m	puisatiers
puisement	m	puisements
puisette	f	puisettes
puissance	f	puissances
puits	m	puits
pulicaire	f	pulicaires
pull	m	pulls
pull-over	m	pull-overs
pullman	m	pullmans
pullorose	f	pulloroses
pullulation	f	pullulations
pullulement	m	pullulements
pullulence	f	pullulences
pulmoné	m	pulmonés
pulpage	m	pulpages
pulpation	f	pulpations
pulpe	f	pulpes
pulpite	f	pulpites
pulque	m	pulques
pulsar	m	pulsars
pulsation	f	pulsations
pulse	m	pulses
pulsion	f	pulsions
pulsoréacteur	m	pulsoréacteurs
pultrusion	f	pultrusions
pulvérin	m	pulvérins
pulvérisateur	m	pulvérisateurs
pulvérisation	f	pulvérisations
pulvériseur	m	pulvériseurs
pulvérulence	f	pulvérulences
puma	m	pumas
puna	f	punas
punaisage	m	punaisages
punaise	f	punaises
punch	m	punchs
puncheur	m	puncheurs
punching-ball	m	punching-balls
punctum	m	punctums
puni	m	punis
punie	f	punies
punisseur	m	punisseurs
punition	f	punitions
puntarelle	f	puntarelles
pupazzo	m	pupazzi
pupe	f	pupes
pupillarité	f	pupillarités
pupinisation	f	pupinisations
pupipare	m	pupipares
pupitre	m	pupitres
pupitreur	m	pupitreurs
pupitreuse	f	pupitreuses
pupuce	f	pupuces
pupulement	m	pupulements
pur	m	purs
pure	f	pures
pur-sang	m	pur-sang
pureau	m	pureaux
pureté	f	puretés
purgation	f	purgations
purgatoire	m	purgatoires
purge	f	purges
purgeage	m	purgeages
purgeoir	m	purgeoirs
purgeur	m	purgeurs
purificateur	m	purificateurs
purificatrice	f	purificatrices
purification	f	purifications
purificatoire	m	purificatoires
purin	m	purins
purine	f	purines
purisme	m	purismes
puritain	m	puritains
puritaine	f	puritaines
puritanisme	m	puritanismes
purot	m	purots
purotin	m	purotins
purpura	m	purpuras
purpurine	f	purpurines
purulence	f	purulences
purée	f	purées
pus	m	pus
puseyisme	m	puseyismes
pusillanimité	f	pusillanimités
pustulation	f	pustulations
pustule	f	pustules
putain	f	putains
putasserie	f	putasseries
putassier	m	putassiers
pute	f	putes
putier	m	putiers
putiet	m	putiets
putois	m	putois
putrescence	f	putrescences
putrescibilité	f	putrescibilités
putridité	f	putridités
putréfaction	f	putréfactions
putsch	m	putschs
putter	m	putters
putting	f	puttings
putto	m	puttos
puy	m	puys
puzzle	m	puzzles
puçage	m	puçages
puériculteur	m	puériculteurs
puéricultrice	f	puéricultrices
puériculture	f	puéricultures
puérilisme	m	puérilismes
puérilité	f	puérilités
puîné	m	puînés
puînée	f	puînées
pycnogonide	m	pycnogonides
pycnomètre	m	pycnomètres
pycnose	f	pycnoses
pygargue	m	pygargues
pygmé	m	pygmés
pygmée	f	pygmées
pyjama	m	pyjamas
pylore	m	pylores
pylône	m	pylônes
pyocyanique	m	pyocyaniques
pyodermite	f	pyodermites
pyorrhée	f	pyorrhées
pyrale	f	pyrales
pyramidage	m	pyramidages
pyramide	f	pyramides
pyramidion	m	pyramidions
pyranne	m	pyrannes
pyrex	m	pyrex
pyrexie	f	pyrexies
pyridine	f	pyridines
pyridoxine	f	pyridoxines
pyrimidine	f	pyrimidines
pyrite	f	pyrites
pyrocatéchol	m	pyrocatéchols
pyrocorise	m	pyrocorises
pyrogallol	m	pyrogallols
pyrographe	m	pyrographes
pyrograveur	m	pyrograveurs
pyrogravure	f	pyrogravures
pyrogénation	f	pyrogénations
pyroligneux	m	pyroligneux
pyrolusite	f	pyrolusites
pyrolyse	f	pyrolyses
pyromanie	f	pyromanies
pyromètre	m	pyromètres
pyrométrie	f	pyrométries
pyrophore	m	pyrophores
pyrotechnie	f	pyrotechnies
pyrrhique	f	pyrrhiques
pyrrhonien	m	pyrrhoniens
pyrrhonienne	f	pyrrhoniennes
pyrrhonisme	m	pyrrhonismes
pyrrol	m	pyrrols
pyrrole	m	pyrroles
pyrène	m	pyrènes
pyrèthre	m	pyrèthres
pyrénéen	m	pyrénéens
pyrénéenne	f	pyrénéennes
pyrénéite	f	pyrénéites
pythagorisme	m	pythagorismes
pythie	f	pythies
pythique	f	pythiques
python	m	pythons
pythonisse	f	pythonisses
pyurie	f	pyuries
pyxide	f	pyxides
pyélite	f	pyélites
pyélonéphrite	f	pyélonéphrites
pâleur	f	pâleurs
pâli	m	pâlis
pâlissement	m	pâlissements
pâmoison	f	pâmoisons
pâque	f	pâques
pâquerette	f	pâquerettes
pâte	f	pâtes
pâtiment	m	pâtiments
pâtiras	m	pâtiras
pâtis	m	pâtis
pâtisserie	f	pâtisseries
pâtissier	m	pâtissiers
pâtissière	f	pâtissières
pâtisson	m	pâtissons
pâton	m	pâtons
pâtre	m	pâtres
pâturage	m	pâturages
pâture	f	pâtures
pâturin	m	pâturins
pâté	m	pâtés
pâtée	f	pâtées
pègre	f	pègres
pèlerin	m	pèlerins
pèlerine	f	pèlerines
pèlerinade	f	pèlerinades
pèlerinage	m	pèlerinages
pèlerine	f	pèlerines
père	m	pères
pèse-acide	m	pèse-acide
pèse-alcool	m	pèse-alcool
pèse-bébé	m	pèse-bébé
pèse-esprit	m	pèse-esprits
pèse-lait	m	pèse-lait
pèse-lettre	m	pèse-lettres
pèse-lettres	m	pèse-lettres
pèse-liqueur	m	pèse-liqueur
pèse-moût	m	pèse-moût
pèse-personne	m	pèse-personne
pèse-sel	m	pèse-sel
pèse-sirop	m	pèse-sirop
pèsement	m	pèsements
pèze	m	pèzes
péage	m	péages
péager	m	péagers
péagère	f	péagères
péan	m	péans
pébrine	f	pébrines
pébroc	m	pébrocs
pébroque	m	pébroques
pécari	m	pécaris
pécheur	m	pécheurs
pécheresse	f	pécheresses
péché	m	péchés
pécoptéris	m	pécoptéris
pécore	f	pécores
péculat	m	péculats
pécule	m	pécules
pédagogie	f	pédagogies
pédalade	f	pédalades
pédalage	m	pédalages
pédale	f	pédales
pédalement	m	pédalements
pédaleur	m	pédaleurs
pédaleuse	f	pédaleuses
pédalier	m	pédaliers
pédalo	m	pédalos
pédant	m	pédants
pédante	f	pédantes
pédanterie	f	pédanteries
pédantisme	m	pédantismes
pédiatrie	f	pédiatries
pédicellaire	m	pédicellaires
pédicelle	m	pédicelles
pédiculaire	f	pédiculaires
pédiculose	f	pédiculoses
pédicurage	m	pédicurages
pédicurie	f	pédicuries
pédimane	m	pédimanes
pédiment	m	pédiments
pédipalpe	m	pédipalpes
pédiplaine	f	pédiplaines
pédogenèse	f	pédogenèses
pédologie	f	pédologies
pédoncule	m	pédoncules
pédophilie	f	pédophilies
pédopsychiatrie	f	pédopsychiatries
pédé	m	pédés
pédéraste	m	pédérastes
pédérastie	f	pédérasties
pégase	m	pégases
pégylation	f	pégylations
péjoration	f	péjorations
pékan	m	pékans
pékin	m	pékins
pékinois	m	pékinois
pékinoise	f	pékinoises
pélagianisme	m	pélagianismes
pélagien	f	pélagiens
pélamide	f	pélamides
pélamyde	f	pélamydes
pélargonium	m	pélargoniums
péliade	f	péliades
pélican	m	pélicans
pélobate	m	pélobates
pélodyte	m	pélodytes
péloponnésien	m	péloponnésiens
péloponnésienne	f	péloponnésiennes
pélécaniforme	m	pélécaniformes
pénalisation	f	pénalisations
pénalité	f	pénalités
pénard	m	pénards
pénarde	f	pénardes
pénibilité	f	pénibilités
péniche	f	péniches
pénicillinase	f	pénicillinases
pénicilline	f	pénicillines
pénicillium	m	pénicilliums
pénil	m	pénils
péninsule	f	péninsules
pénis	m	pénis
pénitence	f	pénitences
pénitencerie	f	pénitenceries
pénitencier	m	pénitenciers
pénitent	m	pénitents
pénitente	f	pénitentes
pénologie	f	pénologies
pénombre	f	pénombres
pénultième	f	pénultièmes
pénurie	f	pénuries
pénéplaine	f	pénéplaines
pénétrabilité	f	pénétrabilités
pénétrante	f	pénétrantes
pénétration	f	pénétrations
pénétromètre	m	pénétromètres
péon	m	péons
péotte	f	péottes
pépette	f	pépettes
pépiage	m	pépiages
pépie	f	pépies
pépiement	m	pépiements
pépin	m	pépins
pépinière	f	pépinières
pépite	f	pépites
péplum	m	péplums
pépon	m	pépons
péponide	m	péponides
pépère	m	pépères
pépète	f	pépètes
pépé	m	pépés
péquenaud	m	péquenauds
péquenaude	f	péquenaudes
péquenot	m	péquenots
péquin	m	péquins
péramèle	m	péramèles
péremption	f	péremptions
pérennisation	f	pérennisations
pérennité	f	pérennités
péri	f	péris
périanthe	m	périanthes
péricarde	m	péricardes
péricarpe	m	péricarpes
périchondre	m	périchondres
périclitation	f	périclitations
péricrâne	m	péricrânes
péricycle	m	péricycles
péridinien	m	péridiniens
péridot	m	péridots
péridotite	f	péridotites
péridurale	f	péridurales
périgourdin	m	périgourdins
périgourdine	f	périgourdines
périgueux	m	périgueux
périgée	m	périgées
périhélie	m	périhélies
péril	m	périls
périmètre	m	périmètres
périnatalité	f	périnatalités
périnée	m	périnées
périnéorraphie	f	périnéorraphies
périodicité	f	périodicités
périodique	m	périodiques
périodisation	f	périodisations
périoste	m	périostes
périostite	f	périostites
péripate	m	péripates
péripatéticien	m	péripatéticiens
péripatéticienne	f	péripatéticiennes
péripatéticienne	f	péripatéticiennes
péripatétisme	m	péripatétismes
périphlébite	f	périphlébites
périphrase	f	périphrases
périphérie	f	périphéries
périphérique	m	périphériques
périple	m	périples
péripétie	f	péripéties
périscope	m	périscopes
périsperme	m	périspermes
périssement	m	périssements
périssodactyle	m	périssodactyle
périssoire	f	périssoires
périssologie	f	périssologies
péristaltisme	m	péristaltismes
péristome	m	péristomes
péristyle	m	péristyles
périsélène	m	périsélènes
périthèce	m	périthèces
péritoine	m	péritoines
péritonisation	f	péritonisations
péritonite	f	péritonites
pérityphlite	f	pérityphlites
péritélévision	f	péritélévisions
péronier	m	péroniers
péronisme	m	péronismes
péronnelle	f	péronnelles
péronosporale	f	péronosporales
péroné	m	péronés
péroraison	f	péroraisons
pérot	m	pérots
péruvien	m	péruviens
péruvienne	f	péruviennes
pérégrination	f	pérégrinations
péréquation	f	péréquations
pétage	m	pétages
pétale	m	pétales
pétalisme	m	pétalismes
pétanque	f	pétanques
pétarade	f	pétarades
pétard	m	pétards
pétardage	m	pétardages
pétardement	m	pétardements
pétase	m	pétases
pétasse	f	pétasses
pétaudière	f	pétaudières
pétauriste	m	pétauristes
péteur	m	péteurs
péteuse	f	péteuses
péteuse	f	péteuses
péteux	m	péteux
péteuse	f	péteuses
pétillance	f	pétillances
pétillement	m	pétillements
pétiole	m	pétioles
pétition	f	pétitions
pétitionnement	m	pétitionnements
pétitoire	m	pétitoires
pétoche	f	pétoches
pétoire	f	pétoires
pétoncle	m	pétoncles
pétouillage	m	pétouillages
pétrarquisme	m	pétrarquismes
pétrel	m	pétrels
pétrification	f	pétrifications
pétrin	m	pétrins
pétrissage	m	pétrissages
pétrissement	m	pétrissements
pétrisseur	m	pétrisseurs
pétrisseuse	f	pétrisseuses
pétrochimie	f	pétrochimies
pétrodollar	m	pétrodollars
pétrogale	m	pétrogales
pétrogenèse	f	pétrogenèses
pétrographie	f	pétrographies
pétrolage	m	pétrolages
pétrole	m	pétroles
pétrolette	f	pétrolettes
pétroleur	m	pétroleurs
pétroleuse	f	pétroleuses
pétroleuse	f	pétroleuses
pétrolier	m	pétroliers
pétrolière	f	pétrolières
pétrolochimie	f	pétrolochimies
pétrologie	f	pétrologies
pétulance	f	pétulances
pétun	m	pétuns
pétunia	m	pétunias
pétéchie	f	pétéchies
pézize	f	pézizes
pêche	f	pêches
pêcher	m	pêchers
pêcherie	f	pêcheries
pêchette	f	pêchettes
pêcheur	m	pêcheurs
pêle-mêle	m	pêle-mêle
pêne	m	pênes
pôle	m	pôles
qatari	m	qataris
qatarie	f	qataries
qu'en-dira-t-on	m	qu'en-dira-t-on
quadragésime	f	quadragésimes
quadrangle	m	quadrangles
quadrant	m	quadrants
quadrature	f	quadratures
quadrette	f	quadrettes
quadriceps	m	quadriceps
quadrichromie	f	quadrichromies
quadriennat	m	quadriennats
quadrige	m	quadriges
quadrijumeau	m	quadrijumeaux
quadrijumelle	f	quadrijumelles
quadrilatère	m	quadrilatères
quadrillage	m	quadrillages
quadrille	f	quadrilles
quadrillion	m	quadrillions
quadrilobe	m	quadrilobes
quadrimoteur	m	quadrimoteurs
quadriphonie	f	quadriphonies
quadriplégie	f	quadriplégies
quadripôle	m	quadripôles
quadrique	f	quadriques
quadrirème	f	quadrirèmes
quadriréacteur	m	quadriréacteurs
quadrisyllabe	m	quadrisyllabes
quadruplage	m	quadruplages
quadruple	m	quadruples
quadruplement	m	quadruplements
quadruplex	m	quadruplex
quadruplé	m	quadruplés
quadruplée	f	quadruplées
quadrupède	m	quadrupèdes
quadrupédie	f	quadrupédies
quai	m	quais
quaker	m	quakers
quakeresse	f	quakeresses
qualificatif	m	qualificatifs
qualification	f	qualifications
qualitatif	m	qualitatifs
qualité	f	qualités
quanteur	m	quanteurs
quantificateur	m	quantificateurs
quantification	f	quantifications
quantité	f	quantités
quantième	m	quantièmes
quantum	m	quanta
quarantaine	f	quarantaines
quarante	m	quarante
quark	m	quarks
quart	m	quarts
quartage	m	quartages
quartanier	m	quartaniers
quartannier	m	quartanniers
quartation	f	quartations
quartaut	m	quartauts
quarte	f	quartes
quartenier	m	quarteniers
quarteron	m	quarterons
quarteronne	f	quarteronnes
quartet	m	quartets
quartette	m	quartettes
quartidi	m	quartidis
quartier	m	quartiers
q.g..	m	q.g..
quartier-maître	m	quartiers-maîtres
quartile	m	quartiles
quartz	m	quartz
quartzite	m	quartzites
quarté	m	quartés
quasar	m	quasars
quasi	m	quasis
quasi-délit	m	quasi-délits
quasimodo	f	quasimodos
quassia	m	quassias
quassier	m	quassiers
quassine	f	quassines
quaternaire	m	quaternaires
quaterne	m	quaternes
quaternion	m	quaternions
quatorze	m	quatorze
quatrain	m	quatrains
quatre	m	quatre
quatre-de-chiffre	m	quatre-de-chiffre
quatre-feuilles	m	quatre-feuilles
quatre-huit	m	quatre-huit
quatre-mâts	m	quatre-mâts
quatre-quarts	m	quatre-quarts
quatre-saisons	f	quatre-saisons
quatre-vingt	m	quatre-vingt
quatre-vingt-dix	m	quatre-vingt-dix
quatrillion	m	quatrillions
quattrocento	m	quattrocentos
quatuor	m	quatuors
quebracho	m	quebrachos
quenelle	f	quenelles
quenotte	f	quenottes
quenouille	f	quenouilles
quercinois	m	quercinois
quercinoise	f	quercinoises
quercitrin	m	quercitrins
quercitrine	f	quercitrines
quercitron	m	quercitrons
querelle	f	querelles
questeur	m	questeurs
question	f	questions
questionnaire	m	questionnaires
questionnement	m	questionnements
questionneur	m	questionneurs
questionneuse	f	questionneuses
questure	f	questures
quetsche	f	quetsches
quetzal	m	quetzals
queue	f	queues
queue-d'aronde	f	queues-d'aronde
queue-de-cheval	f	queues-de-cheval
queue-de-cochon	f	queues-de-cochon
queue-de-morue	f	queues-de-morue
queue-de-pie	f	queues-de-pie
queue-de-rat	f	queues-de-rat
queue-de-renard	f	queues-de-renard
queursage	m	queursages
queusot	m	queusots
queutage	m	queutages
qui-vive	m	qui-vive
quiche	f	quiches
quichenotte	f	quichenottes
quichua	m	quichuas
quidam	m	quidams
quiddité	f	quiddités
quignon	m	quignons
quille	f	quilles
quilleur	m	quilleurs
quillier	m	quilliers
quillon	m	quillons
quinaire	m	quinaires
quincaille	f	quincailles
quincaillerie	f	quincailleries
quincaillier	m	quincailliers
quincaillière	f	quincaillières
quinconce	m	quinconces
quine	m	quines
quinine	f	quinines
quinoa	m	quinoas
quinoléine	f	quinoléines
quinone	f	quinones
quinquagésime	f	quinquagésimes
quinquennat	m	quinquennats
quinquet	m	quinquets
quinquina	m	quinquinas
quintaine	f	quintaines
quintal	m	quintaux
quinte	f	quintes
quintefeuille	m	quintefeuilles
quintessence	f	quintessences
quintette	m	quintettes
quintidi	m	quintidis
quintillion	m	quintillions
quintuple	m	quintuples
quintuplement	m	quintuplements
quintuplé	m	quintuplés
quintuplée	f	quintuplées
quinté	m	quintés
quinzaine	f	quinzaines
quinze	m	quinze
quipo	m	quipos
quipou	m	quipous
quiproquo	m	quiproquos
quipu	m	quipus
quirat	m	quirats
quirite	m	quirites
quiscale	m	quiscales
quittance	f	quittances
quittancement	m	quittancements
quitus	m	quitus
quizz	m	quizz
quiétisme	m	quiétismes
quiétude	f	quiétudes
quolibet	m	quolibets
quorum	m	quorums
quota	m	quotas
quotidien	m	quotidiens
quotidienne	f	quotidiennes
quotidienneté	f	quotidiennetés
quotient	m	quotients
quotité	f	quotités
quottement	m	quottements
québécisme	m	québécismes
québécois	m	québécois
québécoise	f	québécoises
quémandage	m	quémandages
quémande	f	quémandes
quémanderie	f	quémanderies
quémandeur	m	quémandeurs
quémandeuse	f	quémandeuses
quéquette	f	quéquettes
quérulence	f	quérulences
quérulent	m	quérulents
quête	f	quêtes
quêteur	m	quêteurs
quêteuse	f	quêteuses
ra	m	ra
rab	m	rabs
rabais	m	rabais
rabaissement	m	rabaissements
raban	m	rabans
rabane	f	rabanes
rabat	m	rabats
rabat-joie	m	rabat-joie
rabattage	m	rabattages
rabattement	m	rabattements
rabatteur	m	rabatteurs
rabbi	m	rabbis
rabbin	m	rabbins
rabbinat	m	rabbinats
rabbinisme	m	rabbinismes
rabdomancie	f	rabdomancies
rabe	m	rabes
rabibochage	m	rabibochages
rabiot	m	rabiots
rabiotage	m	rabiotages
rabot	m	rabots
rabotage	m	rabotages
rabotement	m	rabotements
raboteur	m	raboteurs
raboteuse	f	raboteuses
raboteuse	f	raboteuses
rabougrissement	m	rabougrissements
rabouillage	m	rabouillages
rabouilleur	m	rabouilleurs
rabouilleuse	f	rabouilleuses
rabouillère	f	rabouillères
raboutage	m	raboutages
raboutement	m	raboutements
raboutissage	m	raboutissages
rabrouement	m	rabrouements
rabâchage	m	rabâchages
rabâchement	m	rabâchements
rabâcherie	f	rabâcheries
rabâcheur	m	rabâcheurs
rabâcheuse	f	rabâcheuses
racaille	f	racailles
raccastillage	m	raccastillages
raccommodage	m	raccommodages
raccommodaille	f	raccommodailles
raccommodement	m	raccommodements
raccommodeur	m	raccommodeurs
raccommodeuse	f	raccommodeuses
raccommodeuse	f	raccommodeuses
raccompagnade	f	raccompagnades
raccompagnement	m	raccompagnements
raccord	m	raccords
raccordement	m	raccordements
raccourci	m	raccourcis
raccourcissement	m	raccourcissements
raccoutrage	m	raccoutrages
raccroc	m	raccrocs
raccrochage	m	raccrochages
raccrochement	m	raccrochements
raccrocheur	m	raccrocheurs
raccrocheuse	f	raccrocheuses
race	f	races
racer	m	racers
rachat	m	rachats
rachevage	m	rachevages
rachialgie	f	rachialgies
rachianalgésie	f	rachianalgésies
rachianesthésie	f	rachianesthésies
rachis	m	rachis
rachitisme	m	rachitismes
racinage	m	racinages
racinal	m	racinaux
racine	f	racines
racinement	m	racinements
raciologie	f	raciologies
racisme	m	racismes
rack	m	racks
racket	m	rackets
racketteur	m	racketteurs
raclage	m	raclages
racle	f	racles
raclement	m	raclements
raclette	f	raclettes
racleur	m	racleurs
racloir	m	racloirs
raclure	f	raclures
raclée	f	raclées
racolade	f	racolades
racolage	m	racolages
racoleur	m	racoleurs
racoleuse	f	racoleuses
racontage	m	racontages
racontar	m	racontars
raconteur	m	raconteurs
raconteuse	f	raconteuses
racornissement	m	racornissements
racème	m	racèmes
rad	m	rads
radar	m	radars
radarastronomie	f	radarastronomies
radarisation	f	radarisations
radeau	m	radeaux
radeuse	f	radeuses
radiaire	m	radiaires
radiale	f	radiales
radian	m	radians
radiance	f	radiances
radiant	m	radiants
radiateur	m	radiateurs
radiation	f	radiations
radical	m	radicaux
radicale	f	radicales
radical-socialisme	m	radical-socialismes
radical-socialiste	m	radicaux-socialistes
radicale-socialiste	f	radicales-socialistes
radicalisation	f	radicalisations
radicalisme	m	radicalismes
radicalité	f	radicalités
radicelle	f	radicelles
radiesthésie	f	radiesthésies
radin	m	radins
radine	f	radines
radinerie	f	radineries
radio-taxi	m	radio-taxis
radio-téléphone	m	radios-téléphones
radioactivité	f	radioactivités
radioalignement	m	radioalignements
radioaltimètre	m	radioaltimètres
radioamateur	m	radioamateurs
radioastronomie	f	radioastronomies
radiobalisage	m	radiobalisages
radiobalise	f	radiobalises
radiocarbone	m	radiocarbones
radiocassette	f	radiocassettes
radiocobalt	m	radiocobalts
radiocommunication	f	radiocommunications
radiocompas	m	radiocompas
radioconducteur	m	radioconducteurs
radiocristallographie	f	radiocristallographies
radiodiagnostic	m	radiodiagnostics
radiodiffusion	f	radiodiffusions
radiographie	f	radiographies
radioguidage	m	radioguidages
radiolaire	m	radiolaires
radiologie	f	radiologies
radiolyse	f	radiolyses
radiolésion	f	radiolésions
radiomètre	m	radiomètres
radiométallographie	f	radiométallographies
radiométrie	f	radiométries
radionavigant	m	radionavigants
radionavigation	f	radionavigations
radionécrose	f	radionécroses
radiophare	m	radiophares
radiophonie	f	radiophonies
radiophotographie	f	radiophotographies
radioprotection	f	radioprotections
radioreportage	m	radioreportages
radioscopie	f	radioscopies
radiosondage	m	radiosondages
radiosonde	f	radiosondes
radiotechnique	f	radiotechniques
radiothérapie	f	radiothérapies
radiotélescope	m	radiotélescopes
radiotélégramme	m	radiotélégrammes
radiotélégraphie	f	radiotélégraphies
radiotéléphone	m	radiotéléphones
radiotéléphonie	f	radiotéléphonies
radiotélévision	f	radiotélévisions
radioélectricité	f	radioélectricités
radis	m	radis
radium	m	radiums
radius	m	radius
radiée	f	radiées
radja	m	radjas
radjah	m	radjahs
radon	m	radons
radotage	m	radotages
radoterie	f	radoteries
radoteur	m	radoteurs
radoteuse	f	radoteuses
radoub	m	radoubs
radoubage	m	radoubages
radoucissement	m	radoucissements
radôme	m	radômes
rafale	f	rafales
raffermissement	m	raffermissements
raffinage	m	raffinages
raffinat	m	raffinats
raffinement	m	raffinements
raffinerie	f	raffineries
raffineur	m	raffineurs
raffineuse	f	raffineuses
raffineuse	f	raffineuses
raffiné	m	raffinés
raffinée	f	raffinées
rafflesia	f	rafflesias
rafflésie	f	rafflésies
raffut	m	raffuts
raffûtage	m	raffûtages
rafiau	m	rafiaux
rafiot	m	rafiots
rafistolage	m	rafistolages
rafle	f	rafles
rafraîchissement	m	rafraîchissements
rag-time	m	rag-times
ragage	m	ragages
ragaillardissement	m	ragaillardissements
rage	f	rages
raggamuffin	m	raggamuffins
raglan	m	raglans
ragondin	m	ragondins
ragot	m	ragots
ragotage	m	ragotages
ragougnasse	f	ragougnasses
ragoût	m	ragoûts
ragréage	m	ragréages
ragrément	m	ragréments
ragtime	m	ragtimes
raguage	m	raguages
ragée	f	ragées
rahat-lokoum	m	rahat-lokoums
rahat-loukoum	m	rahat-loukoums
rai	m	rais
rai-de-coeur	m	rais-de-coeur
raid	m	raids
raider	m	raiders
raideur	f	raideurs
raidillon	m	raidillons
raidissage	m	raidissages
raidissement	m	raidissements
raidisseur	m	raidisseurs
raie	f	raies
raifort	m	raiforts
rail	m	rails
raillement	m	raillements
raillerie	f	railleries
railleur	m	railleurs
railleuse	f	railleuses
rainage	m	rainages
raine	f	raines
rainette	f	rainettes
rainurage	m	rainurages
rainure	f	rainures
raiponce	f	raiponces
rais	m	rais
raisin	m	raisins
raisiné	m	raisinés
raison	f	raisons
raisonnage	m	raisonnages
raisonnement	m	raisonnements
raisonneur	m	raisonneurs
raisonneuse	f	raisonneuses
raja	m	raja
rajah	m	rajah
rajeunissement	m	rajeunissements
rajout	m	rajouts
rajustage	m	rajustages
rajustement	m	rajustements
raki	m	rakis
ralenti	m	ralentis
ralentissement	m	ralentissements
ralentisseur	m	ralentisseurs
ralingage	m	ralingages
ralingue	f	ralingues
ralliement	m	ralliements
rallié	m	ralliés
ralliée	f	ralliées
rallonge	f	rallonges
rallongement	m	rallongements
rallumage	m	rallumages
rallumement	m	rallumements
rallye	m	rallyes
ramadan	m	ramadans
ramage	m	ramages
ramaillage	m	ramaillages
ramardage	m	ramardages
ramas	m	ramas
ramassage	m	ramassages
ramasse	f	ramasses
ramasse-miettes	m	ramasse-miettes
ramasse-monnaie	m	ramasse-monnaie
ramasse-poussière	m	ramasse-poussière
ramassement	m	ramassements
ramassette	f	ramassettes
ramasseur	m	ramasseurs
ramasseuse	f	ramasseuses
ramasseuse	f	ramasseuses
ramassis	m	ramassis
ramassoire	f	ramassoires
ramassé	m	ramassés
rambarde	f	rambardes
rambour	m	rambours
ramdam	m	ramdams
rame	f	rames
rameau	m	rameaux
ramendage	m	ramendages
ramendement	m	ramendements
ramendeur	m	ramendeurs
ramequin	m	ramequins
ramereau	m	ramereaux
ramerot	m	ramerots
ramescence	f	ramescences
ramette	f	ramettes
rameur	m	rameurs
rameuse	f	rameuses
rameuse	f	rameuses
rameutement	m	rameutements
rami	m	ramis
ramie	f	ramies
ramier	m	ramiers
ramification	f	ramifications
ramille	f	ramilles
ramolli	m	ramollis
ramollie	f	ramollies
ramollissement	m	ramollissements
ramonage	m	ramonages
ramoneur	m	ramoneurs
rampant	m	rampants
rampante	f	rampantes
rampe	f	rampes
rampeau	m	rampeaux
rampement	m	rampements
ramponeau	m	ramponeaux
ramponneau	m	ramponneaux
ramure	f	ramures
ramée	f	ramées
ranatre	f	ranatres
rancard	m	rancards
rancart	m	rancarts
rance	m	rances
ranch	m	ranches
ranche	f	ranches
rancher	m	ranchers
rancho	m	ranchos
ranci	m	rancis
rancio	m	rancio
rancissement	m	rancissements
rancissure	f	rancissures
rancoeur	f	rancoeurs
rancune	f	rancunes
rancunier	m	rancuniers
rancunière	f	rancunières
randomisation	f	randomisations
randonneur	m	randonneurs
randonnée	f	rando
rang	m	rangs
range	f	ranges
rangement	m	rangements
rangers	f	rangers
rangée	f	rangées
rani	f	ranis
ranidé	m	ranidés
ranimage	m	ranimages
ranimation	f	ranimations
ranz	m	ranz
rançon	f	rançons
rançonnage	m	rançonnages
rançonnement	m	rançonnements
raout	m	raouts
rap	m	raps
rapacité	f	rapacités
rapatriage	m	rapatriages
rapatriation	f	rapatriations
rapatriement	m	rapatriements
rapatrié	m	rapatriés
rapatriée	f	rapatriées
rapatronnage	m	rapatronnages
rapetassage	m	rapetassages
rapetissage	m	rapetissages
rapetissement	m	rapetissements
raphia	m	raphias
rapiat	m	rapiats
rapiate	f	rapiates
rapidité	f	rapidités
rapin	m	rapins
rapine	f	rapines
rapinerie	f	rapineries
rapiotage	m	rapiotages
rapière	f	rapières
rapiécetage	m	rapiécetages
rapiéçage	m	rapiéçages
raplatissement	m	raplatissements
rappariement	m	rappariements
rappel	m	rappels
rappelé	m	rappelés
rappelée	f	rappelées
rappeur	m	rappeurs
rappeuse	f	rappeuses
rappliquée	f	rappliquées
rappointis	m	rappointis
rapport	m	rapports
rapportage	m	rapportages
rapporteur	m	rapporteurs
rapporteuse	f	rapporteuses
rapprochement	m	rapprochements
rappropriation	f	rappropriations
rapprovisionnement	f	rapprovisionnements
rapsode	m	rapsodes
rapsodie	f	rapsodies
rapt	m	rapts
raquette	f	raquettes
rareté	f	raretés
raréfaction	f	raréfactions
raréfication	f	raréfications
ras	m	ras
ras-le-bol	m	ras-le-bol
rasade	f	rasades
rasage	m	rasages
rasance	f	rasances
rascasse	f	rascasses
rase-mottes	m	rase-mottes
rasement	m	rasements
rasette	f	rasettes
raseur	m	raseurs
raseuse	f	raseuses
raseuse	f	raseuses
rash	m	rashs
rasoir	m	rasoirs
raspoutitsa	f	raspoutitsas
rassasiement	m	rassasiements
rassemblage	m	rassemblages
rassemblement	m	rassemblements
rassembleur	m	rassembleurs
rassissement	m	rassissements
rassort	m	rassorts
rassortiment	m	rassortiments
rassurance	f	rassurances
rassurement	m	rassurements
rassérènement	m	rassérènements
rassérénement	m	rassérénements
rastafarisme	m	rastafarismes
rastaquouère	m	rastaquouères
rat	m	rats
ratte	f	rattes
rat-de-cave	m	rats-de-cave
rata	m	ratas
ratafia	m	ratafias
ratage	m	ratages
ratapoil	m	ratapoils
ratatinage	m	ratatinages
ratatinement	m	ratatinements
ratatouille	f	ratatouilles
rate	f	rates
ratel	m	ratels
ratiboisage	m	ratiboisages
ratichon	m	ratichons
ratier	m	ratiers
ratification	f	ratifications
ratinage	m	ratinages
ratine	f	ratines
ratio	m	ratios
ratiocinage	m	ratiocinages
ratiocination	f	ratiocinations
ratiocinement	m	ratiocinements
ratiocineur	m	ratiocineurs
ration	f	rations
rational	m	rationals
rationalisation	f	rationalisations
rationalisme	m	rationalismes
rationalité	f	rationalités
rationnel	m	rationnels
rationnement	m	rationnements
ratissage	m	ratissages
ratissoire	f	ratissoires
ratière	f	ratières
raton	m	ratons
ratonnage	m	ratonnages
rattachage	m	rattachages
rattachement	m	rattachements
rattrapage	m	rattrapages
raturage	m	raturages
rature	f	ratures
raté	m	ratés
ratée	f	ratées
raucheur	m	raucheurs
raucité	f	raucités
rauquement	m	rauquements
rauwolfia	m	rauwolfias
ravage	m	ravages
ravageur	m	ravageurs
ravageuse	f	ravageuses
ravagé	m	ravagés
ravagée	f	ravagées
ravalage	m	ravalages
ravalement	m	ravalements
ravancement	m	ravancements
ravaudage	m	ravaudages
ravauderie	f	ravauderies
ravaudeur	m	ravaudeurs
ravaudeuse	f	ravaudeuses
rave	f	raves
ravelin	m	ravelins
ravenala	m	ravenalas
ravenelle	f	ravenelles
raveur	m	raveurs
raveuse	f	raveuses
ravier	m	raviers
ravigote	f	ravigotes
ravin	m	ravins
ravine	f	ravines
ravinement	m	ravinements
ravinée	f	ravinées
ravioli	m	ravioli
ravisement	m	ravisements
ravissement	m	ravissements
ravisseur	m	ravisseurs
ravisseuse	f	ravisseuses
ravitaillement	m	ravitaillements
ravitailleur	m	ravitailleurs
ravitailleuse	f	ravitailleuses
ravivage	m	ravivages
ravivement	m	ravivements
ravière	f	ravières
ray	m	rays
ray-grass	m	ray-grass
raya	m	rayas
rayage	m	rayages
rayement	m	rayements
rayon	m	rayons
rayonnage	m	rayonnages
rayonne	f	rayonnes
rayonnement	m	rayonnements
rayonné	m	rayonnés
rayure	f	rayures
rayère	f	rayères
raz	m	raz
raz-de-marée	m	raz-de-marée
razzia	f	razzias
raïa	m	raïas
reaganien	m	reaganiens
reaganienne	f	reaganiennes
reaganisme	m	reaganismes
reaganomie	f	reaganomies
reaggae	m	reaggaes
reality-show	m	reality-shows
realpolitik	f	realpolitiks
rebab	m	rebabs
rebaptisation	f	rebaptisations
rebarrage	m	rebarrages
rebat	m	rebats
rebattage	m	rebattages
rebattement	m	rebattements
rebec	m	rebecs
rebiffade	f	rebiffades
rebiffement	m	rebiffements
reblocage	m	reblocages
reblochon	m	reblochons
rebobinage	m	rebobinages
reboisage	m	reboisages
reboisement	m	reboisements
rebond	m	rebonds
rebondissement	m	rebondissements
rebord	m	rebords
rebordement	m	rebordements
rebouchage	m	rebouchages
rebouchement	m	rebouchements
rebouillage	m	rebouillages
rebourrage	m	rebourrages
rebours	m	rebours
reboutage	m	reboutages
reboutement	m	reboutements
rebouteux	m	rebouteux
reboutonnage	m	reboutonnages
rebranchement	m	rebranchements
rebrossage	m	rebrossages
rebroussage	m	rebroussages
rebroussement	m	rebroussements
rebroyage	m	rebroyages
rebuffade	f	rebuffades
rebut	m	rebuts
recalage	m	recalages
recalcification	f	recalcifications
recalcul	m	recalculs
recalement	m	recalements
recalé	m	recalés
recalée	f	recalées
recannage	m	recannages
recapture	f	recaptures
recardage	m	recardages
recarrelage	m	recarrelages
recasement	m	recasements
recel	m	recels
receleur	m	receleurs
receleuse	f	receleuses
recensement	m	recensements
recenseur	m	recenseurs
recenseuse	f	recenseuses
recension	f	recensions
recentrage	m	recentrages
recentration	f	recentrations
recentrement	m	recentrements
recepage	m	recepages
recerclage	m	recerclages
recette	f	recettes
recevabilité	f	recevabilités
receveur	m	receveurs
receveuse	f	receveuses
recez	m	recez
rechampissage	m	rechampissages
rechange	m	rechanges
rechangement	m	rechangements
rechapage	m	rechapages
recharge	f	recharges
rechargement	m	rechargements
rechaussage	m	rechaussages
rechaussement	m	rechaussements
recherche	f	recherches
rechignement	m	rechignements
rechignée	f	rechignées
rechristianisation	f	rechristianisations
rechute	f	rechutes
reclassement	m	reclassements
reclinaison	f	reclinaisons
reclouage	m	reclouages
reclus	m	reclus
recluse	f	recluses
recognition	f	recognitions
recoiffage	m	recoiffages
recoin	m	recoins
recollage	m	recollages
recollement	m	recollements
recoloration	f	recolorations
recombinaison	f	recombinaisons
recommandation	f	recommandations
recommandé	m	recommandés
recommencement	m	recommencements
recomplétement	m	recomplétements
recomposition	f	recompositions
recomptage	m	recomptages
recondamnation	f	recondamnations
reconditionnement	m	reconditionnements
reconduction	f	reconductions
reconduite	f	reconduites
reconfirmation	f	reconfirmations
reconnaissance	f	reconnaissances
reconquête	f	reconquêtes
reconsidération	f	reconsidérations
reconsolidation	f	reconsolidations
reconstituant	m	reconstituants
reconstitution	f	reconstitutions
reconstructeur	m	reconstructeurs
reconstruction	f	reconstructions
reconvention	f	reconventions
reconversion	f	reconversions
recopiage	m	recopiages
recopie	f	recopies
recoquillement	m	recoquillements
record	m	records
recordage	m	recordages
recordman	m	recordmans
recordwoman	f	recordwomans
recorrection	f	recorrections
recors	m	recors
recoulage	m	recoulages
recoupage	m	recoupages
recoupe	f	recoupes
recoupement	m	recoupements
recoupette	f	recoupettes
recouponnement	m	recouponnements
recourbement	m	recourbements
recourbure	f	recourbures
recours	m	recours
recousage	m	recousages
recouture	f	recoutures
recouverture	f	recouvertures
recouvrage	m	recouvrages
recouvrance	f	recouvrances
recouvrement	m	recouvrements
recouvreur	m	recouvreurs
recrachage	m	recrachages
recreusage	m	recreusages
recreusement	m	recreusements
recristallisation	f	recristallisations
recroisement	m	recroisements
recroissance	f	recroissances
recroquevillement	m	recroquevillements
recrudescence	f	recrudescences
recrue	f	recrues
recrutement	m	recrutements
recruteur	m	recruteurs
recréation	f	recréations
recrépiment	m	recrépiments
recrépissage	m	recrépissages
recrépissure	f	recrépissures
recrû	m	recrûs
rectangle	m	rectangles
recteur	m	recteurs
rectrice	f	rectrices
rectifiage	m	rectifiages
rectificateur	m	rectificateurs
rectificatrice	f	rectificatrices
rectificatif	m	rectificatifs
rectification	f	rectifications
rectifieur	m	rectifieurs
rectifieuse	f	rectifieuses
rectifieuse	f	rectifieuses
rectiligne	m	rectilignes
rection	f	rections
rectite	f	rectites
rectitude	f	rectitudes
recto	m	rectos
rectomètre	m	rectomètres
rectopexie	f	rectopexies
rectorat	m	rectorats
rectoscope	m	rectoscopes
rectoscopie	f	rectoscopies
rectrice	f	rectrices
rectum	m	rectums
recueil	m	recueils
recueillement	m	recueillements
recuisson	f	recuissons
recuit	m	recuits
recul	m	reculs
reculade	f	reculades
reculage	m	reculages
reculement	m	reculements
reculée	f	reculées
recyclage	m	recyclages
recèlement	m	recèlements
recès	m	recès
recépage	m	recépages
recépée	f	recépées
redan	m	redans
reddition	f	redditions
redent	m	redents
redescente	f	redescentes
redessin	m	redessins
redessinage	m	redessinages
redessinement	m	redessinements
redevance	f	redevances
rediffusion	f	rediffusions
redingote	f	redingotes
rediscussion	f	rediscussions
redispersion	f	redispersions
redissolution	f	redissolutions
redistillation	f	redistillations
redistribution	f	redistributions
redite	f	redites
redondance	f	redondances
redorage	m	redorages
redorure	f	redorures
redoublage	m	redoublages
redoublant	m	redoublants
redoublante	f	redoublantes
redoublement	m	redoublements
redoute	f	redoutes
redoux	m	redoux
redressage	m	redressages
redresse	f	redresses
redressement	m	redressements
redresseur	m	redresseurs
redresseuse	f	redresseuses
redécoupage	m	redécoupages
redécouverte	f	redécouvertes
redéfinition	f	redéfinitions
redémarrage	m	redémarrages
redéploiement	m	redéploiements
redéposition	f	redépositions
refabrication	f	refabrications
refamiliarisation	f	refamiliarisations
refaçonnage	m	refaçonnages
refaçonnement	m	refaçonnements
refend	m	refends
refendage	m	refendages
refente	f	refentes
refermement	m	refermements
refinancement	m	refinancements
refixage	m	refixages
refixation	f	refixations
reflet	m	reflets
refleurissement	m	refleurissements
reflex	m	reflex
refluement	m	refluements
reflux	m	reflux
reflètement	m	reflètements
refonctionnement	m	refonctionnements
refondage	m	refondages
refondateur	m	refondateurs
refondatrice	f	refondatrices
refondation	f	refondations
refonte	f	refontes
reformage	m	reformages
reformation	f	reformations
reforme	f	reformes
reforming	m	reformings
reformulation	f	reformulations
refortification	f	refortifications
refouillement	m	refouillements
refoulage	m	refoulages
refoulement	m	refoulements
refoulé	m	refoulés
refoulée	f	refoulées
refourrage	m	refourrages
refrain	m	refrains
refrappage	m	refrappages
refroidi	m	refroidis
refroidie	f	refroidies
refroidissement	m	refroidissements
refroidisseur	m	refroidisseurs
refrènement	m	refrènements
refuge	m	refuges
refuite	f	refuites
refus	m	refus
refusion	f	refusions
refusé	m	refusés
refusée	f	refusées
reg	m	regs
regain	m	regains
regard	m	regards
regardement	m	regardements
regarnis	m	regarnis
regarnissage	m	regarnissages
regazonnement	m	regazonnements
regazéifaction	f	regazéifactions
regazéification	f	regazéifications
reggae	m	reggaes
regimbade	f	regimbades
regimbement	m	regimbements
regimbeur	m	regimbeurs
regimbeuse	f	regimbeuses
reginglard	m	reginglards
registration	f	registrations
registre	m	registres
registrement	m	registrements
regonflage	m	regonflages
regonflement	m	regonflements
regorgement	m	regorgements
regradation	f	regradations
regrat	m	regrats
regrattage	m	regrattages
regrattier	m	regrattiers
regrattière	f	regrattières
regreffage	m	regreffages
regreffe	f	regreffes
regret	m	regrets
regroupage	m	regroupages
regroupement	m	regroupements
regrèvement	m	regrèvements
rehaussage	m	rehaussages
rehausse	f	rehausses
rehaussement	m	rehaussements
rehaut	m	rehauts
reichsmark	m	reichsmarks
reichstag	m	reichstags
rein	m	reins
reine	f	reines
reine-claude	f	reines-claudes
reine-des-prés	m	reines-des-prés
reine-marguerite	f	reines-marguerites
reinette	f	reinettes
reis	m	reis
rejaillissement	m	rejaillissements
rejection	f	rejections
rejet	m	rejets
rejeton	m	rejetons
rejetonnage	m	rejetonnages
rejoignement	m	rejoignements
rejointoiement	m	rejointoiements
rejointoyage	m	rejointoyages
rejugement	m	rejugements
relais	m	relais
relaminage	m	relaminages
relance	f	relances
relancement	m	relancements
relançade	f	relançades
relargage	m	relargages
relarguage	m	relarguages
relatation	f	relatations
relatif	m	relatifs
relation	f	relations
relationnement	m	relationnements
relative	f	relatives
relativisation	f	relativisations
relativisme	m	relativismes
relativité	f	relativités
relavage	m	relavages
relaxation	f	relaxations
relaxe	f	relaxes
relayage	m	relayages
relayeur	m	relayeurs
relayeuse	f	relayeuses
relecture	f	relectures
relent	m	relents
relevage	m	relevages
relevaille	f	relevailles
releveur	m	releveurs
relevé	m	relevés
reliage	m	reliages
reliance	f	reliances
relief	m	reliefs
reliement	m	reliements
relieur	m	relieurs
relieuse	f	relieuses
religieux	m	religieux
religieuse	f	religieuses
religion	f	religions
religiosité	f	religiosités
reliquaire	m	reliquaires
reliquat	m	reliquats
relique	f	reliques
relissage	m	relissages
reliure	f	reliures
relogement	m	relogements
relookage	m	relookages
relouage	m	relouages
relustrage	m	relustrages
relâchage	m	relâchages
relâchement	m	relâchements
relève	f	relèves
relèvement	m	relèvements
relégation	f	relégations
relégué	m	relégués
reléguée	f	reléguées
rem	m	rems
remaillage	m	remaillages
remake	m	remakes
remaniement	m	remaniements
remaquillage	m	remaquillages
remariage	m	remariages
remarquage	m	remarquages
remarque	f	remarques
remasticage	m	remasticages
remastication	f	remastications
remballage	m	remballages
rembarquement	m	rembarquements
rembauchage	m	rembauchages
remblai	m	remblais
remblaiement	m	remblaiements
remblayage	m	remblayages
rembobinage	m	rembobinages
rembourrage	m	rembourrages
rembourrure	f	rembourrures
rembours	m	rembours
remboursement	m	remboursements
remboîtage	m	remboîtages
remboîtement	m	remboîtements
rembrayage	m	rembrayages
rembrunissement	m	rembrunissements
rembuchement	m	rembuchements
remembrement	m	remembrements
remerciement	m	remerciements
remesurage	m	remesurages
remettage	m	remettages
remeublement	m	remeublements
remilitarisation	f	remilitarisations
reminéralisation	f	reminéralisations
remisage	m	remisages
remise	f	remises
remisier	m	remisiers
remix	m	remixes
remmaillage	m	remmaillages
remmailleur	m	remmailleurs
remmailleuse	f	remmailleuses
remmailleuse	f	remmailleuses
remmoulage	m	remmoulages
remobilisation	f	remobilisations
remodelage	m	remodelages
remodellement	m	remodellements
remodèlement	m	remodèlements
remodélation	f	remodélations
remontage	m	remontages
remontant	m	remontants
remonte-pente	m	remonte-pentes
remonteur	m	remonteurs
remontoir	m	remontoirs
remontrance	f	remontrances
remontée	f	remontées
remord	m	remords
remorquage	m	remorquages
remorque	f	remorques
remorqueur	m	remorqueurs
remotivation	f	remotivations
remouillage	m	remouillages
remoulage	m	remoulages
remous	m	remous
rempaillage	m	rempaillages
rempailleur	m	rempailleurs
rempailleuse	f	rempailleuses
rempaquetage	m	rempaquetages
remparage	m	remparages
remparement	m	remparements
rempart	m	remparts
rempilage	m	rempilages
rempiètement	m	rempiètements
rempiétement	m	rempiétements
remplacement	m	remplacements
remplage	m	remplages
remplaçant	m	remplaçants
remplaçante	f	remplaçantes
rempliage	m	rempliages
remplissage	m	remplissages
remplissement	m	remplissements
remploi	m	remplois
rempoissonnement	m	rempoissonnements
rempotage	m	rempotages
remuage	m	remuages
remue	f	remues
remue-ménage	m	remue-ménage
remuement	m	remuements
remugle	m	remugles
remâchage	m	remâchages
remâchement	m	remâchements
remâtage	m	remâtages
remède	m	remèdes
remédiation	f	remédiations
remédiée	f	remédiées
remémoration	f	remémorations
renaissance	f	renaissances
renard	m	renards
renarde	f	renardes
renardeau	m	renardeaux
renardière	f	renardières
renationalisation	f	renationalisations
rencaissage	m	rencaissages
rencaissement	m	rencaissements
rencard	m	rencards
rencart	m	rencarts
renchaussage	m	renchaussages
renchaînement	m	renchaînements
renchérissement	m	renchérissements
renchérisseur	f	renchérisseurs
rendant	m	rendants
rendement	m	rendements
rendez-vous	m	rdv
rendormissement	m	rendormissements
rendu	m	rendus
rendurcissement	m	rendurcissements
rendzine	f	rendzines
renfaîtage	m	renfaîtages
renfermement	m	renfermements
renfermé	m	renfermés
renfilage	m	renfilages
renflement	m	renflements
renflouage	m	renflouages
renflouement	m	renflouements
renfoncement	m	renfoncements
renforcement	m	renforcements
renforcissement	m	renforcissements
renformis	m	renformis
renfort	m	renforts
renforçage	m	renforçages
renfrognement	m	renfrognements
renfrogné	m	renfrognés
renfrognée	f	renfrognées
rengagement	m	rengagements
rengagé	m	rengagés
rengaine	f	rengaines
rengainement	m	rengainements
rengorgement	m	rengorgements
rengraciement	m	rengraciements
rengrènement	m	rengrènements
rengrégement	m	rengrégements
reniement	m	reniements
reniflade	f	reniflades
reniflage	m	reniflages
reniflard	m	reniflards
reniflement	m	reniflements
reniflerie	f	renifleries
reniflette	f	reniflettes
renifleur	m	renifleurs
renifleuse	f	renifleuses
renne	m	rennes
renom	m	renoms
renomination	f	renominations
renommage	m	renommages
renommée	f	renommées
renonce	f	renonces
renoncement	m	renoncements
renonciateur	m	renonciateurs
renonciatrice	f	renonciatrices
renonciation	f	renonciations
renonculacée	f	renonculacées
renoncule	f	renoncules
renoncée	f	renoncées
renouage	m	renouages
renouement	m	renouements
renouveau	m	renouveaux
renouvelant	m	renouvelants
renouvelante	f	renouvelantes
renouvellement	m	renouvellements
renouée	f	renouées
renseignement	m	renseignements
rentabilisation	f	rentabilisations
rentabilité	f	rentabilités
rente	f	rentes
rentier	m	rentiers
rentière	f	rentières
rentoilage	m	rentoilages
rentoileur	m	rentoileurs
rentoileuse	f	rentoileuses
rentrage	m	rentrages
rentrayage	m	rentrayages
rentrure	f	rentrures
rentré	m	rentrés
rentrée	f	rentrées
renverse	f	renverses
renversement	m	renversements
renvidage	m	renvidages
renvideur	m	renvideurs
renvoi	m	renvois
renâclement	m	renâclements
renégat	m	renégats
renégate	f	renégates
renégation	f	renégations
renégociation	f	renégociations
repaiement	m	repaiements
repaire	m	repaires
repaissance	f	repaissances
repartie	f	reparties
reparution	f	reparutions
repas	m	repas
repassage	m	repassages
repasse	f	repasses
repasseur	m	repasseurs
repasseuse	f	repasseuses
repasseuse	f	repasseuses
repavage	m	repavages
repavement	m	repavements
repeint	m	repeints
repeinture	f	repeintures
repentance	f	repentances
repentant	m	repentants
repentante	f	repentantes
repenti	m	repentis
repentie	f	repenties
repentir	m	repentirs
repercement	m	repercements
reperçage	m	reperçages
repeuplement	m	repeuplements
repic	m	repics
repicage	m	repicages
repiquage	m	repiquages
repique	f	repiques
repiqûre	f	repiqûres
replacage	m	replacages
replacement	m	replacements
replanissage	m	replanissages
replantage	m	replantages
replantation	f	replantations
replantement	m	replantements
replaquage	m	replaquages
replat	m	replats
repli	m	replis
repliage	m	repliages
repliement	m	repliements
replissement	m	replissements
reploiement	m	reploiements
replongement	m	replongements
replongée	f	replongées
replâtrage	m	replâtrages
repolissage	m	repolissages
repopulation	f	repopulations
report	m	reports
reportage	m	reportages
reportement	m	reportements
reporter	m	reporters
reporteur	m	reporteurs
reporting	m	reportings
reporté	m	reportés
repos	m	repos
repose	f	reposes
repose-pied	m	repose-pied
repose-tête	m	repose-tête
reposement	m	reposements
reposition	f	repositions
reposoir	m	reposoirs
reposée	f	reposées
repoudrage	m	repoudrages
repoussage	m	repoussages
repousse	f	repousses
repoussement	m	repoussements
repousseur	m	repousseurs
repoussoir	m	repoussoirs
repoussé	m	repoussés
repreneur	m	repreneurs
repreneuse	f	repreneuses
repressage	m	repressages
repris	m	repris
reprisage	m	reprisages
reprise	f	reprises
repriseuse	f	repriseuses
reproche	m	reproches
reproducteur	m	reproducteurs
reproductrice	f	reproductrices
reproductibilité	f	reproductibilités
reproduction	f	reproductions
reprofilage	m	reprofilages
reprogrammation	f	reprogrammations
reprographie	f	reprographies
reproposition	f	repropositions
reprécipitation	f	reprécipitations
représaille	f	représailles
représentant	m	représentants
représentante	f	représentantes
représentation	f	représentations
représentativité	f	représentativités
reps	m	reps
reptation	f	reptations
reptile	m	reptiles
republication	f	republications
repère	m	repères
repénétration	f	repénétrations
repérage	m	repérages
repêchage	m	repêchages
requalification	f	requalifications
requeté	m	requetés
requiem	m	requiems
requillage	m	requillages
requin	m	requins
requinquage	m	requinquages
requis	m	requis
requérant	m	requérants
requérante	f	requérantes
requêtage	m	requêtages
requête	f	requêtes
resaignement	m	resaignements
resalage	m	resalages
resarcissage	m	resarcissages
rescapé	m	rescapés
rescapée	f	rescapées
rescellement	m	rescellements
rescindant	m	rescindants
rescindement	m	rescindements
rescision	f	rescisions
rescisoire	m	rescisoires
rescousse	f	rescousses
rescription	f	rescriptions
rescrit	m	rescrits
resemis	m	resemis
resituation	f	resituations
resoulèvement	m	resoulèvements
respect	m	respects
respectabilité	f	respectabilités
respectueuse	f	respectueuses
respirateur	m	respirateurs
respiration	f	respirations
resplendissement	m	resplendissements
responsabilisation	f	responsabilisations
responsabilité	f	responsabilités
resquillage	m	resquillages
resquille	f	resquilles
resquilleur	m	resquilleurs
resquilleuse	f	resquilleuses
ressac	m	ressacs
ressaisissement	m	ressaisissements
ressanglage	m	ressanglages
ressassage	m	ressassages
ressassement	m	ressassements
ressasseur	m	ressasseurs
ressaut	m	ressauts
ressayage	m	ressayages
ressemblance	f	ressemblances
ressemelage	m	ressemelages
ressemis	m	ressemis
ressenti	m	ressentis
ressentiment	m	ressentiments
resserrage	m	resserrages
resserre	f	resserres
resserrement	m	resserrements
ressort	m	ressorts
ressortie	f	ressorties
ressortissant	m	ressortissants
ressortissante	f	ressortissantes
ressoudage	m	ressoudages
ressoudure	f	ressoudures
ressource	f	rl
ressourcement	m	ressourcements
ressuage	m	ressuages
ressui	m	ressuis
ressurgissement	m	ressurgissements
ressuscitation	f	ressuscitations
ressuscité	m	ressuscités
ressuscitée	f	ressuscitées
ressuyage	m	ressuyages
restant	m	restants
restau	m	restaus
restaurant	m	restau
restaurateur	m	restaurateurs
restauratrice	f	restauratrices
restauration	f	restaurations
restauroute	m	restauroutes
reste	m	restes
restitution	f	restitutions
resto	m	restos
restoroute	m	restoroutes
restriction	f	restrictions
restringent	m	restringents
restructuration	f	restructurations
resucée	f	resucées
resultante	f	resultantes
resurchauffe	f	resurchauffes
resurgissement	m	resurgissements
retable	m	retables
retail	m	retails
retaillage	m	retaillages
retaille	f	retailles
retaillement	m	retaillements
retapage	m	retapages
retape	f	retapes
retapissage	m	retapissages
retard	m	retards
retardateur	m	retardateurs
retardation	f	retardations
retardement	m	retardements
retardé	m	retardés
retardée	f	retardées
retentissement	m	retentissements
retenue	f	retenues
reterçage	m	reterçages
retirade	f	retirades
retirage	m	retirages
retiraison	f	retiraisons
retiration	f	retirations
retirement	m	retirements
retissage	m	retissages
retombement	m	retombements
retombé	m	retombés
retombée	f	retombées
retoquage	m	retoquages
retordage	m	retordages
retordement	m	retordements
retorderie	f	retorderies
retordeur	m	retordeurs
retordeuse	f	retordeuses
retornados	m	retornados
retors	m	retors
retouche	f	retouches
retoucheur	m	retoucheurs
retoucheuse	f	retoucheuses
retour	m	retours
retournage	m	retournages
retourne	f	retournes
retournement	m	retournements
retracement	m	retracements
retraduction	f	retraductions
retrait	m	retraits
retraite	f	retraites
retraitement	m	retraitements
retraité	m	retraités
retraitée	f	retraitées
retranchement	m	retranchements
retranscription	f	retranscriptions
retransformation	f	retransformations
retransmetteur	m	retransmetteurs
retransmission	f	retransmissions
retravaillage	m	retravaillages
retravaillement	m	retravaillements
retraçage	m	retraçages
retreinte	f	retreintes
retrempage	m	retrempages
retrempe	m	retrempes
retriever	m	retrievers
retroussage	m	retroussages
retroussement	m	retroussements
retroussis	m	retroussis
retrouvaille	f	retrouvailles
rets	m	rets
retubage	m	retubages
revaccination	f	revaccinations
revalidation	f	revalidations
revalorisation	f	revalorisations
revanchard	m	revanchards
revancharde	f	revanchardes
revanche	f	revanches
revanchisme	m	revanchismes
revascularisation	f	revascularisations
revenant	m	revenants
revenant-bon	m	revenant-bons
revendeur	m	revendeurs
revendeuse	f	revendeuses
revendicateur	m	revendicateurs
revendication	f	revendications
revenez-y	m	revenez-y
revente	f	reventes
revenu	m	revenus
revenue	f	revenues
reverdissage	m	reverdissages
reverdissement	m	reverdissements
revernissage	m	revernissages
revers	m	revers
reversement	m	reversements
reversion	f	reversions
revidage	m	revidages
revient	m	revients
review	f	reviews
revigorant	m	revigorants
revigoration	f	revigorations
revirade	f	revirades
revirage	m	revirages
revirement	m	revirements
revision	f	revisions
revissage	m	revissages
revitalisation	f	revitalisations
revival	m	revivals
revivifiance	f	revivifiances
revivification	f	revivifications
reviviscence	f	reviviscences
revolver	m	revolvers
revoyure	f	revoyures
revue	f	revues
revérification	f	revérifications
revêtement	m	revêtements
rewriter	m	rewriters
rewriting	m	rewritings
rez	m	rez
rez-de-chaussée	m	rez-de-chaussée
rez-de-jardin	m	rez-de-jardin
rezzou	m	rezzous
reçu	m	reçus
reçue	f	reçues
reître	m	reîtres
rhabdomancie	f	rhabdomancies
rhabdomancien	m	rhabdomanciens
rhabdomancienne	f	rhabdomanciennes
rhabillage	m	rhabillages
rhabillement	m	rhabillements
rhabilleur	m	rhabilleurs
rhabilleuse	f	rhabilleuses
rhamnacée	f	rhamnacées
rhapsode	m	rhapsodes
rhapsodie	f	rhapsodies
rhinanthe	m	rhinanthes
rhinencéphale	m	rhinencéphales
rhingrave	f	rhingraves
rhinite	f	rhinites
rhino-pharynx	m	rhino-pharynx
rhinocéros	m	rhinocéros
rhinolaryngite	f	rhinolaryngites
rhinologie	f	rhinologies
rhinolophe	m	rhinolophes
rhinopharyngite	f	rhinopharyngites
rhinopharynx	m	rhinopharynx
rhinoplastie	f	rhinoplasties
rhizocarpée	f	rhizocarpées
rhizoctone	m	rhizoctones
rhizome	m	rhizomes
rhizophage	m	rhizophages
rhizophore	m	rhizophores
rhizopode	m	rhizopodes
rhizosphère	f	rhizosphères
rhizostome	m	rhizostomes
rhizotome	m	rhizotomes
rho	m	rhos
rhodamine	f	rhodamines
rhodia	m	rhodias
rhodiage	m	rhodiages
rhodien	m	rhodiens
rhodinol	m	rhodinols
rhodium	m	rhodiums
rhododendron	m	rhododendrons
rhodophycée	f	rhodophycées
rhodopsine	f	rhodopsines
rhodoïd	m	rhodoïds
rhombe	m	rhombes
rhombencéphale	m	rhombencéphales
rhomboïde	m	rhomboïdes
rhotacisme	m	rhotacismes
rhovyl	m	rhovyls
rhubarbe	f	rhubarbes
rhum	m	rhums
rhumatisant	m	rhumatisants
rhumatisante	f	rhumatisantes
rhumatisme	m	rhumatismes
rhumatologie	f	rhumatologies
rhumb	m	rhumbs
rhume	m	rhumes
rhumerie	f	rhumeries
rhynchite	m	rhynchites
rhynchonelle	f	rhynchonelles
rhynchote	m	rhynchotes
rhyolite	f	rhyolites
rhyolithe	f	rhyolithes
rhytidome	m	rhytidomes
rhé	m	rhés
rhénan	m	rhénans
rhénane	f	rhénanes
rhénium	m	rhéniums
rhéobase	f	rhéobases
rhéologie	f	rhéologies
rhéomètre	m	rhéomètres
rhéostat	m	rhéostats
rhésus	m	rhésus
rhéteur	m	rhéteurs
rhétique	m	rhétiques
rhétorique	f	rhétoriques
rhétoriqueur	m	rhétoriqueurs
rhétorisation	f	rhétorisations
rhô	m	rhô
ria	m	rias
rial	m	rials
ribambelle	f	ribambelles
ribaud	m	ribauds
ribaude	f	ribaudes
ribaudequin	m	ribaudequins
ribavirine	f	ribavirines
riblage	m	riblages
riblon	m	riblons
riboflavine	f	riboflavines
ribonucléase	f	ribonucléases
ribose	m	riboses
ribosome	m	ribosomes
ribote	f	ribotes
ribouis	m	ribouis
ribouldingue	f	ribouldingues
ribésiée	f	ribésiées
ricain	m	ricains
ricanement	m	ricanements
ricanerie	f	ricaneries
ricaneur	m	ricaneurs
ricaneuse	f	ricaneuses
riccie	f	riccies
ricercare	m	ricercares
richard	m	richards
richarde	f	richardes
richelieu	m	richelieux
richesse	f	richesses
ricin	m	ricins
rickettsie	f	rickettsies
rickettsiose	f	rickettsioses
ricochement	m	ricochements
ricochet	m	ricochets
ricochée	f	ricochées
rictus	m	rictus
ridage	m	ridages
ride	f	rides
rideau	m	rideaux
ridelle	f	ridelles
ridement	m	ridements
ridicule	m	ridicules
ridiculisation	f	ridiculisations
ridoir	m	ridoirs
ridule	f	ridules
ridée	f	ridées
riel	m	riels
riesling	m	rieslings
rieur	m	rieurs
rieuse	f	rieuses
rieuse	f	rieuses
rif	m	rifs
riffle	m	riffles
rififi	m	rififis
riflage	m	riflages
riflard	m	riflards
rifle	m	rifles
riflette	f	riflettes
rifloir	m	rifloirs
rift	m	rifts
rigaudon	m	rigaudons
rigidification	f	rigidifications
rigidité	f	rigidités
rigodon	m	rigodons
rigolade	f	rigolades
rigolage	m	rigolages
rigole	f	rigoles
rigoleur	m	rigoleurs
rigollot	m	rigollots
rigolo	m	rigolos
rigolote	f	rigolotes
rigorisme	m	rigorismes
rigotte	f	rigottes
rigueur	f	rigueurs
rilsan	m	rilsans
rimailleur	m	rimailleurs
rimaye	f	rimayes
rime	f	rimes
rimeur	m	rimeurs
rimeuse	f	rimeuses
rimmel	m	rimmels
rince-bouche	m	rince-bouche
rince-bouteilles	m	rince-bouteilles
rince-doigts	m	rince-doigts
rinceau	m	rinceaux
rincement	m	rincements
rincette	f	rincettes
rinceur	m	rinceurs
rinceuse	f	rinceuses
rinceuse	f	rinceuses
rincée	f	rincées
ring	m	rings
ringard	m	ringards
ringardage	m	ringardages
rinçage	m	rinçages
rinçure	f	rinçures
ripage	m	ripages
ripaille	f	ripailles
ripaillerie	f	ripailleries
ripailleur	m	ripailleurs
ripailleuse	f	ripailleuses
ripaton	m	ripatons
ripe	f	ripes
ripieno	m	ripienos
ripolin	m	ripolins
riposte	f	ripostes
ripper	m	rippers
rire	m	rires
ris	m	ris
risban	m	risbans
risberme	f	risbermes
risette	f	risettes
risorius	m	risorius
risotto	m	risottos
rispéridone	f	rispéridones
risque	m	risques
risse	f	risses
rissolage	m	rissolages
rissolement	m	rissolements
ristourne	f	ristournes
risée	f	risées
rit	m	rits
rital	m	ritals
rite	m	rites
ritournelle	f	ritournelles
ritualisation	f	ritualisations
ritualisme	m	ritualismes
rituel	m	rituels
rivage	m	rivages
rival	m	rivaux
rivale	f	rivales
rivalité	f	rivalités
rive	f	rives
rivelaine	f	rivelaines
riverain	m	riverains
riveraine	f	riveraines
riveraineté	f	riverainetés
rivet	m	rivets
rivetage	m	rivetages
riveteuse	f	riveteuses
riveur	m	riveurs
riveuse	f	riveuses
riveuse	f	riveuses
rivière	f	rivières
rivoir	m	rivoirs
rivulaire	f	rivulaires
rivure	f	rivures
rixdale	f	rixdales
rixe	f	rixes
riz	m	riz
riz-pain-sel	m	riz-pain-sel
rizerie	f	rizeries
riziculteur	m	riziculteurs
riziculture	f	rizicultures
rizière	f	rizières
rmi	m	rmi
roadster	m	roadsters
roast-beef	m	roast-beefs
rob	m	robs
robage	m	robages
robe	f	robes
robelage	m	robelages
robin	m	robins
robinet	m	robinets
robinetier	m	robinetiers
robinetterie	f	robinetteries
robinier	m	robiniers
robinsonisme	m	robinsonismes
robot	m	robots
robotique	f	robotiques
robotisation	f	robotisations
robre	m	robres
robustesse	f	robustesses
roc	m	rocs
rocade	f	rocades
rocaillage	m	rocaillages
rocaille	f	rocailles
rocailleur	m	rocailleurs
rocailleuse	f	rocailleuses
rocambole	f	rocamboles
rochage	m	rochages
rochassier	m	rochassiers
rochassière	f	rochassières
roche	f	roches
rocher	m	rochers
rochet	m	rochets
rochier	m	rochiers
rock	m	rocks
rock'n'roll	m	rock
rocker	m	rockers
rocket	f	rockets
rocking-chair	m	rocking-chairs
rococo	m	rococos
rocou	m	rocous
rocouyer	m	rocouyers
rodage	m	rodages
rodeo	m	rodeos
rodoir	m	rodoirs
rodomont	m	rodomonts
rodomontade	f	rodomontades
rodéo	m	rodéos
roentgen	m	roentgens
rogation	f	rogations
rogaton	m	rogatons
rognage	m	rognages
rogne	f	rognes
rognement	m	rognements
rognerie	f	rogneries
rogneur	m	rogneurs
rogneuse	f	rogneuses
rogneuse	f	rogneuses
rognon	m	rognons
rognonnement	m	rognonnements
rognure	f	rognures
rogomme	m	rogommes
rogue	f	rogues
rohart	m	roharts
roi	m	rois
reine	f	reines
roideur	f	roideurs
roidissement	m	roidissements
roitelet	m	roitelets
roller	m	rollers
rollier	m	rolliers
rollmops	m	rollmops
romain	m	romains
romaine	f	romaines
romaine	f	romaines
roman	m	romans
roman-feuilleton	m	romans-feuilletons
roman-fleuve	m	romans-fleuves
roman-photo	m	romans-photos
romancement	m	romancements
romancero	m	romanceros
romanche	m	romanches
romancier	m	romanciers
romancière	f	romancières
romaneshti	m	romaneshtis
romanesque	m	romanesques
romani	m	romanis
romanichel	m	romanichels
romanichelle	f	romanichelles
romanisant	m	romanisants
romanisante	f	romanisantes
romanisation	f	romanisations
romanité	f	romanités
romanticisme	m	romanticismes
romantisation	f	romantisations
romantisme	m	romantismes
romançage	m	romançages
romanée	m	romanée
romarin	m	romarins
rombière	f	rombières
rompement	m	rompements
rompu	m	rompus
romsteck	m	romstecks
ronce	f	ronces
ronceraie	f	ronceraies
ronchonnement	m	ronchonnements
ronchonneur	m	ronchonneurs
ronchonneuse	f	ronchonneuses
roncier	m	ronciers
roncière	f	roncières
rond	m	ronds
rond-de-cuir	m	ronds-de-cuir
rond-point	m	ronds-points
rondache	f	rondaches
rondade	f	rondades
ronde	f	rondes
ronde-bosse	f	rondes-bosses
rondeau	m	rondeaux
rondel	m	rondels
rondelle	f	rondelles
rondeur	f	rondeurs
rondier	m	rondiers
rondin	m	rondins
rondissage	m	rondissages
rondo	m	rondos
rondouillard	m	rondouillards
rondouillarde	f	rondouillardes
ronflement	m	ronflements
ronflerie	f	ronfleries
ronfleur	m	ronfleurs
ronfleuse	f	ronfleuses
ronflotement	m	ronflotements
ronflottis	m	ronflottis
rongeage	m	rongeages
rongeant	m	rongeants
rongement	m	rongements
rongeur	m	rongeurs
ronron	m	ronrons
ronronnement	m	ronronnements
ronéo	f	ronéos
roof	m	roofs
rookerie	f	rookeries
rookery	f	rookerys
room	m	rooms
rooseveltien	m	rooseveltiens
rooseveltienne	f	rooseveltiennes
rooseveltisme	m	rooseveltismes
root	m	roots
rooter	m	rooters
roque	m	roques
roquefort	m	roqueforts
roquelaure	f	roquelaures
roquentin	m	roquentins
roquerie	f	roqueries
roquet	m	roquets
roquette	f	roquettes
rorqual	m	rorquals
rosace	f	rosaces
rosacée	f	rosacées
rosage	m	rosages
rosaire	m	rosaires
rosalbin	m	rosalbins
rosalie	f	rosalies
rosaniline	f	rosanilines
rosbif	m	rosbifs
roseau	m	roseaux
roselet	m	roselets
roselière	f	roselières
roseraie	f	roseraies
rosette	f	rosettes
rosicrucien	m	rosicruciens
rosier	m	rosiers
rosière	f	rosières
rosissement	m	rosissements
rosière	f	rosières
rossade	f	rossades
rosse	f	rosses
rosserie	f	rosseries
rossignol	m	rossignols
rossignolade	f	rossignolades
rossignolement	m	rossignolements
rossinante	f	rossinantes
rossolis	m	rossolis
rossée	f	rossées
rostre	m	rostres
rosé	m	rosés
rosée	f	rosées
roséole	f	roséoles
rot	m	rots
rotang	m	rotangs
rotangle	m	rotangles
rotarien	m	rotariens
rotary	m	rotarys
rotation	f	rotations
rotative	f	rotatives
rotengle	m	rotengles
roterie	f	roteries
roteur	m	roteurs
rotier	m	rotiers
rotifère	m	rotifères
rotin	m	rotins
rotinier	m	rotiniers
rotogravure	f	rotogravures
rotonde	f	rotondes
rotondité	f	rotondités
rotor	m	rotors
rotrouenge	f	rotrouenges
rotruenge	f	rotruenges
rotule	f	rotules
roture	f	rotures
roturier	m	roturiers
roturière	f	roturières
roténone	f	roténones
rouable	m	rouables
rouage	m	rouages
rouanne	f	rouannes
rouannette	f	rouannettes
roublard	m	roublards
roublarde	f	roublardes
roublardise	f	roublardises
rouble	m	roubles
rouchi	m	rouchis
roucoulade	f	roucoulades
roucoulage	m	roucoulages
roucoulement	m	roucoulements
roucoulerie	f	roucouleries
roucoulis	m	roucoulis
roudoudou	m	roudoudous
roue	f	roues
rouelle	f	rouelles
rouement	m	rouements
rouennais	m	rouennais
rouennaise	f	rouennaises
rouennerie	f	rouenneries
rouennier	m	rouenniers
rouerie	f	roueries
rouet	m	rouets
rouette	f	rouettes
rouf	m	roufs
rouflaquette	f	rouflaquettes
rouge-gorge	m	rouges-gorges
rouge-queue	m	rouges-queues
rougeaud	m	rougeauds
rougeaude	f	rougeaudes
rougeoiement	m	rougeoiements
rougeole	f	rougeoles
rougeot	m	rougeots
rougeoyée	f	rougeoyées
rouget	m	rougets
rougeur	f	rougeurs
rougissement	m	rougissements
rouille	f	rouilles
rouilleuse	f	rouilleuses
rouillure	f	rouillures
rouissage	m	rouissages
rouissoir	m	rouissoirs
roulade	f	roulades
roulage	m	roulages
roulant	m	roulants
roulante	f	roulantes
roulante	f	roulantes
roule	m	roules
rouleau	m	rouleaux
roulement	m	roulements
roulette	f	roulettes
rouleur	m	rouleurs
rouleuse	f	rouleuses
rouleuse	f	rouleuses
roulier	m	rouliers
roulis	m	roulis
rouloir	m	rouloirs
roulottage	m	roulottages
roulotte	f	roulottes
roulure	f	roulures
roulé	m	roulés
roulé-boulé	m	roulés-boulés
roulée	f	roulées
roumain	m	roumains
roumaine	f	roumaines
roumanophone	m	roumanophones
roumi	m	roumis
round	m	rounds
roupette	f	roupettes
roupiah	m	roupiahs
roupie	f	roupies
roupilleur	m	roupilleurs
roupillon	m	roupillons
rouquin	m	rouquins
rouquine	f	rouquines
rouscaille	f	rouscailles
rouscailleur	m	rouscailleurs
rouspétage	m	rouspétages
rouspétance	f	rouspétances
rouspéteur	m	rouspéteurs
rouspéteuse	f	rouspéteuses
rousse	f	rousses
rousseau	m	rousseaus
rousselet	m	rousselets
rousserolle	f	rousserolles
roussette	f	roussettes
rousseur	f	rousseurs
roussi	m	roussis
roussin	m	roussins
roussissage	m	roussissages
roussissement	m	roussissements
roussissure	f	roussissures
rouston	m	roustons
routage	m	routages
routard	m	routards
route	f	routes
routier	m	routiers
routière	f	routières
routine	f	routines
routinier	m	routiniers
routinière	f	routinières
routinisation	f	routinisations
routière	f	routières
rouverture	f	rouvertures
rouvieux	m	rouvieux
rouvraie	f	rouvraies
roux	m	roux
rousse	f	rousses
roué	m	roués
rouée	f	rouées
rowing	m	rowings
royale	f	royales
royalisme	m	royalismes
royan	m	royans
royaume	m	royaumes
royauté	f	royautés
rtf	m	rtf
ru	m	rus
ruade	f	ruades
ruban	m	rubans
rubanage	m	rubanages
rubanement	m	rubanements
rubanerie	f	rubaneries
rubanier	m	rubaniers
rubanière	f	rubanières
rubato	m	rubatos
rubellite	f	rubellites
rubiacée	f	rubiacées
rubicelle	f	rubicelles
rubicond	m	rubiconds
rubidium	m	rubidiums
rubiette	f	rubiettes
rubis	m	rubis
rubricage	m	rubricages
rubrication	f	rubrications
rubriquage	m	rubriquages
rubrique	f	rubriques
rubéfaction	f	rubéfactions
rubéfiant	m	rubéfiants
rubéole	f	rubéoles
rubéoleux	m	rubéoleux
rubéoleuse	f	rubéoleuses
ruche	f	ruches
rucher	m	ruchers
ruché	m	ruchés
ruchée	f	ruchées
rudbeckia	m	rudbeckias
rudbeckie	f	rudbeckies
rudenture	f	rudentures
rudesse	f	rudesses
rudiment	m	rudiments
rudiste	m	rudistes
rudoiement	m	rudoiements
rudération	f	rudérations
rue	f	rues
ruelle	f	ruelles
ruement	m	ruements
ruffian	m	ruffians
rufian	m	rufians
rugby	m	rugbys
rugbyman	m	rugbymen
ruginage	m	ruginages
rugination	f	ruginations
rugissement	m	rugissements
rugosité	f	rugosités
rugueux	m	rugueux
ruine	f	ruines
ruinure	f	ruinures
ruisseau	m	ruisseaux
ruisselet	m	ruisselets
ruisselis	m	ruisselis
ruissellement	m	ruissellements
rumba	f	rumbas
rumen	m	rumens
rumeur	f	rumeurs
rumex	m	rumex
rumina	f	ruminas
ruminant	m	ruminants
rumination	f	ruminations
ruminement	m	ruminements
rumsteck	m	rumstecks
runabout	m	runabouts
rune	f	runes
ruolz	m	ruolz
rupicole	m	rupicoles
rupin	m	rupins
rupine	f	rupines
rupteur	m	rupteurs
rupture	f	ruptures
ruralisation	f	ruralisations
ruse	f	ruses
rush	m	rushes
russification	f	russifications
russule	f	russules
rustaud	m	rustauds
rustaude	f	rustaudes
rustauderie	f	rustauderies
rusticage	m	rusticages
rusticité	f	rusticités
rustine	f	rustines
rustique	m	rustiques
rut	m	ruts
rutabaga	m	rutabagas
rutacée	f	rutacées
ruthénium	m	ruthéniums
rutilance	f	rutilances
rutile	m	rutiles
rutilement	m	rutilements
rutine	f	rutines
ruz	m	ruz
ruée	f	ruées
rwandais	m	rwandais
rwandaise	f	rwandaises
rythme	m	rythmes
rythmicien	m	rythmiciens
rythmicité	f	rythmicités
rythmique	f	rythmiques
râble	m	râbles
râblure	f	râblures
râlage	m	râlages
râle	m	râles
râlement	m	râlements
râleur	m	râleurs
râleuse	f	râleuses
râpage	m	râpages
râpe	f	râpes
râpement	m	râpements
râperie	f	râperies
râpeur	f	râpeurs
râpure	f	râpures
râpé	m	râpés
râteau	m	râteaux
râtelage	m	râtelages
râteleur	m	râteleurs
râteleuse	f	râteleuses
râteleuse	f	râteleuses
râtelier	m	râteliers
râtelure	f	râtelures
râtelée	f	râtelées
règle	f	règles
règlement	m	règlements
règne	m	règnes
ré	m	ré
réa	m	réas
réabonnement	m	réabonnements
réabsorption	f	réabsorptions
réac	m	réacs
réacclimatation	f	réacclimatations
réaccord	m	réaccords
réaccordage	m	réaccordages
réaccordement	m	réaccordements
réaccoutumance	f	réaccoutumances
réaccélération	f	réaccélérations
réacteur	m	réacteurs
réaction	f	réactions
réactivation	f	réactivations
réactivité	f	réactivités
réactualisation	f	réactualisations
réadaptation	f	réadaptations
réadaption	f	réadaptions
réadmission	f	réadmissions
réadoption	f	réadoptions
réadressage	m	réadressages
réaffectation	f	réaffectations
réaffection	f	réaffections
réaffirmation	f	réaffirmations
réaganien	m	réaganiens
réaganienne	f	réaganiennes
réaimantation	f	réaimantations
réajustage	m	réajustages
réajustement	m	réajustements
réal	m	réaux
réale	f	réales
réalgar	m	réalgars
réalignement	m	réalignements
réalimentation	f	réalimentations
réalisateur	m	réalisateurs
réalisatrice	f	réalisatrices
réalisation	f	réalisations
réalisme	m	réalismes
réalité	f	réalités
réalésage	m	réalésages
réamorcement	m	réamorcements
réamorçage	m	réamorçages
réaménagement	f	réaménagements
réanimation	f	réanimations
réapparition	f	réapparitions
réapplication	f	réapplications
réapprentissage	m	réapprentissages
réappropriation	f	réappropriations
réapprovisionnement	m	réapprovisionnements
réargenture	f	réargentures
réarmement	m	réarmements
réarrangement	m	réarrangements
réaspiration	f	réaspirations
réassainissement	m	réassainissements
réassignation	f	réassignations
réassignement	m	réassignements
réassort	m	réassorts
réassortiment	m	réassortiments
réassurance	f	réassurances
réaugmentation	f	réaugmentations
réavancement	m	réavancements
rébellion	f	rébellions
rébellionnement	m	rébellionnements
rébus	m	rébus
récalcitrance	f	récalcitrances
récalcitrant	m	récalcitrants
récalcitrante	f	récalcitrantes
récalcitration	f	récalcitrations
récapitulatif	m	récapitulatifs
récapitulation	f	récapitulations
récence	f	récences
réceptacle	m	réceptacles
récepteur	m	récepteurs
réception	f	réceptions
réceptivité	f	réceptivités
récession	f	récessions
réchampissage	m	réchampissages
réchappement	m	réchappements
réchappé	m	réchappés
réchaud	m	réchauds
réchauffage	m	réchauffages
réchauffement	m	réchauffements
réchauffeur	m	réchauffeurs
réchauffoir	m	réchauffoirs
réchauffé	m	réchauffés
récidive	f	récidives
récidivisme	m	récidivismes
récidivée	f	récidivées
récif	m	récifs
récipient	m	récipients
réciprocation	f	réciprocations
réciprocité	f	réciprocités
réciproque	f	réciproques
récit	m	récits
récital	m	récitals
récitant	m	récitants
récitante	f	récitantes
récitatif	m	récitatifs
récitation	f	récitations
réclamation	f	réclamations
réclinement	m	réclinements
réclusion	f	réclusions
récolement	m	récolements
récollection	f	récollections
récollet	m	récollets
récoltant	m	récoltants
récoltante	f	récoltantes
récolte	f	récoltes
récolteur	m	récolteurs
récompense	f	récompenses
réconciliateur	m	réconciliateurs
réconciliatrice	f	réconciliatrices
réconciliation	f	réconciliations
réconfort	m	réconforts
réconfortation	f	réconfortations
réconfortement	m	réconfortements
récri	m	récris
récriminateur	m	récriminateurs
récriminatrice	f	récriminatrices
récrimination	f	récriminations
récriture	f	récritures
récréation	f	récréations
récupérateur	m	récupérateurs
récupératrice	f	récupératrices
récupération	f	récupérations
récurage	m	récurages
récurrence	f	récurrences
récursivité	f	récursivités
récusation	f	récusations
récépissé	m	récépissés
rédacteur	m	rédacteurs
rédactrice	f	rédactrices
rédaction	f	rédactions
rédempteur	m	rédempteurs
rédemptrice	f	rédemptrices
rédemption	f	rédemptions
rédemptoriste	m	rédemptoristes
rédhibition	f	rédhibitions
rédie	f	rédies
rédintégration	f	rédintégrations
réductase	f	réductases
réducteur	m	réducteurs
réductibilité	f	réductibilités
réduction	f	réductions
réductionnisme	m	réductionnismes
réduit	m	réduits
réduplication	f	réduplications
réduve	m	réduves
réel	m	réels
réemballage	m	réemballages
réembarcation	f	réembarcations
réembarquement	m	réembarquements
réembauchage	m	réembauchages
réembauche	f	réembauches
réembrayage	m	réembrayages
réemménagement	m	réemménagements
réemploi	m	réemplois
réempoissonnement	m	réempoissonnements
réemprisonnement	m	réemprisonnements
réencadrement	m	réencadrements
réenchantement	m	réenchantements
réenchaînement	m	réenchaînements
réenfilage	m	réenfilages
réenfouissement	m	réenfouissements
réengagement	m	réengagements
réengendrement	m	réengendrements
réenregistrement	m	réenregistrements
réensemencement	m	réensemencements
réenterrement	m	réenterrements
réentraînement	m	réentraînements
réenveloppement	m	réenveloppements
réenvol	m	réenvols
réescompte	m	réescomptes
réessayage	m	réessayages
réexamen	m	réexamens
réexamination	f	réexaminations
réexploitation	f	réexploitations
réexport	m	réexports
réexportation	f	réexportations
réexposition	f	réexpositions
réexpédition	f	réexpéditions
réfaction	f	réfactions
réfection	f	réfections
réfectoire	m	réfectoires
réflecteur	m	réflecteurs
réflectivité	f	réflectivités
réflexe	m	réflexes
réflexion	f	réflexions
réflexivité	f	réflexivités
réflexogramme	m	réflexogrammes
réflexologie	f	réflexologies
réflexothérapie	f	réflexothérapies
réfléchissement	m	réfléchissements
réformage	m	réformages
réformateur	m	réformateurs
réformatrice	f	réformatrices
réformation	f	réformations
réforme	f	réformes
réformette	f	réformettes
réformisme	m	réformismes
réformé	m	réformés
réfracteur	m	réfracteurs
réfraction	f	réfractions
réfrangibilité	f	réfrangibilités
réfrigérant	m	réfrigérants
réfrigérateur	m	réfrigérateurs
réfrigération	f	réfrigérations
réfringence	f	réfringences
réfrènement	m	réfrènements
réfugié	m	réfugiés
réfugiée	f	réfugiées
réfutation	f	réfutations
référage	m	référages
référence	f	réf..
référencement	m	référencements
référenciation	f	référenciations
référendaire	m	référendaires
référendum	m	référendums
référent	m	référents
référentiel	m	référentiels
référençage	m	référençages
référé	m	référés
régal	m	régals
régalade	f	régalades
régalage	m	régalages
régalement	m	régalements
régalien	m	régaliens
régalienne	f	régaliennes
régate	f	régates
régatier	m	régatiers
régatière	f	régatières
régence	f	régences
régent	m	régents
régente	f	régentes
régentement	m	régentements
régie	f	régies
régime	m	régimes
régiment	m	régiments
région	f	régions
régional	m	régionaux
régionalisation	f	régionalisations
régionalisme	m	régionalismes
régisseur	m	régisseurs
réglage	m	réglages
réglementation	f	réglementations
réglet	m	réglets
réglette	f	réglettes
régleur	m	régleurs
régleuse	f	régleuses
régleuse	f	régleuses
réglisse	f	réglisses
régloir	m	régloirs
réglure	f	réglures
régression	f	régressions
régulage	m	régulages
régularisation	f	régularisations
régularité	f	régularités
régulateur	m	régulateurs
régulatrice	f	régulatrices
régulation	f	régulations
régulatrice	f	régulatrices
régule	m	régules
régulier	m	réguliers
régulière	f	régulières
régulière	f	régulières
régurgitation	f	régurgitations
régénération	f	régénérations
régénérescence	f	régénérescences
réhabilitation	f	réhabilitations
réhabilité	m	réhabilités
réhabilitée	f	réhabilitées
réhabitation	f	réhabitations
réharmonisation	f	réharmonisations
réhumectation	f	réhumectations
réhumidification	f	réhumidifications
réhydratation	f	réhydratations
réification	f	réifications
réimperméabilisation	f	réimperméabilisations
réimplantation	f	réimplantations
réimport	m	réimports
réimportation	f	réimportations
réimposition	f	réimpositions
réimpression	f	réimpressions
réincarcération	f	réincarcérations
réincarnation	f	réincarnations
réincorporation	f	réincorporations
réinfection	f	réinfections
réinfestation	f	réinfestations
réinjection	f	réinjections
réinoculation	f	réinoculations
réinscription	f	réinscriptions
réinsertion	f	réinsertions
réinstallation	f	réinstallations
réinstauration	f	réinstaurations
réinstitution	f	réinstitutions
réinterprétation	f	réinterprétations
réintroduction	f	réintroductions
réintronisation	f	réintronisations
réintégration	f	réintégrations
réintéressement	m	réintéressements
réinvasion	f	réinvasions
réinvention	f	réinventions
réinvestissement	m	réinvestissements
réinvitation	f	réinvitations
réitération	f	réitérations
réjouissance	f	réjouissances
réjouissement	m	réjouissements
rélargissement	m	rélargissements
rémanence	f	rémanences
rémanent	m	rémanents
rémige	m	rémiges
réminiscence	f	réminiscences
rémission	f	rémissions
rémittence	f	rémittences
rémiz	m	rémiz
rémois	m	rémois
rémoise	f	rémoises
rémora	m	rémoras
rémoulade	f	rémoulades
rémouleur	m	rémouleurs
rémunérateur	m	rémunérateurs
rémunératrice	f	rémunératrices
rémunération	f	rémunérations
réméré	m	rémérés
rénette	f	rénettes
rénitence	f	rénitences
rénovateur	m	rénovateurs
rénovatrice	f	rénovatrices
rénovation	f	rénovations
réobservation	f	réobservations
réobtention	f	réobtentions
réoccupation	f	réoccupations
réopération	f	réopérations
réorchestration	f	réorchestrations
réordonnement	m	réordonnements
réorganisateur	m	réorganisateurs
réorganisatrice	f	réorganisatrices
réorganisation	f	réorganisations
réorientation	f	réorientations
réoriention	f	réorientions
réouverture	f	réouvertures
réoxydation	f	réoxydations
répandage	m	répandages
réparage	m	réparages
réparateur	m	réparateurs
réparatrice	f	réparatrices
réparation	f	réparations
répartement	m	répartements
répartiteur	m	répartiteurs
répartition	f	répartitions
répercussion	f	répercussions
répertoire	m	répertoires
répertoriage	m	répertoriages
répertoriation	f	répertoriations
répertorisation	f	répertorisations
répit	m	répits
réplication	f	réplications
réplique	f	répliques
répliqueur	m	répliqueurs
réplétion	f	réplétions
répondant	m	répondants
répondeur	m	répondeurs
répons	m	répons
réponse	f	réponses
répression	f	répressions
réprimande	f	réprimandes
réprobation	f	réprobations
réprouvé	m	réprouvés
réprouvée	f	réprouvées
répréhension	f	répréhensions
républicain	m	républicains
républicaine	f	républicaines
républicanisation	f	républicanisations
républicanisme	m	républicanismes
république	f	républiques
répudiation	f	répudiations
répugnance	f	répugnances
répulsion	f	répulsions
réputation	f	réputations
répèt'	f	répèt'
répétiteur	m	répétiteurs
répétitrice	f	répétitrices
répétition	f	répétitions
répétitorat	m	répétitorats
réquisit	m	réquisits
réquisition	f	réquisitions
réquisitionnement	m	réquisitionnements
réquisitionné	m	réquisitionnés
réquisitionnée	f	réquisitionnées
réquisitoire	m	réquisitoires
réseau	m	réseaux
résection	f	résections
réserpine	f	réserpines
réservation	f	réservations
réserve	f	réserves
réservoir	m	réservoirs
résidanat	m	résidanats
résidant	m	résidants
résidante	f	résidantes
résidence	f	résidences
résident	m	résidents
résidu	m	résidus
résignation	f	résignations
résigné	m	résignés
résignée	f	résignées
résiliation	f	résiliations
résilience	f	résiliences
résille	f	résilles
résinage	m	résinages
résination	f	résinations
résine	f	résines
résinerie	f	résineries
résineux	m	résineux
résinier	m	résiniers
résinière	f	résinières
résinification	f	résinifications
résiné	m	résinés
résipiscence	f	résipiscences
résistance	f	résistances
résistant	m	résistants
résistante	f	résistantes
résistivité	f	résistivités
résistée	f	résistées
résolutif	m	résolutifs
résolution	f	résolutions
résolvante	f	résolvantes
résonance	f	résonances
résonnance	f	résonnances
résonnement	m	résonnements
résorcine	f	résorcines
résorcinol	m	résorcinols
résorption	f	résorptions
résultante	f	résultantes
résultat	m	résultats
résultée	f	résultées
résumé	m	résumés
résurgence	f	résurgences
résurrection	f	résurrections
réséda	m	résédas
rétablissement	m	rétablissements
rétamage	m	rétamages
rétameur	m	rétameurs
rétention	f	rétentions
rétiaire	m	rétiaires
réticence	f	réticences
réticulation	f	réticulations
réticule	m	réticules
réticulum	m	réticulums
réticulée	f	réticulées
rétine	f	rétines
rétinite	f	rétinites
rétivité	f	rétivités
rétorsion	f	rétorsions
rétractage	m	rétractages
rétractation	f	rétractations
rétracteur	m	rétracteurs
rétractibilité	f	rétractibilités
rétractilité	f	rétractilités
rétraction	f	rétractions
rétribution	f	rétributions
rétrillonnage	m	rétrillonnages
rétroaction	f	rétroactions
rétroactivité	f	rétroactivités
rétrocession	f	rétrocessions
rétrodiffusion	f	rétrodiffusions
rétrofusée	f	rétrofusées
rétrogradage	m	rétrogradages
rétrogradation	f	rétrogradations
rétrogradement	m	rétrogradements
rétrogression	f	rétrogressions
rétroposition	f	rétropositions
rétroprojecteur	m	rétroprojecteurs
rétropropulsion	f	rétropropulsions
rétropédalage	m	rétropédalages
rétrospection	f	rétrospections
rétrospective	f	rétrospectives
rétroversion	f	rétroversions
rétrovirologie	f	rétrovirologies
rétrovirus	m	rétrovirus
rétroviseur	m	rétroviseurs
rétrécissement	m	rétrécissements
réunification	f	réunifications
réunion	f	réunions
réunionite	f	réunionites
réunionnais	m	réunionnais
réunionnaise	f	réunionnaises
réunissage	m	réunissages
réussite	f	réussites
réutilisation	f	réutilisations
réveil	m	réveils
réveille-matin	m	réveille-matin
réveillon	m	réveillons
réveillonneur	m	réveillonneurs
réverbère	m	réverbères
réverbérance	f	réverbérances
réverbération	f	réverbérations
réversibilité	f	réversibilités
réversion	f	réversions
réviseur	m	réviseurs
révision	f	révisions
révisionnisme	m	révisionnismes
révocabilité	f	révocabilités
révocation	f	révocations
révolte	f	révoltes
révolté	m	révoltés
révoltée	f	révoltées
révolution	f	révolutions
révolutionnarisation	f	révolutionnarisations
révolutionnarisme	m	révolutionnarismes
révolutionnement	m	révolutionnements
révolvérisation	f	révolvérisations
révulsif	m	révulsifs
révulsion	f	révulsions
révélateur	m	révélateurs
révélatrice	f	révélatrices
révélation	f	révélations
révérence	f	révérences
révérend	m	révérends
révérende	f	révérendes
r.p.	m	r.p.
rééchelonnement	m	rééchelonnements
réécriture	f	réécritures
réédification	f	réédifications
réédition	f	rééd.
rééducation	f	rééducations
réélection	f	réélections
réémaillage	m	réémaillages
réémetteur	m	réémetteurs
réémettrice	f	réémettrices
réémission	f	réémissions
rééprouvage	m	rééprouvages
rééquilibrage	m	rééquilibrages
rééquilibration	f	rééquilibrations
rééquilibre	m	rééquilibres
rééquipement	m	rééquipements
réétalonnage	m	réétalonnages
réévaluation	f	réévaluations
réévalution	f	réévalutions
réévocation	f	réévocations
rêne	f	rênes
rêvasserie	f	rêvasseries
rêvasseur	m	rêvasseurs
rêvassée	f	rêvassées
rêve	m	rêves
rêverie	f	rêveries
rêveur	m	rêveurs
rêveuse	f	rêveuses
rôde	f	rôdes
rôderie	f	rôderies
rôdeur	m	rôdeurs
rôdeuse	f	rôdeuses
rôle	m	rôles
rônier	m	rôniers
rôt	m	rôts
rôti	m	rôtis
rôtie	f	rôties
rôtissage	m	rôtissages
rôtissement	m	rôtissements
rôtisserie	f	rôtisseries
rôtisseur	m	rôtisseurs
rôtisseuse	f	rôtisseuses
rôtissoire	f	rôtissoires
rôtissure	f	rôtissures
röntgen	m	röntgens
s.a.	f	s.a.
s.a.r.l.	f	s.a.r.l.
sabayon	m	sabayons
sabbat	m	sabbats
sabbathien	m	sabbathiens
sabbathienne	f	sabbathiennes
sabbatisme	m	sabbatismes
sabelle	f	sabelles
sabellianisme	m	sabellianismes
sabin	f	sabins
sabine	f	sabines
sabir	m	sabirs
sablage	m	sablages
sable	m	sables
sablerie	f	sableries
sableur	m	sableurs
sableuse	f	sableuses
sableuse	f	sableuses
sablier	m	sabliers
sablière	f	sablières
sablon	m	sablons
sablonnière	f	sablonnières
sablé	m	sablés
sabord	m	sabords
sabordage	m	sabordages
sabordement	m	sabordements
sabot	m	sabots
sabotage	m	sabotages
saboterie	f	saboteries
saboteur	m	saboteurs
saboteuse	f	saboteuses
sabotier	m	sabotiers
sabotière	f	sabotières
sabotière	f	sabotières
saboulage	m	saboulages
saboulée	f	saboulées
sabrage	m	sabrages
sabre	m	sabres
sabrement	m	sabrements
sabretache	f	sabretaches
sabreur	m	sabreurs
sabreuse	f	sabreuses
sabreuse	f	sabreuses
saburre	f	saburres
sabéen	m	sabéens
sabéisme	m	sabéismes
sac	m	sacs
sacade	f	sacades
saccade	f	saccades
saccadement	m	saccadements
saccage	m	saccages
saccagement	m	saccagements
saccageur	m	saccageurs
saccageuse	f	saccageuses
saccharase	f	saccharases
saccharate	m	saccharates
saccharide	m	saccharides
saccharidé	m	saccharidés
saccharificateur	m	saccharificateurs
saccharification	f	saccharifications
saccharine	f	saccharines
saccharolé	m	saccharolés
saccharomyces	m	saccharomyces
saccharomycose	f	saccharomycoses
saccharose	m	saccharoses
saccharure	m	saccharures
saccule	m	saccules
sacculine	f	sacculines
sacd	m	sacd
sacerdoce	m	sacerdoces
sachant	m	sachants
sachem	m	sachems
sacherie	f	sacheries
sachet	m	sachets
sachée	f	sachées
sacoche	f	sacoches
sacolève	f	sacolèves
sacoléva	m	sacolévas
sacome	m	sacomes
sacquebute	f	sacquebutes
sacralisation	f	sacralisations
sacramental	m	sacramentaux
sacre	m	sacres
sacrement	m	sacrements
sacret	m	sacrets
sacrificateur	m	sacrificateurs
sacrifice	m	sacrifices
sacrifié	m	sacrifiés
sacrifiée	f	sacrifiées
sacrilège	m	sacrilèges
sacripant	m	sacripants
sacristain	m	sacristains
sacristie	f	sacristies
sacristine	f	sacristines
sacrum	m	sacrums
sacré	m	sacrés
sacré-coeur	m	sacré-coeurs
sad	m	sads
sadducéen	m	sadducéens
sadducéenne	f	sadducéennes
sadisme	m	sadismes
sadomasochisme	m	sadomasochismes
safari	m	safaris
safran	m	safrans
safranière	f	safranières
safre	m	safres
saga	f	sagas
sagacité	f	sagacités
sagaie	f	sagaies
sage-femme	f	sages-femmes
sagesse	f	sagesses
sagette	f	sagettes
sagine	f	sagines
sagou	m	sagous
sagouin	m	sagouins
sagoutier	m	sagoutiers
sagum	m	sagums
saharien	m	sahariens
saharienne	f	sahariennes
saharienne	f	sahariennes
sahel	m	sahels
sahib	m	sahibs
sahraoui	m	sahraouis
sahraouie	f	sahraouies
sahélien	m	sahéliens
sahélienne	f	sahéliennes
saie	f	saies
saignage	m	saignages
saignant	m	saignants
saignement	m	saignements
saigneur	m	saigneurs
saigneuse	f	saigneuses
saignoir	m	saignoirs
saignée	f	saignées
saillant	m	saillants
saillie	f	saillies
sainbois	m	sainbois
saindoux	m	saindoux
sainfoin	m	sainfoins
saint	m	saints
sainte	f	saintes
saint-bernard	m	saint-bernard
saint-crépin	m	saint-crépins
saint-cyrien	m	saint-cyriens
saint-frusquin	m	saint-frusquins
saint-honoré	m	saint-honoré
saint-nectaire	m	saint-nectaire
saint-office	m	saint-offices
saint-paulin	m	saint-paulins
saint-père	m	saint-père
saint-simonien	m	saint-simoniens
saint-simonisme	m	saint-simonismes
saint-siège	m	saint-sièges
sainteté	f	saintetés
saisi	m	saisis
saisie	f	saisies
saisie	f	saisies
saisie-arrêt	f	saisies-arrêts
saisie-brandon	f	saisies-brandons
saisie-exécution	f	saisies-exécutions
saisine	f	saisines
saisissant	m	saisissants
saisissement	m	saisissements
saison	f	saisons
saisonnage	m	saisonnages
saisonnement	m	saisonnements
saisonnier	m	saisonniers
saisonnière	f	saisonnières
sajou	m	sajous
saki	m	sakis
saké	m	sakés
sal	m	sals
salabre	m	salabres
salacité	f	salacités
salade	f	salades
saladero	m	saladeros
saladier	m	saladiers
salage	m	salages
salaire	m	salaires
salaison	f	salaisons
salamalec	m	salamalecs
salamandre	f	salamandres
salamandrine	f	salamandrines
salami	m	salami
salangane	f	salanganes
salant	m	salants
salarias	m	salarias
salariat	m	salariats
salarisation	f	salarisations
salarié	m	salariés
salariée	f	salariées
salaud	m	salauds
salbande	f	salbandes
salep	m	saleps
saleron	m	salerons
saleté	f	saletés
saleur	m	saleurs
saleuse	f	saleuses
saleuse	f	saleuses
salicacée	f	salicacées
salicaire	f	salicaires
salicine	f	salicines
salicinée	f	salicinées
salicional	m	salicionals
salicoque	f	salicoques
salicorne	f	salicornes
salicoside	m	salicosides
saliculture	f	salicultures
salicylate	m	salicylates
salification	f	salifications
saligaud	m	saligauds
saligaude	f	saligaudes
salignon	m	salignons
salin	m	salins
salinage	m	salinages
saline	f	salines
salinisation	f	salinisations
salinité	f	salinités
salissement	m	salissements
salisson	f	salissons
salissure	f	salissures
salivage	m	salivages
salivation	f	salivations
salive	f	salives
salière	f	salières
salle	f	salles
salmanazar	m	salmanazars
salmigondis	m	salmigondis
salmis	m	salmis
salmonelle	f	salmonelles
salmonellose	f	salmonelloses
salmoniculteur	m	salmoniculteurs
salmoniculture	f	salmonicultures
salmonidé	m	salmonidés
saloir	m	saloirs
salol	m	salols
salon	m	salons
salonard	m	salonards
salonnard	m	salonnards
salonnarde	f	salonnardes
salonnier	m	salonniers
salonnière	f	salonnières
salonnière	f	salonnières
saloon	m	saloons
salop	m	salops
salopard	m	salopards
salope	f	salopes
saloperie	f	saloperies
salopette	f	salopettes
salopiaud	m	salopiauds
salopiot	m	salopiots
salorge	m	salorges
salpe	f	salpes
salpicon	m	salpicons
salpingectomie	f	salpingectomies
salpingite	f	salpingites
salpingographie	f	salpingographies
salpingoplastie	f	salpingoplasties
salpingotomie	f	salpingotomies
salpêtrage	m	salpêtrages
salpêtre	m	salpêtres
salpêtrier	m	salpêtriers
salpêtrière	f	salpêtrières
salpêtrisation	f	salpêtrisations
salpêtrière	f	salpêtrières
salsa	f	salsas
salse	f	salses
salsepareille	f	salsepareilles
salsifis	m	salsifis
salsolacée	f	salsolacées
saltarelle	f	saltarelles
saltation	f	saltations
saluade	f	saluades
salubrité	f	salubrités
salure	f	salures
salut	m	saluts
salutation	f	salutations
salvadorien	m	salvadoriens
salvadorienne	f	salvadoriennes
salvateur	m	salvateurs
salvatrice	f	salvatrices
salve	f	salves
salésien	f	salésiens
samare	f	samares
samaritain	f	samaritains
samarium	m	samariums
samba	f	sambas
samedi	m	samedis
samit	m	samits
samouraï	m	samouraïs
samovar	m	samovars
sampan	m	sampans
sampang	m	sampangs
sampi	m	sampis
sampot	m	sampots
samurai	m	samurais
san-benito	m	san-benito
sana	m	sanas
sanatorium	m	sanatoria
sancerre	m	sancerres
sanctificateur	m	sanctificateurs
sanctificatrice	f	sanctificatrices
sanctification	f	sanctifications
sanction	f	sanctions
sanctionnement	m	sanctionnements
sanctuaire	m	sanctuaires
sanctus	m	sanctus
sandale	f	sandales
sandalette	f	sandalettes
sandaraque	f	sandaraques
sanderling	m	sanderlings
sandhi	m	sandhi
sandinisme	m	sandinismes
sandjak	m	sandjaks
sandow	m	sandows
sandre	m	sandres
sandwich	m	sandwiches
sanforisage	m	sanforisages
sang	m	sangs
sang-froid	m	sang-froids
sang-mêlé	m	sang-mêlé
sanglade	f	sanglades
sanglage	m	sanglages
sangle	f	sangles
sanglier	m	sangliers
sanglot	m	sanglots
sanglotement	m	sanglotements
sangria	f	sangrias
sangsue	f	sangsues
sanguification	f	sanguifications
sanguin	m	sanguins
sanguine	f	sanguines
sanguine	f	sanguines
sanhédrin	m	sanhédrins
sanicle	f	sanicles
sanie	f	sanies
sanitaire	m	sanitaires
sans-abri	m	sans-abri
sans-coeur	m	sans-coeur
sans-culotte	m	sans-culottes
sans-façon	m	sans-façon
sans-fil	m	sans-fils
sans-gêne	m	sans-gêne
sans-le-sou	m	sans-le-sou
sans-logis	m	sans-logis
sans-parti	m	sans-parti
sans-travail	m	sans-travail
sansevière	f	sansevières
sanskrit	m	sanskrits
sanskritisme	m	sanskritismes
sansonnet	m	sansonnets
santal	m	santals
santon	m	santons
santé	f	santés
sanve	f	sanves
sanza	f	sanzas
saoudien	m	saoudiens
saoudienne	f	saoudiennes
saoulerie	f	saouleries
saoulographie	f	saoulographies
sapage	m	sapages
sapajou	m	sapajous
sape	f	sapes
sapement	m	sapements
saperde	f	saperdes
sapeur	m	sapeurs
sapeur-pompier	m	sapeurs-pompiers
saphir	m	saphirs
saphisme	m	saphismes
saphène	f	saphènes
sapidité	f	sapidités
sapience	f	sapiences
sapin	m	sapins
sapindacée	f	sapindacées
sapine	f	sapines
sapinette	f	sapinettes
sapinière	f	sapinières
saponaire	f	saponaires
saponification	f	saponifications
saponine	f	saponines
sapotacée	f	sapotacées
sapotier	m	sapotiers
sappan	m	sappans
saprophage	m	saprophages
sapèque	f	sapèques
sarabande	f	sarabandes
sarbacane	f	sarbacanes
sarcasme	m	sarcasmes
sarcelle	f	sarcelles
sarclage	m	sarclages
sarcleur	m	sarcleurs
sarcloir	m	sarcloirs
sarcome	m	sarcomes
sarcoplasma	m	sarcoplasmas
sarcopte	m	sarcoptes
sarcoïde	f	sarcoïdes
sarcoïdose	f	sarcoïdoses
sardane	f	sardanes
sardine	f	sardines
sardinerie	f	sardineries
sardinier	m	sardiniers
sardinière	f	sardinières
sardinière	f	sardinières
sardoine	f	sardoines
sardonyx	f	sardonyx
sargasse	f	sargasses
sari	m	saris
sarigue	f	sarigues
sarisse	f	sarisses
sarkozysme	m	sarkozysmes
sarment	m	sarments
sarmentage	m	sarmentages
sarode	m	sarodes
sarong	m	sarongs
saros	m	saros
sarracenia	m	sarracenias
sarrancolin	m	sarrancolins
sarrasin	f	sarrasins
sarrasinage	m	sarrasinages
sarrasine	f	sarrasines
sarrau	m	sarraus
sarreau	m	sarreaus
sarrette	f	sarrettes
sarriette	f	sarriettes
sarrois	m	sarrois
sarroise	f	sarroises
sartage	m	sartages
sas	m	sas
sassafras	m	sassafras
sassage	m	sassages
sassement	m	sassements
sassenage	m	sassenages
sasseur	m	sasseurs
satan	m	satans
satanisation	f	satanisations
satanisme	m	satanismes
satellisation	f	satellisations
satellite	m	satellites
satin	m	satins
satinage	m	satinages
satinette	f	satinettes
satineur	m	satineurs
satineuse	f	satineuses
satiné	m	satinés
satire	f	satires
satisfaction	f	satisfactions
satisfecit	m	satisfecit
satisfiabilité	f	satisfiabilités
satiété	f	satiétés
satrapie	f	satrapies
saturabilité	f	saturabilités
saturateur	m	saturateurs
saturation	f	saturations
saturne	m	saturnes
saturnie	f	saturnies
saturnisme	m	saturnismes
satyre	m	satyres
satyriasis	m	satyriasis
satyrisme	m	satyrismes
sauce	f	sauces
saucement	m	saucements
saucier	m	sauciers
saucière	f	saucières
sauciflard	m	sauciflards
saucisse	f	saucisses
saucisson	m	saucissons
saucissonnage	m	saucissonnages
saucissonnement	m	saucissonnements
saucière	f	saucières
saucée	f	saucées
sauf-conduit	m	sauf-conduits
sauge	f	sauges
saulaie	f	saulaies
saule	m	saules
saulée	f	saulées
saumon	m	saumons
saumoneau	m	saumoneaux
saumurage	m	saumurages
saumure	f	saumures
sauna	m	saunas
saunage	m	saunages
saunaison	f	saunaisons
saunier	m	sauniers
saunière	f	saunières
saunière	f	saunières
saupiquet	m	saupiquets
saupoudrage	m	saupoudrages
saupoudrement	m	saupoudrements
saupoudreuse	f	saupoudreuses
saupoudroir	m	saupoudroirs
saurage	m	saurages
saurien	m	sauriens
saurin	m	saurins
sauris	m	sauris
saurissage	m	saurissages
saurisserie	f	saurisseries
saurisseur	m	saurisseurs
saussaie	f	saussaies
saut	m	sauts
saut-de-lit	m	saut-de-lit
saut-de-loup	m	sauts-de-loup
saut-de-mouton	m	sauts-de-mouton
sautage	m	sautages
saute	f	sautes
saute-mouton	m	saute-moutons
saute-ruisseau	m	saute-ruisseau
sautelle	f	sautelles
sautement	m	sautements
sautereau	m	sautereaux
sauterelle	f	sauterelles
sauterie	f	sauteries
sauternes	m	sauternes
sauteur	m	sauteurs
sauteuse	f	sauteuses
sauteuse	f	sauteuses
sautillage	m	sautillages
sautillance	f	sautillances
sautillement	m	sautillements
sautillée	f	sautillées
sautoir	m	sautoirs
sautèlement	m	sautèlements
sauté	m	sautés
sauvagesse	f	
sauvageon	m	sauvageons
sauvageonne	f	sauvageonnes
sauvagerie	f	sauvageries
sauvagesse	f	sauvagesses
sauvagine	f	sauvagines
sauve-qui-peut	m	sauve-qui-peut
sauvegarde	f	sauvegardes
sauvement	m	sauvements
sauvetage	m	sauvetages
sauveteur	m	sauveteurs
sauvette	f	sauvettes
sauveté	f	sauvetés
sauveur	m	sauveurs
sauveuse	f	sauveuses
sauvignon	m	sauvignons
savane	f	savanes
savant	m	savants
savante	f	savantes
savantasse	m	savantasses
savarin	m	savarins
savart	m	savarts
savate	f	savates
savetier	m	savetiers
saveur	f	saveurs
savoir	m	savoirs
savoir-faire	m	savoir-faire
savoir-vivre	m	savoir-vivre
savoir-être	m	savoir-être
savon	m	savons
savonnage	m	savonnages
savonnerie	f	savonneries
savonnette	f	savonnettes
savonnier	m	savonniers
savonnière	f	savonnières
savonnière	f	savonnières
savouration	f	savourations
savoyard	m	savoyards
savoyarde	f	savoyardes
saxe	m	saxes
saxhorn	m	saxhorns
saxicole	m	saxicoles
saxifragacée	f	saxifragacées
saxifrage	f	saxifrages
saxo	m	saxos
saxon	m	saxons
saxonne	f	saxonnes
saxophone	m	saxophones
saye	f	sayes
sayette	f	sayettes
saynète	f	saynètes
sayon	m	sayons
saï	m	saïs
saïga	m	saïgas
saïmiri	m	saïmiris
sbire	m	sbires
scabieuse	f	scabieuses
scaferlati	m	scaferlatis
scala	f	scalas
scalde	m	scaldes
scalp	m	scalps
scalpage	m	scalpages
scalpel	m	scalpels
scampi	m	scampis
scandage	m	scandages
scandale	m	scandales
scandalisation	f	scandalisations
scandement	m	scandements
scandium	m	scandiums
scannage	m	scannages
scanner	m	scanners
scansion	f	scansions
scaphandre	m	scaphandres
scaphandrier	m	scaphandriers
scaphite	m	scaphites
scaphoïde	m	scaphoïdes
scapulaire	m	scapulaires
scarabée	m	scarabées
scarabéidé	m	scarabéidés
scare	m	scares
scarifiage	m	scarifiages
scarificateur	m	scarificateurs
scarification	f	scarifications
scarlatine	f	scarlatines
scarole	f	scaroles
scat	m	scats
scatologie	f	scatologies
sceau	m	sceaux
sceau-de-salomon	m	sceaux-de-salomon
scellage	m	scellages
scellement	m	scellements
scellé	m	scellés
scepticisme	m	scepticismes
sceptre	m	sceptres
schah	m	schahs
schako	m	schakos
schappe	f	schappes
schapska	m	schapskas
scheidage	m	scheidages
scheik	m	scheiks
schelem	m	schelems
scherzo	m	scherzos
schilling	m	schillings
schisme	m	schismes
schiste	m	schistes
schistification	f	schistifications
schistosité	f	schistosités
schizogamie	f	schizogamies
schizogenèse	f	schizogenèses
schizonévrose	f	schizonévroses
schizophrénie	f	schizophrénies
schizophrénisation	f	schizophrénisations
schizothymie	f	schizothymies
schizoïdie	f	schizoïdies
schlague	f	schlagues
schlamm	m	schlamms
schlass	m	schlass
schleu	m	schleus
schlich	m	schlichs
schlittage	m	schlittages
schlitte	f	schlittes
schlitteur	m	schlitteurs
schnaps	m	schnaps
schnauzer	m	schnauzers
schnick	m	schnicks
schnock	m	schnocks
schnoque	m	schnoques
schnorchel	m	schnorchels
schnorkel	m	schnorkels
schnouff	f	schnouffs
schofar	m	schofars
schooner	m	schooners
schorre	m	schorres
schtroumpf	m	schtroumpfs
schumpétérien	m	schumpétériens
schumpétérienne	f	schumpétériennes
schupo	m	schupos
schuss	m	schuss
schéma	m	schémas
schématisation	f	schématisations
schématisme	m	schématismes
schéol	m	schéols
sciage	m	sciages
scialytique	m	scialytiques
scie	f	scies
science	f	sciences
science-fiction	f	sciences-fictions
scientificité	f	scientificités
scientisme	m	scientismes
scientologie	f	scientologies
scierie	f	scieries
scieur	m	scieurs
scieuse	f	scieuses
scieuse	f	scieuses
scille	f	scilles
scincidé	m	scincidés
scincoïde	m	scincoïdes
scindage	m	scindages
scindement	m	scindements
scinque	m	scinques
scintigraphie	f	scintigraphies
scintillant	m	scintillants
scintillation	f	scintillations
scintillement	m	scintillements
scion	m	scions
sciotte	f	sciottes
scirpe	m	scirpes
scission	f	scissions
scissiparité	f	scissiparités
scissure	f	scissures
sciure	f	sciures
sciuridé	m	sciuridés
sciène	f	sciènes
sciénidé	m	sciénidés
scléranthe	m	scléranthes
sclérification	f	sclérifications
scléroprotéine	f	scléroprotéines
sclérose	f	scléroses
sclérosement	m	sclérosements
sclérotique	f	sclérotiques
scolarisation	f	scolarisations
scolarité	f	scolarités
scolasticat	m	scolasticats
scolex	m	scolex
scoliaste	m	scoliastes
scolie	f	scolies
scoliose	f	scolioses
scolopendre	f	scolopendres
scolyte	m	scolytes
scombridé	m	scombridés
sconse	m	sconses
scoop	m	scoops
scooter	m	scooters
scope	m	scopes
scopie	f	scopies
scopolamine	f	scopolamines
scorbut	m	scorbuts
score	m	scores
scorecard	f	scorecards
scorie	f	scories
scorification	f	scorifications
scorpion	m	scorpions
scorsonère	f	scorsonères
scotch	m	scotchs
scotchage	m	scotchages
scotisme	m	scotismes
scotomisation	f	scotomisations
scottish	f	scottishs
scoured	m	scoured
scout	m	scouts
scoute	f	scoutes
scoutisme	m	scoutismes
scrabble	m	scrabbles
scramasaxe	m	scramasaxes
scrap-book	m	scrap-books
scraper	m	scrapers
scratch	m	scratches
scratchage	m	scratchages
screening	m	screenings
scriban	m	scribans
scribouillage	m	scribouillages
scribouillard	m	scribouillards
scribouilleur	m	scribouilleurs
scribouillis	m	scribouillis
script	m	scripts
scripteur	m	scripteurs
scripturalité	f	scripturalités
scrofulaire	f	scrofulaires
scrofulariacée	f	scrofulariacées
scrofule	f	scrofules
scrofuleux	m	scrofuleux
scrofuleuse	f	scrofuleuses
scrubber	m	scrubbers
scrupule	m	scrupules
scrutage	m	scrutages
scrutateur	m	scrutateurs
scrutatrice	f	scrutatrices
scrutation	f	scrutations
scrutement	m	scrutements
scrutin	m	scrutins
scull	m	sculls
sculptage	m	sculptages
sculpteur	m	sculpteurs
sculpture	f	sculptures
scutellaire	f	scutellaires
scutum	m	scutums
scyphoméduse	f	scyphoméduses
scène	f	scènes
scélérat	m	scélérats
scélérate	f	scélérates
scélératesse	f	scélératesses
scénario	m	scénarios
scénographie	f	scénographies
scénologie	f	scénologies
seau	m	seaux
sebka	f	sebkas
sebkha	f	sebkhas
sec	m	secs
second	m	seconds
seconde	f	secondes
secondaire	m	secondaires
secondant	m	secondants
secondarité	f	secondarités
seconde	f	secondes
secouage	m	secouages
secouement	m	secouements
secoueur	m	secoueurs
secoureur	m	secoureurs
secourisme	m	secourismes
secours	m	secours
secousse	f	secousses
secouée	f	secouées
secret	m	secrets
secrète	f	secrètes
secrétage	m	secrétages
secrétairerie	f	secrétaireries
secrétariat	m	secrétariats
sectarisme	m	sectarismes
sectateur	m	sectateurs
secte	f	sectes
secteur	m	secteurs
section	f	sections
sectionnement	m	sectionnements
sectionneur	m	sectionneurs
sectorisation	f	sectorisations
segment	m	segments
segmentation	f	segmentations
seguia	f	seguias
seiche	f	seiches
seigle	m	seigles
seigneur	m	seigneurs
seigneuriage	m	seigneuriages
seigneurie	f	seigneuries
seille	f	seilles
seillon	m	seillons
seime	f	seimes
sein	m	seins
seine	f	seines
seing	m	seings
seize	m	seize
seiziémisme	m	seiziémismes
sel	m	sels
self-control	m	self-controls
self-government	m	self-governments
self-inductance	f	self-inductances
self-induction	f	self-inductions
self-made-man	m	self-made-mans
self-service	m	self-services
selfie	m	selfies
sellage	m	sellages
selle	f	selles
sellerie	f	selleries
sellette	f	sellettes
sellier	m	selliers
seltz	m	seltz
selva	f	selvas
selve	f	selves
semaine	f	semaines
semainier	m	semainiers
semainière	f	semainières
semaison	f	semaisons
semblant	m	semblants
semelle	f	semelles
semence	f	semences
semencier	m	semenciers
semestre	m	semestres
semeur	m	semeurs
semeuse	f	semeuses
semi-auxiliaire	m	semi-auxiliaires
semi-coke	m	semi-cokes
semi-conducteur	m	semi-conducteurs
semi-consonne	f	semi-consonnes
semi-nomadisme	m	semi-nomadismes
semi-produit	m	semi-produits
semi-remorque	m	semi-remorques
semi-voyelle	f	semi-voyelles
semis	m	semis
semnopithèque	m	semnopithèques
semoir	m	semoirs
semonce	f	semonces
semoule	f	semoules
semoulerie	f	semouleries
sempervivum	m	sempervivum
semple	m	semples
sen	m	sen
senau	m	senaux
senestrochère	m	senestrochères
senghorien	m	senghoriens
senghorienne	f	senghoriennes
seniorité	f	seniorités
senne	f	sennes
sens	m	sens
sensation	f	sensations
sensationnalisme	m	sensationnalismes
sensationnel	m	sensationnels
senseur	m	senseurs
sensibilisant	m	sensibilisants
sensibilisateur	m	sensibilisateurs
sensibilisation	f	sensibilisations
sensibilité	f	sensibilités
sensiblerie	f	sensibleries
sensitif	m	sensitifs
sensitive	f	sensitives
sensitive	f	sensitives
sensitométrie	f	sensitométries
sensorimétrie	f	sensorimétries
sensualisme	m	sensualismes
sensualité	f	sensualités
sensuel	m	sensuels
sensuelle	f	sensuelles
sente	f	sentes
sentence	f	sentences
senteur	f	senteurs
senti	m	sentis
sentier	m	sentiers
sentiment	m	sentiments
sentimentalisation	f	sentimentalisations
sentimentalisme	m	sentimentalismes
sentimentalité	f	sentimentalités
sentine	f	sentines
sentinelle	f	sentinelles
sep	m	seps
seps	m	seps
sept	m	sept
septain	m	septains
septante	m	septante
septembre	m	septembres
septembrisade	f	septembrisades
septembriseur	m	septembriseurs
septemvir	m	septemvirs
septennalité	f	septennalités
septennat	m	septennats
septentrion	m	septentrions
septicité	f	septicités
septicémie	f	septicémies
septidi	m	septidis
septillion	m	septillions
septime	f	septimes
septmoncel	m	septmoncel
septuagésime	f	septuagésimes
septum	m	septums
septuor	m	septuors
septuple	m	septuples
septénaire	m	septénaires
sequin	m	sequins
serbisme	m	serbismes
serdeau	m	serdeaux
serein	m	sereins
serf	m	serfs
serve	f	serves
serfouette	f	serfouettes
serfouissage	m	serfouissages
serge	f	serges
sergent	m	sergents
sergent-major	m	sergents-majors
sergette	f	sergettes
sergé	m	sergés
serin	m	serins
serine	f	serines
serinage	m	serinages
serine	f	serines
serinette	f	serinettes
seringa	m	seringas
seringage	m	seringages
seringat	m	seringats
seringuage	m	seringuages
seringue	f	seringues
seringuée	f	seringuées
serment	m	serments
sermon	m	sermons
sermonnade	f	sermonnades
sermonnage	m	sermonnages
sermonnaire	m	sermonnaires
sermonnement	m	sermonnements
sermonneur	m	sermonneurs
sermonneuse	f	sermonneuses
serpe	f	serpes
serpent	m	serpents
serpente	f	serpentes
serpenteau	m	serpenteaux
serpentement	m	serpentements
serpentin	m	serpentins
serpentine	f	serpentines
serpette	f	serpettes
serpillière	f	serpillières
serpolet	m	serpolets
serpule	f	serpules
serra	f	serras
serrage	m	serrages
serran	m	serrans
serratule	f	serratules
serre	f	serres
serre-file	m	serre-files
serre-fils	m	serre-fils
serre-frein	m	serre-frein
serre-joint	m	serre-joints
serre-livres	m	serre-livres
serre-nez	m	serre-nez
serre-papiers	m	serre-papiers
serre-tête	m	serre-tête
serrement	m	serrements
serrure	f	serrures
serrurerie	f	serrureries
serrurier	m	serruriers
serrée	f	serrées
serte	f	sertes
serti	m	sertis
sertissage	m	sertissages
sertissement	m	sertissements
sertisseur	m	sertisseurs
sertisseuse	f	sertisseuses
sertisseuse	f	sertisseuses
sertissure	f	sertissures
servage	m	servages
serval	m	servals
servant	m	servants
servante	f	servantes
servante	f	servantes
serveur	m	serveurs
serveuse	f	serveuses
serveuse	f	serveuses
serviabilité	f	serviabilités
service	m	services
sav	m	sav
serviette	f	serviettes
serviette-éponge	f	serviettes-éponges
servilité	f	servilités
serviteur	m	serviteurs
servante	f	servantes
servitude	f	servitudes
servocommande	f	servocommandes
servofrein	m	servofreins
servomoteur	m	servomoteurs
servomécanisme	m	servomécanismes
sesbania	m	sesbanias
sesbanie	f	sesbanies
sesquioxyde	m	sesquioxydes
session	f	sessions
sesterce	m	sesterces
set	m	sets
setier	m	setiers
setter	m	setters
seuil	m	seuils
sevrage	m	sevrages
sex-appeal	m	sex-appeals
sex-shop	m	sex-shops
sexagésime	f	sexagésimes
sexe	m	sexes
sexisme	m	sexismes
sexologie	f	sexologies
sexonomie	f	sexonomies
sextant	m	sextants
sexte	f	sextes
sextidi	m	sextidis
sextillion	m	sextillions
sextine	f	sextines
sextolet	m	sextolets
sextuor	m	sextuors
sextuple	m	sextuples
sextuplement	m	sextuplements
sextuplé	m	sextuplés
sexualisation	f	sexualisations
sexualisme	m	sexualismes
sexualité	f	sexualités
sfumato	m	sfumatos
sgml	m	sgml
sgraffite	m	sgraffites
shah	m	shahs
shake	m	shakes
shaker	m	shakers
shako	m	shakos
shamisen	m	shamisens
shampoing	m	shampoings
shampooinage	m	shampooinages
shampooineur	m	shampooineurs
shampooineuse	f	shampooineuses
shampooing	m	shampooings
shampouinage	m	shampouinages
shampouineur	m	shampouineurs
shampouineuse	f	shampouineuses
shantoung	m	shantoungs
shantung	m	shantungs
sherpa	m	sherpas
sherry	m	sherries
shetland	m	shetlands
shift	m	shifts
shilling	m	shillings
shimmy	m	shimmys
shintoïsme	m	shintoïsmes
shintô	m	shintôs
shipchandler	m	shipchandlers
shirt	m	shirts
shirting	m	shirtings
shit	m	shits
shogoun	m	shogouns
shogun	m	shoguns
shogunat	m	shogunats
shoot	m	shoots
shootage	m	shootages
shooté	m	shootés
shop	f	shops
shoping	m	shopings
shopping	m	shoppings
short	m	shorts
shot	m	shots
show	m	shows
show-business	m	show-business
showbiz	m	showbiz
shrapnel	m	shrapnels
shrapnell	m	shrapnells
shunt	m	shunts
shuntage	m	shuntages
shérif	m	shérifs
si	m	si
sial	m	sials
sialagogue	m	sialagogues
sialis	m	sialis
sialorrhée	f	sialorrhées
siamois	m	siamois
siamoise	f	siamoises
sibilation	f	sibilations
sibilement	m	sibilements
sibylle	f	sibylles
sibérien	m	sibériens
sibérienne	f	sibériennes
sicaire	m	sicaires
sicav	f	sicavs
siccativation	f	siccativations
siccativité	f	siccativités
siccité	f	siccités
sicilien	m	siciliens
sicilienne	f	siciliennes
sicilienne	f	siciliennes
sicle	m	sicles
sida	m	sidas
side-car	m	side-cars
sidi	m	sidis
sidéen	m	sidéens
sidéenne	f	sidéennes
sidérite	f	sidérites
sidérose	f	sidéroses
sidérostat	m	sidérostats
sidéroxylon	m	sidéroxylons
sidérurgie	f	sidérurgies
siemens	m	siemens
sien	m	siens
siennois	m	siennois
siennoise	f	siennoises
sierra	f	sierras
sierra-léonais	m	sierra-léonais
sierra-léonaise	f	sierra-léonaises
sieste	f	siestes
sieur	m	sieurs
sifflade	f	sifflades
sifflage	m	sifflages
sifflante	f	sifflantes
sifflement	m	sifflements
sifflerie	f	siffleries
sifflet	m	sifflets
siffleur	m	siffleurs
siffleuse	f	siffleuses
sifflotement	m	sifflotements
sifflotis	m	sifflotis
sifilet	m	sifilets
sigillaire	f	sigillaires
sigillographie	f	sigillographies
sigillée	f	sigillées
sigisbée	m	sigisbées
siglaison	f	siglaisons
sigle	m	sigles
sigma	m	sigmas
sigmoïde	m	sigmoïdes
signal	m	signaux
signalement	m	signalements
signaleur	m	signaleurs
signalisation	f	signalisations
signalétique	f	signalétiques
signation	f	signations
signature	f	signatures
signe	m	signes
signet	m	signets
signifiance	f	signifiances
signifiant	m	signifiants
signification	f	significations
signifié	m	signifiés
sikh	m	sikhs
sikhe	f	sikhes
sil	m	sils
silence	m	silences
silencieux	m	silencieux
silencieuse	f	silencieuses
silex	m	silex
silhouettage	m	silhouettages
silhouette	f	silhouettes
silicatage	m	silicatages
silicatation	f	silicatations
silicate	m	silicates
silicatisation	f	silicatisations
silice	f	silices
silicium	m	siliciums
siliciure	m	siliciures
siliconage	m	siliconages
silicose	f	silicoses
silicule	f	silicules
silionne	f	silionnes
silique	f	siliques
sillage	m	sillages
sillet	m	sillets
sillon	m	sillons
sillonnage	m	sillonnages
sillonnement	m	sillonnements
silo	m	silos
silotage	m	silotages
silphe	m	silphes
silure	m	silures
silurien	m	siluriens
silve	f	silves
silène	m	silènes
silésien	m	silésiens
silésienne	f	silésiennes
silésienne	f	silésiennes
sima	m	simas
simagrée	f	simagrées
simarre	f	simarres
simaruba	m	simarubas
simarubacée	f	simarubacées
simbleau	m	simbleaux
simien	m	simiens
similarité	f	similarités
similicuir	m	similicuirs
similigravure	f	similigravures
similipierre	f	similipierres
similisage	m	similisages
similitude	f	similitudes
similor	m	similors
similé	m	similés
simonie	f	simonies
simonization	f	simonizations
simoun	m	simouns
simplet	m	simplets
simplette	f	simplettes
simplex	m	simplex
simplexe	m	simplexes
simplicité	f	simplicités
simplificateur	m	simplificateurs
simplificatrice	f	simplificatrices
simplification	f	simplifications
simplisme	m	simplismes
simulacre	m	simulacres
simulateur	m	simulateurs
simulatrice	f	simulatrices
simulation	f	simulations
simulie	f	simulies
simultanée	f	simultanées
simultanéisme	m	simultanéismes
simultanéité	f	simultanéités
sinanthrope	m	sinanthropes
sinapis	m	sinapis
sinapisme	m	sinapismes
sinciput	m	sinciputs
sincérité	f	sincérités
singalette	f	singalettes
singapourien	m	singapouriens
singapourienne	f	singapouriennes
singe	m	singes
singerie	f	singeries
single	m	singles
singleton	m	singletons
singularisation	f	singularisations
singularité	f	singularités
singulier	m	singuliers
sinisant	m	sinisants
sinisante	f	sinisantes
sinisation	f	sinisations
sinistrabilité	f	sinistrabilités
sinistre	m	sinistres
sinistrose	f	sinistroses
sinistré	m	sinistrés
sinistrée	f	sinistrées
sinité	f	sinités
sinologie	f	sinologies
sinuosité	f	sinuosités
sinus	m	sinus
sinusite	f	sinusites
sinusoïde	f	sinusoïdes
sinécure	f	sinécures
sionisme	m	sionismes
siphomycète	m	siphomycètes
siphon	m	siphons
siphonnage	m	siphonnages
siphonnement	m	siphonnements
siphonné	m	siphonnés
sir	m	sirs
sirdar	m	sirdars
sire	m	sires
sirex	m	sirex
sirli	m	sirlis
sirocco	m	siroccos
siroco	m	sirocos
sirop	m	sirops
sirotage	m	sirotages
sirtaki	m	sirtakis
sirvente	m	sirventes
sirventès	m	sirventès
sirène	f	sirènes
sisal	m	sisals
sismicité	f	sismicités
sismique	f	sismiques
sismographe	m	sismographes
sismographie	f	sismographies
sismologie	f	sismologies
sismologue	m	sismologues
sismothérapie	f	sismothérapies
sister-ship	m	sister-ships
sistre	m	sistres
sisymbre	m	sisymbres
sitar	m	sitars
sitcom	f	sitcoms
site	m	sites
sitogoniomètre	m	sitogoniomètres
sittelle	f	sittelles
sitting	m	sittings
situation	f	situations
situationnisme	m	situationnismes
sium	m	siums
six	m	six
sixain	m	sixains
sixte	f	sixtes
sizain	m	sizains
sizerin	m	sizerins
siècle	m	siècles
siège	m	sièges
skate	m	skates
skateboard	m	skateboards
skating	m	skatings
skaï	m	skaïs
sketch	m	sketches
ski	m	skis
skiascopie	f	skiascopies
skieur	m	skieurs
skieuse	f	skieuses
skif	m	skifs
skiff	m	skiffs
skip	m	skips
skippage	m	skippages
skipper	m	skippers
skiée	f	skiées
skunks	m	skunks
slalom	m	slaloms
slalomeur	m	slalomeurs
slalomeuse	f	slalomeuses
slang	m	slangs
slavisant	m	slavisants
slavisante	f	slavisantes
slavisation	f	slavisations
slavisme	m	slavismes
slavon	m	slavons
sleeping	m	sleepings
slip	m	slips
slogan	m	slogans
sloop	m	sloops
sloughi	m	sloughis
slow	m	slows
smala	f	smalas
smalah	f	smalahs
smalt	m	smalts
smaltine	f	smaltines
smaragdite	f	smaragdites
smartphone	m	smartphones
smash	m	smashes
smegma	m	smegmas
smicard	m	smicards
smicarde	f	smicardes
smigard	m	smigards
smilax	m	smilax
smiley	m	smileys
smillage	m	smillages
smille	f	smilles
smithsonite	f	smithsonites
smock	m	smocks
smog	m	smogs
smoking	m	smokings
smolt	m	smolts
sms	m	sms
smurf	m	smurfs
snack	m	snacks
snack-bar	m	snack-bars
sniffage	m	sniffages
snobisme	m	snobismes
snow-boot	m	snow-boots
sobriquet	m	sobriquets
sobriété	f	sobriétés
soc	m	socs
soccer	m	soccers
sociabilité	f	sociabilités
social	m	socials
social-colbertisme	m	social-colbertismes
social-démocrate	m	sociaux-démocrates
social-démocratie	f	social-démocraties
sociale	f	sociales
socialisant	m	socialisants
socialisante	f	socialisantes
socialisation	f	socialisations
socialisme	m	socialismes
socialité	f	socialités
sociatrie	f	sociatries
socinianisme	m	socinianismes
sociocentrisme	m	sociocentrismes
sociodrame	m	sociodrames
sociogramme	m	sociogrammes
sociolinguistique	f	sociolinguistiques
sociologie	f	sociologies
sociologisation	f	sociologisations
sociologisme	m	sociologismes
sociométrie	f	sociométries
sociothérapie	f	sociothérapies
sociétaire	m	sociétaires
sociétariat	m	sociétariats
société	f	sociétés
s.a..	f	s.a..
socle	m	socles
socque	m	socques
socquette	f	socquettes
soda	m	sodas
sodium	m	sodiums
sodoku	m	sodokus
sodomie	f	sodomies
sodomisation	f	sodomisations
sodomite	m	sodomites
soeur	f	soeurs
soeurette	f	soeurettes
sofa	m	sofas
soffite	m	soffites
software	m	softwares
sogdien	m	sogdiens
sogdienne	f	sogdiennes
soi	m	sois
soie	f	soies
soierie	f	soieries
soif	f	soifs
soiffard	m	soiffards
soiffarde	f	soiffardes
soignant	m	soignants
soignante	f	soignantes
soigneur	m	soigneurs
soigneuse	f	soigneuses
soin	m	soins
soir	m	soirs
soirée	f	soirées
soit-communiqué	m	soit-communiqués
soixantaine	f	soixantaines
soixante	m	soixante
soixante-dix	m	soixante-dix
soixante-huitard	m	soixante-huitards
soixante-huitarde	f	soixante-huitardes
soja	m	sojas
sol	m	sol
solaire	m	solaires
solanacée	f	solanacées
solarigraphe	m	solarigraphes
solarisation	f	solarisations
solarium	m	solariums
soldanelle	f	soldanelles
soldat	m	soldats
soldate	f	soldates
soldatesque	f	soldatesques
soldeur	m	soldeurs
soldeuse	f	soldeuses
sole	f	soles
solea	f	soleas
soleil	m	soleils
soleillage	m	soleillages
solen	m	solens
solennisation	f	solennisations
solennité	f	solennités
soleret	m	solerets
solex	m	solex
solfatare	f	solfatares
solfège	m	solfèges
solicitor	m	solicitors
solidage	f	solidages
solidago	m	solidagos
solidarisation	f	solidarisations
solidarisme	m	solidarismes
solidarité	f	solidarités
solide	m	solides
solidification	f	solidifications
solidité	f	solidités
soliflore	m	soliflores
solifluction	f	solifluctions
solifluxion	f	solifluxions
soliloque	m	soliloques
solin	m	solins
solipsisme	m	solipsismes
solipède	m	solipèdes
solitude	f	solitudes
solive	f	solives
soliveau	m	soliveaux
sollicitation	f	sollicitations
solliciteur	m	solliciteurs
solliciteuse	f	solliciteuses
sollicitude	f	sollicitudes
solmisation	f	solmisations
solo	m	soli
solognot	m	solognots
solognote	f	solognotes
solstice	m	solstices
solubilisation	f	solubilisations
solubilité	f	solubilités
solucamphre	m	solucamphres
solution	f	solutions
solutionnement	m	solutionnements
solutréen	m	solutréens
soluté	m	solutés
solvabilisation	f	solvabilisations
solvabilité	f	solvabilités
solvant	m	solvants
solvatation	f	solvatations
solvation	f	solvations
solécisme	m	solécismes
solénoïde	m	solénoïdes
soma	m	somas
somali	m	somalis
somali	f	somalies
somalien	m	somaliens
somalienne	f	somaliennes
somation	f	somations
somatisation	f	somatisations
somatotrophine	f	somatotrophines
sombrage	m	sombrages
sombrero	m	sombreros
somite	m	somites
sommaire	m	sommaires
sommation	f	sommations
sommeil	m	sommeils
sommeillement	m	sommeillements
sommeilleux	m	sommeilleux
sommelier	m	sommeliers
sommellerie	f	sommelleries
sommet	m	sommets
sommier	m	sommiers
sommité	f	sommités
somnambulisme	m	somnambulismes
somnanbulisme	m	somnanbulismes
somnifère	m	somnifères
somnolence	f	somnolences
somnolescence	f	somnolescences
somozisme	m	somozismes
somptuosité	f	somptuosités
son	m	sons
sonagramme	m	sonagrammes
sonagraphe	m	sonagraphes
sonar	m	sonars
sonate	f	sonates
sonatine	f	sonatines
sondage	m	sondages
sonde	f	sondes
sondeur	m	sondeurs
sondeuse	f	sondeuses
sondeuse	f	sondeuses
sondé	m	sondés
sondée	f	sondées
songe	m	songes
songe-creux	m	songe-creux
songement	m	songements
songerie	f	songeries
songeur	m	songeurs
songeuse	f	songeuses
songée	f	songées
sonnage	m	sonnages
sonnaillerie	f	sonnailleries
sonnement	m	sonnements
sonnerie	f	sonneries
sonnet	m	sonnets
sonnette	f	sonnettes
sonneur	m	sonneurs
sono	f	sonos
sonomètre	m	sonomètres
sonore	f	sonores
sonorisation	f	sonorisations
sonorité	f	sonorités
sonothèque	f	sonothèques
sophisme	m	sophismes
sophistication	f	sophistications
sophistique	f	sophistiques
sophistiquerie	f	sophistiqueries
sophora	m	sophoras
sophrologie	f	sophrologies
soporifique	m	soporifiques
sopraniste	m	sopranistes
soprano	m	soprani
sorbe	f	sorbes
sorbet	m	sorbets
sorbetière	f	sorbetières
sorbier	m	sorbiers
sorbitol	m	sorbitols
sorbonnard	m	sorbonnards
sorbonnarde	f	sorbonnardes
sorcellerie	f	sorcelleries
sorcier	m	sorciers
sorcière	f	sorcières
sorcière	f	sorcières
sordidité	f	sordidités
sore	m	sores
sorgho	m	sorghos
sornette	f	sornettes
sors	m	sors
sort	m	sorts
sortant	m	sortants
sorte	f	sortes
sortie	f	sorties
sortie-de-bain	f	sorties-de-bain
sortie-de-bal	f	sorties-de-bal
sortilège	m	sortilèges
sortir	m	sortirs
sos	m	s.o.s..
sosie	m	sosies
sot	m	sots
sotte	f	sottes
sot-l'y-laisse	m	sot-l'y-laisse
sotch	m	sotchs
sotie	f	soties
sottie	f	sotties
sottise	f	sottises
sottisier	m	sottisiers
sotériologie	f	sotériologies
sou	m	sous
sou-chong	m	sou-chongs
souahéli	m	souahélis
souahélie	f	souahélies
soubassement	m	soubassements
soubresaut	m	soubresauts
soubrette	f	soubrettes
soubreveste	f	soubrevestes
souche	f	souches
souchet	m	souchets
souchetage	m	souchetages
souchette	f	souchettes
souchevage	m	souchevages
souchèvement	m	souchèvements
souci	m	soucis
soucoupe	f	soucoupes
soudage	m	soudages
soudaineté	f	soudainetés
soudan	m	soudans
soudanais	m	soudanais
soudanaise	f	soudanaises
soudanien	m	soudaniens
soudanienne	f	soudaniennes
soudard	m	soudards
soude	f	soudes
soudeur	m	soudeurs
soudeuse	f	soudeuses
soudeuse	f	soudeuses
soudier	m	soudiers
soudière	f	soudières
soudoiement	m	soudoiements
soudure	f	soudures
soue	f	soues
soufflage	m	soufflages
soufflant	m	soufflants
soufflante	f	soufflantes
soufflard	m	soufflards
souffle	m	souffles
soufflement	m	soufflements
soufflerie	f	souffleries
soufflet	m	soufflets
souffletier	m	souffletiers
soufflette	f	soufflettes
souffleur	m	souffleurs
souffleuse	f	souffleuses
souffleuse	f	souffleuses
soufflotement	m	soufflotements
soufflure	f	soufflures
soufflé	m	soufflés
souffrance	f	souffrances
souffre-douleur	m	souffre-douleurs
souffreteux	m	souffreteux
souffreteuse	f	souffreteuses
soufi	m	soufis
soufi	f	soufies
soufisme	m	soufismes
soufrage	m	soufrages
soufre	m	soufres
soufreur	m	soufreurs
soufreuse	f	soufreuses
soufreuse	f	soufreuses
soufrière	f	soufrières
soufroir	m	soufroirs
soufré	m	soufrés
souhait	m	souhaits
souillard	m	souillards
souillarde	f	souillardes
souille	f	souilles
souillement	m	souillements
souillonnerie	f	souillonneries
souillure	f	souillures
souk	m	souks
soul	f	souls
soulagement	m	soulagements
soulane	f	soulanes
soulevage	m	soulevages
soulier	m	souliers
soulignage	m	soulignages
soulignement	m	soulignements
soulte	f	soultes
soulèvement	m	soulèvements
soumission	f	soumissions
soumissionnement	m	soumissionnements
soupape	f	soupapes
soupe	f	soupes
soupente	f	soupentes
souper	m	soupers
soupeur	m	soupeurs
soupeuse	f	soupeuses
soupir	m	soupirs
soupirail	m	soupiraux
soupirant	m	soupirants
soupière	f	soupières
souplesse	f	souplesses
soupçon	m	soupçons
soupèsement	m	soupèsements
souquenille	f	souquenilles
souquée	f	souquées
sourate	f	sourates
source	f	sources
sourcement	m	sourcements
sourcier	m	sourciers
sourcil	m	sourcils
sourcillement	m	sourcillements
sourcing	m	sourcings
sourd	m	sourds
sourde	f	sourdes
sourd-muet	m	sourds-muets
sourde-muette	f	sourdes-muettes
sourde	f	sourdes
sourdinage	m	sourdinages
sourdine	f	sourdines
souriceau	m	souriceaux
souricier	m	souriciers
souricière	f	souricières
sourire	m	sourires
souris	f	souris
sournois	m	sournois
sournoise	f	sournoises
sournoiserie	f	sournoiseries
sous-alimentation	f	sous-alimentations
sous-amendement	m	sous-amendements
sous-arbrisseau	m	sous-arbrisseaux
sous-barbe	f	sous-barbes
sous-bas	m	sous-bas
sous-bois	m	sous-bois
sous-brigadier	m	sous-brigadiers
sous-chef	m	sous-chefs
sous-classe	f	sous-classes
sous-commission	f	sous-commissions
sous-comptoir	m	sous-comptoirs
sous-consommation	f	sous-consommations
sous-diaconat	m	sous-diaconats
sous-diacre	m	sous-diacres
sous-directeur	m	sous-directeurs
sous-directrice	f	sous-directrices
sous-dominante	f	sous-dominantes
sous-développement	m	sous-développements
sous-embranchement	m	sous-embranchements
sous-emploi	m	sous-emplois
sous-ensemble	m	sous-ensembles
sous-entendu	m	sous-entendus
sous-espèce	f	sous-espèces
sous-estimation	f	sous-estimations
sous-exposition	f	sous-expositions
sous-fifre	m	sous-fifres
sous-garde	f	sous-gardes
sous-genre	m	sous-genres
sous-gouverneur	m	sous-gouverneurs
sous-homme	m	sous-hommes
sous-ingénieur	m	sous-ingénieurs
sous-intendant	m	sous-intendants
sous-lieutenant	m	sous-lieutenants
sous-location	f	sous-locations
sous-main	m	sous-main
sous-marin	m	sous-marins
sous-marinier	m	sous-mariniers
sous-maître	m	sous-maîtres
sous-maîtresse	f	sous-maîtresses
sous-nappe	f	sous-nappes
sous-normale	f	sous-normales
sous-off	m	sous-offs
sous-officier	m	sous-officiers
sous-ordre	m	sous-ordres
sous-pied	m	sous-pieds
sous-production	f	sous-productions
sous-produit	m	sous-produits
sous-programme	m	sous-programmes
sous-préfecture	f	sous-préfectures
sous-préfet	m	sous-préfets
sous-préfète	f	sous-préfètes
sous-routine	f	sous-routines
sous-secrétariat	m	sous-secrétariats
sous-seing	m	sous-seing
sous-sol	m	sous-sols
sous-station	f	sous-stations
sous-tangente	f	sous-tangentes
sous-tension	f	sous-tensions
sous-titre	m	sous-titres
sous-traitance	f	sous-traitances
sous-traitant	m	sous-traitants
sous-ventrière	f	sous-ventrières
sous-verge	m	sous-verge
sous-verre	m	sous-verre
sous-vêtement	m	sous-vêtements
souscripteur	m	souscripteurs
souscription	f	souscriptions
soussigné	m	soussignés
soussignée	f	soussignées
soustracteur	m	soustracteurs
soustraction	f	soustractions
soutache	f	soutaches
soutage	m	soutages
soutane	f	soutanes
soutanelle	f	soutanelles
soute	f	soutes
soutenance	f	soutenances
soutenant	m	soutenants
souteneur	m	souteneurs
souterrain	m	souterrains
soutien	m	soutiens
soutien-gorge	m	soutiens-gorge
soutier	m	soutiers
soutirage	m	soutirages
soutra	m	soutras
soutènement	m	soutènements
souvenance	f	souvenances
souvenir	m	souvenirs
souverain	m	souverains
souveraine	f	souveraines
souveraineté	f	souverainetés
souï-manga	m	souï-mangas
soviet	m	soviets
soviétisation	f	soviétisations
soviétisme	m	soviétismes
soviétologie	f	soviétologies
sovkhoze	m	sovkhozes
sovnarkhoze	m	sovnarkhozes
soya	m	soyas
soyer	m	soyers
soyeux	m	soyeux
soyeuse	f	soyeuses
soûlaud	m	soûlauds
soûlaude	f	soûlaudes
soûlerie	f	soûleries
soûlographie	f	soûlographies
soûlot	m	soûlots
soûlote	f	soûlotes
spadassin	m	spadassins
spadice	m	spadices
spaghetti	m	spaghetti
spahi	m	spahis
spalax	m	spalax
spallation	f	spallations
spalter	m	spalters
spam	m	spams
sparadrap	m	sparadraps
spardeck	m	spardecks
sparganier	m	sparganiers
spart	m	sparts
spartakisme	m	spartakismes
sparte	m	spartes
sparterie	f	sparteries
spartéine	f	spartéines
spasme	m	spasmes
spasmolytique	m	spasmolytiques
spatangue	m	spatangues
spath	m	spaths
spathe	f	spathes
spatial	m	spatials
spatialisation	f	spatialisations
spatialité	f	spatialités
spatule	f	spatules
speaker	m	speakers
speakerine	f	speakerines
spectacle	m	spectacles
spectateur	m	spectateurs
spectatrice	f	spectatrices
spectre	m	spectres
spectrogramme	m	spectrogrammes
spectroscope	m	spectroscopes
spectroscopie	f	spectroscopies
speech	m	speechs
speiss	m	speiss
spencer	m	spencers
spergulaire	f	spergulaires
spergule	f	spergules
spermaceti	m	spermacetis
spermaphyte	m	spermaphytes
spermatide	m	spermatides
spermatie	f	spermaties
spermatisme	m	spermatismes
spermatocyte	m	spermatocytes
spermatogonie	f	spermatogonies
spermatophore	m	spermatophores
spermatophyte	m	spermatophytes
spermatozoïde	m	spermatozoïdes
sperme	m	spermes
spermicide	m	spermicides
spermoculture	f	spermocultures
spermogonie	f	spermogonies
spermogramme	m	spermogrammes
spermophile	m	spermophiles
sphacèle	m	sphacèles
sphaigne	f	sphaignes
sphex	m	sphex
sphincter	m	sphincters
sphinctéralgie	f	sphinctéralgies
sphinctérectomie	f	sphinctérectomies
sphinctérotomie	f	sphinctérotomies
sphinge	f	sphinges
sphingidé	m	sphingidés
sphinx	m	sphinx
sphygmogramme	m	sphygmogrammes
sphygmographe	m	sphygmographes
sphynx	m	sphynx
sphère	f	sphères
sphénisciforme	m	sphénisciformes
sphénodon	m	sphénodons
sphénoptère	m	sphénoptères
sphénoïdite	f	sphénoïdites
sphéricité	f	sphéricités
sphéromètre	m	sphéromètres
sphéroïde	m	sphéroïdes
sphéroïdisation	f	sphéroïdisations
spider	m	spiders
spin	m	spins
spina-bifida	m	spina-bifida
spina-ventosa	m	spina-ventosa
spinalien	m	spinaliens
spinelle	m	spinelles
spinescence	f	spinescences
spineur	m	spineurs
spinnaker	m	spinnakers
spinozisme	m	spinozismes
spinule	f	spinules
spiracle	m	spiracles
spiralage	m	spiralages
spirale	f	spirales
spiralisation	f	spiralisations
spiranne	m	spirannes
spirante	f	spirantes
spiratelle	f	spiratelles
spire	f	spires
spirifer	m	spirifers
spirille	m	spirilles
spirillose	f	spirilloses
spirit	m	spirits
spiritain	m	spiritains
spiritisme	m	spiritismes
spiritual	m	spirituals
spiritualisation	f	spiritualisations
spiritualisme	m	spiritualismes
spiritualité	f	spiritualités
spirituel	m	spirituels
spirituelle	f	spirituelles
spiritueux	m	spiritueux
spirlin	m	spirlins
spirochète	m	spirochètes
spirochétose	f	spirochétoses
spirographe	m	spirographes
spirographie	f	spirographies
spirogyre	f	spirogyres
spiromètre	m	spiromètres
spirométrie	f	spirométries
spirorbe	m	spirorbes
spirée	f	spirées
splanchnicectomie	f	splanchnicectomies
spleen	m	spleens
splendeur	f	splendeurs
splénite	f	splénites
splénius	m	splénius
splénomégalie	f	splénomégalies
spoliateur	m	spoliateurs
spoliatrice	f	spoliatrices
spoliation	f	spoliations
spondias	m	spondias
spondylarthrite	f	spondylarthrites
spondyle	m	spondyles
spondylite	f	spondylites
spondylose	f	spondyloses
spondée	m	spondées
spongiaire	m	spongiaires
spongiculture	f	spongicultures
spongieux	m	spongieux
spongieuse	f	spongieuses
spongille	f	spongilles
spongiose	f	spongioses
spongiosité	f	spongiosités
sponsoring	m	sponsorings
sponsorisation	f	sponsorisations
sponsorisé	m	sponsorisés
sponsorisée	f	sponsorisées
spontanisme	m	spontanismes
spontanéisme	m	spontanéismes
spontanéité	f	spontanéités
sporadicité	f	sporadicités
sporange	m	sporanges
spore	f	spores
sporocyste	m	sporocystes
sporogone	m	sporogones
sporophyte	m	sporophytes
sporotriche	m	sporotriches
sporotrichose	f	sporotrichoses
sporozoaire	m	sporozoaires
sport	m	sports
sportif	m	sportifs
sportive	f	sportives
sportivité	f	sportivités
sportsman	m	sportsmans
sportswoman	f	sportswomans
sportule	f	sportules
sporulation	f	sporulations
spot	m	spots
spoutnik	m	spoutniks
sprat	m	sprats
spray	m	sprays
sprint	m	sprints
sprinteuse	f	sprinteuse
sprinteur	m	sprinteurs
sprinteuse	f	sprinteuses
sprue	f	sprues
spume	f	spumes
spumosité	f	spumosités
spéciale	f	spéciales
spécialisation	f	spécialisations
spécialité	f	spécialités
spécification	f	spécifications
spécificité	f	spécificités
spécimen	m	spécimens
spéciosité	f	spéciosités
spéculaire	f	spéculaires
spéculateur	m	spéculateurs
spéculatrice	f	spéculatrices
spéculation	f	spéculations
spéculum	m	spéculums
spéléologie	f	spéléo
spéléotomie	f	spéléotomies
spéos	m	spéos
squale	m	squales
squalidé	m	squalidés
squaliforme	m	squaliformes
squaloïde	m	squaloïdes
squamate	m	squamates
squame	f	squames
squamosal	m	squamosals
squamule	f	squamules
square	m	squares
squash	m	squashs
squat	m	squats
squatina	m	squatinas
squatine	m	squatines
squattage	m	squattages
squatteur	m	squatters
squatteuse	f	squatteuses
squattérisation	f	squattérisations
squaw	f	squaws
squelette	m	squelettes
squille	f	squilles
squire	m	squires
squirre	m	squirres
squirrhe	m	squirrhes
sri-lankais	m	sri-lankais
sri-lankaise	f	sri-lankaises
ssh	m	ssh
stabilimètre	m	stabilimètres
stabilisant	m	stabilisants
stabilisateur	m	stabilisateurs
stabilisation	f	stabilisations
stabiliseur	m	stabiliseurs
stabilité	f	stabilités
stabulation	f	stabulations
staccato	m	staccatos
stade	m	stades
stadhouder	m	stadhouders
stadia	f	stadias
staff	m	staffs
staffeur	m	staffeurs
staffing	m	staffings
stage	m	stages
stagflation	f	stagflations
stagnation	f	stagnations
stakhanovisme	m	stakhanovismes
stakning	m	staknings
stalactite	f	stalactites
stalag	m	stalags
stalagmite	f	stalagmites
stalagmomètre	m	stalagmomètres
stalagmométrie	f	stalagmométries
stalinien	m	staliniens
stalinienne	f	staliniennes
stalinisation	f	stalinisations
stalinisme	m	stalinismes
stalle	f	stalles
staminode	m	staminodes
stance	f	stances
stand	m	stands
standard	m	standards
standardisation	f	standardisations
standing	m	standings
staphylinoïde	m	staphylinoïdes
staphylite	f	staphylites
staphylococcie	f	staphylococcies
staphylococcémie	f	staphylococcémies
staphylocoque	m	staphylocoques
staphylome	m	staphylomes
staphyloplastie	f	staphyloplasties
staphylorraphie	f	staphylorraphies
staphylotomie	f	staphylotomies
star	f	stars
starets	m	starets
starie	f	staries
stariets	m	stariets
starification	f	starifications
starisation	f	starisations
starlette	f	starlettes
staroste	m	starostes
starostie	f	starosties
starter	m	starters
starting-block	m	starting-blocks
starting-gate	m	starting-gates
stase	f	stases
stathouder	m	stathouders
stathoudérat	m	stathoudérats
statice	m	statices
statif	m	statifs
station	f	stations
station-service	f	stations-service
stationnaire	m	stationnaires
stationnarité	f	stationnarités
stationnement	m	stationnements
statique	f	statiques
statisticien	m	statisticiens
statisticienne	f	statisticiennes
statistique	f	statistiques
statocyste	m	statocystes
statokinésimètre	m	statokinésimètres
stator	m	stators
statoréacteur	m	statoréacteurs
statthalter	m	statthalters
statue	f	statues
statuette	f	statuettes
statufaction	f	statufactions
statufication	f	statufications
stature	f	statures
statut	m	statuts
statère	m	statères
staurotide	f	staurotides
stawug	m	stawugs
stayer	m	stayers
steak	m	steaks
steamer	m	steamers
steeple	m	steeples
steeple-chase	m	steeple-chases
steinbock	m	steinbocks
stellage	m	stellages
stellitage	m	stellitages
stem	m	stemms
stencil	m	stencils
stendhalien	m	stendhaliens
stendhalienne	f	stendhaliennes
stenosis	f	stenosis
stentor	m	stentors
step	m	steps
steppage	m	steppages
steppe	f	steppes
stepper	m	steppers
steppeur	m	steppeurs
stercoraire	m	stercoraires
sterculiacée	f	sterculiacées
sterlet	m	sterlets
sterling	m	sterling
sterne	f	sternes
sternodynie	f	sternodynies
sternopagie	f	sternopagies
sternum	m	sternums
sternutation	f	sternutations
stertor	m	stertors
steward	m	stewards
stewart	m	stewarts
sthène	m	sthènes
stibine	f	stibines
stichomythie	f	stichomythies
stick	m	sticks
stigmate	m	stigmates
stigmatisation	f	stigmatisations
stigmatisme	m	stigmatismes
stigmatisé	m	stigmatisés
stigmatisée	f	stigmatisées
stigmergie	f	stigmergies
stigmomètre	m	stigmomètres
stilbite	f	stilbites
stilbène	m	stilbènes
stillation	f	stillations
stilligoutte	m	stilligouttes
stilton	m	stiltons
stimugène	m	stimugènes
stimulant	m	stimulants
stimulateur	m	stimulateurs
stimulation	f	stimulations
stimuline	f	stimulines
stimulus	m	stimuli
stipe	m	stipes
stipendié	m	stipendiés
stipendiée	f	stipendiées
stiple	m	stiples
stipulant	m	stipulants
stipulation	f	stipulations
stipule	f	stipules
stochastique	f	stochastiques
stock	m	stocks
stock-car	m	stock-cars
stockage	m	stockages
stockfisch	m	stockfischs
stoechiométrie	f	stoechiométries
stoker	m	stokers
stolon	m	stolons
stolonifère	m	stolonifères
stomate	m	stomates
stomatite	f	stomatites
stomatologie	f	stomatologies
stomatoplastie	f	stomatoplasties
stomatorragie	f	stomatorragies
stomatoscope	m	stomatoscopes
stomocorde	f	stomocordes
stomoxe	m	stomoxes
stop	m	stops
stoppage	m	stoppages
stoppeur	m	stoppeurs
stoppeuse	f	stoppeuses
storax	m	storax
store	m	stores
stout	m	stouts
stoïcien	m	stoïciens
stoïcienne	f	stoïciennes
stoïcisme	m	stoïcismes
strabisme	m	strabismes
strabomètre	m	strabomètres
stradiot	m	stradiots
stradivarius	m	stradivarius
stradographe	m	stradographes
stramoine	f	stramoines
stramonium	m	stramoniums
strangulation	f	strangulations
strapontin	m	strapontins
stras	m	stras
strasbourgeois	m	strasbourgeois
strasbourgeoise	f	strasbourgeoises
strass	m	strass
strasse	f	strasses
stratagème	m	stratagèmes
strate	f	strates
stratification	f	stratifications
stratifié	m	stratifiés
stratigraphie	f	stratigraphies
stratiome	m	stratiomes
stratiomys	m	stratiomys
stratopause	f	stratopauses
stratosphère	f	stratosphères
stratovision	f	stratovisions
stratum	m	stratums
stratus	m	stratus
stratégie	f	stratégies
strauss-kahnien	m	strauss-kahniens
strauss-kahnienne	f	strauss-kahniennes
stream	m	streams
strelitzia	m	strelitzias
streptobacille	m	streptobacilles
streptococcie	f	streptococcies
streptocoque	m	streptocoques
streptomycine	f	streptomycines
streptomycète	m	streptomycètes
stress	m	stress
stretch	m	stretchs
strette	f	strettes
striage	m	striages
striation	f	striations
stricage	m	stricages
striction	f	strictions
stridement	m	stridements
stridence	f	stridences
stridor	m	stridors
stridulation	f	stridulations
stridulement	m	stridulements
strie	f	stries
strige	f	striges
strigile	m	strigiles
string	m	strings
strioscopie	f	strioscopies
strip	m	strips
strip-tease	m	strip-teases
strip-teaseuse	f	strip-teaseuses
stripage	m	stripages
strippage	m	strippages
stripper	m	strippers
stripping	m	strippings
striure	f	striures
strix	m	strix
strobile	m	strobiles
strobophotographie	f	strobophotographies
stroborama	m	stroboramas
stroboscope	m	stroboscopes
stroboscopie	f	stroboscopies
stroma	m	stromas
strombe	m	strombes
strongle	m	strongles
strongyle	m	strongyles
strongylose	f	strongyloses
strontiane	f	strontianes
strontium	m	strontiums
strophante	m	strophantes
strophantine	f	strophantines
strophantus	m	strophantus
strophe	f	strophes
stropiat	m	stropiats
structuralisme	m	structuralismes
structuration	f	structurations
structure	f	structures
structurologie	f	structurologies
strume	f	strumes
struthionidé	m	struthionidés
struthioniforme	m	struthioniformes
strychnine	f	strychnines
strychnos	m	strychnos
strychnée	f	strychnées
stryge	f	stryges
stuc	m	stucs
stucage	m	stucages
stucateur	m	stucateurs
studette	f	studettes
studio	m	studios
stuka	m	stukas
stup	m	stups
stupeur	f	stupeurs
stupidité	f	stupidités
stupre	m	stupres
stupéfaction	f	stupéfactions
stupéfiant	m	stupéfiants
style	m	styles
stylet	m	stylets
stylisation	f	stylisations
stylisme	m	stylismes
stylisticien	m	stylisticiens
stylisticienne	f	stylisticiennes
stylistique	f	stylistiques
stylite	m	stylites
stylo	m	stylos
stylobate	m	stylobates
stylographe	m	stylographes
stylomine	m	stylomines
stylopode	m	stylopodes
styptique	m	styptiques
styrax	m	styrax
styrolène	m	styrolènes
styrène	m	styrènes
stèle	f	stèles
stère	m	stères
stéarate	m	stéarates
stéarine	f	stéarines
stéarinerie	f	stéarineries
stéarinier	m	stéariniers
stéatite	f	stéatites
stéatopygie	f	stéatopygies
stéatose	f	stéatoses
stéganopode	m	stéganopodes
stégobie	f	stégobies
stégocéphale	m	stégocéphales
stégodonte	m	stégodontes
stégomyie	f	stégomyies
stégosaure	m	stégosaures
sténodactylographie	f	sténodactylographies
sténogramme	m	sténogrammes
sténographie	f	sténographies
sténohalinité	f	sténohalinités
sténopé	m	sténopés
sténosage	m	sténosages
sténose	f	sténoses
sténostome	m	sténostomes
sténothermie	f	sténothermies
sténotype	f	sténotypes
sténotypie	f	sténotypies
stéphanois	m	stéphanois
stéphanoise	f	stéphanoises
stéradian	m	stéradians
stérage	m	stérages
stéride	m	stérides
stérilet	m	stérilets
stérilisateur	m	stérilisateurs
stérilisation	f	stérilisations
stérilité	f	stérilités
stérol	m	stérols
stéroïde	m	stéroïdes
stéréo	f	stéréos
stéréobate	m	stéréobates
stéréochimie	f	stéréochimies
stéréochromie	f	stéréochromies
stéréocomparateur	m	stéréocomparateurs
stéréoduc	m	stéréoducs
stéréognosie	f	stéréognosies
stéréogramme	m	stéréogrammes
stéréographie	f	stéréographies
stéréométrie	f	stéréométries
stéréophonie	f	stéréophonies
stéréoscope	m	stéréoscopes
stéréoscopie	f	stéréoscopies
stéréotomie	f	stéréotomies
stéréotypage	m	stéréotypages
stéréotype	m	stéréotypes
stéréotypie	f	stéréotypies
stéréovision	f	stéréovisions
stéthoscope	m	stéthoscopes
su	m	sus
suage	m	suages
suaire	m	suaires
suavité	f	suavités
subconscience	f	subconsciences
subconscient	m	subconscients
subdivision	f	subdivisions
subduction	f	subductions
subdélégation	f	subdélégations
subdélégué	m	subdélégués
suber	m	subers
subjectif	m	subjectifs
subjectile	m	subjectiles
subjectivation	f	subjectivations
subjectivisation	f	subjectivisations
subjectivisme	m	subjectivismes
subjectivité	f	subjectivités
subjonctif	m	subjonctifs
subjugation	f	subjugations
sublimation	f	sublimations
sublime	m	sublimes
sublimité	f	sublimités
sublimé	m	sublimés
subluxation	f	subluxations
submergement	m	submergements
submersible	m	submersibles
submersion	f	submersions
subminiaturisation	f	subminiaturisations
subnarcose	f	subnarcoses
subordination	f	subordinations
subordonnant	m	subordonnants
subordonné	m	subordonnés
subordonnée	f	subordonnées
subornation	f	subornations
subornement	m	subornements
suborneur	m	suborneurs
suborneuse	f	suborneuses
subreption	f	subreptions
subrogation	f	subrogations
subrogeant	m	subrogeants
subrécargue	m	subrécargues
subside	m	subsides
subsidence	f	subsidences
subsidiarité	f	subsidiarités
subsistance	f	subsistances
subsistant	m	subsistants
subsistante	f	subsistantes
subsomption	f	subsomptions
substance	f	substances
substantation	f	substantations
substantialisation	f	substantialisations
substantialisme	m	substantialismes
substantialité	f	substantialités
substantif	m	substantifs
substantification	f	substantifications
substantivation	f	substantivations
substituant	m	substituants
substitut	m	substituts
substitution	f	substitutions
substitutivité	f	substitutivités
substitué	m	substitués
substrat	m	substrats
substratum	m	substratums
substruction	f	substructions
substructure	f	substructures
subterfuge	m	subterfuges
subtilisation	f	subtilisations
subtilité	f	subtilités
subvention	f	subventions
subventionnement	m	subventionnements
subventionné	m	subventionnés
subventionnée	f	subventionnées
subversion	f	subversions
subvertissement	m	subvertissements
subérification	f	subérifications
subérine	f	subérines
subérisation	f	subérisations
suc	m	sucs
success-story	m	success-stories
successeur	m	successeurs
successibilité	f	successibilités
succession	f	successions
succin	m	succins
succion	f	succions
succube	m	succubes
succulence	f	succulences
succursale	f	succursales
succès	m	succès
succédané	m	succédanés
succédanée	m	succédanées
sucement	m	sucements
sucette	f	sucettes
suceur	m	suceurs
suceuse	f	suceuses
suceuse	f	suceuses
sucrage	m	sucrages
sucrase	f	sucrases
sucrate	m	sucrates
sucre	m	sucres
sucrerie	f	sucreries
sucrier	m	sucriers
sucrière	f	sucrières
sucrin	m	sucrins
sucé	m	sucés
sucée	f	sucées
sud	m	suds
sud-est	m	sud-ests
sud-ouest	m	sud-ouests
sudarabique	m	sudarabiques
sudation	f	sudations
sudorification	f	sudorifications
suet	m	suets
suette	f	suettes
sueur	f	sueurs
suffisance	f	suffisances
suffisant	m	suffisants
suffixage	m	suffixages
suffixation	f	suffixations
suffixe	m	suffixes
suffocation	f	suffocations
suffoquement	m	suffoquements
suffragant	m	suffragants
suffrage	m	suffrages
suffragette	f	suffragettes
suffusion	f	suffusions
suffète	m	suffètes
sufi	m	sufis
suggestibilité	f	suggestibilités
suggestion	f	suggestions
suicidant	m	suicidants
suicide	m	suicides
suicidé	m	suicidés
suicidée	f	suicidées
suidé	m	suidés
suie	f	suies
suif	m	suifs
suint	m	suints
suintage	m	suintages
suintement	m	suintements
suintine	f	suintines
suisse	m	suisses
suissesse	f	suissesses
suissesse	f	suissesses
suite	f	suites
suivage	m	suivages
suivance	f	suivances
suivant	m	suivants
suivante	f	suivantes
suiveur	m	suiveurs
suiveuse	f	suiveuses
suivez-moi-jeune-homme	m	suivez-moi-jeune-homme
suivi	m	suivis
suivisme	m	suivismes
sujet	m	sujets
sujétion	f	sujétions
sulcature	f	sulcatures
sulfacide	m	sulfacides
sulfamide	m	sulfamides
sulfatage	m	sulfatages
sulfatation	f	sulfatations
sulfate	m	sulfates
sulfateur	m	sulfateurs
sulfateuse	f	sulfateuses
sulfateuse	f	sulfateuses
sulfhémoglobine	f	sulfhémoglobines
sulfinisation	f	sulfinisations
sulfitage	m	sulfitages
sulfitation	f	sulfitations
sulfite	m	sulfites
sulfocarbonate	m	sulfocarbonates
sulfonation	f	sulfonations
sulfosel	m	sulfosels
sulfurage	m	sulfurages
sulfuration	f	sulfurations
sulfure	m	sulfures
sulfurisation	f	sulfurisations
sulky	m	sulkys
sulpicien	m	sulpiciens
sultanat	m	sultanats
sultane	f	sultanes
sulvinite	f	sulvinites
sumac	m	sumacs
summum	m	summum
sumo	m	sumo
sumotori	m	sumotoris
sumérien	m	sumériens
sumérienne	f	sumériennes
sunlight	m	sunlights
sunna	f	sunnas
sunnisme	m	sunnismes
super	m	super
super-grand	m	super-grands
superbe	f	superbes
superbombe	f	superbombes
superbénéfice	m	superbénéfices
supercalculateur	m	supercalculateurs
supercarburant	m	supercarburants
supercarré	m	supercarrés
superchampion	m	superchampions
supercherie	f	supercheries
superciment	m	superciments
superdividende	m	superdividendes
superficialité	f	superficialités
superficie	f	superficies
superfinition	f	superfinitions
superfluide	m	superfluides
superfluidité	f	superfluidités
superfluité	f	superfluités
superforteresse	f	superforteresses
superfécondation	f	superfécondations
superfétation	f	superfétations
superlatif	m	superlatifs
supermalloy	m	supermalloys
superman	m	supermen
supermarché	m	supermarchés
supernova	f	supernovae
superordre	m	superordres
superphosphate	m	superphosphates
superplasticité	f	superplasticités
superposition	f	superpositions
superproduction	f	superproductions
superprofit	m	superprofits
superpréfet	m	superpréfets
superpuissance	f	superpuissances
superréaction	f	superréactions
superstar	f	superstars
superstitieux	m	superstitieux
superstitieuse	f	superstitieuses
superstition	f	superstitions
superstrat	m	superstrats
superstructure	f	superstructures
supertanker	m	supertankers
supervisation	f	supervisations
supervisement	m	supervisements
superviseur	m	superviseurs
superviseuse	f	superviseuses
supervision	f	supervisions
superwelter	m	superwelters
supin	m	supins
supinateur	m	supinateurs
supination	f	supinations
supplantation	f	supplantations
suppliant	m	suppliants
supplication	f	supplications
supplice	m	supplices
suppliciation	f	suppliciations
supplicié	m	suppliciés
suppliciée	f	suppliciées
supplique	f	suppliques
suppléance	f	suppléances
suppléant	m	suppléants
suppléante	f	suppléantes
supplément	m	suppléments
supplétif	m	supplétifs
supplétive	f	supplétives
support	m	supports
supportage	m	supportages
supportrice	f	supportrices
supposition	f	suppositions
suppositoire	m	suppositoires
suppression	f	suppressions
suppuratif	m	suppuratifs
suppuration	f	suppurations
supputation	f	supputations
suppôt	m	suppôts
supraconduction	f	supraconductions
supraconductivité	f	supraconductivités
supranationalité	f	supranationalités
suprématie	f	suprématies
suprême	m	suprêmes
supérette	f	supérettes
supérieur	m	supérieurs
supérieure	f	supérieures
supériorisation	f	supériorisations
supériorité	f	supériorités
surabondance	f	surabondances
suraccumulation	f	suraccumulations
suractivation	f	suractivations
suractivité	f	suractivités
suradministration	f	suradministrations
surah	m	surahs
surajout	m	surajouts
suralcoolisation	f	suralcoolisations
suralimentation	f	suralimentations
surarbitre	m	surarbitres
surarmement	m	surarmements
surate	f	surates
surbaissement	m	surbaissements
surboum	f	surboums
surbrodage	m	surbrodages
surcapacité	f	surcapacités
surcapitalisation	f	surcapitalisations
surcharge	f	surcharges
surchargement	m	surchargements
surchauffage	m	surchauffages
surchauffe	f	surchauffes
surchauffement	m	surchauffements
surchauffeur	m	surchauffeurs
surchoix	m	surchoix
surclassage	m	surclassages
surclassement	m	surclassements
surcollage	m	surcollages
surcompensation	f	surcompensations
surcomposition	f	surcompositions
surcompression	f	surcompressions
surconsommation	f	surconsommations
surcontre	m	surcontres
surcotation	f	surcotations
surcoupe	f	surcoupes
surcoût	m	surcoûts
surcreusement	m	surcreusements
surcroissance	f	surcroissances
surcroît	m	surcroîts
surcuisson	f	surcuissons
surcuit	m	surcuits
surdent	f	surdents
surdi-mutité	f	surdi-mutités
surdimensionnement	m	surdimensionnements
surdité	f	surdités
surdorure	f	surdorures
surdos	m	surdos
surdosage	m	surdosages
surdose	f	surdoses
surdoué	m	surdoués
surdouée	f	surdouées
surdétermination	f	surdéterminations
sureau	m	sureaux
sureffectif	m	sureffectifs
suremploi	m	suremplois
surenchère	f	surenchères
surenchérissement	m	surenchérissements
surenchérisseur	m	surenchérisseurs
surenchérisseuse	f	surenchérisseuses
surencombrement	m	surencombrements
surentraînement	m	surentraînements
surestimation	f	surestimations
surexcitation	f	surexcitations
surexhaussement	m	surexhaussements
surexploitation	f	surexploitations
surexposition	f	surexpositions
surf	m	surfs
surface	f	surfaces
surfacturation	f	surfacturations
surfaix	m	surfaix
surfaçage	m	surfaçages
surfeur	m	surfeurs
surfeuse	f	surfeuses
surfil	m	surfils
surfilage	m	surfilages
surfing	m	surfings
surfonctionnement	m	surfonctionnements
surfrappage	m	surfrappages
surfusion	f	surfusions
surgelé	m	surgelés
surgeon	m	surgeons
surgissement	m	surgissements
surgreffage	m	surgreffages
surgélateur	m	surgélateurs
surgélation	f	surgélations
surgénérateur	m	surgénérateurs
surhaussement	m	surhaussements
surhomme	m	surhommes
surhumanité	f	surhumanités
suricate	m	suricates
surikate	m	surikates
surimposition	f	surimpositions
surimpression	f	surimpressions
surin	m	surins
surinage	m	surinages
surinamien	m	surinamiens
surinamienne	f	surinamiennes
surinfection	f	surinfections
surintendance	f	surintendances
surintendant	m	surintendants
surintendante	f	surintendantes
surintensité	f	surintensités
surinvestissement	m	surinvestissements
surjection	f	surjections
surjet	m	surjets
surjetage	m	surjetages
surlendemain	m	surlendemains
surlignage	m	surlignages
surlignement	m	surlignements
surliure	f	surliures
surlonge	f	surlonges
surloyer	m	surloyers
surmenage	m	surmenages
surmodulation	f	surmodulations
surmoi	m	surmoi
surmontement	m	surmontements
surmontoir	m	surmontoirs
surmortalité	f	surmortalités
surmoulage	m	surmoulages
surmoulé	m	surmoulés
surmulet	m	surmulets
surmulot	m	surmulots
surmultiplication	f	surmultiplications
surmédicalisation	f	surmédicalisations
surnagement	m	surnagements
surnatalité	f	surnatalités
surnaturalisation	f	surnaturalisations
surnaturalisme	m	surnaturalismes
surnaturel	m	surnaturels
surnom	m	surnoms
surnombre	m	surnombres
surnommage	m	surnommages
suroffre	f	suroffres
suros	m	suros
suroxydation	f	suroxydations
suroît	m	suroîts
surpaiement	m	surpaiements
surpassement	m	surpassements
surpattage	m	surpattages
surpaye	f	surpayes
surpeuplement	m	surpeuplements
surpiquage	m	surpiquages
surpiqûre	f	surpiqûres
surplace	m	surplaces
surplis	m	surplis
surplomb	m	surplombs
surplombement	m	surplombements
surplus	m	surplus
surpopulation	f	surpopulations
surpression	f	surpressions
surprime	f	surprimes
surprise	f	surprises
surprise-partie	f	surprises-parties
surproduction	f	surproductions
surprotection	f	surprotections
surpâturage	m	surpâturages
surrection	f	surrections
surremise	f	surremises
surreprésentation	f	surreprésentations
surréalisme	m	surréalismes
surrégénérateur	m	surrégénérateurs
sursalaire	m	sursalaires
sursaturation	f	sursaturations
sursaut	m	sursauts
sursautement	m	sursautements
sursautée	f	sursautées
sursemis	m	sursemis
sursimulation	f	sursimulations
sursis	m	sursis
surséance	f	surséances
surtaille	f	surtailles
surtaux	m	surtaux
surtaxation	f	surtaxations
surtaxe	f	surtaxes
surtension	f	surtensions
surtitrage	m	surtitrages
surtitre	m	surtitres
surtonte	f	surtontes
surtout	m	surtouts
surtravail	m	surtravails
survalorisation	f	survalorisations
surveillance	f	surveillances
surveillant	m	surveillants
surveillante	f	surveillantes
survenance	f	survenances
survente	f	surventes
survenue	f	survenues
survie	f	survies
survirage	m	survirages
survireur	m	survireurs
survireuse	f	survireuses
survivance	f	survivances
survivant	m	survivants
survivante	f	survivantes
survol	m	survols
survoltage	m	survoltages
survolteur	m	survolteurs
survolteur-dévolteur	m	survolteurs-dévolteurs
survêtement	m	survêtements
surélèvement	m	surélèvements
surélévation	f	surélévations
suréquipement	m	suréquipements
surérogation	f	surérogations
surévaluation	f	surévaluations
sus-dominante	f	sus-dominantes
susceptibilité	f	susceptibilités
suscitation	f	suscitations
suscitement	m	suscitements
suscription	f	suscriptions
susdit	m	susdits
susdite	f	susdites
sushi	m	sushis
suspect	m	suspects
suspecte	f	suspectes
suspens	m	suspens
suspenseur	m	suspenseurs
suspension	f	suspensions
suspensoir	m	suspensoirs
suspente	f	suspentes
suspicion	f	suspicions
susseyement	m	susseyements
sustentation	f	sustentations
susurration	f	susurrations
susurrement	m	susurrements
sutra	m	sutra
suturation	f	suturations
suture	f	sutures
suzerain	m	suzerains
suzeraine	f	suzeraines
suzeraineté	f	suzerainetés
suçade	f	suçades
suçage	m	suçages
suçoir	m	suçoirs
suçon	m	suçons
suçotage	m	suçotages
suçotement	m	suçotements
suède	m	suèdes
suédine	f	suédines
suédois	m	suédois
suédoise	f	suédoises
suédé	m	suédés
suée	f	suées
svastika	m	svastikas
svcd	m	svcd
sveltesse	f	sveltesses
swahili	m	swahilis
swap	m	swaps
swastika	m	swastikas
sweat-shirt	m	sweat-shirts
sweater	m	sweaters
sweatshop	m	sweatshops
sweepstake	m	sweepstakes
swing	m	swings
sybaritisme	m	sybaritismes
sycomore	m	sycomores
sycosis	m	sycosis
syllabation	f	syllabations
syllabe	f	syllabes
syllabification	f	syllabifications
syllabisation	f	syllabisations
syllabisme	m	syllabismes
syllabus	m	syllabus
syllepse	f	syllepses
syllogisme	m	syllogismes
syllogistique	f	syllogistiques
sylphe	m	sylphes
sylphide	f	sylphides
sylvain	m	sylvains
sylve	f	sylves
sylviculteur	m	sylviculteurs
sylviculture	f	sylvicultures
sylvinite	f	sylvinites
symbiose	f	symbioses
symbiote	m	symbiotes
symbole	m	symboles
symbolisation	f	symbolisations
symbolisme	m	symbolismes
sympathie	f	sympathies
sympathisant	m	sympathisants
sympathisante	f	sympathisantes
sympatholytique	m	sympatholytiques
symphonie	f	symphonies
symphorine	f	symphorines
symphyse	f	symphyses
symposion	m	symposions
symposium	m	symposiums
symptomatologie	f	symptomatologies
symptôme	m	symptômes
symétrie	f	symétries
symétrique	m	symétriques
symétrisation	f	symétrisations
synagogue	f	synagogues
synalèphe	f	synalèphes
synanthérée	f	synanthérées
synapse	f	synapses
synaptase	f	synaptases
synarchie	f	synarchies
synarthrose	f	synarthroses
synchondrose	f	synchondroses
synchrocyclotron	m	synchrocyclotrons
synchronie	f	synchronies
synchronisation	f	synchronisations
synchroniseur	m	synchroniseurs
synchroniseuse	f	synchroniseuses
synchronisme	m	synchronismes
synchrotron	m	synchrotrons
syncinésie	f	syncinésies
synclinal	m	synclinaux
syncopage	m	syncopages
syncope	f	syncopes
syncristallisation	f	syncristallisations
syncrèse	f	syncrèses
syncrétisation	f	syncrétisations
syncrétisme	m	syncrétismes
syndic	m	syndics
syndicalisation	f	syndicalisations
syndicalisme	m	syndicalismes
syndicat	m	syndicats
syndiqué	m	syndiqués
syndiquée	f	syndiquées
syndrome	m	syndromes
synecdoque	f	synecdoques
synectique	f	synectiques
synergide	f	synergides
synergie	f	synergies
synesthésie	f	synesthésies
syngnathe	m	syngnathes
syngnathidé	m	syngnathidés
synode	m	synodes
synodique	m	synodiques
synoecisme	m	synoecismes
synonyme	m	synonymes
synonymie	f	synonymies
synopse	f	synopses
synopsie	f	synopsies
synopsis	m	synopsis
synostose	f	synostoses
synovectomie	f	synovectomies
synovie	f	synovies
syntacticien	m	syntacticiens
syntacticienne	f	syntacticiennes
syntactique	f	syntactiques
syntagme	m	syntagmes
syntaxe	f	syntaxes
synthèse	f	synthèses
synthétisation	f	synthétisations
synthétiseur	m	synthétiseurs
synthétisme	m	synthétismes
syntonie	f	syntonies
syntonisation	f	syntonisations
syntype	m	syntypes
synéchie	f	synéchies
synérèse	f	synérèses
syphilide	f	syphilides
syphiligraphie	f	syphiligraphies
syphilis	f	syphilis
syphilisation	f	syphilisations
syphilographie	f	syphilographies
syriaque	m	syriaques
syrien	m	syriens
syrienne	f	syriennes
syringe	f	syringes
syringomyélie	f	syringomyélies
syrinx	f	syrinx
syrphe	m	syrphes
system	m	systems
systole	f	systoles
systyle	m	systyles
système	m	systèmes
système-expert	m	
systématique	f	systématiques
systématisation	f	systématisations
systémique	f	systémiques
syzygie	f	syzygies
syénite	f	syénites
sèche	f	sèches
sèche-cheveux	m	sèche-cheveux
sème	m	sèmes
sève	f	sèves
sèvres	m	sèvres
séance	f	séances
séant	m	séants
sébaste	m	sébastes
sébile	f	sébiles
séborrhée	f	séborrhées
sébum	m	sébums
sécante	f	sécantes
sécateur	m	sécateurs
sécession	f	sécessions
sécessionnisme	m	sécessionnismes
séchage	m	séchages
sécheresse	f	sécheresses
sécherie	f	sécheries
sécheur	m	sécheurs
sécheuse	f	sécheuses
séchoir	m	séchoirs
sécrétage	m	sécrétages
sécrétine	f	sécrétines
sécrétion	f	sécrétions
sécularisation	f	sécularisations
sécularité	f	sécularités
séculier	m	séculiers
séculière	f	séculières
sécurisation	f	sécurisations
sécurité	f	sécurités
sécu	f	sécu
sédatif	m	sédatifs
sédentarisation	f	sédentarisations
sédentarité	f	sédentarités
sédiment	m	sédiments
sédimentation	f	sédimentations
séditieux	m	séditieux
séditieuse	f	séditieuses
sédition	f	séditions
séducteur	m	séducteurs
séductrice	f	séductrices
séduction	f	séductions
ségala	m	ségalas
ségrairie	f	ségrairies
ségrais	m	ségrais
ségrégation	f	ségrégations
ségrégationnisme	m	ségrégationnismes
séguedille	f	séguedilles
séide	m	séides
séisme	m	séismes
séismicité	f	séismicités
séismographe	m	séismographes
séismologie	f	séismologies
séjour	m	séjours
sélacien	m	sélaciens
sélaginelle	f	sélaginelles
sélecteur	m	sélecteurs
sélection	f	sélections
sélectionneur	m	sélectionneurs
sélectionneuse	f	sélectionneuses
sélectionné	m	sélectionnés
sélectionnée	f	sélectionnées
sélectivité	f	sélectivités
séléniate	m	séléniates
sélénium	m	séléniums
séléniure	m	séléniures
sélénographie	f	sélénographies
sémanticien	m	sémanticiens
sémantique	f	sémantiques
sémantème	m	sémantèmes
sémaphore	m	sémaphores
sémasiologie	f	sémasiologies
sémillon	m	sémillons
séminaire	m	séminaires
séminariste	m	séminaristes
sémiologie	f	sémio
sémioticien	m	sémioticiens
sémiotique	f	sémiotiques
séméiologie	f	séméiologies
sénat	m	sénats
sénateur	m	sénateurs
sénatrice	f	sénatrices
sénescence	f	sénescences
sénescent	m	sénescents
sénestre	f	sénestres
sénevé	m	sénevés
sénilité	f	sénilités
séné	m	sénés
sénéchal	m	sénéchaux
sénéchaussée	f	sénéchaussées
sénégalais	m	sénégalais
sénégalaise	f	sénégalaises
sépale	m	sépales
séparateur	m	séparateurs
séparatrice	f	séparatrices
séparation	f	séparations
séparatisme	m	séparatismes
sépia	f	sépias
sépulcre	m	sépulcres
sépulture	f	sépultures
séquelle	f	séquelles
séquence	f	séquences
séquencement	m	séquencements
séquenceur	m	séquenceurs
séquenciation	f	séquenciations
séquençage	m	séquençages
séquestrage	m	séquestrages
séquestrant	m	séquestrants
séquestration	f	séquestrations
séquestre	m	séquestres
séquoia	m	séquoias
sérac	m	séracs
sérail	m	sérails
sérançage	m	sérançages
séraphin	m	séraphins
sériage	m	sériages
sérialisation	f	sérialisations
sérialité	f	sérialités
sériation	f	sériations
sériciculteur	m	sériciculteurs
sériciculture	f	séricicultures
séricigraphie	f	séricigraphies
série	f	séries
sérieur	f	sérieurs
sérieux	m	sérieux
sérieuse	f	sérieuses
sérigraphie	f	sérigraphies
sérine	f	sérines
sérodiagnostic	m	sérodiagnostics
sérologie	f	sérologies
séropositif	m	séropositifs
séropositive	f	séropositives
séropositivité	f	séropositivités
sérosité	f	sérosités
sérothérapie	f	sérothérapies
sérotonine	f	sérotonines
sérovaccination	f	sérovaccinations
sérum	m	sérums
sérénade	f	sérénades
sérénité	f	sérénités
sésame	m	sésames
sésamoïde	m	sésamoïdes
séton	m	sétons
sévice	m	sévices
sévérité	f	sévérités
sûreté	f	sûretés
t-shirt	m	t-shirts
tabac	m	tabacs
tabacomanie	f	tabacomanies
tabaculteur	m	tabaculteurs
tabagie	f	tabagies
tabagisme	m	tabagismes
tabar	m	tabars
tabard	m	tabards
tabassage	m	tabassages
tabassée	f	tabassées
tabatière	f	tabatières
tabelle	f	tabelles
tabellion	m	tabellions
tabernacle	m	tabernacles
tabla	m	tablas
tablage	m	tablages
tablar	m	tablars
tablature	f	tablatures
table	f	tables
tableau	m	tableaux
tableautage	m	tableautages
tableautin	m	tableautins
tabletier	m	tabletiers
tabletière	f	tabletières
tablette	f	tablettes
tabletterie	f	tabletteries
tableur	m	tableurs
tablier	m	tabliers
tabloïd	m	tabloïds
tablée	f	tablées
tabor	m	tabors
tabou	m	tabous
tabouisation	f	tabouisations
taboulé	m	taboulés
tabouret	m	tabourets
tabulateur	m	tabulateurs
tabulation	f	tabulations
tabulatrice	f	tabulatrices
tabulé	m	tabulés
tabès	m	tabès
tac	m	tacs
tacaud	m	tacauds
tacca	m	taccas
tacet	m	tacets
tachage	m	tachages
tache	f	taches
tachetage	m	tachetages
tacheture	f	tachetures
tachina	m	tachinas
tachine	m	tachines
tachisme	m	tachismes
tachistoscope	m	tachistoscopes
tachyarythmie	f	tachyarythmies
tachycardie	f	tachycardies
tachygenèse	f	tachygenèses
tachygraphe	m	tachygraphes
tachymètre	m	tachymètres
tachyon	m	tachyons
tachyphagie	f	tachyphagies
tachyphylaxie	f	tachyphylaxies
tachyphémie	f	tachyphémies
tachypsychie	f	tachypsychies
tachéographe	m	tachéographes
tachéomètre	m	tachéomètres
tachéométrie	f	tachéométries
taciturnité	f	taciturnités
tacle	m	tacles
tacon	m	tacons
tacot	m	tacots
tact	m	tacts
tacticien	m	tacticiens
tactique	f	tactiques
tactisme	m	tactismes
tadjik	m	tadjiks
tadjike	f	tadjikes
tadorne	m	tadornes
taenia	m	taenias
taffetas	m	taffetas
tafia	m	tafias
tagal	m	tagals
tagette	m	tagettes
taggeur	m	taggeurs
tagliatelle	f	tagliatelles
tagète	m	tagètes
tahitien	m	tahitiens
taie	f	taies
tailladage	m	tailladages
taillade	f	taillades
taillage	m	taillages
taillanderie	f	taillanderies
taillandier	m	taillandiers
taillant	m	taillants
taille	f	tailles
taille-crayon	m	taille-crayon
taille-crayons	m	taille-crayons
taille-douce	f	tailles-douces
taillerie	f	tailleries
tailleur	m	tailleurs
tailleuse	f	tailleuses
taillis	m	taillis
tailloir	m	tailloirs
taillole	f	tailloles
tain	m	tains
taiseux	m	taiseux
tajine	m	tajines
talc	m	talcs
talcage	m	talcages
taled	m	taleds
talent	m	talents
taleth	m	taleths
taliban	m	taliban
talion	m	talions
talisman	m	talismans
talitre	m	talitres
talkie	m	talkies
talkie-walkie	m	talkies-walkies
tallage	m	tallages
tallement	m	tallements
talleth	m	talleths
tallipot	m	tallipots
tallith	m	talliths
talmouse	f	talmouses
talmud	m	talmuds
talochage	m	talochages
taloche	f	taloches
talon	m	talons
talonnage	m	talonnages
talonnement	m	talonnements
talonnette	f	talonnettes
talonneur	m	talonneurs
talonnier	m	talonniers
talonnière	f	talonnières
talonnière	f	talonnières
talonné	m	talonnés
talpack	m	talpacks
talquage	m	talquages
talure	f	talures
talus	m	talus
talutage	m	talutages
talweg	m	talwegs
tam	m	tams
tam-tam	m	tam-tams
tamandua	m	tamanduas
tamanoir	m	tamanoirs
tamarinier	m	tamariniers
tamaris	m	tamaris
tamarix	m	tamarix
tambouille	f	tambouilles
tambour	m	tambours
tambour-major	m	tambours-majors
tambourin	m	tambourins
tambourinade	f	tambourinades
tambourinage	m	tambourinages
tambourinement	m	tambourinements
tambourineur	m	tambourineurs
tamia	m	tamias
tamier	m	tamiers
tamil	m	tamils
tamis	m	tamis
tamisage	m	tamisages
tamisation	f	tamisations
tamiserie	f	tamiseries
tamiseur	m	tamiseurs
tamiseuse	f	tamiseuses
tamiseuse	f	tamiseuses
tamisier	m	tamisiers
tamoul	m	tamouls
tamoule	f	tamoules
tampico	m	tampicos
tampon	m	tampons
tamponnade	f	tamponnades
tamponnage	m	tamponnages
tamponnement	m	tamponnements
tamponnoir	m	tamponnoirs
tan	m	tans
tan-sad	m	tan-sads
tanaisie	f	tanaisies
tanche	f	tanches
tandem	m	tandems
tangage	m	tangages
tangara	m	tangaras
tangence	f	tangences
tangente	f	tangentes
tangibilité	f	tangibilités
tangible	m	tangibles
tango	m	tangos
tangon	m	tangons
tanguage	m	tanguages
tangue	f	tangues
tanguière	f	tanguières
tanin	m	tanins
tanisage	m	tanisages
tanière	f	tanières
tank	m	tanks
tanker	m	tankers
tannage	m	tannages
tanne	f	tannes
tannerie	f	tanneries
tanneur	m	tanneurs
tannin	m	tannins
tannisage	m	tannisages
tanné	m	tannés
tannée	f	tannées
tanrec	m	tanrecs
tantale	m	tantales
tante	f	tantes
tantine	f	tantines
tantinet	m	tantinets
tantième	m	tantièmes
tantrisme	m	tantrismes
tantôt	m	tantôts
tanzanien	m	tanzaniens
tanzanienne	f	tanzaniennes
tao	m	taos
taon	m	taons
taoïsme	m	taoïsmes
tapage	m	tapages
tapageur	m	tapageurs
tapageuse	f	tapageuses
tape	f	tapes
tape-cul	m	tape-cul
tapecul	m	tapeculs
tapement	m	tapements
tapenade	f	tapenades
tapes	m	tapes
tapette	f	tapettes
tapeur	m	tapeurs
tapeuse	f	tapeuses
taphophilie	f	taphophilies
tapin	m	tapins
tapinage	m	tapinages
tapinois	m	tapinois
tapioca	m	tapiocas
tapir	m	tapirs
tapis	m	tapis
tapis-brosse	m	tapis-brosses
tapis-franc	m	tapis-francs
tapissage	m	tapissages
tapissement	m	tapissements
tapisserie	f	tapisseries
tapissier	m	tapissiers
tapissière	f	tapissières
tapissière	f	tapissières
tapon	m	tapons
taponnage	m	taponnages
tapotage	m	tapotages
tapotement	m	tapotements
tapée	f	tapées
taquage	m	taquages
taque	f	taques
taquet	m	taquets
taquin	m	taquins
taquine	f	taquines
taquinage	m	taquinages
taquinerie	f	taquineries
taquoir	m	taquoirs
tara	m	taras
tarabiscot	m	tarabiscots
tarabiscotage	m	tarabiscotages
tarabustage	m	tarabustages
tarage	m	tarages
tarama	m	taramas
tarantass	m	tarantass
tararage	m	tararages
tarare	m	tarares
tarasconnade	f	tarasconnades
tarasque	f	tarasques
taraud	m	tarauds
taraudage	m	taraudages
taraudeur	m	taraudeurs
taraudeuse	f	taraudeuses
taraudeuse	f	taraudeuses
taravelle	f	taravelles
tarbouch	m	tarbouchs
tarbouche	m	tarbouches
tardigrade	m	tardigrades
tardillon	m	tardillons
tardiveté	f	tardivetés
tardée	f	tardées
tare	f	tares
tarente	f	tarentes
tarentelle	f	tarentelles
tarentin	f	tarentins
tarentisme	m	tarentismes
tarentule	f	tarentules
tarentulisme	m	tarentulismes
taret	m	tarets
targe	f	targes
targette	f	targettes
targui	m	touareg
targuie	f	touarègue
targum	m	targums
targumiste	m	targumistes
tarif	m	tarifs
tarifage	m	tarifages
tarification	f	tarifications
tarin	m	tarins
tarissement	m	tarissements
tarière	f	tarières
tarlatane	f	tarlatanes
tarmac	m	tarmacs
tarmacadam	m	tarmacadams
tarmacadamisage	m	tarmacadamisages
taro	m	taros
tarot	m	tarots
tarpan	m	tarpans
tarpon	m	tarpons
tarsalgie	f	tarsalgies
tarse	m	tarses
tarsectomie	f	tarsectomies
tarsien	m	tarsiens
tarsier	m	tarsiers
tartan	m	tartans
tartane	f	tartanes
tartarin	m	tartarins
tartarinade	f	tartarinades
tarte	f	tartes
tartelette	f	tartelettes
tartempion	m	tartempions
tartinage	m	tartinages
tartine	f	tartines
tartouillage	m	tartouillages
tartrate	m	tartrates
tartre	m	tartres
tartufe	m	tartufes
tartuferie	f	tartuferies
tartuffe	m	tartuffes
tartufferie	f	tartufferies
tarzan	m	tarzans
taré	m	tarés
tarée	f	tarées
tas	m	tas
tassage	m	tassages
tasse	f	tasses
tasseau	m	tasseaux
tassement	m	tassements
tassette	f	tassettes
tasseur	m	tasseurs
tassili	m	tassilis
taste-vin	m	taste-vin
tata	f	tatas
tatami	m	tatamis
tatane	f	tatanes
tatar	m	tatars
tatare	f	tatares
tatillon	m	tatillons
tatillonne	f	tatillonnes
tatillonnage	m	tatillonnages
tatillonnement	m	tatillonnements
tatillonnerie	f	tatillonneries
tatou	m	tatous
tatouage	m	tatouages
tatoueur	m	tatoueurs
tatouille	f	tatouilles
tau	m	tau
taud	m	tauds
taude	f	taudes
taudis	m	taudis
taulard	m	taulards
taule	f	taules
taulier	m	tauliers
taulière	f	taulières
taupe	f	taupes
taupe-grillon	m	taupes-grillons
taupier	m	taupiers
taupière	f	taupières
taupin	m	taupins
taupinière	f	taupinières
taupinée	f	taupinées
taupière	f	taupières
taure	f	taures
taureau	m	taureaux
taurelière	f	taurelières
taurillon	m	taurillons
taurobole	m	tauroboles
tauromachie	f	tauromachies
tautologie	f	tautologies
tautomérie	f	tautoméries
taux	m	taux
tauzin	m	tauzins
tavaïolle	f	tavaïolles
tavellage	m	tavellages
tavelure	f	tavelures
taverne	f	tavernes
tavernier	m	taverniers
tavernière	f	tavernières
tavillon	m	tavillons
taxacée	f	taxacées
taxage	m	taxages
taxateur	m	taxateurs
taxation	f	taxations
taxaudier	m	taxaudiers
taxe	f	taxes
taxi	m	taxis
taxiarque	m	taxiarques
taxidermie	f	taxidermies
taxie	f	taxies
taximètre	m	taximètres
taxine	f	taxines
taxinomie	f	taxinomies
taxiphone	m	taxiphones
taxis	m	taxis
taxiway	m	taxiways
taxodium	m	taxodiums
taxodonte	m	taxodontes
taxon	m	taxons
taxonomie	f	taxonomies
taylorisation	f	taylorisations
taylorisme	m	taylorismes
taïga	f	taïgas
taïwanais	m	taïwanais
taïwanaise	f	taïwanaises
taôisme	m	taôismes
tchadien	m	tchadiens
tchadienne	f	tchadiennes
tchador	m	tchadors
tcharchaf	m	tcharchafs
tchatche	f	tchatches
tchernoziom	m	tchernozioms
tchervonetz	m	tchervonetz
tchitola	m	tchitolas
tchérémisse	m	tchérémisses
technicien	m	techniciens
technicienne	f	techniciennes
technicisation	f	technicisations
technicité	f	technicités
technicolor	m	technicolors
technique	f	techniques
technisation	f	technisations
technival	m	technivals
techno	f	technos
technocratie	f	technocraties
technocratisation	f	technocratisations
technocratisme	m	technocratismes
technographie	f	technographies
technologie	f	technologies
technopole	f	technopoles
technostructure	f	technostructures
teck	m	tecks
teckel	m	teckels
tectibranche	m	tectibranches
tectite	f	tectites
tectonique	f	tectoniques
tectonisation	f	tectonisations
tectonophysique	f	tectonophysiques
tectrice	f	tectrices
tee	m	tees
tee-shirt	m	tee-shirts
teen-ager	m	teen-agers
teigne	f	teignes
teigneux	m	teigneux
teigneuse	f	teigneuses
teillage	m	teillages
teilleur	m	teilleurs
teilleuse	f	teilleuses
teilleuse	f	teilleuses
teint	m	teints
teintage	m	teintages
teinte	f	teintes
teinture	f	teintures
teinturerie	f	teintureries
teinturier	m	teinturiers
teinturière	f	teinturières
tek	m	teks
tekel	m	tekels
tell	m	tells
tellière	m	tellières
tellurate	m	tellurates
tellure	m	tellures
tellurisme	m	tellurismes
telluromètre	m	telluromètres
tellurure	m	tellurures
telnet	m	telnet
telson	m	telsons
temenos	m	temenos
tempe	f	tempes
template	m	templates
temple	m	temples
templette	f	templettes
templier	m	templiers
tempo	m	tempos
temporalisation	f	temporalisations
temporalité	f	temporalités
temporel	m	temporels
temporisateur	m	temporisateurs
temporisation	f	temporisations
temporisement	m	temporisements
temporiseur	m	temporiseurs
temps	m	temps
tempérage	m	tempérages
tempérament	m	tempéraments
tempérance	f	tempérances
tempérant	m	tempérants
tempérante	f	tempérantes
températion	f	températions
température	f	températures
tempête	f	tempêtes
tenaille	f	tenailles
tenaillement	m	tenaillements
tenancier	m	tenanciers
tenancière	f	tenancières
tenant	m	tenants
tenante	f	tenantes
tendage	m	tendages
tendance	f	tendances
tende	f	tendes
tendelle	f	tendelles
tender	m	tenders
tenderie	f	tenderies
tendeur	m	tendeurs
tendinite	f	tendinites
tendoir	m	tendoirs
tendon	m	tendons
tendresse	f	tendresses
tendreté	f	tendretés
tendron	m	tendrons
tendue	f	tendues
teneur	m	teneurs
teneur	f	teneurs
teneurmètre	m	teneurmètres
tengrisme	m	tengrismes
tennis	m	tennis
tennisman	m	tennismen
tenon	m	tenons
tenonnage	m	tenonnages
tenonneuse	f	tenonneuses
tenrec	m	tenrecs
tensioactivité	f	tensioactivités
tensiomètre	m	tensiomètres
tensiométrie	f	tensiométries
tension	f	tensions
tensionnage	m	tensionnages
tensionnement	m	tensionnements
tenson	f	tensons
tentacule	m	tentacules
tentaculifère	m	tentaculifères
tentateur	m	tentateurs
tentatrice	f	tentatrices
tentation	f	tentations
tentative	f	tentatives
tente	f	tentes
tente-abri	f	tentes-abris
tentement	m	tentements
tenthrède	f	tenthrèdes
tenture	f	tentures
tenu	m	tenus
tenue	f	tenues
tenure	f	tenures
tepidarium	m	tepidariums
tequila	f	tequilas
terbine	f	terbines
terbium	m	terbiums
tercet	m	tercets
terebellum	m	terebellums
tergal	m	tergals
tergite	m	tergites
tergiversation	f	tergiversations
termaillage	m	termaillages
terme	m	termes
terminage	m	terminages
terminaison	f	terminaisons
terminal	m	terminaux
terminale	f	terminales
terminateur	m	terminateurs
terminisme	m	terminismes
terminologie	f	terminologies
terminus	m	terminus
termite	m	termites
termitière	f	termitières
termitophile	m	termitophiles
terne	m	ternes
ternissement	m	ternissements
ternisseur	m	ternisseurs
ternisseuse	f	ternisseuses
ternissure	f	ternissures
terpine	f	terpines
terpinol	m	terpinols
terpinéol	m	terpinéols
terpolymère	m	terpolymères
terpène	m	terpènes
terrafungine	f	terrafungines
terrage	m	terrages
terraille	f	terrailles
terrain	m	terrains
terramare	f	terramares
terraplane	m	terraplanes
terrarium	m	terrariums
terrasse	f	terrasses
terrassement	m	terrassements
terrassier	m	terrassiers
terre	f	terres
terre-neuvas	m	terre-neuvas
terre-neuve	m	terre-neuve
terre-neuvien	m	terre-neuviens
terre-neuvier	m	terre-neuviers
terre-plein	m	terre-pleins
terreau	m	terreaux
terreautage	m	terreautages
terrefort	m	terreforts
terreur	f	terreurs
terri	m	terris
terrien	m	terriens
terrienne	f	terriennes
terrier	m	terriers
terrification	f	terrifications
terril	m	terrils
terrine	f	terrines
territoire	m	territoires
territorial	m	territoriaux
territoriale	f	territoriales
territorialisation	f	territorialisations
territorialité	f	territorialités
terroir	m	terroirs
terrorisation	f	terrorisations
terrorisme	m	terrorismes
tertiairisation	f	tertiairisations
tertiarisation	f	tertiarisations
tertre	m	tertres
terzetto	m	terzettos
tesla	m	teslas
tessiture	f	tessitures
tesson	m	tessons
test	m	tests
testa	m	testas
testabilité	f	testabilités
testacelle	f	testacelles
testacé	m	testacés
testage	m	testages
testament	m	testaments
testateur	m	testateurs
testatrice	f	testatrices
testeur	m	testeurs
testicule	m	testicules
testing	m	testings
testologie	f	testologies
teston	m	testons
testostérone	f	testostérones
tette	f	tettes
teuf	m	teufs
teugue	f	teugues
teutomanie	f	teutomanies
teuton	f	teutons
tex	m	tex
texan	m	texans
texane	f	texanes
texte	m	textes
textile	m	textiles
texto	m	textos
texturage	m	texturages
texturation	f	texturations
texture	f	textures
texturisation	f	texturisations
tgv	m	tgv
thailandais	m	thailandais
thailandaise	f	thailandaises
thalamus	m	thalamus
thalassine	f	thalassines
thalassocratie	f	thalassocraties
thalassothérapie	f	thalassothérapies
thalassotoque	m	thalassotoques
thalassémie	f	thalassémies
thaler	m	thalers
thalidomide	f	thalidomides
thalle	m	thalles
thallium	m	thalliums
thallophyte	f	thallophytes
thalweg	m	thalwegs
thanatologie	f	thanatologies
thanatopraxie	f	thanatopraxies
thatchérien	m	thatchériens
thatchérienne	f	thatchériennes
thatchérisme	m	thatchérismes
thaï	m	thaïs
thaïe	f	thaïes
thaïlandais	m	thaïlandais
thaïlandaise	f	thaïlandaises
thaïs	f	thaïs
thermalisme	m	thermalismes
thermidorien	m	thermidoriens
thermidorienne	f	thermidoriennes
thermie	f	thermies
thermique	f	thermiques
thermisteur	m	thermisteurs
thermistor	m	thermistors
thermite	f	thermites
thermobalance	f	thermobalances
thermocautère	m	thermocautères
thermocautérisation	f	thermocautérisations
thermochimie	f	thermochimies
thermoclastie	f	thermoclasties
thermocline	f	thermoclines
thermocolorimètre	m	thermocolorimètres
thermoconvection	f	thermoconvections
thermocouple	m	thermocouples
thermodurcissable	m	thermodurcissables
thermodynamicien	m	thermodynamiciens
thermodynamique	f	thermodynamiques
thermoformage	m	thermoformages
thermographie	f	thermographies
thermogravimétrie	f	thermogravimétries
thermoluminescence	f	thermoluminescences
thermolyse	f	thermolyses
thermomètre	m	thermomètres
thermométrie	f	thermométries
thermopompe	f	thermopompes
thermopropulsion	f	thermopropulsions
thermorécepteur	m	thermorécepteurs
thermorégulateur	m	thermorégulateurs
thermorégulation	f	thermorégulations
thermos	f	thermos
thermoscope	m	thermoscopes
thermosiphon	m	thermosiphons
thermosphère	f	thermosphères
thermostat	m	thermostats
thermostation	f	thermostations
thermostatisation	f	thermostatisations
thermothérapie	f	thermothérapies
thermoélectricité	f	thermoélectricités
thesmophorie	f	thesmophories
thesmothète	m	thesmothètes
thessalien	m	thessaliens
thessalienne	f	thessaliennes
thiamine	f	thiamines
thiase	f	thiases
thibaude	f	thibaudes
think-tank	m	think-tanks
thioalcool	m	thioalcools
thon	m	thons
thonaire	m	thonaires
thonier	m	thoniers
thonine	f	thonines
thora	f	thoras
thoracentèse	f	thoracentèses
thoracocentèse	f	thoracocentèses
thoracoplastie	f	thoracoplasties
thorax	m	thorax
thorine	f	thorines
thorite	f	thorites
thorium	m	thoriums
thoron	m	thorons
thridace	f	thridaces
thriller	m	thrillers
thrips	m	thrips
thrombine	f	thrombines
thrombocyte	m	thrombocytes
thromboplastine	f	thromboplastines
thrombopénie	f	thrombopénies
thrombose	f	thromboses
thrombus	m	thrombus
thrène	m	thrènes
thréonine	f	thréonines
thulium	m	thuliums
thune	f	thunes
thuriféraire	m	thuriféraires
thuya	m	thuyas
thylacine	m	thylacines
thym	m	thyms
thymectomie	f	thymectomies
thymie	f	thymies
thymine	f	thymines
thymoanaleptique	m	thymoanaleptiques
thymol	m	thymols
thymus	m	thymus
thyratron	m	thyratrons
thyristor	m	thyristors
thyroglobuline	f	thyroglobulines
thyrotrophine	f	thyrotrophines
thyroxine	f	thyroxines
thyroïde	f	thyroïdes
thyroïdectomie	f	thyroïdectomies
thyroïdien	m	thyroïdiens
thyroïdienne	f	thyroïdiennes
thyroïdisme	m	thyroïdismes
thyroïdite	f	thyroïdites
thyrse	m	thyrses
thyréostimuline	f	thyréostimulines
thysanoptère	m	thysanoptères
thysanoure	m	thysanoures
thème	m	thèmes
thèque	f	thèques
thèse	f	thèses
thé	m	thés
théatin	m	théatins
thébain	m	thébains
thébaïde	f	thébaïdes
thébaïne	f	thébaïnes
thébaïque	m	thébaïques
thébaïsme	m	thébaïsmes
théier	m	théiers
théine	f	théines
théisme	m	théismes
théière	f	théières
thématique	f	thématiques
thématisation	f	thématisations
thématisme	m	thématismes
thénar	m	thénars
théobromine	f	théobromines
théocentrisme	m	théocentrismes
théocratie	f	théocraties
théodicée	f	théodicées
théodolite	m	théodolites
théogonie	f	théogonies
théologie	f	théologies
théologien	m	théologiens
théologienne	f	théologiennes
théologisation	f	théologisations
théophanie	f	théophanies
théophilanthropie	f	théophilanthropies
théophylline	f	théophyllines
théorbe	m	théorbes
théoricien	m	théoriciens
théoricienne	f	théoriciennes
théorie	f	théories
théorisation	f	théorisations
théorème	m	théorèmes
théosophie	f	théosophies
thérapeutique	f	thérapeutiques
thérapie	f	thérapies
thériaque	f	thériaques
théridion	m	théridions
thésard	m	thésards
thésarde	f	thésardes
thésaurisation	f	thésaurisations
thésauriseur	m	thésauriseurs
thésauriseuse	f	thésauriseuses
thésaurus	m	thésaurus
théurgie	f	théurgies
théâtralisation	f	théâtralisations
théâtralisme	m	théâtralismes
théâtralité	f	théâtralités
théâtre	m	théâtres
théâtreux	m	théâtreux
théâtreuse	f	théâtreuses
thêta	m	thêta
tian	m	tians
tiare	f	tiares
tibia	m	tibias
tibétain	m	tibétains
tibétaine	f	tibétaines
tic	m	tics
tic-tac	m	tic-tac
ticage	m	ticages
tichodrome	m	tichodromes
ticket	m	tickets
tie-break	m	tie-breaks
tien	m	tiens
tiento	m	tientos
tierce	f	tierces
tiercefeuille	f	tiercefeuilles
tiercelet	m	tiercelets
tiercement	m	tiercements
tierceron	m	tiercerons
tiercé	m	tiercés
tiercée	f	tiercées
tiers	m	tiers
tiers-monde	m	tiers-mondes
tiers-mondisation	f	tiers-mondisations
tiers-mondisme	m	tiers-mondismes
tiers-point	m	tiers-points
tierçage	m	tierçages
tif	m	tifs
tiffe	m	tiffes
tige	f	tiges
tigelle	f	tigelles
tigette	f	tigettes
tiglon	m	tiglons
tignasse	f	tignasses
tigre	m	tigres
tigresse	f	tigresses
tigresse	f	tigresses
tigridie	f	tigridies
tigritude	f	tigritudes
tigron	m	tigrons
tilbury	m	tilburys
tilde	m	tildes
tiliacée	f	tiliacées
tillac	m	tillacs
tillage	m	tillages
tillandsia	m	tillandsias
tillandsie	f	tillandsies
tille	f	tilles
tilleul	m	tilleuls
tilleur	m	tilleurs
tilt	m	tilts
timbale	f	timbales
timbalier	m	timbaliers
timbrage	m	timbrages
timbre	m	timbres
timbre-poste	m	timbres-poste
timbre-quittance	m	timbres-quittances
timbré	m	timbrés
timbrée	f	timbrées
timidité	f	timidités
timing	m	timings
timon	m	timons
timonerie	f	timoneries
timonier	m	timoniers
timorais	m	timorais
timoraise	f	timoraises
timoré	m	timorés
timorée	f	timorées
tin	m	tins
tinamou	m	tinamous
tincal	m	tincals
tinette	f	tinettes
tintamarre	m	tintamarres
tintement	m	tintements
tintillement	m	tintillements
tintinnabulation	f	tintinnabulations
tintinnabulement	m	tintinnabulements
tintinnabulis	m	tintinnabulis
tintouin	m	tintouins
tipule	f	tipules
tique	f	tiques
tiqueture	f	tiquetures
tiqueur	m	tiqueurs
tiqueuse	f	tiqueuses
tir	m	tirs
tirade	f	tirades
tirage	m	tirages
tiraillage	m	tiraillages
tiraillement	m	tiraillements
tiraillerie	f	tirailleries
tirailleur	m	tirailleurs
tirant	m	tirants
tirasse	f	tirasses
tire	f	tires
tire-au-cul	m	tire-au-cul
tire-au-flanc	m	tire-au-flanc
tire-balle	m	tire-balles
tire-bonde	m	tire-bondes
tire-botte	m	tire-bottes
tire-bouchon	m	tire-bouchons
tire-bouton	m	tire-boutons
tire-braise	m	tire-braise
tire-clou	m	tire-clous
tire-fesses	m	tire-fesses
tire-filet	m	tire-filets
tire-fond	m	tire-fond
tire-jus	m	tire-jus
tire-l'oeil	m	tire-l'oeil
tire-laine	m	tire-laine
tire-lait	m	tire-lait
tire-ligne	m	tire-lignes
tire-nerf	m	tire-nerfs
tire-pied	m	tire-pieds
tire-sou	m	tire-sous
tire-veille	m	tire-veille
tire-veilles	m	tire-veilles
tire-veine	m	tire-veines
tirefonnage	m	tirefonnages
tirelire	f	tirelires
tirelis	m	tirelis
tirement	m	tirements
tiret	m	tirets
tiretaine	f	tiretaines
tirette	f	tirettes
tireur	m	tireurs
tireuse	f	tireuses
tireuse	f	tireuses
tiroir	m	tiroirs
tiroir-caisse	m	tiroirs-caisses
tiré	m	tirés
tirée	f	tirées
tisane	f	tisanes
tisanerie	f	tisaneries
tison	m	tisons
tisonnement	m	tisonnements
tisonnier	m	tisonniers
tissage	m	tissages
tisserand	m	tisserands
tisserin	m	tisserins
tisseur	m	tisseurs
tisseuse	f	tisseuses
tissu	m	tissus
tissure	f	tissures
titan	m	titans
titane	m	titanes
titanisation	f	titanisations
titi	m	titis
titillage	m	titillages
titillation	f	titillations
titillement	m	titillements
titisme	m	titismes
titrage	m	titrages
titration	f	titrations
titre	m	titres
titrimétrie	f	titrimétries
titrisassion	f	titrisassions
titubation	f	titubations
titubement	m	titubements
titularisation	f	titularisations
tiédeur	f	tiédeurs
tiédissement	m	tiédissements
tmèse	f	tmèses
toast	m	toasts
toastage	m	toastages
toaster	m	toasters
toasteur	m	toasteurs
toboggan	m	toboggans
toc	m	tocs
tocade	f	tocades
tocante	f	tocantes
tocard	m	tocards
tocarde	f	tocardes
toccata	f	toccatas
tocsin	m	tocsins
toge	f	toges
togolais	m	togolais
togolaise	f	togolaises
tohu-bohu	m	tohu-bohu
toi	m	tois
toilage	m	toilages
toile	f	toiles
toilerie	f	toileries
toilettage	m	toilettages
toilette	f	toilettes
toisage	m	toisages
toise	f	toises
toisement	m	toisements
toison	f	toisons
toisé	m	toisés
toit	m	toits
toiture	f	toitures
tokai	m	tokai
tokay	m	tokay
tokharien	m	tokhariens
tokharienne	f	tokhariennes
tolet	m	tolets
tolite	f	tolites
tolle	m	tolle
tollé	m	tollés
tolu	m	tolus
toluidine	f	toluidines
toluol	m	toluols
toluène	m	toluènes
tolérance	f	tolérances
tolérantisme	m	tolérantismes
tom-pouce	m	tom-pouce
tomahawk	m	tomahawks
tomaison	f	tomaisons
tomate	f	tomates
tombac	m	tombacs
tombage	m	tombages
tombale	f	tombales
tombant	m	tombants
tombe	f	tombes
tombeau	m	tombeaux
tombelle	f	tombelles
tombereau	m	tombereaux
tombeur	m	tombeurs
tombola	f	tombolas
tombolo	m	tombolos
tombée	f	tombées
t.	m	t.
tomette	f	tomettes
tomme	f	tommes
tommette	f	tommettes
tommy	m	tommies
tomodensitométrie	f	tomodensitométries
tomographie	f	tomographies
tonalité	f	tonalités
tondage	m	tondages
tondaison	f	tondaisons
tondeur	m	tondeurs
tondeuse	f	tondeuses
tondeuse	f	tondeuses
tondu	m	tondus
tondue	f	tondues
tong	f	tongs
tonicité	f	tonicités
tonie	f	tonies
tonifiant	m	tonifiants
tonification	f	tonifications
tonitruement	m	tonitruements
tonnage	m	tonnages
tonne	f	tonnes
tonneau	m	tonneaux
tonnelage	m	tonnelages
tonnelet	m	tonnelets
tonnelier	m	tonneliers
tonnelle	f	tonnelles
tonnellerie	f	tonnelleries
tonnerre	m	tonnerres
tonométrie	f	tonométries
tonsure	f	tonsures
tonsuré	m	tonsurés
tonte	f	tontes
tontine	f	tontines
tontisse	f	tontisses
tonton	m	tontons
tonture	f	tontures
tonus	m	tonus
top	m	tops
topage	m	topages
topette	f	topettes
tophus	m	tophus
topicalisation	f	topicalisations
topinambour	m	topinambours
topo	m	topos
topographie	f	topographies
topologie	f	topologies
toponyme	m	toponymes
toponymie	f	toponymies
toquade	f	toquades
toquante	f	toquantes
toquard	m	toquards
toquarde	f	toquardes
toque	f	toques
toquement	m	toquements
toquet	m	toquets
toqué	m	toqués
toquée	f	toquées
torah	f	torahs
torchage	m	torchages
torche	f	torches
torche-cul	m	torche-culs
torchis	m	torchis
torchon	m	torchons
torchonnement	m	torchonnements
torchère	f	torchères
torchée	f	torchées
torcol	m	torcols
tord-boyaux	m	tord-boyaux
tordage	m	tordages
tordeur	f	tordeurs
tordeuse	f	tordeuses
tordoir	m	tordoirs
tordu	m	tordus
tordue	f	tordues
tore	m	tores
torero	m	toreros
toreutique	f	toreutiques
torgnole	f	torgnoles
torii	m	torii
toril	m	torils
tormentille	f	tormentilles
tornade	f	tornades
toron	m	torons
toronnage	m	toronnages
toronneuse	f	toronneuses
torpeur	f	torpeurs
torpillage	m	torpillages
torpille	f	torpilles
torpillerie	f	torpilleries
torpilleur	m	torpilleurs
torpédo	f	torpédos
torr	m	torrs
torrent	m	torrents
torréfacteur	m	torréfacteurs
torréfaction	f	torréfactions
tors	m	tors
torsadage	m	torsadages
torsade	f	torsades
torsage	m	torsages
torse	m	torses
torseur	m	torseurs
torsion	f	torsions
tort	m	torts
torticolis	m	torticolis
tortil	m	tortils
tortillage	m	tortillages
tortillard	m	tortillards
tortille	f	tortilles
tortillement	m	tortillements
tortillon	m	tortillons
tortillonnement	m	tortillonnements
tortis	m	tortis
tortricidé	m	tortricidés
tortue	f	tortues
torture	f	tortures
tory	m	tories
torysme	m	torysmes
toréador	m	toréadors
toscan	m	toscans
toscane	f	toscanes
tossage	m	tossages
total	m	totals
totale	f	totales
totalisateur	m	totalisateurs
totalisation	f	totalisations
totaliseur	m	totaliseurs
totalitarisme	m	totalitarismes
totalité	f	totalités
totem	m	totems
totipotence	f	totipotences
toto	m	totos
toton	m	totons
totémisation	f	totémisations
totémisme	m	totémismes
touage	m	touages
touaille	f	touailles
toucan	m	toucans
touchage	m	touchages
touchau	m	touchaux
touche	f	touches
touche-touche	m	touche-touches
toucheau	m	toucheaux
touchement	m	touchements
toucher	m	touchers
touchette	f	touchettes
toucheur	m	toucheurs
touchée	f	touchées
toueur	m	toueurs
touffe	f	touffes
touffeur	f	touffeurs
touillage	m	touillages
touillement	m	touillements
toulonnais	m	toulonnais
toulonnaise	f	toulonnaises
touloupe	f	touloupes
toundra	f	toundras
toungouse	m	toungouses
toungouze	m	toungouzes
toupet	m	toupets
toupie	f	toupies
toupillage	m	toupillages
toupilleur	m	toupilleurs
toupilleuse	f	toupilleuses
toupilleuse	f	toupilleuses
toupillon	m	toupillons
touque	f	touques
tourage	m	tourages
touraillage	m	touraillages
touraille	f	tourailles
touraillon	m	touraillons
tourangeau	m	tourangeaux
tourangelle	f	tourangelles
touranien	f	touraniens
tourbage	m	tourbages
tourbe	f	tourbes
tourbier	m	tourbiers
tourbière	f	tourbières
tourbillon	m	tourbillons
tourbillonnage	m	tourbillonnages
tourbillonnement	m	tourbillonnements
tourbière	f	tourbières
tourd	m	tourds
tourelle	f	tourelles
touret	m	tourets
tourie	f	touries
tourillon	m	tourillons
tourillonnage	m	tourillonnages
tourillonnement	m	tourillonnements
tourisme	m	tourismes
tourière	f	tourières
tourmaline	f	tourmalines
tourment	m	tourments
tourmente	f	tourmentes
tourmenteur	m	tourmenteurs
tourmenteuse	f	tourmenteuses
tourmentin	m	tourmentins
tourmenté	m	tourmentés
tournage	m	tournages
tournant	m	tournants
tournante	f	tournantes
tournassage	m	tournassages
tourne	f	tournes
tourne-disque	m	tourne-disques
tourne-feuille	m	tourne-feuilles
tourne-pierre	m	tourne-pierres
tournebride	m	tournebrides
tournebroche	m	tournebroches
tournedos	m	tournedos
tournemain	m	tournemains
tournement	m	tournements
tournerie	f	tourneries
tournesol	m	tournesols
tournette	f	tournettes
tourneur	m	tourneurs
tourneuse	f	tourneuses
tournevis	m	tournevis
tournicotis	m	tournicotis
tourniole	f	tournioles
tourniquet	m	tourniquets
tournis	m	tournis
tournisse	f	tournisses
tournoi	m	tournois
tournoiement	m	tournoiements
tournure	f	tournures
tournée	f	tournées
touron	m	tourons
tourte	f	tourtes
tourteau	m	tourteaux
tourtereau	m	tourtereaux
tourterelle	f	tourterelles
tourtière	f	tourtières
touselle	f	touselles
toussaint	f	toussaints
toussement	m	toussements
tousserie	f	tousseries
tousseur	m	tousseurs
tousseuse	f	tousseuses
toussotement	m	toussotements
tout	m	touts
tout-fou	m	tout-fous
tout-petit	m	tout-petits
tout-venant	m	tout-venant
toute-bonne	f	toutes-bonnes
toute-puissance	f	toute-puissances
toute-épice	f	toutes-épices
toutim	m	toutims
toutime	m	toutimes
toutou	m	toutous
toux	f	toux
touée	f	touées
township	m	townships
toxicité	f	toxicités
toxicodermie	f	toxicodermies
toxicologie	f	toxicologies
toxicomanie	f	toxicomanies
toxicose	f	toxicoses
toxidermie	f	toxidermies
toxine	f	toxines
toxique	m	toxiques
toxoplasme	m	toxoplasmes
toxoplasmose	f	toxoplasmoses
toxémie	f	toxémies
trabe	f	trabes
traboule	f	traboules
trabée	f	trabées
trac	m	tracs
tracas	m	tracas
tracassement	m	tracassements
tracasserie	f	tracasseries
tracassier	m	tracassiers
tracassière	f	tracassières
tracassin	m	tracassins
tracassé	m	tracassés
trace	f	traces
tracement	m	tracements
traceret	m	tracerets
traceur	m	traceurs
traceuse	f	traceuses
trachome	m	trachomes
trachyte	m	trachytes
trachée	f	trachées
trachée-artère	f	trachées-artères
trachéide	f	trachéides
trachéite	f	trachéites
trachéo-bronchite	f	trachéo-bronchites
trachéostomie	f	trachéostomies
trachéotomie	f	trachéotomies
track	m	tracks
tract	m	tracts
tractage	m	tractages
tractation	f	tractations
tracteur	m	tracteurs
traction	f	tractions
tractionnement	m	tractionnements
tractus	m	tractus
tracé	m	tracés
trade-union	f	trade-unions
trader	m	traders
tradescantia	m	tradescantias
traditeur	m	traditeurs
tradition	f	traditions
traditionalisme	m	traditionalismes
traducteur	m	traducteurs
traductrice	f	traductrices
traduction	f	trad..
traductrice	f	traductrices
trafic	m	trafics
traficotage	m	traficotages
trafiquage	m	trafiquages
trafiquant	m	trafiquants
trafiquante	f	trafiquantes
trafiqueur	m	trafiqueurs
trafiqueuse	f	trafiqueuses
tragi-comédie	f	tragi-comédies
tragédie	f	tragédies
tragédien	m	tragédiens
tragédienne	f	tragédiennes
trahision	f	trahisions
trahison	f	trahisons
traille	f	trailles
train	m	trains
train-ferry	m	train-ferrys
train-train	m	train-train
trainer	m	trainers
trainglot	m	trainglots
training	m	trainings
traintrain	m	traintrains
trait	m	traits
traitance	f	traitances
traitant	m	traitants
traite	f	traites
traitement	m	traitements
traiteur	m	traiteurs
traité	m	traités
trajectographie	f	trajectographies
trajectoire	f	trajectoires
trajet	m	trajets
tralala	m	tralalas
tram	m	trams
trama	m	tramas
tramage	m	tramages
tramail	m	tramails
trame	f	trames
trameur	m	trameurs
trameuse	f	trameuses
trameuse	f	trameuses
traminot	m	traminots
tramontane	f	tramontanes
tramp	m	tramps
tramping	m	trampings
trampoline	m	trampolines
tramway	m	tramways
tranchage	m	tranchages
tranchant	m	tranchants
tranche	f	tranches
tranchefile	f	tranchefiles
tranchelard	m	tranchelards
tranchement	m	tranchements
tranchet	m	tranchets
trancheur	m	trancheurs
trancheuse	f	trancheuses
trancheuse	f	trancheuses
tranchinette	f	tranchinettes
tranchoir	m	tranchoirs
tranchée	f	tranchées
tranchée-abri	f	tranchées-abris
tranquilisant	m	tranquilisants
tranquillisant	m	tranquillisants
tranquillisation	f	tranquillisations
tranquillité	f	tranquillités
transaction	f	transactions
transalpin	m	transalpins
transalpine	f	transalpines
transaminase	f	transaminases
transatlantique	m	transatlantiques
transbahutage	m	transbahutages
transbahutement	m	transbahutements
transbordement	m	transbordements
transbordeur	m	transbordeurs
transcendance	f	transcendances
transcendant	m	transcendants
transcendement	m	transcendements
transcodage	m	transcodages
transcodeur	m	transcodeurs
transconteneur	m	transconteneurs
transcripteur	m	transcripteurs
transcription	f	transcriptions
transducteur	m	transducteurs
transduction	f	transductions
transe	f	transes
transept	m	transepts
transferase	f	transferases
transferrine	f	transferrines
transfert	m	transferts
transfiguration	f	transfigurations
transfilage	m	transfilages
transfixion	f	transfixions
transfo	m	transfos
transformante	f	transformantes
transformateur	m	transformateurs
transformation	f	transformations
transformisme	m	transformismes
transformé	m	transformés
transformée	f	transformées
transfusion	f	transfusions
transfusé	m	transfusés
transfèrement	m	transfèrements
transférabilité	f	transférabilités
transférase	f	transférases
transférement	m	transférements
transgresseur	m	transgresseurs
transgression	f	transgressions
transhumance	f	transhumances
transhumant	m	transhumants
transi	m	transis
transigeance	f	transigeances
transigement	m	transigements
transissement	m	transissements
transistor	m	transistors
transistorisation	f	transistorisations
transit	m	transits
transitif	m	transitifs
transition	f	transitions
transitivité	f	transitivités
translation	f	translations
translittération	f	translittérations
translitération	f	translitérations
translocation	f	translocations
translucidité	f	translucidités
transmetteur	m	transmetteurs
transmigration	f	transmigrations
transmissibilité	f	transmissibilités
transmission	f	transmissions
transmutabilité	f	transmutabilités
transmutation	f	transmutations
transparence	f	transparences
transparent	m	transparents
transpercement	m	transpercements
transperçage	m	transperçages
transpiration	f	transpirations
transplant	m	transplants
transplantation	f	transplantations
transplantoir	m	transplantoirs
transplanté	m	transplantés
transplantée	f	transplantées
transport	m	transports
transportation	f	transportations
transporteur	m	transporteurs
transporteuse	f	transporteuses
transposition	f	transpositions
transposée	f	transposées
transsexualisme	m	transsexualismes
transsexuel	m	transsexuels
transsibérien	m	transsibériens
transsubstantiation	f	transsubstantiations
transsudat	m	transsudats
transsudation	f	transsudations
transvaalien	m	transvaaliens
transvaalienne	f	transvaaliennes
transvasement	m	transvasements
transverbération	f	transverbérations
transversaire	m	transversaires
transversale	f	transversales
transversalité	f	transversalités
transversement	m	transversements
transvestisme	m	transvestismes
transylvanien	m	transylvaniens
trantran	m	trantrans
trap	m	traps
trappe	f	trappes
trappeur	m	trappeurs
trappillon	m	trappillons
trappiste	m	trappistes
trappistine	f	trappistines
trapèze	m	trapèzes
traquage	m	traquages
traque	f	traques
traquenard	m	traquenards
traquet	m	traquets
traqueur	m	traqueurs
traqueuse	f	traqueuses
trattoria	f	trattorias
trauma	m	traumas
traumatisation	f	traumatisations
traumatisme	m	traumatismes
traumatisé	m	traumatisés
traumatisée	f	traumatisées
traumatologie	f	traumatologies
travail	m	travaux
travailleur	m	travailleurs
travailleuse	f	travailleuses
travailleuse	f	travailleuses
travaillisme	m	travaillismes
travelage	m	travelages
traveling	m	travelings
travelling	m	travellings
travelo	m	travelos
travers	m	travers
traverse	f	traverses
traversement	m	traversements
traversin	m	traversins
traversée	f	traversées
travesti	m	travestis
travestisme	m	travestismes
travestissement	m	travestissements
travée	f	travées
trayeur	m	trayeurs
trayeuse	f	trayeuses
trayeuse	f	trayeuses
trayon	m	trayons
traçabilité	f	traçabilités
traçage	m	traçages
traînage	m	traînages
traînaillement	m	traînaillements
traînard	m	traînards
traînarde	f	traînardes
traînasse	f	traînasses
traînassement	m	traînassements
traînasserie	f	traînasseries
traîne	f	traînes
traîne-buisson	m	traîne-buisson
traîne-bûches	m	traîne-bûches
traîne-malheur	m	traîne-malheur
traîne-misère	m	traîne-misère
traîne-savates	m	traîne-savates
traîne-semelles	m	traîne-semelles
traîneau	m	traîneaux
traînement	m	traînements
traînerie	f	traîneries
traîneur	m	traîneurs
traîneuse	f	traîneuses
traînée	f	traînées
traître	m	traîtres
traîtresse	f	traîtresses
traîtrise	f	traîtrises
treillage	m	treillages
treillageur	m	treillageurs
treille	f	treilles
treillis	m	treillis
treillissé	m	treillissés
treize	m	treize
trekking	m	trekkings
tremblante	f	tremblantes
tremblement	m	tremblements
trembleur	m	trembleurs
trembleuse	f	trembleuses
trembleuse	f	trembleuses
tremblote	f	tremblotes
tremblotement	m	tremblotements
tremblotis	m	tremblotis
tremblotte	f	tremblottes
tremblé	m	tremblés
trempabilité	f	trempabilités
trempage	m	trempages
trempe	f	trempes
trempette	f	trempettes
tremplin	m	tremplins
trempé	m	trempés
trempée	f	trempées
trench	m	trenchs
trench-coat	m	trench-coats
trend	m	trends
trentain	m	trentains
trentaine	f	trentaines
trente	m	trente
trente-et-quarante	m	trente-et-quarante
trescheur	m	trescheurs
tressage	m	tressages
tressaillage	m	tressaillages
tressaillement	m	tressaillements
tressaut	m	tressauts
tressautement	m	tressautements
tresse	f	tresses
tressement	m	tressements
tressé	m	tressés
treuil	m	treuils
treuillage	m	treuillages
tri	m	tris
triacide	m	triacides
triade	f	triades
triage	m	triages
triaire	m	triaires
trialcool	m	trialcools
triamcinolone	f	triamcinolones
triandrie	f	triandries
triangle	m	triangles
triangulation	f	triangulations
trias	m	trias
triathlon	m	triathlons
tribade	f	tribades
tribaderie	f	tribaderies
tribadisme	m	tribadismes
tribalisme	m	tribalismes
triballe	f	triballes
tribart	m	tribarts
tribo-électricité	f	tribo-électricités
tribologie	f	tribologies
triboluminescence	f	triboluminescences
tribomètre	m	tribomètres
tribométrie	f	tribométries
tribord	m	tribords
tribordais	m	tribordais
triboulet	m	triboulets
triboélectricité	f	triboélectricités
tribu	f	tribus
tribulation	f	tribulations
tribun	m	tribuns
tribunal	m	tribunaux
tribunat	m	tribunats
tribune	f	tribunes
tribut	m	tributs
tric	m	trics
tricard	m	tricards
tricentenaire	m	tricentenaires
triceps	m	triceps
trichage	m	trichages
triche	f	triches
tricherie	f	tricheries
tricheur	m	tricheurs
tricheuse	f	tricheuses
trichiasis	m	trichiasis
trichinose	f	trichinoses
trichite	f	trichites
trichloréthylène	m	trichloréthylènes
trichocéphale	m	trichocéphales
trichogramme	m	trichogrammes
trichologie	f	trichologies
tricholome	m	tricholomes
trichoma	m	trichomas
trichomanie	f	trichomanies
trichome	m	trichomes
trichomonas	m	trichomonas
trichophyton	m	trichophytons
trichoptère	m	trichoptères
trichotomie	f	trichotomies
trichromie	f	trichromies
trick	m	tricks
triclinium	m	tricliniums
tricoise	f	tricoises
tricorne	m	tricornes
tricot	m	tricots
tricotage	m	tricotages
tricoteur	m	tricoteurs
tricoteuse	f	tricoteuses
tricoteuse	f	tricoteuses
tricouni	m	tricounis
trictrac	m	trictracs
tricycle	m	tricycles
tricéphale	m	tricéphales
tricératops	m	tricératops
tricône	m	tricônes
tridacne	m	tridacnes
tridactyle	m	tridactyles
trident	m	tridents
tridi	m	tridis
tridimensionnalité	f	tridimensionnalités
trieur	m	trieurs
trieuse	f	trieuses
triforium	m	triforiums
trifouillage	m	trifouillages
trifouillement	m	trifouillements
trifouillis	m	trifouillis
trifouillée	f	trifouillées
trifurcation	f	trifurcations
trigaudage	m	trigaudages
trigauderie	f	trigauderies
trigle	m	trigles
triglycéride	m	triglycérides
triglyphe	m	triglyphes
trigonelle	f	trigonelles
trigonocéphale	m	trigonocéphales
trigonométrie	f	trigonométries
trigramme	m	trigrammes
trijumeau	m	trijumeaux
trille	m	trilles
trillion	m	trillions
trilobite	m	trilobites
trilogie	f	trilogies
trilogue	m	trilogues
trimage	m	trimages
trimaran	m	trimarans
trimard	m	trimards
trimardeur	m	trimardeurs
trimbalage	m	trimbalages
trimbalement	m	trimbalements
trimballage	m	trimballages
trimballement	m	trimballements
trimestre	m	trimestres
trimestriel	m	trimestriels
trimmer	m	trimmers
trimoteur	m	trimoteurs
trimètre	m	trimètres
trimétal	m	trimétaux
tringlage	m	tringlages
tringle	f	tringles
tringlette	f	tringlettes
tringlot	m	tringlots
trinitrine	f	trinitrines
trinitrobenzène	m	trinitrobenzènes
trinitrotoluène	m	trinitrotoluènes
trinité	f	trinités
trinquerie	f	trinqueries
trinquette	f	trinquettes
trinqueur	m	trinqueurs
trinquée	f	trinquées
trinôme	m	trinômes
trio	m	trios
triode	f	triodes
triol	m	triols
triolet	m	triolets
triolisme	m	triolismes
triomphalisme	m	triomphalismes
triomphateur	m	triomphateurs
triomphatrice	f	triomphatrices
trionyx	m	trionyx
trip	m	trips
tripaille	f	tripailles
tripang	m	tripangs
tripartisme	m	tripartismes
tripartition	f	tripartitions
tripatouillage	m	tripatouillages
tripatouilleur	m	tripatouilleurs
tripe	f	tripes
triperie	f	triperies
tripette	f	tripettes
tripier	m	tripiers
tripière	f	tripières
triplage	m	triplages
triple	m	triples
triplement	m	triplements
triplet	m	triplets
triplette	f	triplettes
triplex	m	triplex
triplicata	m	triplicata
triploïde	m	triploïdes
triploïdie	f	triploïdies
triplure	f	triplures
triplé	m	triplés
triplée	f	triplées
tripodie	f	tripodies
tripoli	m	tripolis
triporteur	m	triporteurs
tripot	m	tripots
tripotage	m	tripotages
tripotement	m	tripotements
tripoterie	f	tripoteries
tripoteur	m	tripoteurs
tripoteuse	f	tripoteuses
tripotée	f	tripotées
triptyque	m	triptyques
trique	f	triques
triqueballe	m	triqueballes
triquet	m	triquets
triquée	f	triquées
trirègne	m	trirègnes
trirème	f	trirèmes
trisaïeul	m	trisaïeuls
trisaïeule	f	trisaïeules
trisection	f	trisections
trisectrice	f	trisectrices
triskèle	f	triskèles
trisme	m	trismes
trismus	m	trismus
trisoc	m	trisocs
trisomie	f	trisomies
trissement	m	trissements
trissyllabe	m	trissyllabes
tristesse	f	tristesses
triticale	m	triticales
tritium	m	tritiums
triton	m	tritons
triturage	m	triturages
triturateur	m	triturateurs
trituration	f	triturations
triture	f	tritures
triturement	m	triturements
triumvir	m	triumvirs
triumvirat	m	triumvirats
trivialisation	f	trivialisations
trivialité	f	trivialités
trièdre	m	trièdres
trière	f	trières
triérarque	m	triérarques
troc	m	trocs
trocart	m	trocarts
trochanter	m	trochanters
troche	f	troches
trochet	m	trochets
trochile	m	trochiles
trochilidé	m	trochilidés
trochin	m	trochins
trochisque	m	trochisques
trochiter	m	trochiters
trochlée	f	trochlées
trochophore	f	trochophores
trochosphère	f	trochosphères
trochure	f	trochures
troglobie	m	troglobies
trogne	f	trognes
trognon	m	trognons
trois	m	trois
trois-deux	m	trois-deux
trois-mâts	m	trois-mâts
trois-quarts	m	trois-quarts
trois-quatre	m	trois-quatre
trois-six	m	trois-six
trois-étoiles	m	trois-étoiles
troll	m	trolls
trolle	f	trolles
trolley	m	trolleys
trolleybus	m	trolleybus
trombe	f	trombes
trombidion	m	trombidions
trombidiose	f	trombidioses
trombine	f	trombines
trombinoscope	m	trombinoscopes
tromblon	m	tromblons
trombone	m	trombones
trommel	m	trommels
trompage	m	trompages
trompe	f	trompes
trompe-l'oeil	m	trompe-l'oeil
trompe-la-mort	m	trompe-la-mort
tromperie	f	tromperies
trompeteur	m	trompeteurs
trompette-des-morts	f	trompettes-des-morts
trompettement	m	trompettements
trompeur	m	trompeurs
trompeuse	f	trompeuses
trompie	f	trompies
trompillon	m	trompillons
tronc	m	troncs
troncage	m	troncages
troncation	f	troncations
troncature	f	troncatures
tronche	f	tronches
tronchet	m	tronchets
tronquage	m	tronquages
tronquement	m	tronquements
tronçon	m	tronçons
tronçonnage	m	tronçonnages
tronçonnement	m	tronçonnements
tronçonneur	m	tronçonneurs
tronçonneuse	f	tronçonneuses
trop-perçu	m	trop-perçus
trop-plein	m	trop-pleins
tropatépine	f	tropatépines
trope	m	tropes
trophallaxie	f	trophallaxies
trophoblaste	m	trophoblastes
trophée	m	trophées
tropicalisation	f	tropicalisations
tropique	m	tropiques
tropisme	m	tropismes
tropopause	f	tropopauses
troposphère	f	troposphères
troquet	m	troquets
troqueur	m	troqueurs
troqueuse	f	troqueuses
trot	m	trots
trotskisme	m	trotskismes
trotte	f	trottes
trottement	m	trottements
trotteur	m	trotteurs
trotteuse	f	trotteuses
trotteuse	f	trotteuses
trottin	m	trottins
trottinement	m	trottinements
trottinette	f	trottinettes
trotting	m	trottings
trottis	m	trottis
trottoir	m	trottoirs
trotton	m	trottons
trottée	f	trottées
trou	m	trous
trou-madame	m	trou-madames
trou-trou	m	trou-trous
trouage	m	trouages
troubade	m	troubades
troubadour	m	troubadours
trouble-fête	m	trouble-fête
troubleau	m	troubleaux
troublement	m	troublements
troufignon	m	troufignons
troufion	m	troufions
trouillard	m	trouillards
trouille	f	trouilles
trouillomètre	m	trouillomètres
troupe	f	troupes
troupeau	m	troupeaux
troupiale	m	troupiales
troupier	m	troupiers
troupière	f	troupières
troussage	m	troussages
trousse	f	trousses
trousse-galant	m	trousse-galants
trousse-pet	m	trousse-pet
trousse-pied	m	trousse-pied
trousse-queue	m	trousse-queue
trousseau	m	trousseaux
troussement	m	troussements
troussequin	m	troussequins
trousseur	m	trousseurs
trouvaille	f	trouvailles
trouveur	m	trouveurs
trouveuse	f	trouveuses
trouvère	m	trouvères
trouée	f	trouées
troyen	m	troyens
troyenne	f	troyennes
troène	m	troènes
troïka	f	troïkas
truand	f	truands
truandage	m	truandages
truandaille	f	truandailles
truanderie	f	truanderies
truble	f	trubles
trublion	m	trublions
truc	m	trucs
trucage	m	trucages
truchement	m	truchements
trucidation	f	trucidations
trucidement	m	trucidements
truck	m	trucks
truculence	f	truculences
trudgeon	m	trudgeons
truellage	m	truellages
truelle	f	truelles
truellisation	f	truellisations
truellée	f	truellées
truffage	m	truffages
truffe	f	truffes
trufferie	f	trufferies
trufficulture	f	trufficultures
truffière	f	truffières
truie	f	truies
truisme	m	truismes
truite	f	truites
truiticulture	f	truiticultures
trullo	m	trulli
trumeau	m	trumeaux
truquage	m	truquages
truquement	m	truquements
truquerie	f	truqueries
truqueur	m	truqueurs
truqueuse	f	truqueuses
trusquin	m	trusquins
trusquinage	m	trusquinages
trust	m	trusts
truste	f	trustes
trustee	m	trustees
trusteur	m	trusteurs
trustis	f	trustis
trutticulture	f	trutticultures
trypanosome	m	trypanosomes
trypanosomiase	f	trypanosomiases
trypsine	f	trypsines
trypsinogène	m	trypsinogènes
tryptamine	f	tryptamines
tryptophane	m	tryptophanes
trèfle	m	trèfles
trébuchade	f	trébuchades
trébuchage	m	trébuchages
trébuchement	m	trébuchements
trébuchet	m	trébuchets
tréfilage	m	tréfilages
tréfilerie	f	tréfileries
tréfileur	m	tréfileurs
tréfileuse	f	tréfileuses
tréfileuse	f	tréfileuses
tréflière	f	tréflières
tréfonds	m	tréfonds
trégorois	m	trégorois
trégoroise	f	trégoroises
tréhalose	m	tréhaloses
trélingage	m	trélingages
tréma	m	trémas
trémail	m	trémails
trématage	m	trématages
trémelle	f	trémelles
trémie	f	trémies
trémolite	f	trémolites
trémolo	m	trémolos
trémoussement	m	trémoussements
trémulation	f	trémulations
trémulement	m	trémulements
trépan	m	trépans
trépanage	m	trépanages
trépanation	f	trépanations
trépang	m	trépangs
trépané	m	trépanés
trépanée	f	trépanées
trépas	m	trépas
trépassement	m	trépassements
trépassé	m	trépassés
trépassée	f	trépassées
tréphocyte	m	tréphocytes
tréphone	f	tréphones
trépidance	f	trépidances
trépidation	f	trépidations
trépidement	m	trépidements
trépied	m	trépieds
trépignement	m	trépignements
trépigneuse	f	trépigneuses
trépignis	m	trépignis
trépignée	f	trépignées
trépointe	f	trépointes
tréponème	m	tréponèmes
tréponématose	f	tréponématoses
trésaille	f	trésailles
trésor	m	trésors
trésorerie	f	trésoreries
trésorier	m	trésoriers
trésorière	f	trésorières
tréteau	m	tréteaux
trévire	f	trévires
trévise	f	trévises
trêve	f	trêves
trôlerie	f	trôleries
trône	m	trônes
tsar	m	tsars
tsarine	f	tsarines
tsarisme	m	tsarismes
tsarévitch	m	tsarévitchs
tss-tss	m	tss-tss
tsunami	m	tsunamis
tsé-tsé	f	tsé-tsé
tuage	m	tuages
tub	m	tubs
tuba	m	tubas
tubage	m	tubages
tubard	m	tubards
tube	m	tubes
tubercule	m	tubercules
tuberculeux	m	tuberculeux
tuberculeuse	f	tuberculeuses
tuberculide	f	tuberculides
tuberculination	f	tuberculinations
tuberculine	f	tuberculines
tuberculinisation	f	tuberculinisations
tuberculisation	f	tuberculisations
tuberculose	f	tuberculoses
tuberculostatique	m	tuberculostatiques
tubifex	m	tubifex
tubipore	m	tubipores
tubulidenté	m	tubulidentés
tubulure	f	tubulures
tubérale	f	tubérales
tubéreuse	f	tubéreuses
tubérisation	f	tubérisations
tubérosité	f	tubérosités
tuc	m	tuc
tue-chien	m	tue-chien
tue-diable	m	tue-diable
tue-loup	m	tue-loup
tue-mouche	m	tue-mouche
tue-tête	f	tue-têtes
tuerie	f	tueries
tueur	m	tueurs
tueuse	f	tueuses
tuf	m	tufs
tufeau	m	tufeaux
tuffeau	m	tuffeaux
tuilage	m	tuilages
tuile	f	tuiles
tuileau	m	tuileaux
tuilerie	f	tuileries
tuilette	f	tuilettes
tuilier	m	tuiliers
tuilière	f	tuilières
tularémie	f	tularémies
tulipe	f	tulipes
tulipier	m	tulipiers
tulle	m	tulles
tullerie	f	tulleries
tumescence	f	tumescences
tumeur	f	tumeurs
tumulte	m	tumultes
tumulus	m	tumulus
tuméfaction	f	tuméfactions
tunage	m	tunages
tune	f	tunes
tuner	m	tuners
tungar	m	tungars
tungstate	m	tungstates
tungstène	m	tungstènes
tunicelle	f	tunicelles
tunicier	m	tuniciers
tuning	m	tunings
tunique	f	tuniques
tunisien	m	tunisiens
tunisienne	f	tunisiennes
tunisification	f	tunisifications
tunisois	m	tunisois
tunisoise	f	tunisoises
tunnel	m	tunnels
tunnelier	m	tunneliers
tupaja	m	tupajas
tupaïa	m	tupaïas
tupinambis	m	tupinambis
tuque	f	tuques
turban	m	turbans
turbe	f	turbes
turbeh	m	turbehs
turbidité	f	turbidités
turbin	m	turbins
turbinage	m	turbinages
turbine	f	turbines
turbinelle	f	turbinelles
turbith	m	turbiths
turbo-alternateur	m	turbo-alternateurs
turbo-train	m	turbo-trains
turboalternateur	m	turboalternateurs
turbocompresseur	m	turbocompresseurs
turbofiltre	m	turbofiltres
turbomachine	f	turbomachines
turbomoteur	m	turbomoteurs
turbopompe	f	turbopompes
turbopropulseur	m	turbopropulseurs
turboréacteur	m	turboréacteurs
turbosoufflante	f	turbosoufflantes
turbot	m	turbots
turbotin	m	turbotins
turbotière	f	turbotières
turbotrain	m	turbotrains
turbulence	f	turbulences
turbé	m	turbés
turc	m	turcs
turque	f	turques
turco	m	turcos
turdidé	m	turdidés
turf	m	turfs
turgescence	f	turgescences
turion	m	turions
turlupin	m	turlupins
turlupinade	f	turlupinades
turlupinage	m	turlupinages
turlurette	f	turlurettes
turlutaine	f	turlutaines
turlutte	f	turluttes
turn-over	m	turn-over
turne	f	turnes
turnep	m	turneps
turneps	m	turneps
turpitude	f	turpitudes
turquerie	f	turqueries
turquette	f	turquettes
turritelle	f	turritelles
tussah	m	tussahs
tussilage	m	tussilages
tussor	m	tussors
tussore	m	tussores
tutelle	f	tutelles
tuteur	m	tuteurs
tutrice	f	tutrices
tuteurage	m	tuteurages
tuthie	f	tuthies
tutie	f	tuties
tutoiement	m	tutoiements
tutorat	m	tutorats
tutoyeur	m	tutoyeurs
tutsi	m	tutsis
tutsie	f	tutsies
tutti	m	tutti
tutu	m	tutus
tuyau	m	tuyaux
tuyautage	m	tuyautages
tuyautement	m	tuyautements
tuyauterie	f	tuyauteries
tuyauteur	m	tuyauteurs
tuyauté	m	tuyautés
tuyère	f	tuyères
tué	m	tués
tuée	f	tuées
tva	f	tva
tweed	m	tweeds
twin-set	m	twin-sets
twist	m	twists
tylenchus	m	tylenchus
tympan	m	tympans
tympanisme	m	tympanismes
tympanon	m	tympanons
tyndallisation	f	tyndallisations
typage	m	typages
type	m	types
typesse	f	typesses
typha	m	typhas
typhacée	f	typhacées
typhlite	f	typhlites
typhomycine	f	typhomycines
typhon	m	typhons
typhose	f	typhoses
typhoïde	f	typhoïdes
typhus	m	typhus
typification	f	typifications
typisation	f	typisations
typochromie	f	typochromies
typographie	f	typographies
typolithographie	f	typolithographies
typologie	f	typologies
typomètre	m	typomètres
typon	m	typons
typonimie	f	typonimies
typtologie	f	typtologies
tyran	m	tyrans
tyranneau	m	tyranneaux
tyrannie	f	tyrannies
tyrannosaure	m	tyrannosaures
tyrien	m	tyriens
tyrienne	f	tyriennes
tyrolien	m	tyroliens
tyrolienne	f	tyroliennes
tyrolienne	f	tyroliennes
tyrosine	f	tyrosines
tyroxine	f	tyroxines
tzar	m	tzars
tâche	f	tâches
tâcheron	m	tâcherons
tâtage	m	tâtages
tâte-vin	m	tâte-vin
tâtement	m	tâtements
tâteur	m	tâteurs
tâtillonement	m	tâtillonements
tâtillonnage	m	tâtillonnages
tâtillonnerie	f	tâtillonneries
tâtonnage	m	tâtonnages
tâtonnement	m	tâtonnements
tènement	m	tènements
tètement	m	tètements
té	m	tés
téflon	m	téflons
tégument	m	téguments
tégénaire	f	tégénaires
télamon	m	télamons
télangiectasie	f	télangiectasies
télencéphale	m	télencéphales
télescopage	m	télescopages
télescope	m	télescopes
télesthésie	f	télesthésies
téleutospore	f	téleutospores
télex	m	télex
télophase	f	télophases
télotaxie	f	télotaxies
télé	f	télés
télé-enseignement	m	télé-enseignements
téléaffichage	m	téléaffichages
téléalarme	f	téléalarmes
téléassistance	f	téléassistances
téléautographe	m	téléautographes
téléautographie	f	téléautographies
télébenne	f	télébennes
téléboutique	f	téléboutiques
télécabine	f	télécabines
téléchargement	m	téléchargements
télécinéma	m	télécinémas
télécommande	f	télécommandes
télécommunication	f	télécommunications
téléconférence	f	téléconférences
téléconseiller	m	téléconseillers
téléconseillère	f	téléconseillères
télécopie	f	télécopies
télécopieur	m	télécopieurs
télédiagnostic	m	télédiagnostics
télédiffusion	f	télédiffusions
télédistribution	f	télédistributions
télédétection	f	télédétections
téléenseignement	m	téléenseignements
téléfilm	m	téléfilms
téléférique	m	téléfériques
téléga	f	télégas
télégestion	f	télégestions
télégramme	m	télégrammes
télégraphe	m	télégraphes
télégraphie	f	télégraphies
téléguidage	m	téléguidages
téléimpression	f	téléimpressions
téléimprimeur	m	téléimprimeurs
téléinformatique	f	téléinformatiques
téléjaugeage	m	téléjaugeages
téléjournal	m	téléjournals
télékinésie	f	télékinésies
télémaintenance	f	télémaintenances
télémanipulateur	m	télémanipulateurs
télémanipulation	f	télémanipulations
télémark	m	télémarks
télématique	f	télématiques
télémesure	f	télémesures
télémètre	m	télémètres
télémécanicien	m	télémécaniciens
télémétreur	m	télémétreurs
télémétrie	f	télémétries
télénomie	f	télénomies
téléobjectif	m	téléobjectifs
téléologie	f	téléologies
téléonomie	f	téléonomies
téléopérateur	m	téléopérateurs
téléosaure	m	téléosaures
téléostome	m	téléostomes
téléostéen	m	téléostéens
télépaiement	m	télépaiements
télépathie	f	télépathies
téléphonade	f	téléphonades
téléphonage	m	téléphonages
téléphone	m	tel..
téléphonie	f	téléphonies
téléphotographie	f	téléphotographies
téléphérage	m	téléphérages
téléphérique	m	téléphériques
téléplastie	f	téléplasties
télépointage	m	télépointages
télépointeur	m	télépointeurs
téléprojecteur	m	téléprojecteurs
téléradio	f	téléradios
téléradiographie	f	téléradiographies
téléradiothérapie	f	téléradiothérapies
téléreportage	m	téléreportages
téléreporter	m	téléreporters
télérupteur	m	télérupteurs
téléréglage	m	téléréglages
téléscaphe	m	téléscaphes
téléscope	m	téléscopes
téléscripteur	m	téléscripteurs
télésignalisation	f	télésignalisations
télésiège	m	télésièges
téléski	m	téléskis
télésondage	m	télésondages
téléspectateur	m	téléspectateurs
téléspectatrice	f	téléspectatrices
télésurveillance	f	télésurveillances
télétexte	m	télétextes
téléthon	m	téléthons
téléthèque	f	téléthèques
télétraitement	m	télétraitements
télétransmission	f	télétransmissions
télétravail	m	télétravaux
télétype	m	télétypes
téléviseur	m	téléviseurs
télévision	f	tv
témoignage	m	témoignages
témoin	m	témoins
témérité	f	témérités
ténacité	f	ténacités
ténalgie	f	ténalgies
ténesme	m	ténesmes
ténia	m	ténias
ténicide	m	ténicides
ténopathie	f	ténopathies
ténoplastie	f	ténoplasties
ténor	m	ténors
ténorino	m	ténorinos
ténorite	f	ténorites
ténosynovite	f	ténosynovites
ténotomie	f	ténotomies
ténuirostre	m	ténuirostres
ténuité	f	ténuités
ténèbre	f	ténèbres
ténébreux	m	ténébreux
ténébreuse	f	ténébreuses
ténébrion	m	ténébrions
ténébrionidé	m	ténébrionidés
téorbe	m	téorbes
tépale	m	tépales
téphrite	f	téphrites
téphronie	f	téphronies
téra-octet	m	téra-octets
tératogenèse	f	tératogenèses
tératogénie	f	tératogénies
tératologie	f	tératologies
tératome	m	tératomes
tératoscopie	f	tératoscopies
térébelle	f	térébelles
térébenthine	f	térébenthines
térébinthacée	f	térébinthacées
térébinthe	m	térébinthes
térébrant	m	térébrants
térébration	f	térébrations
tétanie	f	tétanies
tétanisation	f	tétanisations
tétanisme	m	tétanismes
tétanos	m	tétanos
téterelle	f	téterelles
tétin	m	tétins
tétine	f	tétines
téton	m	tétons
tétonnière	f	tétonnières
tétrachlorure	m	tétrachlorures
tétracorde	m	tétracordes
tétracycline	f	tétracyclines
tétrade	f	tétrades
tétragramme	m	tétragrammes
tétrahydronaphtaline	f	tétrahydronaphtalines
tétraline	f	tétralines
tétralogie	f	tétralogies
tétramère	m	tétramères
tétramètre	m	tétramètres
tétraonidé	m	tétraonidés
tétraphonie	f	tétraphonies
tétraploïdie	f	tétraploïdies
tétraplégie	f	tétraplégies
tétrarchat	m	tétrarchats
tétrarchie	f	tétrarchies
tétras	m	tétras
tétratomicité	f	tétratomicités
tétravalence	f	tétravalences
tétraèdre	m	tétraèdres
tétrode	f	tétrodes
tétrodon	m	tétrodons
tétée	f	tétées
têtard	m	têtards
tête	f	têtes
tête-à-tête	m	tête-à-tête
tête-de-clou	f	têtes-de-clou
tête-de-loup	f	têtes-de-loup
tête-de-maure	f	têtes-de-maure
tête-de-moineau	f	têtes-de-moineau
tête-de-mort	f	têtes-de-mort
tête-de-nègre	f	têtes-de-nègre
têteau	m	têteaux
têtière	f	têtières
têtu	m	têtus
têtue	f	têtues
tôle	f	tôles
tôlerie	f	tôleries
tôlier	m	tôliers
tôt-fait	m	tôt-faits
ubac	m	ubacs
ubiquité	f	ubiquités
ukase	m	ukases
ukrainien	m	ukrainiens
ukrainienne	f	ukrainiennes
ulcère	m	ulcères
ulcération	f	ulcérations
ulmacée	f	ulmacées
ulmaire	f	ulmaires
ultimatum	m	ultimatums
ultra-petita	m	ultra-petita
ultra-pression	f	ultra-pressions
ultra-son	m	ultra-sons
ultra-violet	m	ultra-violets
ultracentrifugation	f	ultracentrifugations
ultraconservateur	m	ultraconservateurs
ultraconservatrice	f	ultraconservatrices
ultrafiltration	f	ultrafiltrations
ultrafiltre	m	ultrafiltres
ultralibéral	m	ultralibéraux
ultralibérale	f	ultralibérales
ultralibéralisme	m	ultralibéralismes
ultramicroscope	m	ultramicroscopes
ultramicroscopie	f	ultramicroscopies
ultramontain	f	ultramontains
ultramontanisme	m	ultramontanismes
ultrason	m	ultrasons
ultraviolet	m	ultraviolets
ululation	f	ululations
ululement	m	ululements
ulve	f	ulves
uléma	m	ulémas
un	m	uns
unanimisme	m	unanimismes
unanimité	f	unanimités
unau	m	unaus
underclass	f	underclass
underground	m	underground
une	f	unes
unguis	m	unguis
uni	m	unis
unicité	f	unicités
unicorne	m	unicornes
unidimensionnalité	f	unidimensionnalités
unificateur	m	unificateurs
unificatrice	f	unificatrices
unification	f	unifications
uniforme	m	uniformes
uniformisation	f	uniformisations
uniformité	f	uniformités
unilatéralisme	m	unilatéralismes
unilinguisme	m	unilinguismes
union	f	unions
unisexualité	f	unisexualités
unisson	m	unissons
unitarien	m	unitariens
unitarienne	f	unitariennes
unitarisme	m	unitarismes
unité	f	unités
univers	m	univers
universalisation	f	universalisations
universalisme	m	universalismes
universalité	f	universalités
universelle	f	universelles
université	f	universités
univocité	f	univocités
untel	m	untels
upas	m	upas
uppercut	m	uppercuts
upsilon	m	upsilon
upérisation	f	upérisations
uracile	m	uraciles
uraeus	m	uraeus
uranate	m	uranates
urane	m	uranes
uranie	f	uranies
uraninite	f	uraninites
uranisme	m	uranismes
uranium	m	uraniums
uranographie	f	uranographies
uranoplastie	f	uranoplasties
uranoscope	m	uranoscopes
uranyle	m	uranyles
urate	m	urates
urbanisation	f	urbanisations
urbanisme	m	urbanismes
urbanité	f	urbanités
urdu	m	urdus
ure	m	ures
uretère	m	uretères
urgence	f	urgences
uricémie	f	uricémies
urinage	m	urinages
urinal	m	urinaux
urine	f	urines
urinement	m	urinements
urinoir	m	urinoirs
urne	f	urnes
urobiline	f	urobilines
urobilinogène	m	urobilinogènes
urobilinurie	f	urobilinuries
urochrome	m	urochromes
urodèle	m	urodèles
urographie	f	urographies
urolagnie	f	urolagnies
urologie	f	urologies
uromètre	m	uromètres
uropode	m	uropodes
ursidé	m	ursidés
ursuline	f	ursulines
urticacée	f	urticacées
urticaire	f	urticaires
urticale	f	urticales
urtication	f	urtications
urubu	m	urubus
urugayen	m	urugayens
urugayenne	f	urugayennes
uruguayen	m	uruguayens
uruguayenne	f	uruguayennes
urus	m	urus
urètre	m	urètres
urédinale	f	urédinales
urédinée	f	urédinées
urédospore	f	urédospores
urée	f	urées
uréide	m	uréides
urémie	f	urémies
uréthanne	m	uréthannes
urétrite	f	urétrites
urétérite	f	urétérites
urétérostomie	f	urétérostomies
usage	m	usages
usager	m	usagers
usagère	f	usagères
usance	f	usances
usement	m	usements
usinabilité	f	usinabilités
usinage	m	usinages
usine	f	usines
usinier	m	usiniers
usnée	f	usnées
ustensile	m	ustensiles
ustilaginale	f	ustilaginales
usucapion	f	usucapions
usufruit	m	usufruits
usufruitier	m	usufruitiers
usufruitière	f	usufruitières
usure	f	usures
usurier	m	usuriers
usurière	f	usurières
usurpateur	m	usurpateurs
usurpatrice	f	usurpatrices
usurpation	f	usurpations
usus	m	usus
ut	m	ut
utile	m	utiles
utilisabilité	f	utilisabilités
utilisateur	m	utilisateurs
utilisatrice	f	utilisatrices
utilisation	f	utilisations
utilitaire	m	utilitaires
utilitarisme	m	utilitarismes
utilité	f	utilités
utopie	f	utopies
utricule	m	utricules
utéroscopie	f	utéroscopies
utérus	m	utérus
uva	m	uva
uva-ursi	m	uva-ursi
uvula	f	uvulas
uvulaire	f	uvulaires
uvule	f	uvules
uvée	f	uvées
uvéite	f	uvéites
va-et-vient	m	va-et-vient
va-nu-pieds	m	va-nu-pieds
va-tout	m	va-tout
vacance	f	vacances
vacancier	m	vacanciers
vacarme	m	vacarmes
vacation	f	vacations
vaccaire	f	vaccaires
vaccin	m	vaccins
vaccination	f	vaccinations
vaccine	f	vaccines
vaccinelle	f	vaccinelles
vaccinide	f	vaccinides
vaccinier	m	vacciniers
vaccinostyle	m	vaccinostyles
vaccinothérapie	f	vaccinothérapies
vaccinoïde	f	vaccinoïdes
vacciné	m	vaccinés
vaccinée	f	vaccinées
vachage	m	vachages
vache	f	vaches
vacher	m	vachers
vachère	f	vachères
vacherie	f	vacheries
vacherin	m	vacherins
vachette	f	vachettes
vacillation	f	vacillations
vacillement	m	vacillements
vacive	f	vacives
vacuité	f	vacuités
vacuole	f	vacuoles
vacuolisation	f	vacuolisations
vacuome	m	vacuomes
vacuum	m	vacuums
vade-mecum	m	vade-mecum
vadrouille	f	vadrouilles
vadrouilleur	m	vadrouilleurs
vadrouilleuse	f	vadrouilleuses
vagabond	m	vagabonds
vagabonde	f	vagabondes
vagabondage	m	vagabondages
vagabondance	f	vagabondances
vagabonderie	f	vagabonderies
vagin	m	vagins
vaginisme	m	vaginismes
vaginite	f	vaginites
vaginose	f	vaginoses
vagissement	m	vagissements
vagolytique	m	vagolytiques
vagotomie	f	vagotomies
vagotonie	f	vagotonies
vaguage	m	vaguages
vaguelette	f	vaguelettes
vaguemestre	m	vaguemestres
vahiné	f	vahinés
vaigrage	m	vaigrages
vaigre	f	vaigres
vaillance	f	vaillances
vaillantie	f	vaillanties
vaincu	m	vaincus
vaincue	f	vaincues
vainqueur	m	vainqueurs
vair	m	vairs
vairé	m	vairés
vaisseau	m	vaisseaux
vaisselier	m	vaisseliers
vaisselle	f	vaisselles
vaissellerie	f	vaisselleries
val	m	vals
valaisan	f	valaisans
valdingue	f	valdingues
valdôtain	m	valdôtains
valdôtaine	f	valdôtaines
valence	f	valences
valence-gramme	f	valences-grammes
valencien	m	valenciens
valencienne	f	valenciennes
valenciennois	m	valenciennois
valenciennoise	f	valenciennoises
valentin	m	valentins
valentinite	f	valentinites
valentinois	m	valentinois
valentinoise	f	valentinoises
valet	m	valets
valetage	m	valetages
valetaille	f	valetailles
valeur	f	valeurs
valgus	m	valgus
validation	f	validations
validité	f	validités
valine	f	valines
valise	f	valises
valkyrie	f	valkyries
valleuse	f	valleuses
vallisnérie	f	vallisnéries
vallon	m	vallons
vallonnement	m	vallonnements
vallée	f	vallées
valoche	f	valoches
valorisation	f	valorisations
valse	f	valses
valseur	m	valseurs
valseuse	f	valseuses
valseuse	f	valseuses
valsée	f	valsées
valuation	f	valuations
value	f	values
valve	f	valves
valvule	f	valvules
valvée	f	valvées
valérianacée	f	valérianacées
valériane	f	valérianes
valérianelle	f	valérianelles
vamp	f	vamps
vampire	m	vampires
vampirisation	f	vampirisations
vampirisme	m	vampirismes
van	m	vans
vanadinite	f	vanadinites
vanadium	m	vanadiums
vanda	f	vandas
vandalisme	m	vandalismes
vandoise	f	vandoises
vanesse	f	vanesses
vanille	f	vanilles
vanillier	m	vanilliers
vanilline	f	vanillines
vanillisme	m	vanillismes
vanillon	m	vanillons
vaniteux	m	vaniteux
vaniteuse	f	vaniteuses
vanité	f	vanités
vannage	m	vannages
vanne	f	vannes
vanneau	m	vanneaux
vannelle	f	vannelles
vannerie	f	vanneries
vanneur	m	vanneurs
vanneuse	f	vanneuses
vannier	m	vanniers
vannure	f	vannures
vannée	f	vannées
vantail	m	vantaeux
vantard	m	vantards
vantarde	f	vantardes
vantardise	f	vantardises
vantelle	f	vantelles
vanterie	f	vanteries
vape	f	vapes
vapocraquage	m	vapocraquages
vaporisage	m	vaporisages
vaporisateur	m	vaporisateurs
vaporisation	f	vaporisations
var	m	vars
varaigne	f	varaignes
varan	m	varans
varangue	f	varangues
varappe	f	varappes
varappeur	m	varappeurs
varech	m	varechs
varenne	f	varennes
vareuse	f	vareuses
varheure	m	varheures
variabilité	f	variabilités
variable	f	variables
variance	f	variances
variant	m	variants
variante	f	var.
variantement	m	variantements
variateur	m	variateurs
variation	f	variations
varice	f	varices
varicelle	f	varicelles
varicocèle	f	varicocèles
variole	f	varioles
varioleux	m	varioleux
varioleuse	f	varioleuses
variolisation	f	variolisations
varioloïde	f	varioloïdes
variolé	m	variolés
variolée	f	variolées
variorum	m	variorums
variété	f	variétés
varlet	m	varlets
varlopage	m	varlopages
varlope	f	varlopes
varron	m	varrons
varus	m	varus
varve	f	varves
vasard	m	vasards
vascularisation	f	vascularisations
vasectomie	f	vasectomies
vaseline	f	vaselines
vaseux	m	vaseux
vasistas	m	vasistas
vasière	f	vasières
vaso-constriction	f	vaso-constrictions
vaso-dilatateur	m	vaso-dilatateurs
vaso-dilatation	f	vaso-dilatations
vasoconstricteur	m	vasoconstricteurs
vasoconstriction	f	vasoconstrictions
vasodilatateur	m	vasodilatateurs
vasodilatation	f	vasodilatations
vasospasme	m	vasospasmes
vasouillage	m	vasouillages
vasque	f	vasques
vassal	m	vassaux
vassale	f	vassales
vassalisation	f	vassalisations
vassalité	f	vassalités
vasselage	m	vasselages
vassiveau	m	vassiveaux
vaste	m	vastes
vaticinateur	m	vaticinateurs
vaticinatrice	f	vaticinatrices
vaticination	f	vaticinations
vau	m	vaux
vau-l'eau	m	vau-l'eaus
vauchérie	f	vauchéries
vaudeville	m	vaudevilles
vaudois	m	vaudois
vaudoise	f	vaudoises
vaudou	m	vaudous
vaurienne	f	vauriennes
vautour	m	vautours
vautrait	m	vautraits
vautrement	m	vautrements
vavassal	m	vavassaux
vavasseur	m	vavasseurs
vcd	m	vcd
veau	m	veaux
vecteur	m	vecteurs
vedettariat	m	vedettariats
vedettarisation	f	vedettarisations
vedette	f	vedettes
veille	f	veilles
veilleur	m	veilleurs
veilleuse	f	veilleuses
veilleuse	f	veilleuses
veillée	f	veillées
veinard	m	veinards
veinarde	f	veinardes
veine	f	veines
veinette	f	veinettes
veinule	f	veinules
veinure	f	veinures
veld	m	velds
velléité	f	velléités
velot	m	velots
velours	m	velours
veloutage	m	veloutages
veloutement	m	veloutements
veloutier	m	veloutiers
veloutine	f	veloutines
velouté	m	veloutés
veltage	m	veltages
velte	f	veltes
venaison	f	venaisons
venant	m	venants
vendange	f	vendanges
vendangeoir	m	vendangeoirs
vendangeron	m	vendangerons
vendangerot	m	vendangerots
vendangette	f	vendangettes
vendangeur	m	vendangeurs
vendangeuse	f	vendangeuses
vendangeuse	f	vendangeuses
vendetta	f	vendettas
vendeur	m	vendeurs
venderesse	f	vendeuses
vendition	f	venditions
vendredi	m	vendredis
vendu	m	vendus
vendue	f	vendues
vendéen	m	vendéens
vendéenne	f	vendéennes
vendémiaire	m	vendémiaire
venelle	f	venelles
venet	m	venets
venette	f	venettes
veneur	m	veneurs
vengeance	f	vengeances
vengeron	m	vengerons
vengeur	m	vengeurs
vengeresse	f	vengeresses
venimosité	f	venimosités
venin	m	venins
vent	m	vents
ventage	m	ventages
ventail	m	ventaux
ventaille	f	ventailles
vente	f	ventes
ventilateur	m	ventilateurs
ventilation	f	ventilations
ventilement	m	ventilements
ventileuse	f	ventileuses
ventis	m	ventis
ventousage	m	ventousages
ventouse	f	ventouses
ventre	m	ventres
ventricule	m	ventricules
ventriculogramme	m	ventriculogrammes
ventriculographie	f	ventriculographies
ventriloquie	f	ventriloquies
ventrière	f	ventrières
ventrofixation	f	ventrofixations
ventrée	f	ventrées
venturi	m	venturis
ventôse	m	ventôses
venu	m	venus
venue	f	venues
venue	f	venues
ver	m	vers
verbalisateur	m	verbalisateurs
verbalisation	f	verbalisations
verbalisme	m	verbalismes
verbe	m	verbes
verbiage	m	verbiages
verbigération	f	verbigérations
verbomanie	f	verbomanies
verboquet	m	verboquets
verbosité	f	verbosités
verdage	m	verdages
verdet	m	verdets
verdeur	f	verdeurs
verdict	m	verdicts
verdier	m	verdiers
verdin	m	verdins
verdissage	m	verdissages
verdissement	m	verdissements
verdoiement	m	verdoiements
verdunisation	f	verdunisations
verdure	f	verdures
verge	f	verges
vergence	f	vergences
vergeoise	f	vergeoises
verger	m	vergers
vergerette	f	vergerettes
vergette	f	vergettes
vergeture	f	vergetures
vergeur	m	vergeurs
vergeure	f	vergeures
verglas	m	verglas
verglaçage	m	verglaçages
vergobret	m	vergobrets
vergogne	f	vergognes
vergue	f	vergues
verité	f	verités
verjus	m	verjus
verlan	m	verlans
vermeil	m	vermeils
vermet	m	vermets
vermicelier	m	vermiceliers
vermicelière	f	vermicelières
vermicelle	m	vermicelles
vermicellerie	f	vermicelleries
vermicide	m	vermicides
vermiculure	f	vermiculures
vermidien	m	vermidiens
vermifuge	m	vermifuges
vermille	f	vermilles
vermillon	m	vermillons
vermine	f	vermines
vermis	m	vermis
vermisseau	m	vermisseaux
vermoulure	f	vermoulures
vermout	m	vermouts
vermouth	m	vermouths
vermée	f	vermées
vernale	f	vernales
vernalisation	f	vernalisations
vernation	f	vernations
verne	m	vernes
verni	m	vernis
vernie	f	vernies
vernier	m	verniers
vernis	m	vernis
vernissage	m	vernissages
vernisseur	m	vernisseurs
vernisseuse	f	vernisseuses
vernissure	f	vernissures
verrage	m	verrages
verranne	f	verrannes
verrat	m	verrats
verre	m	verres
verrerie	f	verreries
verreur	m	verreurs
verrier	m	verriers
verrine	f	verrines
verrière	f	verrières
verroterie	f	verroteries
verrou	m	verrous
verrouillage	m	verrouillages
verrouillement	m	verrouillements
verrouilleur	m	verrouilleurs
verrucosité	f	verrucosités
verrue	f	verrues
vers	m	v.
vers-librisme	m	vers-librismes
versade	f	versades
versage	m	versages
versaillais	m	versaillais
versaillaise	f	versaillaises
versant	m	versants
versatilité	f	versatilités
verse	f	verses
verseau	m	verseaux
versement	m	versements
verset	m	v.
verseuse	f	verseuses
versificateur	m	versificateurs
versificatrice	f	versificatrices
versification	f	versifications
version	f	versions
verso	m	versos
versoir	m	versoirs
verste	f	verstes
vert	m	verts
vert-de-gris	m	vert-de-gris
verte	f	vertes
vertex	m	vertex
verticale	f	verticales
verticalisation	f	verticalisations
verticalisme	m	verticalismes
verticalité	f	verticalités
verticille	m	verticilles
verticité	f	verticités
vertige	m	vertiges
vertigo	m	vertigos
vertu	f	vertus
vertugadin	m	vertugadins
vertèbre	f	vertèbres
vertébration	f	vertébrations
vertébrothérapie	f	vertébrothérapies
vertébré	m	vertébrés
verve	f	verves
verveine	f	verveines
vervelle	f	vervelles
vervet	m	vervets
verveux	m	verveux
vesce	f	vesces
vespa	f	vespas
vespasienne	f	vespasiennes
vespertilio	m	vespertilios
vespertilion	m	vespertilions
vespidé	m	vespidés
vespéral	m	vespéraux
vesse	f	vesses
vesse-de-loup	f	vesses-de-loup
vessie	f	vessies
vessigon	m	vessigons
vestale	f	vestales
veste	f	vestes
vestiaire	m	vestiaires
vestibule	m	vestibules
vestige	m	vestiges
veston	m	vestons
veto	m	vetos
veuf	m	veufs
veuve	f	veuves
veulerie	f	veuleries
veuvage	m	veuvages
veuve	f	veuves
vexateur	m	vexateurs
vexatrice	f	vexatrices
vexation	f	vexations
vexillaire	m	vexillaires
vexillologie	f	vexillologies
viabilisation	f	viabilisations
viabilité	f	viabilités
viaduc	m	viaducs
viager	m	viagers
viandade	f	viandades
viandage	m	viandages
viande	f	viandes
viatique	m	viatiques
vibord	m	vibords
vibrage	m	vibrages
vibrante	f	vibrantes
vibraphone	m	vibraphones
vibrateur	m	vibrateurs
vibration	f	vibrations
vibrato	m	vibratos
vibrement	m	vibrements
vibreur	m	vibreurs
vibrion	m	vibrions
vibrisse	f	vibrisses
vibroculteur	m	vibroculteurs
vibrographe	m	vibrographes
vibromasseur	m	vibromasseurs
vibromouleuse	f	vibromouleuses
vibropondeuse	f	vibropondeuses
vibrée	f	vibrées
vicaire	m	vicaires
vicariance	f	vicariances
vicariat	m	vicariats
vice	m	vices
vice-amiral	m	vice-amiraux
vice-chancelier	m	vice-chanceliers
vice-chancelière	f	vice-chancelières
vice-consul	m	vice-consuls
vice-consule	f	vice-consules
vice-légat	m	vice-légats
vice-légation	f	vice-légations
vice-présidence	f	vice-présidences
vice-président	m	vice-présidents
vice-présidente	f	vice-présidentes
vice-recteur	m	vice-recteurs
vice-reine	f	vice-reines
vice-roi	m	vice-rois
vice-royauté	f	vice-royautés
vice-versa	m	vice-versa
vicelard	m	vicelards
vichy	m	vichy
vichysme	m	vichysmes
vichyssois	m	vichyssois
vichyssoise	f	vichyssoises
viciation	f	viciations
vicieux	m	vicieux
vicieuse	f	vicieuses
vicinalité	f	vicinalités
vicinité	f	vicinités
vicissitude	f	vicissitudes
vicomte	m	vicomtes
vicomtesse	f	vicomtesses
vicomté	m	vicomtés
victimaire	m	victimaires
victimation	f	victimations
victime	f	victimes
victimisation	f	victimisations
victimologie	f	victimologies
victoire	f	victoires
victorien	m	victoriens
victorienne	f	victoriennes
victuaille	f	victuailles
vidage	m	vidages
vidame	m	vidames
vidamesse	f	vidamesses
vidamie	f	vidamies
vidange	f	vidanges
vidangeage	m	vidangeages
vidangeur	m	vidangeurs
vide	m	vides
vide-bouteille	m	vide-bouteilles
vide-cave	m	vide-cave
vide-gousset	m	vide-goussets
vide-ordures	m	vide-ordures
vide-poches	m	vide-poches
vide-pomme	m	vide-pomme
videlle	f	videlles
videur	m	videurs
videuse	f	videuses
vidicon	m	vidicons
vidimus	m	vidimus
vidoir	m	vidoirs
vidrecome	m	vidrecomes
viduité	f	viduités
vidure	f	vidures
vidéocassette	f	vidéocassettes
vidéoclip	m	vidéoclips
vidéoconférence	f	vidéoconférences
vidéodisque	m	vidéodisques
vidéofréquence	f	vidéofréquences
vidéographie	f	vidéographies
vidéophone	m	vidéophones
vidéophonie	f	vidéophonies
vidéosurveillance	f	vidéosurveillances
vidéotex	m	vidéotex
vidéothèque	f	vidéothèques
vie	f	vies
vieillard	m	vieillards
vieillarde	f	vieillardes
vieille	f	vieilles
vieillerie	f	vieilleries
vieillesse	f	vieillesses
vieillissage	m	vieillissages
vieillissement	m	vieillissements
vieillissure	f	vieillissures
vielle	f	vielles
vielleur	m	vielleurs
vielleuse	f	vielleuses
vielleux	m	vielleux
vielleuse	f	vielleuses
viennois	m	viennois
viennoise	f	viennoises
vierge	f	vierges
vietnamien	m	vietnamiens
vietnamienne	f	vietnamiennes
vietnamisation	f	vietnamisations
vieux	m	vieil
vieille	f	vieilles
vif-argent	m	vif-argents
vigie	f	vigies
vigilance	f	vigilances
vigne	f	vignes
vigneau	m	vigneaux
vigneron	m	vignerons
vigneronne	f	vigneronnes
vignette	f	vignettes
vigneture	f	vignetures
vignoble	m	vignobles
vignon	m	vignons
vignot	m	vignots
vigogne	f	vigognes
viguerie	f	vigueries
vigueur	f	vigueurs
viguier	m	viguiers
vihara	m	vihara
vilain	m	vilains
vilaine	f	vilaines
vilayet	m	vilayets
vilebrequin	m	vilebrequins
vilenie	f	vilenies
vilipendage	m	vilipendages
vilipendaison	f	vilipendaisons
villa	f	villas
village	m	villages
villageois	m	villageois
villageoise	f	villageoises
villanelle	f	villanelles
ville	f	villes
ville-champignon	f	ville-champignons
ville-dortoir	f	villes-dortoirs
villosité	f	villosités
villégiateur	m	villégiateurs
villégiature	f	villégiatures
vin	m	vins
vina	f	vinas
vinage	m	vinages
vinaigre	m	vinaigres
vinaigrerie	f	vinaigreries
vinaigrette	f	vinaigrettes
vinaigrier	m	vinaigriers
vinasse	f	vinasses
vinblastine	f	vinblastines
vincamine	f	vincamines
vincennite	f	vincennites
vincristine	f	vincristines
vindicatif	m	vindicatifs
vindicative	f	vindicatives
vindicte	f	vindictes
vinette	f	vinettes
vingt	m	vingt
vingtaine	f	vingtaines
viniculture	f	vinicultures
vinificateur	m	vinificateurs
vinification	f	vinifications
vinosité	f	vinosités
vinyl	m	vinyls
vinylacétylène	m	vinylacétylènes
vinyle	m	vinyles
vinylite	f	vinylites
vinée	f	vinées
vioc	m	viocs
vioque	f	vioques
viol	m	viols
violacée	f	violacées
violateur	m	violateurs
violatrice	f	violatrices
violation	f	violations
viole	f	violes
violement	m	violements
violence	f	violences
violent	m	violents
violente	f	violentes
violet	m	violets
violette	f	violettes
violeur	m	violeurs
violier	m	violiers
violine	m	violines
violon	m	violons
violoncelle	m	violoncelles
violone	f	violones
violoneux	m	violoneux
viorne	f	viornes
vipère	f	vipères
vipéreau	m	vipéreaux
vipériau	m	vipériaux
vipéridé	m	vipéridés
vipérine	f	vipérines
virage	m	virages
virago	f	viragos
vire	f	vires
virelai	m	virelais
virement	m	virements
virescence	f	virescences
vireton	m	viretons
vireur	m	vireurs
virevoltage	m	virevoltages
virevolte	f	virevoltes
virevoltée	f	virevoltées
virga	f	virgas
virginale	f	virginales
virgine	f	virgines
virginie	m	virginies
virginité	f	virginités
virgulaire	f	virgulaires
virgule	f	virgules
virilisation	f	virilisations
virilisme	m	virilismes
virilité	f	virilités
virolage	m	virolages
virole	f	viroles
virolier	m	viroliers
virologie	f	virologies
virose	f	viroses
virostatique	m	virostatiques
virtualisation	f	virtualisations
virtualité	f	virtualités
virtuosité	f	virtuosités
virulence	f	virulences
virure	f	virures
virus	m	virus
virée	f	virées
virémie	f	virémies
vis	f	vis
visa	m	visas
visage	m	visages
visagisme	m	visagismes
viscache	f	viscaches
viscose	f	viscoses
viscosimètre	m	viscosimètres
viscosité	f	viscosités
viscère	m	viscères
viseur	m	viseurs
visibilité	f	visibilités
visible	m	visibles
visio	f	visios
vision	f	visions
visionnage	m	visionnages
visionnement	m	visionnements
visionneuse	f	visionneuses
visiophone	m	visiophones
visitandine	f	visitandines
visitation	f	visitations
visite	f	visites
visiteur	m	visiteurs
visiteuse	f	visiteuses
visiteuse	f	visiteuses
visière	f	visières
visnage	m	visnages
vison	m	visons
visonnière	f	visonnières
vissage	m	vissages
visserie	f	visseries
visseuse	f	visseuses
visualisation	f	visualisations
visuel	m	visuels
visuelle	f	visuelles
visé	m	visés
visée	f	visées
vit	m	vits
vitalisation	f	vitalisations
vitalisme	m	vitalismes
vitalité	f	vitalités
vitamination	f	vitaminations
vitamine	f	vitamines
vitaminothérapie	f	vitaminothérapies
vitellus	m	vitellus
vitelotte	f	vitelottes
vitesse	f	vitesses
viticulteur	m	viticulteurs
viticulture	f	viticultures
vitiligo	m	vitiligos
vitrage	m	vitrages
vitrail	m	vitraux
vitre	f	vitres
vitrerie	f	vitreries
vitrier	m	vitriers
vitrière	f	vitrières
vitrifiage	m	vitrifiages
vitrification	f	vitrifications
vitrine	f	vitrines
vitriol	m	vitriols
vitriolage	m	vitriolages
vitrioleur	m	vitrioleurs
vitrioleuse	f	vitrioleuses
vitriolisation	f	vitriolisations
vitriolé	m	vitriolés
vitriolée	f	vitriolées
vitrière	f	vitrières
vitrocéramique	f	vitrocéramiques
vitré	m	vitrés
vitrée	f	vitrées
vitupérateur	m	vitupérateurs
vitupératrice	f	vitupératrices
vitupération	f	vitupérations
vivacité	f	vivacités
vivandier	m	vivandiers
vivandière	f	vivandières
vivant	m	vivants
vivante	f	vivantes
vivarium	m	vivariums
vivat	m	vivats
vive	f	vives
viverridé	m	viverridés
viveur	m	viveurs
vivier	m	viviers
vivification	f	vivifications
vivipare	m	vivipares
viviparité	f	viviparités
vivisection	f	vivisections
vivoir	m	vivoirs
vizir	m	vizirs
vizirat	m	vizirats
vièle	f	vièles
vocable	m	vocables
vocabulaire	m	vocabulaires
vocalisateur	m	vocalisateurs
vocalisatrice	f	vocalisatrices
vocalisation	f	vocalisations
vocalise	f	vocalises
vocalisme	m	vocalismes
vocatif	m	vocatifs
vocation	f	vocations
vociférateur	m	vociférateurs
vocifératrice	f	vocifératrices
vocifération	f	vociférations
vodka	f	vodkas
voeu	m	voeux
vogoule	m	vogoules
vogue	f	vogues
voie	f	voies
voierie	f	voieries
voilage	m	voilages
voilement	m	voilements
voilerie	f	voileries
voilette	f	voilettes
voilier	m	voiliers
voilure	f	voilures
voirie	f	voiries
voisement	m	voisements
voisin	m	voisins
voisine	f	voisines
voisinage	m	voisinages
voisinée	f	voisinées
voiturage	m	voiturages
voiture	f	voitures
voiturette	f	voiturettes
voiturier	m	voituriers
voiturin	m	voiturins
voiturée	f	voiturées
voix	f	voix
vol	m	vols
vol-au-vent	m	vol-au-vent
volaille	f	volailles
volailler	m	volaillers
volailleur	m	volailleurs
volant	m	volants
volante	f	volantes
volapük	m	volapüks
volatile	m	volatiles
volatilisation	f	volatilisations
volatilité	f	volatilités
volcan	m	volcans
volcanisation	f	volcanisations
volcanisme	m	volcanismes
volcanologie	f	volcanologies
vole	f	voles
volerie	f	voleries
volet	m	volets
voletage	m	voletages
volettement	m	volettements
voleur	m	voleurs
voleuse	f	voleuses
volige	f	voliges
voligeage	m	voligeages
volis	m	volis
volition	f	volitions
volière	f	volières
volley	m	volleys
volley-ball	m	volley-balls
volleyeur	m	volleyeurs
volleyeuse	f	volleyeuses
volontariat	m	volontariats
volontarisme	m	volontarismes
volonté	f	volontés
volt	m	volts
voltage	m	voltages
voltaire	m	voltaires
voltairianisme	m	voltairianismes
voltairien	m	voltairiens
voltairienne	f	voltairiennes
voltampère	m	voltampères
voltamètre	m	voltamètres
voltaïsation	f	voltaïsations
volte	f	voltes
voltige	f	voltiges
voltigement	m	voltigements
voltigeur	m	voltigeurs
voltmètre	m	voltmètres
volubilis	m	volubilis
volubilité	f	volubilités
volucelle	f	volucelles
volucompteur	m	volucompteurs
volume	m	volumes
vol.	f	vol.
volumétrie	f	volumétries
voluptueux	m	voluptueux
voluptueuse	f	voluptueuses
volupté	f	voluptés
volute	f	volutes
volvaire	f	volvaires
volve	f	volves
volvocale	f	volvocales
volvox	m	volvox
volvulus	m	volvulus
volètement	m	volètements
volé	m	volés
volée	f	volées
volée	f	volées
volémie	f	volémies
vombrissement	m	vombrissements
vomer	m	vomers
vomi	m	vomis
vomique	f	vomiques
vomiquier	m	vomiquiers
vomissage	m	vomissages
vomissement	m	vomissements
vomissure	f	vomissures
vomitif	m	vomitifs
vomitoire	m	vomitoires
voracité	f	voracités
vortex	m	vortex
vorticelle	f	vorticelles
vosgien	m	vosgiens
vosgienne	f	vosgiennes
votant	m	votants
votante	f	votantes
votation	f	votations
vote	m	votes
voucher	m	vouchers
vouge	m	vouges
vouivre	f	vouivres
vouloir	m	vouloirs
vousoiement	m	vousoiements
vousseau	m	vousseaux
voussoiement	m	voussoiements
voussoir	m	voussoirs
voussure	f	voussures
vouvoiement	m	vouvoiements
vouvray	m	vouvray
voué	m	voués
voyage	m	voyages
voyageur	m	voyageurs
voyageuse	f	voyageuses
voyance	f	voyances
voyant	m	voyants
voyante	f	voyantes
voyellation	f	voyellations
voyelle	f	voyelles
voyeur	m	voyeurs
voyeurisme	m	voyeurismes
voyou	m	voyous
voyoucratie	f	voyoucraties
voyoute	f	voyoutes
voïvodat	m	voïvodats
voïvode	m	voïvodes
voïvodie	f	voïvodies
voïévodie	f	voïévodies
voûtage	m	voûtages
voûtain	m	voûtains
voûte	f	voûtes
voûtement	m	voûtements
vrac	m	vracs
vrai	m	vrais
vraisemblable	m	vraisemblables
vraisemblance	f	vraisemblances
vraquier	m	vraquiers
vreneli	m	vrenelis
vrillage	m	vrillages
vrille	f	vrilles
vrillement	m	vrillements
vrillette	f	vrillettes
vrillée	f	vrillées
vrombissement	m	vrombissements
vue	f	vues
vulcain	m	vulcains
vulcanisant	m	vulcanisants
vulcanisation	f	vulcanisations
vulcanologie	f	vulcanologies
vulgaire	m	vulgaires
vulgarisateur	m	vulgarisateurs
vulgarisatrice	f	vulgarisatrices
vulgarisation	f	vulgarisations
vulgarisme	m	vulgarismes
vulgarité	f	vulgarités
vulgate	f	vulgates
vulnérabilité	f	vulnérabilités
vulnération	f	vulnérations
vulpin	m	vulpins
vulvaire	f	vulvaires
vulve	f	vulves
vécu	m	vécus
véda	m	védas
védique	m	védiques
védisme	m	védismes
végétalisation	f	végétalisations
végétalisme	m	végétalismes
végétarien	m	végétariens
végétarienne	f	végétariennes
végétarisme	m	végétarismes
végétation	f	végétations
végétement	m	végétements
véhiculage	m	véhiculages
véhiculation	f	véhiculations
véhicule	m	véhicules
véhémence	f	véhémences
vélaire	f	vélaires
vélarisation	f	vélarisations
vélie	f	vélies
vélin	m	vélins
vélite	m	vélites
vélo	m	vélos
vélocipède	m	vélocipèdes
vélocité	f	vélocités
vélodrome	m	vélodromes
vélomoteur	m	vélomoteurs
véloski	m	véloskis
vélum	m	vélums
vénalité	f	vénalités
vénerie	f	véneries
vénitien	m	vénitiens
vénitienne	f	vénitiennes
vénitienne	f	vénitiennes
vénus	f	vénus
vénusien	m	vénusiens
vénusienne	f	vénusiennes
vénusté	f	vénustés
vénération	f	vénérations
vénéricarde	f	vénéricardes
vénérien	m	vénériens
vénérienne	f	vénériennes
vénérologie	f	vénérologies
vénéréologie	f	vénéréologies
vénézuélien	m	vénézuéliens
vénézuélienne	f	vénézuéliennes
véracité	f	véracités
véraison	f	véraisons
véranda	f	vérandas
vératre	m	vératres
vératrine	f	vératrines
véridicité	f	véridicités
vérifiabilité	f	vérifiabilités
vérificateur	m	vérificateurs
vérificatrice	f	vérificatrices
vérification	f	vérifications
vérificatrice	f	vérificatrices
vérifieur	m	vérifieurs
vérin	m	vérins
vérine	f	vérines
vérisme	m	vérismes
vérité	f	vérités
vérole	f	véroles
vérolé	m	vérolés
vérolée	f	vérolées
véronal	m	véronals
véronique	f	véroniques
vérétille	m	vérétilles
vésanie	f	vésanies
vésicant	m	vésicants
vésication	f	vésications
vésicatoire	m	vésicatoires
vésicule	f	vésicules
vésiculectomie	f	vésiculectomies
vésiculographie	f	vésiculographies
vétillard	f	vétillards
vétille	f	vétilles
vétilleur	f	vétilleurs
vétiver	m	vétivers
vétusté	f	vétustés
vétyver	m	vétyvers
vétéran	m	vétérans
vétérance	f	vétérances
vêlage	m	vêlages
vêlement	m	vêlements
vêtement	m	vêtements
vêtissement	m	vêtissements
vêture	f	vêtures
vôtre	m	vôtres
wading	m	wadings
wagage	m	wagages
wagnérien	m	wagnériens
wagnérienne	f	wagnériennes
wagnérisation	f	wagnérisations
wagnérisme	m	wagnérismes
wagon	m	wagons
wagon-bar	m	wagons-bars
wagon-citerne	m	wagons-citernes
wagon-foudre	m	wagons-foudres
wagon-lit	m	wagons-lits
wagon-poste	m	wagons-poste
wagon-restaurant	m	wagons-restaurants
wagon-réservoir	m	wagons-réservoirs
wagon-salon	m	wagons-salons
wagon-tombereau	m	wagons-tombereaux
wagon-trémie	m	wagons-trémies
wagon-vanne	m	wagons-vannes
wagonnet	m	wagonnets
wagonnier	m	wagonniers
wagonnée	f	wagonnées
wahhabisme	m	wahhabismes
walk	m	walks
walk-over	m	walk-over
walkie	m	walkies
walkie-talkie	m	walkie-talkies
walkman	m	walkmans
walkyrie	f	walkyries
wallaby	m	wallabies
wallon	m	wallons
wallonne	f	wallonnes
wallonisme	m	wallonismes
wapiti	m	wapitis
wargame	m	wargames
warrant	m	warrants
warrantage	m	warrantages
washingtonia	m	washingtonias
wassingue	f	wassingues
water-ballast	m	water-ballasts
water-closet	m	water-closets
water-closets	m	water-closets
water-polo	m	water-polos
watergang	m	watergangs
wateringue	f	wateringues
waterproof	m	waterproofs
watt	m	watts
watt-heure	m	watt-heures
wattheure	m	wattheures
wattman	m	wattmans
wattmètre	m	wattmètres
web	m	webs
webcam	f	webcams
weber	m	webers
webographie	f	webographies
week-end	m	week-ends
wehnelt	m	wehnelts
wellingtonia	m	wellingtonias
weltanschauung	f	weltanschauungs
welter	m	welters
wergeld	m	wergelds
western	m	westerns
wharf	m	wharfs
whipcord	m	whipcords
whippet	m	whippets
whisky	m	whiskies
whist	m	whists
white-spirit	m	white-spirit
wifi	m	wifis
wigwam	m	wigwams
wilaya	f	wilayas
williams	f	williams
winch	m	winchs
winchester	m	winchesters
window	f	windows
windsurf	m	windsurfs
wintergreen	m	wintergreens
wishbone	m	wishbones
wisigoth	m	wisigoths
wisigothe	f	wisigothes
witloof	f	witloofs
wolfram	m	wolframs
wombat	m	wombats
won	m	won
woofer	m	woofers
woogie	m	woogies
workflow	m	workflows
workshop	m	workshops
wu	m	wus
wurtembergeois	m	wurtembergeois
wurtembergeoise	f	wurtembergeoises
wyandotte	f	wyandottes
würm	m	würms
xanthie	f	xanthies
xanthine	f	xanthines
xanthome	m	xanthomes
xanthophycée	f	xanthophycées
xanthophylle	f	xanthophylles
xanthoxyloide	m	xanthoxyloides
xanthélasma	m	xanthélasmas
xi	m	xi
xiang	m	xiangs
ximenia	m	ximenias
ximénie	f	ximénies
xipho	m	xiphos
xiphophore	m	xiphophores
xls	m	xls
xml	m	xml
xylidine	f	xylidines
xylocope	m	xylocopes
xylographie	f	xylographies
xylol	m	xylols
xylophage	m	xylophages
xylophone	m	xylophones
xylène	m	xylènes
xyste	m	xystes
xénarthre	m	xénarthres
xénodiagnostic	m	xénodiagnostics
xénon	m	xénons
xénophilie	f	xénophilies
xénophobie	f	xénophobies
xénotropisme	m	xénotropismes
xénélasie	f	xénélasies
xéranthème	m	xéranthèmes
xérocopie	f	xérocopies
xérodermie	f	xérodermies
xérographie	f	xérographies
xérophtalmie	f	xérophtalmies
xérophyte	f	xérophytes
xérus	m	xérus
xérès	m	xérès
yacht	m	yachts
yacht-club	m	yacht-clubs
yachting	m	yachtings
yachtman	m	yachtmans
yachtsman	m	yachtsmans
yachtswoman	f	yachtswomans
yachtwoman	f	yachtwomans
yack	m	yacks
yak	m	yaks
yakuza	m	yakuzas
yang	m	yangs
yaourt	m	yaourts
yaourtière	f	yaourtières
yard	m	yards
yatagan	m	yatagans
yawl	m	yawls
yearling	m	yearlings
yen	m	yens
yeoman	m	yeomen
yeomanry	f	yeomanrys
yiddish	m	yiddish
yin	m	yins
ylang	m	ylangs
yo-yo	m	yo-yo
yod	m	yods
yodisation	f	yodisations
yoga	m	yogas
yoghourt	m	yoghourts
yogi	m	yogis
yogourt	m	yogourts
yohimbehe	m	yohimbehes
yohimbine	f	yohimbines
yole	f	yoles
yorkais	m	yorkais
yorkaise	f	yorkaises
youpin	m	youpins
youpine	f	youpines
yourte	f	yourtes
youtre	f	youtres
youyou	m	youyous
yponomeute	m	yponomeutes
ypréau	m	ypréaux
ypérite	f	ypérites
ysopet	m	ysopets
ytterbine	f	ytterbines
ytterbium	m	ytterbiums
yttria	m	yttrias
yttrialite	f	yttrialites
yttrium	m	yttriums
yuan	m	yuans
yucca	m	yuccas
yèble	f	yèbles
yéti	m	yétis
zabre	m	zabres
zadage	m	zadages
zakat	f	zakats
zakouski	m	zakouskis
zambien	m	zambiens
zambienne	f	zambiennes
zamia	m	zamias
zancle	m	zancles
zani	m	zani
zanni	m	zanni
zanzi	m	zanzis
zanzibar	m	zanzibars
zaouïa	f	zaouïa
zapatisme	m	zapatismes
zappage	m	zappages
zappette	f	zappettes
zapping	m	zappings
zart	m	zarts
zarzuela	f	zarzuelas
zawiya	f	zawiya
zazou	m	zazous
zaïbatsu	m	zaïbatsus
zaïre	m	zaïres
zaïrois	m	zaïrois
zaïroise	f	zaïroises
zellige	m	zelliges
zemstvo	m	zemstvos
zen	m	zen
zenana	f	zenanas
zeppelin	m	zeppelins
zest	m	zests
zestage	m	zestages
zeste	m	zestes
zeugma	m	zeugmas
zeugme	m	zeugmes
zeuzère	f	zeuzères
zibeline	f	zibelines
zieutage	m	zieutages
zig	m	zigs
ziggourat	f	ziggourats
zigoteau	m	zigoteaux
zigoto	m	zigotos
zigouillage	m	zigouillages
zigue	m	zigues
zigzag	m	zigzags
zigzaguée	f	zigzaguées
zinc	m	zincs
zincage	m	zincages
zincate	m	zincates
zincographie	f	zincographies
zine	m	zines
zingage	m	zingages
zingaro	m	zingara
zingibéracée	f	zingibéracées
zinguage	m	zinguages
zingueur	m	zingueurs
zinjanthrope	m	zinjanthropes
zinnia	m	zinnias
zinzinulement	m	zinzinulements
zippage	m	zippages
zircon	m	zircons
zircone	f	zircones
zirconite	f	zirconites
zirconium	m	zirconiums
zist	m	zists
zizanie	f	zizanies
zizi	m	zizis
zloty	m	zlotys
zoanthaire	m	zoanthaires
zoanthropie	f	zoanthropies
zodiaque	m	zodiaques
zombi	m	zombis
zombie	m	zombies
zonage	m	zonages
zonard	m	zonards
zone	f	zones
zonier	m	zoniers
zonière	f	zonières
zonure	m	zonures
zonzon	m	zonzons
zonzonnement	m	zonzonnements
zoo	m	zoos
zoogamète	m	zoogamètes
zooglée	f	zooglées
zoogéographie	f	zoogéographies
zoolite	m	zoolites
zoolithe	m	zoolithes
zoologie	f	zool..
zoolâtrie	f	zoolâtries
zoom	m	zooms
zoomorphisme	m	zoomorphismes
zoonose	f	zoonoses
zoophilie	f	zoophilies
zoophobie	f	zoophobies
zoophore	m	zoophores
zoophyte	m	zoophytes
zooplancton	m	zooplanctons
zoopsie	f	zoopsies
zoosporange	m	zoosporanges
zoospore	f	zoospores
zoosémiotique	f	zoosémiotiques
zootaxie	f	zootaxies
zootechnicien	m	zootechniciens
zootechnicienne	f	zootechniciennes
zootechnie	f	zootechnies
zoothérapie	f	zoothérapies
zorille	f	zorilles
zoroastrien	m	zoroastriens
zoroastrienne	f	zoroastriennes
zoroastrisme	m	zoroastrismes
zostère	f	zostères
zouave	m	zouaves
zoulou	m	zoulous
zouloue	f	zouloues
zozo	m	zozos
zozotement	m	zozotements
zoïle	m	zoïles
zucchette	f	zucchettes
zuchette	f	zuchettes
zwanze	f	zwanzes
zwinglianisme	m	zwinglianismes
zygoma	m	zygomas
zygomatique	m	zygomatiques
zygomycète	m	zygomycètes
zygopétale	m	zygopétales
zygote	m	zygotes
zygène	f	zygènes
zymase	f	zymases
zymotechnie	f	zymotechnies
zython	m	zythons
zythum	m	zythums
zèbre	m	zèbres
zèle	m	zèles
zébrure	f	zébrures
zébu	m	zébus
zée	m	zées
zéine	f	zéines
zélandais	m	zélandais
zélandaise	f	zélandaises
zélateur	m	zélateurs
zélatrice	f	zélatrices
zélé	m	zélés
zélée	f	zélées
zénith	m	zéniths
zénitude	f	zénitudes
zéolite	f	zéolites
zéolithe	f	zéolithes
zéphyr	m	zéphyrs
zéphyrine	f	zéphyrines
zéro	m	zéros
zérotage	m	zérotages
zérumbet	m	zérumbets
zézaiement	m	zézaiements
zézayement	m	zézayements
zêta	m	zêta
à-peu-près	m	à-peu-près
âcreté	f	âcretés
âge	m	âges
âme	f	âmes
âne	m	ânes
ânesse	f	ânesses
ânerie	f	âneries
ânesse	f	ânesses
ânier	m	âniers
ânière	f	ânières
ânon	m	ânons
ânonnage	m	ânonnages
ânonnement	m	ânonnements
âpreté	f	âpretés
âtre	m	âtres
èche	f	èches
ère	f	ères
ébahissement	m	ébahissements
ébarbage	m	ébarbages
ébarbement	m	ébarbements
ébarbeur	m	ébarbeurs
ébarbeuse	f	ébarbeuses
ébarbeuse	f	ébarbeuses
ébarboir	m	ébarboirs
ébarbure	f	ébarbures
ébat	m	ébats
ébattement	m	ébattements
ébauchage	m	ébauchages
ébauche	f	ébauches
ébaucheur	m	ébaucheurs
ébauchoir	m	ébauchoirs
ébauchon	m	ébauchons
ébaudissement	m	ébaudissements
ébavurage	m	ébavurages
éberluement	m	éberluements
ébisèlement	m	ébisèlements
éblouissance	f	éblouissances
éblouissement	m	éblouissements
ébonite	f	ébonites
éborgnage	m	éborgnages
éborgnement	m	éborgnements
ébouage	m	ébouages
éboueur	m	éboueurs
ébouillantage	m	ébouillantages
ébouillantement	m	ébouillantements
éboulement	m	éboulements
éboulis	m	éboulis
ébourgeonnage	m	ébourgeonnages
ébourgeonnement	m	ébourgeonnements
ébouriffage	m	ébouriffages
ébouriffement	m	ébouriffements
ébourrage	m	ébourrages
éboutage	m	éboutages
éboutonnage	m	éboutonnages
ébranchage	m	ébranchages
ébranchement	m	ébranchements
ébranchoir	m	ébranchoirs
ébranlement	m	ébranlements
ébrasement	m	ébrasements
ébrasure	f	ébrasures
ébrié	m	ébriés
ébriée	f	ébriées
ébriété	f	ébriétés
ébrouage	m	ébrouages
ébroudage	m	ébroudages
ébrouement	m	ébrouements
ébroïcien	m	ébroïciens
ébruitement	m	ébruitements
ébrutage	m	ébrutages
ébrèchement	m	ébrèchements
ébréchage	m	ébréchages
ébréchure	f	ébréchures
ébulliomètre	m	ébulliomètres
ébulliométrie	f	ébulliométries
ébullioscope	m	ébullioscopes
ébullioscopie	f	ébullioscopies
ébullition	f	ébullitions
éburnation	f	éburnations
ébène	f	ébènes
ébénacée	f	ébénacées
ébénier	m	ébéniers
ébénisterie	f	ébénisteries
écabochage	m	écabochages
écachement	m	écachements
écaillage	m	écaillages
écaille	f	écailles
écaillement	m	écaillements
écailler	m	écaillers
écaillère	f	écaillères
écailleur	m	écailleurs
écaillure	f	écaillures
écalage	m	écalages
écale	f	écales
écalure	f	écalures
écang	m	écangs
écangage	m	écangages
écangue	f	écangues
écarquillement	m	écarquillements
écart	m	écarts
écartage	m	écartages
écartelage	m	écartelages
écartelure	f	écartelures
écartelé	m	écartelés
écartement	m	écartements
écarteur	m	écarteurs
écartillement	m	écartillements
écartèlement	m	écartèlements
écarté	m	écartés
écervellement	m	écervellements
écervelé	m	écervelés
écervelée	f	écervelées
échafaud	m	échafauds
échafaudage	m	échafaudages
échafaudement	m	échafaudements
échalas	m	échalas
échalassage	m	échalassages
échalassement	m	échalassements
échalier	m	échaliers
échalote	f	échalotes
échancrage	m	échancrages
échancrement	m	échancrements
échancrure	f	échancrures
échange	m	échanges
échangement	m	échangements
échangeur	m	échangeurs
échangisme	m	échangismes
échanson	m	échansons
échansonnerie	f	échansonneries
échantignolle	f	échantignolles
échantillon	m	échantillons
échantillonnage	m	échantillonnages
échantillonneur	m	échantillonneurs
échappade	f	échappades
échappatoire	f	échappatoires
échappement	m	échappements
échappé	m	échappés
échappée	f	échappées
échappée	f	échappées
écharde	f	échardes
échardonnage	m	échardonnages
échardonnette	f	échardonnettes
échardonnoir	m	échardonnoirs
écharnage	m	écharnages
écharnement	m	écharnements
écharneur	m	écharneurs
écharneuse	f	écharneuses
écharneuse	f	écharneuses
écharnoir	m	écharnoirs
écharnure	f	écharnures
écharpage	m	écharpages
écharpe	f	écharpes
écharpement	m	écharpements
écharpillage	m	écharpillages
écharpillement	m	écharpillements
échasse	f	échasses
échassier	m	échassiers
échauboulure	f	échauboulures
échaudage	m	échaudages
échaudement	m	échaudements
échaudure	f	échaudures
échaudé	m	échaudés
échauffe	f	échauffes
échauffement	m	échauffements
échauffourée	f	échauffourées
échauffure	f	échauffures
échauffé	m	échauffés
échauguette	f	échauguettes
échec	m	échecs
échelette	f	échelettes
échelier	m	écheliers
échelle	f	échelles
échellement	m	échellements
échelon	m	échelons
échelonnage	m	échelonnages
échelonnement	m	échelonnements
échenillage	m	échenillages
échenilloir	m	échenilloirs
écheveau	m	écheveaux
échevellement	m	échevellements
échevettage	m	échevettages
échevette	f	échevettes
échevin	m	échevins
échevinage	m	échevinages
échevèlement	m	échevèlements
échidné	m	échidnés
échignement	m	échignements
échine	f	échines
échinocactus	m	échinocactus
échinocoque	m	échinocoques
échinoderme	m	échinodermes
échiqueté	m	échiquetés
échiquier	m	échiquiers
écho	m	échos
échoendoscopie	f	échoendoscopies
échographie	f	échographies
écholalie	f	écholalies
échoppage	m	échoppages
échoppe	f	échoppes
échotier	m	échotiers
échotière	f	échotières
échotomographie	f	échotomographies
échouage	m	échouages
échouement	m	échouements
échéance	f	échéances
échéancier	m	échéanciers
écidie	f	écidies
écimage	m	écimages
éclaboussade	f	éclaboussades
éclaboussage	m	éclaboussages
éclaboussement	m	éclaboussements
éclaboussure	f	éclaboussures
éclair	m	éclairs
éclairage	m	éclairages
éclaircie	f	éclaircies
éclaircissage	m	éclaircissages
éclaircissement	m	éclaircissements
éclaire	f	éclaires
éclairement	m	éclairements
éclaireur	m	éclaireurs
éclaireuse	f	éclaireuses
éclat	m	éclats
éclatage	m	éclatages
éclatement	m	éclatements
éclateur	m	éclateurs
éclaté	m	éclatés
éclectisme	m	éclectismes
éclimètre	m	éclimètres
éclipse	f	éclipses
écliptique	m	écliptiques
éclissage	m	éclissages
éclisse	f	éclisses
éclogite	f	éclogites
éclopement	m	éclopements
écloppement	m	écloppements
éclopé	m	éclopés
éclopée	f	éclopées
éclosion	f	éclosions
éclusage	m	éclusages
écluse	f	écluses
éclusement	m	éclusements
éclusier	m	éclusiers
éclusière	f	éclusières
éclusée	f	éclusées
écobuage	m	écobuages
écocide	m	écocides
écoeurance	f	écoeurances
écoeurement	m	écoeurements
écoin	m	écoins
écolage	m	écolages
école	f	écoles
écolier	m	écoliers
écolière	f	écolières
écologie	f	écologies
écologisme	m	écologismes
écomusée	m	écomusées
éconduction	f	éconductions
économat	m	économats
économicisme	m	économicismes
économie	f	économies
économiseur	m	économiseurs
économisme	m	économismes
économétricien	m	économétriciens
économétrie	f	économétries
écopage	m	écopages
écope	f	écopes
écoperche	f	écoperches
écoquetage	m	écoquetages
écorage	m	écorages
écorce	f	écorces
écorcement	m	écorcements
écorceur	m	écorceurs
écorchage	m	écorchages
écorchement	m	écorchements
écorcheur	m	écorcheurs
écorchure	f	écorchures
écorché	m	écorchés
écorchée	f	écorchées
écornage	m	écornages
écorniflage	m	écorniflages
écorniflerie	f	écornifleries
écornifleur	m	écornifleurs
écornifleuse	f	écornifleuses
écornure	f	écornures
écorçage	m	écorçages
écosphère	f	écosphères
écossage	m	écossages
écossais	m	écossais
écossaise	f	écossaises
écossaise	f	écossaises
écosystème	m	écosystèmes
écot	m	écots
écotone	m	écotones
écotourisme	m	écotourismes
écotype	m	écotypes
écoulage	m	écoulages
écoulement	m	écoulements
écoumène	m	écoumènes
écourgeon	m	écourgeons
écourtage	m	écourtages
écourtement	m	écourtements
écoutant	m	écoutants
écoute	f	écoutes
écoutement	m	écoutements
écouteur	m	écouteurs
écoutille	f	écoutilles
écouvillon	m	écouvillons
écouvillonnage	m	écouvillonnages
écouvillonnement	m	écouvillonnements
écrabouillade	f	écrabouillades
écrabouillage	m	écrabouillages
écrabouillement	m	écrabouillements
écran	m	écrans
écrasage	m	écrasages
écrasement	m	écrasements
écraseur	m	écraseurs
écrasé	m	écrasés
écrevisse	f	écrevisses
écrin	m	écrins
écrit	m	écrits
écriteau	m	écriteaux
écritoire	f	écritoires
écriture	f	écritures
écrivaillerie	f	écrivailleries
écrivailleur	m	écrivailleurs
écrivaillon	m	écrivaillons
écrivain	m	écrivains
écrivaine	f	écrivaines
écrivasserie	f	écrivasseries
écrivassier	m	écrivassiers
écrivassière	f	écrivassières
écrotage	m	écrotages
écrou	m	écrous
écrouage	m	écrouages
écrouelle	f	écrouelles
écrouissage	m	écrouissages
écrouissement	m	écrouissements
écroulement	m	écroulements
écroûtage	m	écroûtages
écroûteuse	f	écroûteuses
écru	m	écrus
écrémage	m	écrémages
écrémeuse	f	écrémeuses
écrêtage	m	écrêtages
écrêtement	m	écrêtements
écu	m	écus
écubier	m	écubiers
écueil	m	écueils
écuelle	f	écuelles
écuellée	f	écuellées
éculement	m	éculements
écumage	m	écumages
écume	f	écumes
écumeur	m	écumeurs
écumeuse	f	écumeuses
écumoire	f	écumoires
écurage	m	écurages
écureuil	m	écureuils
écurie	f	écuries
écusson	m	écussons
écussonnage	m	écussonnages
écussonnoir	m	écussonnoirs
écuyer	m	écuyers
écuyère	f	écuyères
écôtage	m	écôtages
édam	m	édams
éden	m	édens
édentation	f	édentations
édenté	m	édentés
édentée	f	édentées
édiction	f	édictions
édicule	m	édicules
édificateur	m	édificateurs
édification	f	édifications
édifice	m	édifices
édilité	f	édilités
édit	m	édits
éditeur	m	édit..
éditrice	f	éditrices
édition	f	éd.
éditorial	m	éditorial
édredon	m	édredons
éducateur	m	éducateurs
éducation	f	éducations
édulcorant	m	édulcorants
édulcoration	f	édulcorations
édénisation	f	édénisations
édénisme	m	édénismes
éfendi	m	éfendis
éfourceau	m	éfourceaux
égagropile	m	égagropiles
égaiement	m	égaiements
égaillement	m	égaillements
égal	m	égaux
égale	f	égales
également	m	égalements
égalisage	m	égalisages
égalisation	f	égalisations
égalisatrice	f	égalisatrices
égaliseur	m	égaliseurs
égaliseuse	f	égaliseuses
égalitarisme	m	égalitarismes
égalité	f	égalités
égard	m	égards
égarement	m	égarements
égayement	m	égayements
égermage	m	égermages
égide	f	égides
églantier	m	églantiers
églantine	f	églantines
églefin	m	églefins
église	f	églises
églogue	f	églogues
églomisation	f	églomisations
égocentrisme	m	égocentrismes
égologie	f	égologies
égorgeade	f	égorgeades
égorgement	m	égorgements
égorgerie	f	égorgeries
égorgeur	m	égorgeurs
égorgillement	m	égorgillements
égosillement	m	égosillements
égotisme	m	égotismes
égout	m	égouts
égoutier	m	égoutiers
égouttage	m	égouttages
égouttement	m	égouttements
égouttis	m	égouttis
égouttoir	m	égouttoirs
égoutture	f	égouttures
égoïne	f	égoïnes
égoïsme	m	égoïsmes
égrain	m	égrains
égrainage	m	égrainages
égrainement	m	égrainements
égrappage	m	égrappages
égrappeur	m	égrappeurs
égrappoir	m	égrappoirs
égratignement	m	égratignements
égratignoir	m	égratignoirs
égratignure	f	égratignures
égrenage	m	égrenages
égreneuse	f	égreneuses
égrenoir	m	égrenoirs
égrillard	m	égrillards
égrillarde	f	égrillardes
égrisage	m	égrisages
égrisé	m	égrisés
égrisée	f	égrisées
égrugeage	m	égrugeages
égrugeoir	m	égrugeoirs
égrène	f	égrènes
égrènement	m	égrènements
égrésage	m	égrésages
égueulement	m	égueulements
égyptianisation	f	égyptianisations
égyptien	m	égyptiens
égyptienne	f	égyptiennes
égyptienne	f	égyptiennes
égyptologie	f	égyptologies
égérie	f	égéries
éhoupage	m	éhoupages
éjaculation	f	éjaculations
éjarrage	m	éjarrages
éjecteur	m	éjecteurs
éjection	f	éjections
éjointage	m	éjointages
éjouissance	f	éjouissances
élaboration	f	élaborations
élagage	m	élagages
élagation	f	élagations
élaguement	m	élaguements
élagueur	m	élagueurs
élan	m	élans
élancement	m	élancements
élargissement	m	élargissements
élasticimètre	m	élasticimètres
élasticimétrie	f	élasticimétries
élasticité	f	élasticités
élastique	m	élastiques
élastomère	m	élastomères
élavage	m	élavages
électeur	m	électeurs
électrice	f	électrices
élection	f	élections
électivité	f	électivités
électoralisme	m	électoralismes
électorat	m	électorats
électret	m	électrets
électricien	m	électriciens
électricienne	f	électriciennes
électricité	f	électricités
électrification	f	électrifications
électrisation	f	électrisations
électro-encéphalographie	f	électro-encéphalographies
électrobiologie	f	électrobiologies
électrocapillarité	f	électrocapillarités
électrocardiogramme	m	électrocardiogrammes
électrocardiographe	m	électrocardiographes
électrocardiographie	f	électrocardiographies
électrocautère	m	électrocautères
électrochimie	f	électrochimies
électrochirurgie	f	électrochirurgies
électrochoc	m	électrochocs
électrocinétique	f	électrocinétiques
électrocoagulation	f	électrocoagulations
électrocopie	f	électrocopies
électroculture	f	électrocultures
électrocution	f	électrocutions
électrocuté	m	électrocutés
électrocutée	f	électrocutées
électrode	f	électrodes
électrodiagnostic	m	électrodiagnostics
électrodialyse	f	électrodialyses
électrodynamique	f	électrodynamiques
électrodynamomètre	m	électrodynamomètres
électrodéposition	f	électrodépositions
électroencéphalogramme	m	électroencéphalogrammes
électrogalvanisme	m	électrogalvanismes
électrologie	f	électrologies
électroluminescence	f	électroluminescences
électrolyse	f	électrolyses
électrolyte	m	électrolytes
électromagnétisme	m	électromagnétismes
électromètre	m	électromètres
électroménager	m	électroménagers
électron	m	électrons
électron-volt	m	électron-volts
électronicien	m	électroniciens
électronicienne	f	électroniciennes
électronique	f	électroniques
électronographie	f	électronographies
électrophone	m	électrophones
électrophorèse	f	électrophorèses
électrophysiologie	f	électrophysiologies
électroponcture	f	électroponctures
électropuncture	f	électropunctures
électroradiologie	f	électroradiologies
électrorétinogramme	m	électrorétinogrammes
électroscope	m	électroscopes
électrostatique	f	électrostatiques
électrostriction	f	électrostrictions
électrotechnicien	m	électrotechniciens
électrotechnicienne	f	électrotechniciennes
électrotechnique	f	électrotechniques
électrothermie	f	électrothermies
électrothérapie	f	électrothérapies
électrotropisme	m	électrotropismes
électrovalence	f	électrovalences
électrovalve	f	électrovalves
électrovanne	f	électrovannes
électrum	m	électrums
électuaire	m	électuaires
élevage	m	élevages
éleveur	m	éleveurs
éleveuse	f	éleveuses
éleveuse	f	éleveuses
élevon	m	élevons
élicitation	f	élicitations
éligibilité	f	éligibilités
élimage	m	élimages
éliminateur	m	éliminateurs
élimination	f	éliminations
éliminatoire	f	éliminatoires
élinde	f	élindes
élingage	m	élingages
élinguage	m	élinguages
élingue	f	élingues
élis	f	élis
élision	f	élisions
élite	f	élites
élitisme	m	élitismes
élixir	m	élixirs
élocution	f	élocutions
élodée	f	élodées
éloge	m	éloges
éloignement	m	éloignements
élongation	f	élongations
éloquence	f	éloquences
élu	m	élus
élue	f	élues
élucidation	f	élucidations
élucubration	f	élucubrations
élugement	m	élugements
élusion	f	élusions
élution	f	élutions
éluvion	f	éluvions
élytre	m	élytres
élèvement	m	élèvements
élégance	f	élégances
élégant	m	élégants
élégante	f	élégantes
élégi	m	élégis
élégie	f	élégies
éléis	m	éléis
élément	m	éléments
élémentation	f	élémentations
éléphant	m	éléphants
éléphante	f	éléphantes
éléphanteau	m	éléphanteaux
éléphantiasis	m	éléphantiasis
élévateur	m	élévateurs
élévation	f	élévations
élévatoire	f	élévatoires
émaciation	f	émaciations
émaciement	m	émaciements
émail	m	émaeux
émaillage	m	émaillages
émaillerie	f	émailleries
émailleur	m	émailleurs
émaillure	f	émaillures
émanation	f	émanations
émanche	f	émanches
émancipateur	m	émancipateurs
émancipatrice	f	émancipatrices
émancipation	f	émancipations
émanée	f	émanées
émargement	m	émargements
émasculateur	m	émasculateurs
émasculation	f	émasculations
émendation	f	émendations
émergement	m	émergements
émergence	f	émergences
émeri	m	émeris
émerillon	m	émerillons
émersion	f	émersions
émerveillance	f	émerveillances
émerveillement	m	émerveillements
émetteur	m	émetteurs
émettrice	f	émettrices
émeu	m	émeus
émeute	f	émeutes
émeutier	m	émeutiers
émeutière	f	émeutières
émiettage	m	émiettages
émiettement	m	émiettements
émigrant	m	émigrants
émigrante	f	émigrantes
émigration	f	émigrations
émigré	m	émigrés
émincé	m	émincés
éminence	f	éminences
éminçage	m	éminçages
émir	m	émirs
émirat	m	émirats
émission	f	émissions
émissole	f	émissoles
émoi	m	émois
émollient	m	émollients
émolument	m	émoluments
émonctoire	m	émonctoires
émondage	m	émondages
émonde	f	émondes
émondeur	m	émondeurs
émondoir	m	émondoirs
émorfilage	m	émorfilages
émotif	m	émotifs
émotive	f	émotives
émotion	f	émotions
émotivité	f	émotivités
émottage	m	émottages
émotteur	m	émotteurs
émotteuse	f	émotteuses
émou	m	émous
émouchet	m	émouchets
émouchetage	m	émouchetages
émouchette	f	émouchettes
émouchoir	m	émouchoirs
émoulage	m	émoulages
émouleur	m	émouleurs
émoussage	m	émoussages
émoussement	m	émoussements
émoustillement	m	émoustillements
émouture	f	émoutures
émulateur	m	émulateurs
émulation	f	émulations
émulseur	m	émulseurs
émulsif	m	émulsifs
émulsification	f	émulsifications
émulsine	f	émulsines
émulsion	f	émulsions
émulsionnage	m	émulsionnages
émulsionnant	m	émulsionnants
émulsionnement	m	émulsionnements
émétine	f	émétines
émétique	m	émétiques
énamourement	m	énamourements
énanthème	m	énanthèmes
énarchie	f	énarchies
énarration	f	énarrations
énarthrose	f	énarthroses
énergie	f	énergies
énergéticien	m	énergéticiens
énergéticienne	f	énergéticiennes
énergétique	f	énergétiques
énervation	f	énervations
énervement	m	énervements
énervé	m	énervés
énervée	f	énervées
énigme	f	énigmes
énoncement	m	énoncements
énonciation	f	énonciations
énoncé	m	énoncés
énophtalmie	f	énophtalmies
énormité	f	énormités
énostose	f	énostoses
énouage	m	énouages
énucléation	f	énucléations
énumération	f	énumérations
énurésie	f	énurésies
éocène	m	éocènes
éolien	m	éoliens
éolienne	f	éoliennes
éolienne	f	éoliennes
éolipile	m	éolipiles
éolipyle	m	éolipyles
éolithe	m	éolithes
éon	m	éons
éonisme	m	éonismes
éosine	f	éosines
éosinophilie	f	éosinophilies
épacte	f	épactes
épagneul	m	épagneuls
épagneule	f	épagneules
épaillage	m	épaillages
épair	m	épairs
épaisseur	f	épaisseurs
épaississage	m	épaississages
épaississant	m	épaississants
épaississement	m	épaississements
épalement	m	épalements
épamprage	m	épamprages
épamprement	m	épamprements
épanchement	m	épanchements
épandage	m	épandages
épandement	m	épandements
épandeur	m	épandeurs
épandeuse	f	épandeuses
épannelage	m	épannelages
épanouissement	m	épanouissements
éparchie	f	éparchies
épargnant	m	épargnants
épargnante	f	épargnantes
épargne	f	épargnes
épargnement	m	épargnements
éparpillage	m	éparpillages
éparpillement	m	éparpillements
éparque	m	éparques
épart	m	éparts
épatage	m	épatages
épate	f	épates
épatement	m	épatements
épateur	m	épateurs
épateuse	f	épateuses
épaufrement	m	épaufrements
épaufrure	f	épaufrures
épaulard	m	épaulards
épaule	f	épaules
épaulement	m	épaulements
épaulette	f	épaulettes
épaulière	f	épaulières
épaulé	m	épaulés
épaulé-jeté	m	épaulés-jetés
épaulée	f	épaulées
épave	f	épaves
épeautre	m	épeautres
épeiche	f	épeiches
épeichette	f	épeichettes
épeire	f	épeires
épelage	m	épelages
épellation	f	épellations
épellement	m	épellements
épendyme	m	épendymes
épenthèse	f	épenthèses
éperduement	m	éperduements
éperdument	m	éperduments
éperlan	m	éperlans
éperon	m	éperons
éperonnage	m	éperonnages
éperonnement	m	éperonnements
épervier	m	éperviers
épervin	m	épervins
épervière	f	épervières
épeurement	m	épeurements
éphod	m	éphods
éphorat	m	éphorats
éphore	m	éphores
éphorie	f	éphories
éphèbe	m	éphèbes
éphébie	f	éphébies
éphélide	f	éphélides
éphéméride	f	éphémérides
épi	m	épis
épiage	m	épiages
épiaire	m	épiaires
épiaison	f	épiaisons
épic	m	épics
épicarpe	m	épicarpes
épice	f	épices
épicentre	m	épicentres
épicerie	f	épiceries
épicier	m	épiciers
épicière	f	épicières
épicondyle	m	épicondyles
épicurien	m	épicuriens
épicurienne	f	épicuriennes
épicurisme	m	épicurismes
épicycle	m	épicycles
épicycloïde	f	épicycloïdes
épicéa	m	épicéas
épiderme	m	épidermes
épidermomycose	f	épidermomycoses
épididyme	m	épididymes
épidémicité	f	épidémicités
épidémie	f	épidémies
épidémiologie	f	épidémiologies
épierrage	m	épierrages
épierrement	m	épierrements
épierreur	f	épierreurs
épieu	m	épieux
épieur	m	épieurs
épieuse	f	épieuses
épigastre	m	épigastres
épiglotte	f	épiglottes
épigramme	f	épigrammes
épigraphe	f	épigraphes
épigraphie	f	épigraphies
épigyne	f	épigynes
épilage	m	épilages
épilamage	m	épilamages
épilation	f	épilations
épilatoire	m	épilatoires
épilement	m	épilements
épilepsie	f	épilepsies
épillet	m	épillets
épilobe	m	épilobes
épilogage	m	épilogages
épilogue	m	épilogues
épinage	m	épinages
épinard	m	épinards
épincetage	m	épincetages
épincette	f	épincettes
épine	f	épines
épine-vinette	f	épines-vinettes
épinette	f	épinettes
épinglage	m	épinglages
épingle	f	épingles
épinglement	m	épinglements
épinglette	f	épinglettes
épinglier	m	épingliers
épinglière	f	épinglières
épinglé	m	épinglés
épinier	m	épiniers
épinoche	f	épinoches
épinochette	f	épinochettes
épinçage	m	épinçages
épiphanie	f	épiphanies
épiphyse	f	épiphyses
épiphyte	m	épiphytes
épiphytie	f	épiphyties
épiphénomène	m	épiphénomènes
épiphénoménisme	m	épiphénoménismes
épiploon	m	épiploons
épiscopal	m	épiscopaux
épiscopat	m	épiscopats
épiscope	m	épiscopes
épisode	m	épisodes
épissage	m	épissages
épissoir	m	épissoirs
épissoire	f	épissoires
épissure	f	épissures
épistasie	f	épistasies
épistaxis	f	épistaxis
épistolier	m	épistoliers
épistolière	f	épistolières
épistyle	m	épistyles
épistémologie	f	épistémologies
épitaphe	f	épitaphes
épite	f	épites
épithalame	m	épithalames
épithème	m	épithèmes
épithète	f	épithètes
épithélialisation	f	épithélialisations
épithélium	m	épithéliums
épithétisation	f	épithétisations
épitoge	f	épitoges
épitomé	m	épitomés
épitope	m	épitopes
épizootie	f	épizooties
épiçage	m	épiçages
éploiement	m	éploiements
éploration	f	éplorations
éplorement	m	éplorements
éploré	m	éplorés
éplorée	f	éplorées
épluchage	m	épluchages
épluchement	m	épluchements
éplucheur	m	éplucheurs
éplucheuse	f	éplucheuses
éplucheuse	f	éplucheuses
épluchure	f	épluchures
épode	f	épodes
époilage	m	époilages
épointage	m	épointages
épointement	m	épointements
éponge	f	éponges
épongeage	m	épongeages
épongement	m	épongements
éponte	f	épontes
épontillage	m	épontillages
épontille	f	épontilles
éponyme	m	éponymes
éponymie	f	éponymies
épopée	f	épopées
époque	f	époques
épouillage	m	épouillages
épouilleuse	f	épouilleuses
époumonement	m	époumonements
épousage	m	épousages
épousaille	f	épousailles
épouse	f	épouses
épousement	m	épousements
épouseur	m	épouseurs
époussetage	m	époussetages
époussette	f	époussettes
épousée	f	épousées
épouti	m	époutis
époutissage	m	époutissages
épouvantail	m	épouvantails
épouvante	f	épouvantes
épouvantement	m	épouvantements
époux	m	époux
épouse	f	épouses
époxyde	m	époxydes
épreuve	f	épreuves
éprouvage	m	éprouvages
éprouvement	m	éprouvements
éprouvette	f	éprouvettes
épucement	m	épucements
épuisage	m	épuisages
épuisement	m	épuisements
épuisette	f	épuisettes
épulide	f	épulides
épulie	f	épulies
épulis	m	épulis
épulon	m	épulons
épulpeur	m	épulpeurs
épurage	m	épurages
épurateur	m	épurateurs
épuration	f	épurations
épure	f	épures
épurement	m	épurements
épurge	f	épurges
épuçage	m	épuçages
épyornis	m	épyornis
épèlement	m	épèlements
épée	f	épées
épéisme	m	épéismes
épépinage	m	épépinages
épître	m	épîtres
équanimité	f	équanimités
équarrissage	m	équarrissages
équarrissement	m	équarrissements
équarrisseur	m	équarrisseurs
équarrissoir	m	équarrissoirs
équateur	m	équateurs
équation	f	équations
équatorial	m	équatoriaux
équatorien	m	équatoriens
équatorienne	f	équatoriennes
équerrage	m	équerrages
équerre	f	équerres
équeutage	m	équeutages
équidistance	f	équidistances
équidé	m	équidés
équilibrage	m	équilibrages
équilibration	f	équilibrations
équilibre	m	équilibres
équille	f	équilles
équimultiple	m	équimultiples
équin	m	équins
équinisme	m	équinismes
équinoxe	m	équinoxes
équipage	m	équipages
équipartition	f	équipartitions
équipe	f	équipes
équipement	m	équipements
équipementier	m	équipementiers
équipier	m	équipiers
équipière	f	équipières
équipollence	f	équipollences
équipollent	m	équipollents
équipotentielle	f	équipotentielles
équiprobabilité	f	équiprobabilités
équipée	f	équipées
équisétale	f	équisétales
équisétinée	f	équisétinées
équitation	f	équitations
équité	f	équités
équivalence	f	équivalences
équivalent	m	équivalents
équivocité	f	équivocités
équivoque	f	équivoques
érable	m	érables
érablière	f	érablières
éradication	f	éradications
éraflement	m	éraflements
éraflure	f	éraflures
éraillage	m	éraillages
éraillement	m	éraillements
éraillure	f	éraillures
érectilité	f	érectilités
érection	f	érections
éreintage	m	éreintages
éreintement	m	éreintements
éreinteur	m	éreinteurs
érepsine	f	érepsines
érigne	f	érignes
érigéron	m	érigérons
érine	f	érines
éristale	m	éristales
éristique	m	éristiques
érodement	m	érodements
éros	m	éros
érosion	f	érosions
érotisation	f	érotisations
érotisme	m	érotismes
érotomanie	f	érotomanies
érubescence	f	érubescences
éructation	f	éructations
érudit	m	érudits
érudite	f	érudites
érudition	f	éruditions
éruption	f	éruptions
érysipèle	m	érysipèles
érysipélateux	m	érysipélateux
érysipélateuse	f	érysipélateuses
érythrasma	m	érythrasmas
érythrine	f	érythrines
érythroblaste	m	érythroblastes
érythroblastopénie	f	érythroblastopénies
érythroblastose	f	érythroblastoses
érythrocytaphérèse	f	érythrocytaphérèses
érythrocyte	m	érythrocytes
érythromycine	f	érythromycines
érythrophobie	f	érythrophobies
érythropoïèse	f	érythropoïèses
érythropoïétine	f	érythropoïétines
érythrose	f	érythroses
érythrosine	f	érythrosines
érythréen	m	érythréens
érythréenne	f	érythréennes
érythème	m	érythèmes
érésipèle	m	érésipèles
érésipélateux	m	érésipélateux
éréthisme	m	éréthismes
ésotérisation	f	ésotérisations
ésotérisme	m	ésotérismes
ésérine	f	ésérines
établage	m	établages
étable	f	étables
établi	m	établis
établissement	m	établissements
étage	m	étages
étagement	m	étagements
étagère	f	étagères
étai	m	étais
étaiement	m	étaiements
étain	m	étains
étal	m	étals
étalage	m	étalages
étale	m	étales
étalement	m	étalements
étaleuse	f	étaleuses
étalier	m	étaliers
étalingure	f	étalingures
étallement	m	étallements
étalon	m	étalons
étalonnage	m	étalonnages
étalonnement	m	étalonnements
étamage	m	étamages
étambot	m	étambots
étambrai	m	étambrais
étameur	m	étameurs
étamine	f	étamines
étampage	m	étampages
étampe	f	étampes
étamperche	f	étamperches
étampeur	m	étampeurs
étampon	m	étampons
étampure	f	étampures
étamure	f	étamures
étanche	f	étanches
étanchement	m	étanchements
étanchéité	f	étanchéités
étang	m	étangs
étant	m	étants
étançon	m	étançons
étançonnement	m	étançonnements
étape	f	étapes
étarquage	m	étarquages
état	m	états
état-major	m	états-majors
étatisation	f	étatisations
étatisme	m	étatismes
étau	m	étaux
étau-limeur	m	étaux-limeurs
étaupinage	m	étaupinages
étayage	m	étayages
étayement	m	étayements
éteignement	m	éteignements
éteignoir	m	éteignoirs
étendage	m	étendages
étendard	m	étendards
étendoir	m	étendoirs
étendue	f	étendues
éternel	m	éternels
éternisation	f	éternisations
éternité	f	éternités
éternuement	m	éternuements
éteuf	m	éteufs
éteule	f	éteules
éthane	m	éthanes
éthanol	m	éthanols
éther	m	éthers
éther-sel	m	éther-sels
éthiopien	m	éthiopiens
éthiopienne	f	éthiopiennes
éthique	f	éthiques
éthographie	f	éthographies
éthologie	f	éthologies
éthuse	f	éthuses
éthyle	m	éthyles
éthylisme	m	éthylismes
éthylène	m	éthylènes
éthérification	f	éthérifications
éthérisation	f	éthérisations
éthérisme	m	éthérismes
éthéromanie	f	éthéromanies
étiage	m	étiages
étier	m	étiers
étincelage	m	étincelages
étincelle	f	étincelles
étincellement	m	étincellements
étincèlement	m	étincèlements
étiolement	m	étiolements
étiologie	f	étiologies
étiquetage	m	étiquetages
étiqueteur	m	étiqueteurs
étiqueteuse	f	étiqueteuses
étiqueteuse	f	étiqueteuses
étiquettage	m	étiquettages
étiquette	f	étiquettes
étirage	m	étirages
étire	f	étires
étirement	m	étirements
étireur	m	étireurs
étireuse	f	étireuses
étireuse	f	étireuses
étiré	m	étirés
étisie	f	étisies
étoc	m	étocs
étoffe	f	étoffes
étoffement	m	étoffements
étoile	f	étoiles
étoilement	m	étoilements
étoilé	m	étoilés
étole	f	étoles
étonnant	m	étonnants
étonnement	m	étonnements
étouffade	f	étouffades
étouffage	m	étouffages
étouffement	m	étouffements
étouffeur	m	étouffeurs
étouffoir	m	étouffoirs
étouffé	m	étouffés
étouffée	f	étouffées
étoupage	m	étoupages
étoupe	f	étoupes
étoupille	f	étoupilles
étourderie	f	étourderies
étourdi	m	étourdis
étourdie	f	étourdies
étourdissement	m	étourdissements
étourneau	m	étourneaux
étrange	m	étranges
étranger	m	étrangers
étrangère	f	étrangères
étrangeté	f	étrangetés
étranglement	m	étranglements
étrangleur	m	étrangleurs
étrangleuse	f	étrangleuses
étrangloir	m	étrangloirs
étrave	f	étraves
étreinte	f	étreintes
étrempage	m	étrempages
étrenne	f	étrennes
étrier	m	étriers
étrillade	f	étrillades
étrillage	m	étrillages
étrille	f	étrilles
étripade	f	étripades
étripage	m	étripages
étripement	m	étripements
étriquage	m	étriquages
étriquement	m	étriquements
étrive	f	étrives
étrivière	f	étrivières
étroit	m	étroits
étroite	f	étroites
étroitesse	f	étroitesses
étron	m	étrons
étrécissement	m	étrécissements
étrésillon	m	étrésillons
étrésillonnage	m	étrésillonnages
étrésillonnement	m	étrésillonnements
étude	f	études
étudiant	m	étudiants
étudiante	f	étudiantes
étui	m	étuis
étuvage	m	étuvages
étuve	f	étuves
étuvement	m	étuvements
étuverie	f	étuveries
étuveur	m	étuveurs
étuvée	f	étuvées
étymologie	f	étym..
étymon	m	étymons
été	m	étés
étêtage	m	étêtages
étêtement	m	étêtements
évacuant	m	évacuants
évacuateur	m	évacuateurs
évacuation	f	évacuations
évacué	m	évacués
évacuée	f	évacuées
évadé	m	évadés
évadée	f	évadées
évagination	f	évaginations
évaluation	f	évaluations
évanescence	f	évanescences
évangile	m	évangiles
évangéliaire	m	évangéliaires
évangélisateur	m	évangélisateurs
évangélisatrice	f	évangélisatrices
évangélisation	f	évangélisations
évangélisme	m	évangélismes
évanouissement	m	évanouissements
évaporateur	m	évaporateurs
évaporation	f	évaporations
évaporement	m	évaporements
évaporé	m	évaporés
évaporée	f	évaporées
évasement	m	évasements
évasion	f	évasions
évasure	f	évasures
évection	f	évections
éveil	m	éveils
éveilleur	m	éveilleurs
éveillé	m	éveillés
éveillée	f	éveillées
évent	m	évents
éventage	m	éventages
éventail	m	éventails
éventaire	m	éventaires
éventation	f	éventations
éventement	m	éventements
éventrage	m	éventrages
éventration	f	éventrations
éventrement	m	éventrements
éventreur	m	éventreurs
éventualité	f	éventualités
éventuel	m	éventuels
éventé	m	éventés
éventée	f	éventées
éviction	f	évictions
évidage	m	évidages
évidement	m	évidements
évidence	f	évidences
évier	m	éviers
évincement	m	évincements
éviscération	f	éviscérations
évitage	m	évitages
évitement	m	évitements
évocateur	m	évocateurs
évocatrice	f	évocatrices
évocation	f	évocations
évolution	f	évolutions
évolutionnisme	m	évolutionnismes
événement	m	événements
évêché	m	évêchés
évêque	m	évêques
êta	m	êtas
être	m	êtres
île	f	îles
îlet	m	îlets
îlien	m	îliens
îlienne	f	îliennes
îlot	m	îlots
îlotage	m	îlotages
îlotier	m	îlotiers
ïambe	m	ïambes
