the	DET	le
and	CCONJ	et
be	AUX	fut
for	ADP	pour
that	DET	que
with	ADP	avec
from	ADP	du
this	DET	ceci
his	PRON	sa
not	PART	non
talk	VERB	parler
which	DET	lesquels
also	ADV	également
but	CCONJ	mais
have	AUX	avoir
one	NUM	un
new	ADJ	nouveau
first	ADV	première
page	NOUN	pages
you	PRON	vous
they	PRON	elles
article	NOUN	article
who	PRON	qui
all	DET	toute
their	PRON	leur
there	ADV	là
make	VERB	fait
its	PRON	sa
people	NOUN	gens
may	AUX	mai
after	ADP	apres
other	ADJ	autre
should	AUX	devrait
two	NUM	deux
score	NOUN	marquer
can	AUX	peuvent
would	AUX	serait
more	ADV	davantage
she	PRON	elle
when	SCONJ	lorsque
time	NOUN	temps
team	NOUN	équipe
american	PROPN	américaine
such	ADJ	tels
discussion	NOUN	discussions
link	NOUN	liens
only	ADV	seul
some	DET	certains
see	VERB	consultez
united	PROPN	unie
year	NOUN	années
school	NOUN	ecole
world	NOUN	monde
university	NOUN	université
during	ADP	durant
out	ADV	sortir
state	NOUN	etat
national	ADJ	nationaux
wikipedia	NOUN	wikipédia
most	ADV	most
city	NOUN	ville
use	VERB	utilisées
then	ADV	ensuite
county	NOUN	comté
external	ADJ	externe
where	SCONJ	où
will	AUX	volonté
what	PRON	quoi
delete	VERB	supprimer
these	DET	ces
january	PROPN	janvier
march	PROPN	marche
august	PROPN	aout
july	PROPN	juillet
film	NOUN	film
he	PRON	lui
many	ADJ	nombreux
south	PROPN	méridional
september	PROPN	septembre
like	INTJ	comme
between	ADP	entre
october	PROPN	octobre
three	NUM	trois
june	PROPN	juin
well	INTJ	bien
war	NOUN	guerre
under	ADP	sous
april	PROPN	avril
bear	VERB	naître
december	PROPN	décembre
link	VERB	lien
later	ADV	ultérieur
part	NOUN	partie
november	PROPN	novembre
player	NOUN	joueurs
list	NOUN	liste
please	INTJ	veuillez
follow	VERB	suivantes
february	PROPN	fevrier
know	VERB	connues
second	ADV	deuxième
name	NOUN	nommer
group	NOUN	groupe
history	NOUN	histoire
series	NOUN	série
just	ADV	simplement
north	NOUN	nord
work	NOUN	travaux
before	ADP	auparavant
since	SCONJ	depuis
season	NOUN	saison
high	ADJ	élevée
through	ADP	via
district	NOUN	arrondissements
now	ADV	désormais
comment	NOUN	commentaires
because	SCONJ	parce
football	NOUN	football
music	NOUN	musiques
however	ADV	toutefois
diff	NOUN	différence
century	NOUN	siecle
league	NOUN	ligue
edit	VERB	modifications
debate	NOUN	débat
title	NOUN	titre
john	PROPN	jean
same	ADJ	pareil
include	VERB	incluant
could	AUX	pourrais
english	PROPN	anglaise
album	NOUN	album
number	NOUN	nombre
against	ADP	contre
family	NOUN	familiale
user	NOUN	utilisateur
base	VERB	basée
area	NOUN	région
become	VERB	devenus
york	PROPN	york
life	NOUN	vie
british	PROPN	britanniques
international	ADJ	internationaux
game	NOUN	gibier
club	NOUN	discothèques
your	PRON	votre
early	ADV	précoce
good	ADJ	meilleure
west	PROPN	occidentale
house	NOUN	maison
company	NOUN	compagnie
general	ADJ	généraux
leave	VERB	gauche
very	ADV	très
here	ADV	ici
don	PROPN	don
live	VERB	vivante
day	NOUN	journée
several	ADJ	plusieurs
place	NOUN	endroit
party	NOUN	partie
college	NOUN	collège
result	VERB	résultat
keep	VERB	maintenir
appropriate	ADJ	approprié
four	NUM	quatre
even	ADV	meme
class	NOUN	classe
government	NOUN	gouvernement
how	SCONJ	comment
call	VERB	appelée
each	DET	chacune
find	VERB	trouvée
center	NOUN	centrer
style	NOUN	style
com	NOUN	ocm
long	ADV	longues
country	NOUN	pays
back	ADV	dos
way	NOUN	façon
modify	VERB	modifiez
end	NOUN	fin
public	ADJ	publics
play	VERB	joués
win	VERB	gagné
release	VERB	publié
add	VERB	ajoutés
support	NOUN	soutien
former	ADJ	ancien
those	DET	ceux
church	NOUN	église
east	PROPN	orientale
line	NOUN	ligne
major	ADJ	commandant
member	NOUN	membres
much	ADV	beaucoup
image	NOUN	image
show	VERB	afficher
still	ADV	encore
think	VERB	pense
below	ADP	dessous
town	NOUN	ville
last	ADJ	dernier
system	NOUN	système
right	INTJ	droite
song	NOUN	chant
notable	ADJ	notables
section	NOUN	section
single	ADJ	célibataire
align	VERB	aligner
home	NOUN	maison
woman	NOUN	femmes
television	NOUN	téléviseur
seed	NOUN	graine
goal	NOUN	buts
source	NOUN	sources
book	NOUN	livre
station	NOUN	gare
order	NOUN	ordre
old	ADJ	ancienne
information	NOUN	informations
set	VERB	définir
own	ADJ	propres
text	NOUN	textes
band	NOUN	groupe
point	VERB	pointé
local	ADJ	locale
around	ADV	autour
river	NOUN	fleuve
top	ADJ	haut
main	ADJ	principal
language	NOUN	langue
french	PROPN	francais
name	VERB	nommée
off	ADV	hors
note	VERB	remarque
career	NOUN	carrière
original	ADJ	originale
age	NOUN	ère
service	NOUN	service
establish	VERB	établies
locate	VERB	situés
say	VERB	dit
website	NOUN	site
population	NOUN	populations
air	NOUN	aérien
german	ADJ	allemand
law	NOUN	loi
military	NOUN	armée
great	ADJ	super
publish	VERB	publiée
president	NOUN	présidente
park	NOUN	parc
official	NOUN	fonctionnaire
case	NOUN	cas
london	PROPN	londres
although	SCONJ	quoique
small	ADJ	petit
third	ADJ	troisieme
different	ADJ	différentes
due	ADJ	dus
get	VERB	obtenez
village	NOUN	bourgs
close	VERB	fermée
art	NOUN	artistique
final	ADJ	définitif
community	NOUN	communaute
hold	VERB	tenu
again	ADV	encore
begin	VERB	commencé
army	NOUN	armée
award	NOUN	récompense
without	ADP	sans
death	NOUN	décès
build	VERB	construite
man	NOUN	masculins
large	ADJ	grands
site	NOUN	site
white	PROPN	blanche
five	NUM	cinq
central	ADJ	centrale
road	NOUN	routier
child	NOUN	enfants
free	ADJ	gratuit
take	VERB	pris
england	VERB	angleterre
association	NOUN	association
down	ADV	descendre
give	VERB	donné
california	PROPN	californie
version	NOUN	version
write	VERB	ecrit
create	VERB	créée
medium	NOUN	média
black	ADJ	noire
report	NOUN	signaler
division	NOUN	circonscription
have	VERB	ayant
king	NOUN	roi
stadium	VERB	stade
die	VERB	morte
ship	NOUN	navire
research	NOUN	recherches
record	NOUN	enregistre
archive	NOUN	archivage
undo	NOUN	annuler
cup	NOUN	gobelet
often	ADV	souvent
few	ADJ	peu
receive	VERB	reçu
side	NOUN	latéraux
power	NOUN	puissance
education	NOUN	enseignement
category	NOUN	catégorie
water	NOUN	eaux
specie	NOUN	espèces
field	NOUN	champ
near	ADP	proche
australia	PROPN	australie
video	NOUN	vidéo
need	VERB	nécessité
island	NOUN	île
form	VERB	forme
serve	VERB	servi
project	NOUN	projet
radio	NOUN	radiophonique
work	VERB	travaux
propose	VERB	proposée
every	DET	chaque
development	NOUN	developpement
example	NOUN	exemple
union	NOUN	syndicat
india	PROPN	inde
next	ADV	prochain
special	ADJ	spéciales
court	NOUN	tribunal
region	NOUN	région
little	ADJ	petit
short	ADJ	courte
william	PROPN	guillaume
province	NOUN	province
western	ADJ	occidentale
son	NOUN	fils
france	PROPN	france
council	NOUN	conseil
other	NOUN	autres
royal	ADJ	royale
current	ADJ	actuel
street	PROPN	rues
full	ADJ	complète
red	PROPN	rouges
too	ADV	trop
department	NOUN	département
san	PROPN	san
help	VERB	aidez
among	ADP	parmis
preserve	VERB	préservée
james	PROPN	james
open	VERB	ouverte
force	NOUN	forcer
position	NOUN	position
head	NOUN	tête
director	NOUN	directeur
father	PROPN	pére
track	VERB	piste
canada	PROPN	canada
never	ADV	jamais
australian	PROPN	australienne
george	PROPN	georges
level	NOUN	niveau
late	ADV	tardive
summer	NOUN	eté
society	NOUN	société
move	VERB	déplacé
office	NOUN	bureaux
period	NOUN	période
championship	NOUN	championnat
round	ADV	arrondi
story	NOUN	récit
various	ADJ	divers
file	VERB	dossier
land	NOUN	terre
business	NOUN	affaires
reason	NOUN	raisons
america	PROPN	amerique
million	NUM	millions
european	PROPN	européens
term	NOUN	terme
six	NUM	six
post	NOUN	publier
why	SCONJ	pourquoi
produce	VERB	produite
subject	NOUN	objet
young	ADJ	jeunes
total	NOUN	totale
david	PROPN	alain
science	NOUN	scientifique
relate	VERB	connexe
rock	NOUN	rocheux
archive	VERB	archivées
railway	NOUN	ferroviaire
lead	VERB	plomb
student	NOUN	étudiants
start	VERB	commencé
news	NOUN	nouveautés
describe	VERB	décrites
role	NOUN	rôle
election	NOUN	élection
present	VERB	actuel
indian	PROPN	indienne
kingdom	NOUN	royaume
important	ADJ	importante
northern	ADJ	septentrionale
love	NOUN	aime
run	VERB	courir
canadian	PROPN	canadiens
press	NOUN	appuyez
rather	ADV	plutôt
type	NOUN	taper
act	VERB	agir
editor	NOUN	rédacteur
come	VERB	vint
program	NOUN	programme
once	ADV	jadis
social	ADJ	sociale
germany	PROPN	allemagne
production	NOUN	production
male	NOUN	mâle
might	AUX	pourrait
similar	ADJ	similaires
professional	ADJ	professionnels
background	NOUN	fond
enough	ADV	suffisamment
either	ADV	soit
common	ADJ	commune
overlap	VERB	chevaucher
datum	NOUN	données
color	NOUN	couleur
well	ADV	meilleures
person	NOUN	personne
museum	NOUN	musées
battle	NOUN	bataille
go	VERB	allé
sport	NOUN	sportif
already	ADV	déja
currently	ADV	actuellement
hall	NOUN	hall
building	NOUN	bâtiments
historic	ADJ	historique
date	NOUN	date
consider	VERB	considérée
change	VERB	modifier
location	NOUN	localisation
seem	VERB	semble
must	AUX	doit
yes	INTJ	oui
our	PRON	notre
southern	ADJ	méridional
lose	VERB	perdu
something	PRON	quelquechose
review	NOUN	revue
together	ADV	ensemble
robert	PROPN	thierry
less	ADV	moins
japanese	NOUN	japonais
content	NOUN	contenu
involve	VERB	impliqué
board	NOUN	planche
japan	PROPN	japon
control	NOUN	contrôler
policy	NOUN	politiques
modern	ADJ	modernité
human	PROPN	humaine
half	NOUN	moitié
design	VERB	dessin
event	NOUN	évènement
available	ADJ	dispo
do	VERB	fait
washington	PROPN	washington
real	ADJ	réel
personal	ADJ	personnel
action	NOUN	action
space	NOUN	espace
star	NOUN	étoile
really	ADV	vraiment
china	PROPN	chine
possible	ADJ	possibles
paul	PROPN	paul
far	ADV	loin
minister	NOUN	ministre
lake	NOUN	lac
report	VERB	signalé
popular	ADJ	populaires
marry	VERB	mariées
found	VERB	fondé
europe	PROPN	europe
author	NOUN	auteure
away	ADV	loin
independent	ADJ	indépendant
process	NOUN	processus
character	NOUN	caractère
low	ADJ	basses
michael	PROPN	alain
light	ADJ	lumiere
big	ADJ	gros
want	VERB	veulent
episode	NOUN	épisode
republic	NOUN	république
thomas	PROPN	thomas
russian	PROPN	russes
thank	NOUN	merci
put	VERB	mis
race	NOUN	course
route	NOUN	itinéraire
record	VERB	enregistrées
civil	ADJ	civile
police	NOUN	policière
charle	NOUN	charle
list	VERB	listés
template	NOUN	gabarit
eastern	ADJ	orientale
body	NOUN	organisme
question	NOUN	question
italian	ADJ	italiennes
feature	VERB	vedette
week	NOUN	semaine
texas	PROPN	texas
chief	NOUN	chef
match	VERB	correspondance
roman	NOUN	romain
tour	VERB	visite
sea	NOUN	mer
cross	VERB	croisée
health	NOUN	sante
institute	PROPN	institut
cap	NOUN	casquettes
green	ADJ	verte
right	NOUN	droits
evidence	NOUN	preuve
originally	ADV	initialement
aircraft	NOUN	aéronefs
range	NOUN	gamme
probably	ADV	surement
consensus	NOUN	consensus
bar	NOUN	barreau
problem	NOUN	problème
look	VERB	regardez
issue	NOUN	problèmes
alumnus	NOUN	anciens
average	ADJ	moyen
network	NOUN	reseau
wife	NOUN	épouse
return	VERB	retourné
night	NOUN	soirée
magazine	NOUN	revue
centre	NOUN	centre
join	VERB	rejoints
usually	ADV	habituellement
middle	ADJ	milieu
complete	VERB	complété
elect	VERB	élue
significant	ADJ	significative
african	PROPN	africains
able	ADJ	capable
google	PROPN	google
stage	NOUN	étape
addition	NOUN	ajout
ireland	VERB	irlande
today	NOUN	hui
academy	NOUN	académie
saint	NOUN	sainte
self	NOUN	self
itself	PRON	soi
continue	VERB	continué
mother	NOUN	mère
appear	VERB	apparu
africa	PROPN	afrique
culture	NOUN	culture
spanish	PROPN	espagnol
grand	ADJ	grandiose
committee	NOUN	comité
thing	NOUN	choses
fire	NOUN	feu
gold	NOUN	doré
female	NOUN	femelle
course	NOUN	cours
direct	VERB	dirigé
month	NOUN	mois
chinese	PROPN	chinois
previous	ADJ	précédentes
develop	VERB	développées
size	NOUN	taille
mention	VERB	mentionnée
festival	NOUN	fête
peter	PROPN	pierre
basketball	NOUN	basket
performance	NOUN	performances
standard	NOUN	norme
mean	VERB	moyens
train	VERB	formation
artist	NOUN	artiste
word	NOUN	mot
blue	ADJ	bleu
primary	NOUN	primaire
announce	VERB	annoncé
value	NOUN	valeur
christian	PROPN	chrétiens
private	ADJ	privée
catholic	ADJ	catholique
view	NOUN	afficher
thus	ADV	ainsi
almost	ADV	presque
baseball	NOUN	baseball
seven	NUM	sept
ever	ADV	jamais
provide	VERB	fournir
technology	NOUN	technologique
olympic	NOUN	olympiades
future	NOUN	futures
census	NOUN	recensements
los	PROPN	los
result	NOUN	résultats
quality	NOUN	qualite
construction	NOUN	construction
zealand	PROPN	zélande
front	NOUN	avant
cover	VERB	couvercle
model	NOUN	modele
despite	SCONJ	malgré
read	VERB	lecture
material	NOUN	matériel
strong	ADJ	forte
coach	NOUN	entraineur
henry	PROPN	henri
footballer	NOUN	footballeurs
mark	NOUN	marquer
rev	VERB	rév
organization	NOUN	organisation
study	NOUN	etudes
federal	PROPN	fédéral
richard	PROPN	richard
virginia	PROPN	virginie
car	NOUN	voitures
attack	VERB	attaquez
conference	NOUN	conférences
outside	ADV	extérieur
study	VERB	etude
brother	NOUN	frangin
writer	NOUN	rédacteur
musical	ADJ	musicale
nothing	PRON	rien
border	NOUN	frontière
medical	ADJ	médicaux
past	NOUN	passées
interest	NOUN	intérêts
kill	VERB	tué
medal	NOUN	médaille
sign	VERB	signées
label	NOUN	libellé
fair	ADJ	foire
search	NOUN	chercher
bay	PROPN	baie
reference	NOUN	référence
especially	ADV	particulièrement
remove	VERB	retirée
library	NOUN	bibliothèque
eventually	ADV	éventuellement
management	NOUN	gestion
feature	NOUN	caractéristiques
navy	PROPN	marine
guitar	PROPN	guitare
hill	NOUN	colline
sure	ADV	sûre
historical	ADJ	historique
lower	ADV	abaisser
daughter	NOUN	fille
appoint	VERB	désignés
yet	ADV	pourtant
debut	PROPN	débuts
movement	NOUN	mouvements
specific	ADJ	spécifiques
always	ADV	tjrs
actor	NOUN	comédien
natural	ADJ	naturel
clear	ADJ	limpide
coast	PROPN	côte
let	VERB	let
chicago	PROPN	chicago
pennsylvania	PROPN	pennsylvanie
ten	NUM	rte
perform	VERB	effectué
individual	NOUN	individuelle
rule	NOUN	règle
etc	X	etc
paris	PROPN	paris
brown	PROPN	marron
hand	VERB	main
reliable	ADJ	fiable
smith	PROPN	forgeron
generally	ADV	généralement
base	NOUN	base
sometimes	ADV	quelquefois
florida	PROPN	floride
capital	NOUN	majuscule
valley	PROPN	vallée
bank	NOUN	banques
ground	NOUN	moulu
reach	VERB	atteints
italy	PROPN	italie
energy	NOUN	énergie
believe	VERB	croyez
leader	NOUN	meneur
active	ADJ	actif
online	NOUN	online
block	VERB	bloquer
bridge	NOUN	pont
change	NOUN	modifications
industry	NOUN	industrie
collection	NOUN	ramassage
request	NOUN	demander
soon	ADV	bientôt
olympic	PROPN	olympique
sell	VERB	vendues
professor	NOUN	professeur
studio	NOUN	studio
mexico	PROPN	mexique
competition	NOUN	compétition
campaign	NOUN	campagne
org	NOUN	org
theatre	NOUN	théatre
particular	ADJ	particulière
empire	NOUN	empire
length	NOUN	longueur
island	VERB	îles
singer	NOUN	chanteur
redirect	VERB	rediriger
additional	ADJ	supplémentaire
soviet	PROPN	soviétique
market	NOUN	marché
producer	NOUN	producteur
hockey	NOUN	hockey
code	NOUN	code
referee	VERB	arbitres
fourth	ADJ	quatrième
van	PROPN	camionnette
mary	PROPN	marie
airport	NOUN	aéroports
sound	VERB	sonore
status	NOUN	état
irish	PROPN	irlandaise
place	VERB	placés
idea	NOUN	idée
foreign	ADJ	étranger
municipality	NOUN	municipalité
register	VERB	enregistrer
eight	NUM	huit
native	ADJ	indigènes
coverage	NOUN	couverture
channel	NOUN	canal
parliament	NOUN	parlement
username	VERB	identifiant
edition	NOUN	édition
minor	ADJ	mineures
foundation	NOUN	fondement
unit	NOUN	unités
movie	NOUN	film
ice	NOUN	verglas
simply	ADV	simplement
limit	VERB	limitée
previously	ADV	auparavant
state	VERB	déclaré
governor	NOUN	gouverneure
complete	ADJ	complète
test	NOUN	essai
nominate	VERB	nominée
bill	NOUN	facture
vocal	NOUN	chant
theory	NOUN	théories
regional	ADJ	régionales
account	NOUN	compte
vote	VERB	votez
computer	NOUN	ordinateurs
none	NOUN	aucun
carolina	PROPN	caroline
tournament	NOUN	tournois
poland	PROPN	pologne
behind	ADP	derrière
wale	NOUN	galles
lot	NOUN	lot
hospital	NOUN	hopital
mid	VERB	mid
mountain	NOUN	montagne
angele	NOUN	angele
replace	VERB	remplacé
food	NOUN	alimentaire
multiple	ADJ	multiples
likely	ADV	probable
sir	PROPN	messire
square	ADJ	carré
try	VERB	essaie
topic	NOUN	thème
officer	NOUN	officier
greek	NOUN	grecs
recent	ADJ	récents
send	VERB	envoyés
copyright	NOUN	copyright
speed	NOUN	vitesses
money	NOUN	monnaie
senior	ADJ	seniors
select	VERB	sélectionnés
introduce	VERB	introduit
politician	NOUN	politicien
true	ADJ	vrais
require	VERB	exigée
regular	ADJ	ordinaire
award	VERB	décerné
commercial	NOUN	commerciaux
contain	VERB	contient
trade	NOUN	commerce
degree	NOUN	diplôme
anti	X	anti
birth	NOUN	naissance
sun	PROPN	dim
finish	VERB	fini
rugby	NOUN	rugby
earth	NOUN	terre
access	NOUN	accès
prior	ADV	prieur
journal	PROPN	revue
software	NOUN	logiciel
famous	ADJ	fameux
religious	ADJ	religieux
martin	PROPN	martine
god	PROPN	dieu
bit	NOUN	bits
hour	NOUN	horaires
bring	VERB	apporté
miss	VERB	manquants
economic	ADJ	économique
structure	NOUN	structure
rural	ADJ	rurales
remain	VERB	resta
decision	NOUN	décision
certain	ADJ	certaine
hit	VERB	touché
minute	NOUN	minute
spain	PROPN	espagne
whole	ADJ	entiers
joseph	PROPN	joseph
lord	PROPN	seigneur
web	NOUN	enchaînement
decide	VERB	décidée
operation	NOUN	opérations
function	NOUN	fonctions
louis	NOUN	louis
assembly	NOUN	assemblée
queen	NOUN	reine
security	NOUN	securité
ohio	PROPN	ohio
own	VERB	possédée
jan	PROPN	yann
successful	ADJ	réussi
legal	ADJ	juridique
russia	PROPN	russie
prince	PROPN	prince
jewish	PROPN	juives
staff	NOUN	personnel
establishment	NOUN	établissements
towards	ADP	vers
agree	VERB	convenir
bad	ADJ	méchant
attendance	NOUN	fréquentation
populate	VERB	peuplée
nature	NOUN	nature
allow	VERB	autorisé
captain	NOUN	capitaine
mount	VERB	monter
calculate	VERB	calculées
hard	ADV	difficiles
manager	NOUN	gestionnaire
meet	VERB	rencontrez
box	PROPN	coffret
democratic	ADJ	démocratique
success	NOUN	succes
associate	VERB	associée
single	VERB	célibataire
traditional	ADJ	traditionnelles
rest	NOUN	repos
highway	NOUN	route
particularly	ADV	particulièrement
wide	ADV	large
care	VERB	soins
admin	VERB	administrateur
cultural	ADJ	culturels
commission	NOUN	commission
plan	NOUN	planifier
practice	VERB	pratiquer
command	VERB	commandement
nomination	NOUN	candidatures
jersey	PROPN	maillot
michigan	PROPN	michigan
anyone	PRON	quiconque
approximately	ADV	approximativement
master	NOUN	maitre
usa	PROPN	usa
stop	VERB	arrêt
engine	NOUN	moteur
response	NOUN	réponse
illinois	PROPN	illinois
experience	VERB	expériences
engineering	NOUN	ingénierie
silver	NOUN	argent
separate	ADJ	distinct
secretary	NOUN	secrétaire
dutch	VERB	hollandaise
lee	PROPN	lee
prime	ADJ	prime
upload	VERB	téléchargés
youth	NOUN	jeunesse
scotland	PROPN	écosse
iii	PROPN	iii
heart	NOUN	cœur
room	NOUN	salle
stone	NOUN	pierre
deal	NOUN	aubaine
drama	NOUN	drame
dead	ADJ	morts
key	ADJ	touche
shot	VERB	coup
turn	VERB	tourne
occupation	NOUN	profession
scottish	ADJ	ecossais
executive	NOUN	exécutif
plant	NOUN	végétal
promote	VERB	promue
internet	NOUN	internet
feel	VERB	sentir
merge	VERB	fusionner
mostly	ADV	principalement
numerous	ADJ	nombreux
ancient	ADJ	antiquité
attempt	NOUN	tenter
property	NOUN	biens
picture	NOUN	photo
finally	ADV	enfin
fiction	NOUN	fictions
secondary	ADJ	secondaires
nation	NOUN	nation
majority	NOUN	majorité
edward	PROPN	édouard
annual	ADJ	annuelle
digital	ADJ	numérique
mission	NOUN	mission
claim	VERB	réclamation
seat	NOUN	banquette
bbc	VERB	bbc
profile	NOUN	profil
dance	VERB	danse
georgia	PROPN	géorgie
port	NOUN	port
pacific	PROPN	pacifique
castle	NOUN	château
pass	VERB	passer
transport	NOUN	transports
ratio	NOUN	ratio
recently	ADV	récent
fall	VERB	tomber
global	ADJ	mondiale
era	NOUN	eer
wing	NOUN	escadre
opinion	NOUN	avis
commander	NOUN	commandeur
fort	NOUN	fort
effect	NOUN	effets
fine	ADJ	amende
purpose	NOUN	objet
winter	NOUN	hiver
genus	NOUN	genre
congress	PROPN	congrès
overall	ADJ	globale
activity	NOUN	activités
income	NOUN	revenu
massachusetts	PROPN	massachusetts
peak	NOUN	apogée
lack	VERB	manque
bass	NOUN	contrebasse
super	X	super
complex	ADJ	complexe
academic	ADJ	académiques
appearance	NOUN	apparence
asian	PROPN	asiatiques
ask	VERB	demandé
friend	NOUN	amies
kind	VERB	aimable
financial	ADJ	financière
entry	NOUN	entrée
asia	PROPN	asie
sense	NOUN	sens
actress	NOUN	comédienne
map	NOUN	cartes
intend	VERB	destiné
bishop	PROPN	évêques
boston	PROPN	boston
rate	NOUN	taux
literature	NOUN	littérature
forest	NOUN	forestier
voice	NOUN	voix
jack	PROPN	valet
pre	VERB	pré
justice	NOUN	justice
champion	NOUN	championne
double	VERB	doubler
polish	PROPN	polonaise
columbia	PROPN	colombie
temple	PROPN	tempe
defeat	VERB	vaincu
administration	NOUN	administration
jones	PROPN	jones
parish	VERB	paroisse
israel	PROPN	israël
sister	NOUN	soeur
nine	NUM	neuf
score	VERB	marqué
table	NOUN	tableau
attend	VERB	participé
pop	VERB	pop
newspaper	NOUN	journal
unknown	ADJ	inconnue
winner	NOUN	vainqueur
chart	NOUN	graphique
initially	ADV	initialement
loss	NOUN	perte
architecture	NOUN	architecture
relation	NOUN	relation
upper	ADJ	supérieure
support	VERB	supportés
track	NOUN	morceaux
contract	NOUN	contrat
face	VERB	visage
directly	ADV	directement
spend	VERB	dépensé
girl	NOUN	fille
clearly	ADV	manifestement
junior	NOUN	juniors
francisco	NOUN	francisco
politic	NOUN	politiques
mar	PROPN	mar
cause	VERB	causée
volume	NOUN	volume
tom	PUNCT	tom
flight	NOUN	vol
candidate	NOUN	candidats
match	NOUN	correspondances
except	SCONJ	sauf
oil	NOUN	huiles
assistant	NOUN	adjointe
surface	NOUN	surface
victory	NOUN	victoire
regiment	NOUN	régiment
represent	VERB	représentées
speedy	ADJ	prompt
branch	NOUN	succursale
retire	VERB	retraités
paper	NOUN	papier
victoria	PROPN	victoria
metal	NOUN	métal
wrong	ADJ	faux
frank	PROPN	franck
mile	NOUN	milles
launch	VERB	lancée
mass	ADJ	masse
chairman	NOUN	président
comedy	NOUN	comédie
relationship	NOUN	relation
knowledge	NOUN	connaissances
format	NOUN	formater
creek	PROPN	crique
fail	VERB	échec
draft	VERB	brouillons
fight	VERB	lutte
figure	NOUN	chiffre
faculty	NOUN	professeurs
camp	NOUN	campement
variety	NOUN	variété
owner	NOUN	propriétaire
statistic	NOUN	statistiques
raise	VERB	élevé
heavy	ADJ	lourde
alexander	PROPN	aleksandr
alone	ADV	seul
understand	VERB	comprenez
educational	ADJ	éducatif
daily	ADV	quotidien
williams	PROPN	williams
latin	PROPN	latine
completely	ADV	complètement
product	NOUN	produits
dark	ADJ	noir
attention	NOUN	attention
religion	NOUN	religieux
von	PROPN	von
mind	NOUN	esprit
oppose	VERB	opposer
corps	NOUN	corps
administrative	ADJ	administratif
cut	VERB	couper
scott	PROPN	scott
jean	PROPN	jean
mayor	NOUN	bourgmestre
pro	ADJ	pro
beach	VERB	plage
descent	NOUN	ascendance
nearly	ADV	presque
highly	ADV	hautement
cast	NOUN	jeté
territory	NOUN	territoire
form	NOUN	formes
joe	PROPN	joe
inside	ADP	interieur
solid	ADJ	solides
authority	NOUN	autorité
del	VERB	del
cost	VERB	coût
vice	NOUN	mœurs
drive	VERB	lecteur
notice	VERB	remarque
johnson	PROPN	johnson
force	VERB	forcé
basis	NOUN	base
photo	NOUN	photographies
hope	NOUN	espère
log	VERB	bûche
parent	NOUN	parents
enter	VERB	entré
mike	PROPN	mike
basic	ADJ	basiques
scientific	ADJ	scientifiques
amount	NOUN	montant
spring	NOUN	printemps
oxford	PROPN	oxford
kong	PROPN	kong
opera	NOUN	opéra
critical	ADJ	critique
simple	ADJ	simples
founder	NOUN	fondateur
hong	PROPN	hong
tell	VERB	racontée
husband	NOUN	époux
useful	ADJ	utile
technical	ADJ	technique
necessary	ADJ	nécessaires
operate	VERB	fonctionné
importance	NOUN	importance
musician	NOUN	musiciens
hotel	NOUN	hôtel
crew	NOUN	équipage
boy	PROPN	garçon
ontario	PROPN	ontario
defense	NOUN	défense
wiki	NOUN	wiki
golden	ADJ	dorée
faith	NOUN	foi
race	VERB	course
mainly	ADV	principalement
auto	NOUN	automatique
swedish	ADJ	suédoise
hot	ADJ	chaud
entertainment	NOUN	divertissements
net	NOUN	filets
soccer	NOUN	football
creation	NOUN	création
tower	NOUN	tour
increase	VERB	augmentées
vote	NOUN	voix
squadron	NOUN	escadrille
contemporary	ADJ	contemporains
focus	VERB	concentrer
marriage	NOUN	mariage
naval	ADJ	navale
detail	NOUN	détails
forward	ADV	forward
memorial	VERB	commémoration
peace	NOUN	paix
iran	PROPN	iranienne
korea	PROPN	corée
analysis	NOUN	analyses
poor	ADJ	pauvre
grade	NOUN	grade
cricket	NOUN	criquets
judge	NOUN	magistrat
electric	PROPN	électrique
exist	VERB	existent
corporation	NOUN	sociétés
campus	NOUN	campus
brazil	PROPN	brésil
chris	PROPN	christophe
fifth	ADJ	cinquième
increase	NOUN	augmenter
summary	VERB	sommaire
statement	NOUN	énoncé
broadcast	VERB	diffusion
piano	NOUN	piano
novel	NOUN	romans
resolution	NOUN	résolution
concept	NOUN	notions
alternative	NOUN	alternatif
attack	NOUN	attaques
encyclopedia	NOUN	encyclopédie
republican	PROPN	républicaine
representative	NOUN	représentants
difficult	ADJ	difficiles
ability	NOUN	capacité
host	NOUN	hôte
wall	NOUN	paroi
immediately	ADV	immédiatement
urban	ADJ	urbain
pakistan	PROPN	pakistan
marine	NOUN	marin
physical	ADJ	physique
dec	PROPN	déc
troop	NOUN	troupes
interview	NOUN	entrevue
semi	ADV	semi
suggest	VERB	proposer
emperor	NOUN	empereur
letter	NOUN	lettre
couple	NOUN	couple
duke	NOUN	duc
gallery	NOUN	galerie
window	NOUN	vitres
tree	NOUN	sapin
jazz	NOUN	jazz
protection	NOUN	protection
relevant	ADJ	pertinente
count	VERB	compter
situation	NOUN	situation
classical	ADJ	classique
offer	VERB	offerts
lady	PROPN	madame
netherland	NOUN	hollande
influence	NOUN	influencer
address	NOUN	allocution
linear	VERB	linéaires
machine	NOUN	machine
domain	NOUN	domaine
element	NOUN	éléments
minnesota	PROPN	minnesota
sydney	NOUN	sydney
ministry	NOUN	ministère
blood	NOUN	sang
distance	NOUN	éloignement
bottom	NOUN	fond
boy	NOUN	garçons
potential	NOUN	potentialités
toronto	PROPN	montréal
infantry	NOUN	infanterie
jun	PROPN	juin
formerly	ADV	anciennement
conflict	NOUN	conflits
worker	NOUN	ouvriers
steve	VERB	steve
philadelphia	VERB	philadelphie
der	PROPN	der
nationality	NOUN	nationalité
dispute	VERB	contestation
scene	NOUN	scène
method	NOUN	méthode
berlin	PROPN	berlin
condition	NOUN	état
arm	NOUN	bras
discover	VERB	découvert
iron	NOUN	fer
extend	VERB	prolongée
otherwise	ADV	autrement
positive	ADJ	positives
santa	PROPN	santa
imperial	ADJ	impérial
compose	VERB	composée
ball	NOUN	boule
width	VERB	largeur
quickly	ADV	rapidement
correct	ADJ	exact
responsible	ADJ	responsable
possibly	ADV	éventuellement
indiana	PROPN	indiana
soldier	NOUN	soldats
korean	ADJ	coréens
genre	NOUN	genres
fish	NOUN	poissons
senate	PROPN	sénat
gun	NOUN	fusil
check	VERB	cocher
rename	VERB	rebaptisée
sweden	VERB	suède
consist	VERB	consiste
heritage	NOUN	héritage
tag	VERB	étiquette
primarily	ADV	principalement
doctor	NOUN	médecin
lie	NOUN	mensonge
inc	PROPN	inc
crime	NOUN	délit
liberal	ADJ	libéral
stand	VERB	gradins
bob	PROPN	bob
industrial	ADJ	industrielle
answer	NOUN	réponse
split	VERB	diviser
sex	NOUN	sexe
mix	VERB	mélangé
personnel	NOUN	personnel
rail	NOUN	ferroviaire
premier	NOUN	premier
approach	NOUN	approche
wisconsin	PROPN	wisconsin
sentence	VERB	phrase
root	NOUN	racines
comic_strip	NOUN	bd
earn	VERB	méritée
specifically	ADV	spécifiquement
horse	NOUN	chevaux
actual	ADJ	réelle
contribution	NOUN	cotisations
lieutenant	NOUN	lieutenant
wood	NOUN	bois
initial	ADJ	initiale
origin	NOUN	origine
environment	NOUN	environnement
pretty	ADV	joli
rank	NOUN	grade
bus	NOUN	autobus
gas	NOUN	gaz
direction	NOUN	itinéraire
guide	VERB	guidé
resource	NOUN	ressources
accept	VERB	acceptées
animal	NOUN	animaux
jim	PROPN	jim
cambridge	NOUN	cambridge
composer	NOUN	compositeur
agency	NOUN	agence
reserve	VERB	réserve
atlantic	PROPN	atlantique
supreme	PROPN	suprême
weight	NOUN	poids
jackson	PROPN	jackson
widely	ADV	largement
rise	VERB	rosé
treatment	NOUN	traitement
andrew	PROPN	andré
trial	NOUN	essai
expand	VERB	élargi
daniel	NOUN	daniel
certainly	ADV	assurément
info	NOUN	infos
fame	NOUN	célébrité
everything	PRON	tout
avenue	VERB	avenue
travel	NOUN	voyage
scale	NOUN	echelle
break	VERB	pause
oregon	PROPN	oregon
capacity	NOUN	capacité
fictional	ADJ	fictive
exchange	NOUN	échange
cite	VERB	citées
typically	ADV	typiquement
agreement	NOUN	accord
translation	NOUN	traduction
kansas	PROPN	kansas
manage	VERB	gérée
charge	VERB	débité
dedicated	ADJ	dédiée
nearby	ADV	proximité
resident	NOUN	résidants
piece	NOUN	morceau
growth	NOUN	croissance
trust	NOUN	fiducie
apply	VERB	appliquée
drum	NOUN	batterie
issue	VERB	émis
murder	NOUN	assassiner
normal	ADJ	normale
twenty	NUM	vingt
avoid	VERB	éviter
tony	ADV	tony
norwegian	PROPN	norvégiens
criterion	NOUN	critère
context	NOUN	contexte
revolution	NOUN	révolution
fully	ADV	complètement
advance	VERB	avancés
distribution	NOUN	répartition
medicine	NOUN	médecine
garden	NOUN	jardins
turkey	PROPN	turquie
publication	NOUN	publication
impact	NOUN	incidence
household	NOUN	ménages
survey	NOUN	enquête
height	NOUN	taille
morning	NOUN	matin
honor	NOUN	honneur
deep	ADV	profond
argument	NOUN	argumentation
arthur	PROPN	arthur
elizabeth	PROPN	élisabeth
worth	ADJ	worth
colorado	PROPN	colorado
median	PROPN	médiane
maryland	VERB	maryland
zone	NOUN	zone
solo	NOUN	soliste
learn	VERB	apprendre
pay	VERB	paye
choice	NOUN	choix
flag	NOUN	pavillon
engineer	NOUN	ingénieur
farm	NOUN	ferme
wilson	PROPN	wilson
principal	NOUN	commettant
acquire	VERB	acquise
construct	VERB	construite
secret	ADJ	secrets
poet	NOUN	poète
orchestra	PROPN	orchestre
fix	VERB	corrigé
effort	NOUN	effort
documentary	NOUN	documentaire
equipment	NOUN	équipements
ray	NOUN	raie
yellow	ADJ	jaunes
guard	VERB	gardes
pressure	NOUN	pression
grant	NOUN	subvention
prison	NOUN	prison
freedom	NOUN	liberté
norway	PROPN	norvège
store	VERB	stocker
taylor	NOUN	taylor
quarter	NOUN	quart
designate	VERB	désignée
independence	NOUN	indépendance
platform	NOUN	plate
rome	VERB	rome
teacher	NOUN	professeur
copy	NOUN	copiez
nuclear	ADJ	nucléaires
easily	ADV	facilement
thank	VERB	remercier
description	NOUN	descriptif
institution	NOUN	institution
facility	NOUN	équipements
target	VERB	cibles
stack	NOUN	empiler
rationale	NOUN	raisonnement
stat	PROPN	stat
combine	VERB	combiné
bronze	NOUN	bronze
sort	VERB	tri
host	VERB	hébergé
programming	NOUN	programmation
sri	PROPN	sri
railroad	NOUN	ferroviaire
unique	ADJ	uniques
define	VERB	définie
ocean	NOUN	océan
cell	NOUN	cellules
missouri	PROPN	missouri
concert	NOUN	concert
improve	VERB	améliorez
biography	NOUN	biographie
loan	NOUN	emprunt
contact	NOUN	contacter
holy	ADJ	saintes
tennessee	PROPN	tennessee
sub	VERB	sub
safety	NOUN	sûreté
stephen	PROPN	stéphane
paint	VERB	peinture
price	NOUN	prix
entirely	ADV	entièrement
mexican	PROPN	mexicaines
leadership	NOUN	leadership
fly	VERB	volants
message	NOUN	message
municipal	ADJ	municipales
serious	ADJ	sérieux
headquarter	NOUN	siège
officially	ADV	officiellement
cemetery	NOUN	cimetière
memory	NOUN	souvenir
generation	NOUN	génération
final	NOUN	finale
fox	PROPN	renard
destroy	VERB	détruite
foot	NOUN	pieds
guy	NOUN	mec
philippine	NOUN	philippins
reveal	VERB	révélés
organize	VERB	organisé
conservative	ADJ	conservatisme
share	NOUN	partage
maria	PROPN	marie
disease	NOUN	maladie
philosophy	NOUN	philosophique
arrive	VERB	arrivés
divide	VERB	divisé
floor	NOUN	etage
logo	PROPN	logos
cancer	NOUN	cancer
tax	NOUN	impôts
expect	VERB	attendus
traffic	NOUN	trafic
concern	NOUN	inquiétudes
graduate	VERB	diplômée
guest	NOUN	invité
jews	PROPN	juifs
economy	NOUN	économie
storm	NOUN	orage
protect	VERB	protégées
bowl	NOUN	gamelle
classic	NOUN	classique
damage	NOUN	dégats
harry	PROPN	harry
davis	PROPN	davis
challenge	NOUN	gageure
mark	VERB	marquées
density	NOUN	densités
literary	ADJ	littéraire
ben	PROPN	ben
transportation	NOUN	transports
kentucky	PROPN	kentucky
sale	NOUN	soldes
fleet	NOUN	flotte
capture	VERB	capturées
extra	ADJ	supplémentaires
recognize	VERB	reconnu
arizona	PROPN	arizona
compare	VERB	comparés
theme	NOUN	thème
francis	NOUN	françois
moscow	PROPN	moscou
interested	ADJ	intéressée
hear	VERB	entendu
behavior	NOUN	comportement
transfer	VERB	transférées
environmental	ADJ	environnemental
blank	ADJ	vide
assign	VERB	attribué
tennis	NOUN	tennis
percent	NOUN	pourcent
log	NOUN	grumes
display	NOUN	afficher
convention	NOUN	convention
ring	NOUN	bague
joint	ADJ	joint
brian	PROPN	brian
deputy	NOUN	adjoint
plan	VERB	prévu
yard	NOUN	verges
communist	NOUN	communisme
agent	NOUN	mandataire
difference	NOUN	différence
czech	PROPN	tchèque
exactly	ADV	exactement
stay	VERB	reste
title	VERB	intitulée
combat	NOUN	combattre
palace	NOUN	palais
order	VERB	commandés
opposition	NOUN	opposition
wrestle	VERB	catch
critic	NOUN	critiques
grow	VERB	grandir
hand	NOUN	mains
participate	VERB	participé
poetry	NOUN	poésie
turkish	PROPN	turques
promotion	NOUN	promotion
apparently	ADV	apparemment
battalion	NOUN	bataillon
mobile	NOUN	portable
row	VERB	rangées
metropolitan	PROPN	métropolitain
existence	NOUN	existence
eye	NOUN	oculaire
louisiana	PROPN	louisiane
lewis	VERB	lewis
melbourne	NOUN	melbourne
austria	PROPN	autriche
brigade	NOUN	brigade
screen	NOUN	ecran
risk	NOUN	risques
conduct	VERB	mené
lat	NOUN	lat
ban	NOUN	bannir
legislative	ADJ	législative
definition	NOUN	définition
indeed	ADV	effectivement
draw	VERB	tirage
application	NOUN	candidature
steel	NOUN	acier
presence	NOUN	présence
expansion	NOUN	agrandissement
earl	PROPN	comte
max	PROPN	maxi
wild	ADJ	sauvage
comic	ADJ	comique
adopt	VERB	adoptées
easy	ADJ	facile
happy	ADJ	heureuses
iowa	PROPN	iowa
save	VERB	économiser
theater	NOUN	théatre
chance	NOUN	hasard
prevent	VERB	empêcher
object	NOUN	objet
bird	NOUN	oiseaux
spread	VERB	propagation
cape	NOUN	cap
identify	VERB	identifiée
mine	PRON	miens
teach	VERB	enseignement
guideline	NOUN	directives
simon	PROPN	simon
depth	NOUN	profondeur
lyric	NOUN	paroles
christmas	PROPN	noël
decline	VERB	décliné
greece	PROPN	grece
express	VERB	exprès
federation	PROPN	fédération
journalist	NOUN	journaliste
intelligence	NOUN	renseignement
connection	NOUN	branchement
display	VERB	affichée
portuguese	PROPN	portugaise
declare	VERB	déclarées
constitution	NOUN	constitution
presidential	ADJ	présidentielle
plot	NOUN	complot
end	VERB	extrémités
pilot	NOUN	pilote
relatively	ADV	relativement
educate	VERB	éduquée
manchester	NOUN	manchester
queensland	NOUN	queensland
americans	PROPN	américains
introduction	NOUN	présentations
vehicle	NOUN	véhicule
stock	NOUN	encours
israeli	ADJ	israélien
frequently	ADV	fréquent
northwest	NOUN	northwest
drug	NOUN	drogue
visit	VERB	visite
portion	NOUN	portion
residence	NOUN	résidence
walter	NOUN	walter
interesting	ADJ	intéressante
moon	NOUN	lunaire
bell	NOUN	cloche
athletic	NOUN	athlétisme
reduce	VERB	réduit
wind	NOUN	vent
oklahoma	PROPN	oklahoma
architect	VERB	architecte
electronic	ADJ	électroniques
crown	NOUN	couronnes
anderson	PROPN	anderson
step	NOUN	étape
weapon	NOUN	armements
unable	ADJ	incapable
neutral	ADJ	neutre
connect	VERB	connectée
switzerland	NOUN	suisse
arm	VERB	armés
weekly	NOUN	hebdo
rate	VERB	notation
programme	NOUN	programme
squad	VERB	escouade
multi	VERB	multi
dynasty	NOUN	dynastie
cold	ADJ	rhume
grant	VERB	accordées
alliance	NOUN	alliances
sam	PROPN	sam
alabama	PROPN	alabama
albert	PROPN	albert
tropical	ADJ	tropiques
vietnam	PROPN	viêtnam
dvd	NOUN	dvd
heat	NOUN	chaleur
fan	NOUN	ventilateurs
surround	VERB	entourant
credit	NOUN	crédit
common	NOUN	common
boat	NOUN	bateau
box	NOUN	boîtes
ethnic	ADJ	ethnique
speak	VERB	parlant
arena	NOUN	aréna
core	NOUN	cœur
dog	NOUN	chiens
athletic	ADJ	athlétique
negative	ADJ	négative
confirm	VERB	confirmé
sixth	ADJ	sixième
edge	NOUN	bord
jesus	PROPN	jésus
tool	NOUN	outillage
colonel	NOUN	colonel
weak	ADJ	faiblesse
choose	VERB	choisi
brand	NOUN	marque
nfl	NOUN	nfl
supply	NOUN	approvisionnement
tradition	NOUN	traditions
elementary	PROPN	primaire
spirit	PROPN	esprit
task	NOUN	tâche
slightly	ADV	légèrement
howard	PROPN	howard
incident	NOUN	incidents
sunday	PROPN	dimanches
discuss	VERB	discuter
stat	NOUN	statistiques
climate	NOUN	climat
purchase	VERB	achetée
communication	NOUN	communication
chapter	NOUN	chapitre
singapore	PROPN	singapour
situate	VERB	située
license	NOUN	permis
haven	VERB	haven
citizen	NOUN	citoyens
visual	ADJ	visuelle
pope	NOUN	pape
sit	VERB	assise
glass	NOUN	vitre
miller	PROPN	meunier
post	VERB	publiée
estimate	VERB	estimées
brazilian	PROPN	brésilien
sexual	ADJ	sexuel
defence	NOUN	défense
respectively	ADV	respectivement
concern	VERB	concernant
rich	ADJ	riches
fast	VERB	rapide
extensive	ADJ	extensive
exhibition	NOUN	expositions
speech	NOUN	discours
proposal	NOUN	proposition
straight	ADV	hétéro
internal	ADJ	internes
effective	ADJ	efficace
solution	NOUN	solution
fashion	NOUN	mode
orange	PROPN	orangé
argentina	PROPN	argentine
brief	NOUN	bref
adult	NOUN	adulte
newly	ADV	nouvellement
identity	NOUN	identité
inspire	VERB	inspiré
egypt	PROPN	égypte
patrick	VERB	patrick
quebec	PROPN	québec
connecticut	PROPN	connecticut
anthony	PROPN	antoine
permanent	ADJ	permanente
phase	NOUN	phase
audience	NOUN	auditoires
motion	NOUN	mouvement
blue	NOUN	cafard
hungarian	PROPN	hongroise
arab	PROPN	arabe
train	NOUN	train
set	NOUN	ensembles
rank	VERB	classés
unlike	ADP	contrairement
criminal	ADJ	criminels
commonwealth	NOUN	commonwealth
finish	NOUN	finis
scope	NOUN	portée
accuse	VERB	accusés
warn	VERB	alerte
alan	PROPN	alain
object	VERB	objets
diego	PROPN	diego
contest	NOUN	concours
fighter	NOUN	chasseur
beat	VERB	battez
extremely	ADV	extrêmement
ford	PROPN	gué
swiss	VERB	suisses
sorry	ADJ	désolé
houston	PROPN	houston
worldwide	ADV	mondiale
cathedral	NOUN	cathédrale
reality	NOUN	réalité
adam	PROPN	adam
vandalism	NOUN	vandalisme
enemy	NOUN	ennemies
youtube	VERB	youtube
assess	VERB	évaluées
billion	NUM	milliard
bury	VERB	enfoui
belgium	NOUN	belgique
respect	NOUN	respecter
rare	ADJ	rareté
detroit	PROPN	détroit
graduate	NOUN	diplômés
explain	VERB	expliquez
maximum	ADJ	maximale
neither	CCONJ	ni
notify	VERB	aviser
painter	NOUN	peintre
hamilton	PROPN	hamilton
attempt	VERB	essayé
universe	NOUN	univers
obvious	ADJ	évident
suffer	VERB	subie
aid	NOUN	aides
driver	NOUN	pilote
folk	NOUN	folk
dan	PROPN	dan
khan	PROPN	khan
baby	NOUN	bébé
denmark	VERB	danemark
tokyo	PROPN	tokyo
billboard	NOUN	panneau
anne	PROPN	anne
danish	PROPN	danoises
formula	NOUN	formule
interior	PROPN	interieur
kevin	PROPN	kévin
weather	NOUN	temps
powerful	ADJ	puissant
muslim	ADJ	musulmans
publisher	NOUN	éditeur
precede	VERB	précédant
eric	PROPN	éric
approve	VERB	approuvé
achieve	VERB	atteint
douglas	PROPN	douglas
provincial	ADJ	provinciales
fund	NOUN	fonds
portugal	PROPN	portugal
athlete	NOUN	athlètes
audio	PROPN	acoustique
cat	NOUN	chats
valid	ADJ	valables
chemical	PROPN	chimique
lane	NOUN	voies
update	VERB	actualisation
ncaa	PROPN	ncaa
domestic	ADJ	domestiques
ali	PROPN	ali
false	ADJ	faux
equivalent	ADJ	équivalentes
catch	VERB	attrapée
christ	PROPN	christ
puerto	PROPN	puerto
partner	NOUN	associé
romania	PROPN	roumanie
aviation	NOUN	aéronautique
failure	NOUN	échec
ward	NOUN	pupille
strength	NOUN	résistance
knight	PROPN	chevalier
hungary	PROPN	hongrie
recording	NOUN	enregistrements
juan	PROPN	juan
mississippi	PROPN	mississippi
call	NOUN	appels
criticism	NOUN	critique
magic	NOUN	magie
gordon	PROPN	gordon
treaty	NOUN	traité
antonio	VERB	antonio
selection	NOUN	choix
rear	VERB	arrière
colonial	NOUN	coloniales
motor	NOUN	moteur
obtain	VERB	obtenues
circuit	NOUN	circuit
wish	VERB	souhait
compilation	NOUN	recueil
harvard	PROPN	harvard
islamic	PROPN	islamiste
determine	VERB	déterminées
geography	NOUN	géographie
arkansa	NOUN	arkansa
fuel	NOUN	combustible
artillery	NOUN	artillerie
medieval	ADJ	médiévale
inclusion	NOUN	inclusion
recognition	NOUN	reconnaissance
moment	NOUN	instant
succeed	VERB	réussi
historian	PROPN	historien
physics	NOUN	physique
allen	VERB	allen
watch	VERB	regardez
kitt	PROPN	kitt
grey	PROPN	gris
launch	NOUN	lancement
dave	PROPN	dave
philip	PROPN	philippe
iraq	PROPN	irak
ukraine	VERB	ukraine
tamil	PROPN	tamoul
shift	NOUN	maj
share	VERB	partagées
austrian	PROPN	autrichiennes
door	NOUN	porte
investigation	NOUN	enquête
princess	VERB	princesse
trail	NOUN	sentier
hundred	NUM	centaine
requirement	NOUN	exigences
kim	PROPN	kim
ltd	PROPN	ltée
metre	NOUN	mètres
gray	ADJ	gris
sector	NOUN	secteur
dean	PROPN	doyen
agricultural	ADJ	agricole
incorporate	VERB	incorporés
escape	VERB	échapper
corner	NOUN	coin
commission	VERB	commandé
mill	NOUN	moulin
mrs	PROPN	mme
temperature	NOUN	température
settle	VERB	réglés
remember	VERB	mémoriser
miami	PROPN	miami
spot	NOUN	taches
progress	NOUN	progrès
planet	NOUN	planete
occupy	VERB	occupé
usage	NOUN	utilisation
refuse	VERB	refusées
borough	NOUN	arrondissement
truth	NOUN	verite
clark	NOUN	clark
sufficient	ADJ	suffisantes
equal	ADJ	égales
administrator	NOUN	administratrice
factory	NOUN	fabrique
derive	VERB	dérivé
outstanding	ADJ	remarquables
flow	VERB	flux
peer	NOUN	pair
generate	VERB	génère
shape	NOUN	forme
creator	NOUN	créatrice
option	NOUN	option
lincoln	NOUN	lincoln
budget	NOUN	budgétaire
sky	NOUN	ciels
legend	NOUN	légendes
arrest	VERB	arrêtés
forum	NOUN	forum
metro	PROPN	métro
strike	VERB	frappe
injury	NOUN	préjudice
ryan	PROPN	ryan
zero	NUM	zéro
convert	VERB	convertis
violence	NOUN	violences
significantly	ADV	significativement
control	VERB	contrôlées
welsh	NOUN	galloise
drop	VERB	chuté
roger	PROPN	reçu
distinguish	VERB	distinguées
samuel	PROPN	samuel
translate	VERB	traduites
chapel	NOUN	chapelle
frederick	PROPN	frédéric
thousand	NOUN	milliers
offensive	ADJ	offensif
factor	NOUN	facteur
rename	ADJ	renommer
resistance	NOUN	résistance
junction	NOUN	jonction
tim	PROPN	tim
contribute	VERB	contribué
medium	ADJ	moyen
device	NOUN	appareil
profit	NOUN	bénéfice
dream	NOUN	reve
twelve	NUM	douze
universal	ADJ	universels
typical	ADJ	typiques
skill	VERB	aptitudes
buy	VERB	achetées
passenger	NOUN	passager
cleveland	PROPN	cleveland
funding	NOUN	financement
agriculture	NOUN	agriculture
decade	NOUN	décennies
signal	NOUN	signaux
reform	NOUN	reforme
organisation	NOUN	organisation
column	NOUN	colonne
defunct	ADJ	défunte
utah	PROPN	utah
qualify	VERB	qualifiés
indicate	VERB	indiquez
ukrainian	ADJ	ukrainiennes
gay	PROPN	homosexualité
amateur	ADJ	amateurs
obviously	ADV	manifestement
flora	PROPN	flore
gene	NOUN	gènes
soul	NOUN	âmes
alt	VERB	alat
montreal	ADJ	montréal
walker	NOUN	rôdeur
entrance	NOUN	entrée
path	NOUN	sentier
nice	ADJ	sympa
string	PROPN	chaîne
influence	VERB	influencé
occur	VERB	survenir
abandon	VERB	abandonnés
human	NOUN	humains
pair	VERB	paire
flat	ADJ	plats
sample	NOUN	échantillon
ban	VERB	interdits
moore	PROPN	moore
strongly	ADV	fortement
attorney	NOUN	avocat
mathematic	NOUN	mathématique
canal	NOUN	canaux
dublin	PROPN	dublin
surname	NOUN	nom
brain	NOUN	cerveaux
pittsburgh	PROPN	pittsburgh
blog	NOUN	blogue
economic	NOUN	économie
seventh	ADJ	septième
alex	PROPN	alex
heavily	ADV	fortement
painting	NOUN	peintures
recipient	NOUN	bénéficiaires
controversial	ADJ	controverse
controversy	NOUN	controverse
conservation	NOUN	préservation
marie	ADJ	marie
chain	NOUN	enchaîner
reader	NOUN	lecteurs
carl	PROPN	carl
violation	NOUN	infraction
wave	NOUN	vague
circle	PROPN	cercle
invasion	NOUN	envahir
jimmy	PROPN	jimmy
opportunity	NOUN	opportunités
orthodox	ADJ	orthodoxe
formal	ADJ	formels
second	NOUN	secondes
cycle	NOUN	cycle
doubt	VERB	doute
golf	NOUN	golf
constituency	NOUN	circonscription
closely	ADV	étroitement
huge	ADJ	énormes
andy	PROPN	andy
indonesia	PROPN	indonésie
mon	INTJ	lun
diocese	NOUN	diocèse
tank	NOUN	réservoir
advice	NOUN	conseil
senator	NOUN	sénateur
malaysia	ADV	malaisien
finland	NOUN	finlande
lawyer	NOUN	avocat
seattle	NOUN	seattle
gain	VERB	gain
index	NOUN	indice
runner	NOUN	coureur
crisis	NOUN	crise
cinema	NOUN	cinémas
matt	PROPN	matthieu
hollywood	NOUN	hollywood
reaction	NOUN	réaction
document	NOUN	document
lawrence	PROPN	laurent
pattern	NOUN	motif
atlanta	PROPN	atlanta
review	VERB	revu
perfect	ADJ	parfaits
restore	VERB	restaurée
bruce	NOUN	bruce
baltimore	PROPN	baltimore
baron	PROPN	baron
pan	VERB	casserole
commune	NOUN	commune
fantasy	NOUN	imaginaire
duty	NOUN	devoir
chair	NOUN	chaise
broad	ADJ	large
opposite	ADJ	opposé
stuff	NOUN	trucs
aged	ADJ	vieilli
street	NOUN	rues
nick	PROPN	nick
anna	PROPN	anna
billy	ADV	billy
extension	NOUN	prolongement
kent	VERB	kent
parliamentary	ADJ	parlementaire
kelly	PROPN	kelly
shoot	VERB	fusillade
ready	ADJ	prête
pick	VERB	pics
songwriter	NOUN	compositeur
aware	ADJ	consciente
jordan	PROPN	jordanie
dictionary	PROPN	dictionnaire
composition	NOUN	composition
salt	NOUN	salé
bangladesh	VERB	bangladesh
bot	PROPN	bot
benefit	VERB	bénéfice
schedule	VERB	prévu
advertise	VERB	publicitaire
maine	NOUN	maine
retirement	NOUN	retraite
scientist	NOUN	scientifiques
dam	NOUN	barrage
block	NOUN	blocages
las	PROPN	las
print	NOUN	imprimé
technique	NOUN	technique
anniversary	VERB	anniversaire
request	VERB	demandée
discovery	NOUN	découverte
expedition	NOUN	expédition
citation	NOUN	citation
und	VERB	und
meanwhile	ADV	entretemps
hampshire	PROPN	hampshire
creative	ADJ	créatifs
maintain	VERB	maintenir
pierre	NOUN	pierre
detail	VERB	détaillées
fact	NOUN	faits
frame	NOUN	ossature
finance	NOUN	financement
socialist	NOUN	socialistes
script	NOUN	scénario
camera	NOUN	appareil
return	NOUN	retours
engage	VERB	fiancé
assistance	NOUN	assistance
underground	ADV	souterraine
beautiful	ADJ	beau
jane	NOUN	jeanne
abc	PROPN	abc
suppose	VERB	supposés
successor	NOUN	successeur
classification	NOUN	classement
mining	NOUN	minier
cabinet	NOUN	armoire
ross	PROPN	ross
russell	PROPN	russel
evening	NOUN	soirée
singe	VERB	chant
fifa	PROPN	fifa
gender	NOUN	sexe
venue	NOUN	lieux
lake	VERB	lacs
mail	NOUN	courrier
jeff	PROPN	jeff
electoral	ADJ	électorale
emergency	NOUN	urgence
mode	NOUN	mode
christopher	PROPN	christophe
prove	VERB	prouvé
priest	NOUN	prêtre
investment	NOUN	investissement
romanian	PROPN	roumains
session	NOUN	séance
capture	NOUN	capturer
aspect	NOUN	aspect
trophy	NOUN	trophée
abuse	NOUN	sévices
prefecture	NOUN	préfecture
walk	VERB	marche
normally	ADV	normalement
snow	NOUN	neige
shop	NOUN	boutique
dakota	PROPN	dakota
bush	PROPN	brousse
coal	NOUN	houille
inhabitant	NOUN	habitants
gary	PROPN	gary
employee	NOUN	employés
error	NOUN	erreur
invite	VERB	invité
cable	NOUN	câbles
protein	NOUN	protéines
accident	NOUN	accident
measure	NOUN	mesurer
patient	NOUN	patientes
downtown	NOUN	downtown
animate	VERB	animées
satellite	NOUN	satellite
johnny	PROPN	johnny
combination	NOUN	combinaison
sequence	NOUN	séquences
hook	NOUN	hameçon
clean	VERB	propre
twin	ADJ	jumelle
distribute	VERB	distribué
defensive	ADJ	défensives
islam	PROPN	islam
ottoman	NOUN	ottomane
affect	VERB	affectée
wine	NOUN	vins
elsewhere	ADV	ailleurs
lanka	PROPN	lanka
carlos	PROPN	carlos
land	VERB	atterrissage
collect	VERB	recueillis
revival	NOUN	renouveau
rio	NOUN	rio
saturday	PROPN	samedi
mp	NOUN	parlementaires
guess	VERB	suppose
drop	NOUN	goutte
sarah	PROPN	sarah
lay	VERB	pondu
swim	VERB	nager
membership	NOUN	membres
edinburgh	PROPN	edimbourg
fit	ADJ	ajuster
harris	PROPN	harris
dalla	NOUN	dalla
bachelor	NOUN	célibataire
personally	ADV	personnellement
briefly	ADV	brièvement
file	NOUN	fichiers
extreme	ADJ	extrême
seek	VERB	recherchée
vision	NOUN	vision
demand	VERB	exiger
vertical	ADJ	verticales
marketing	NOUN	commercialisation
jason	NOUN	jason
appeal	NOUN	pourvoi
plane	NOUN	avion
quick	ADJ	rapide
victor	NOUN	viktor
solar	ADJ	solaires
neighborhood	NOUN	voisinage
fairly	ADV	équitablement
acid	NOUN	acide
constant	ADJ	constante
hip	NOUN	hanches
nova	PROPN	nova
ceremony	NOUN	cérémonie
chile	ADV	chilien
nazi	ADV	nazie
scholar	NOUN	érudit
liverpool	NOUN	liverpool
hero	NOUN	héro
designer	NOUN	styliste
instrument	NOUN	instrument
welcome	VERB	bienvenues
hair	NOUN	cheveu
consecutive	ADJ	consécutifs
adjacent	ADJ	adjacents
pool	NOUN	piscine
norman	PROPN	normand
belgian	ADJ	belge
austin	NOUN	austin
ensure	VERB	assurez
phone	NOUN	téléphone
ian	PROPN	ian
adam	NOUN	adam
collaboration	NOUN	collaboratif
margaret	PROPN	marguerite
kennedy	PROPN	kennedy
leg	NOUN	patte
assume	VERB	présumer
attach	VERB	attachée
dry	ADJ	sèche
bible	PROPN	biblique
matthew	PROPN	mathieu
serbian	PROPN	serbe
random	ADJ	hasard
participant	NOUN	participante
thorough	ADJ	minutieux
mention	NOUN	mentionne
portrait	NOUN	portrait
airline	NOUN	airline
franklin	PROPN	franklin
viewer	NOUN	téléspectateurs
finnish	PROPN	finnoise
venue	VERB	lieu
vocal	ADJ	vocaux
regularly	ADV	régulièrement
reject	VERB	rejetées
relative	NOUN	relatif
illegal	ADJ	illégaux
stewart	ADJ	stewart
roof	NOUN	toit
colour	NOUN	couleur
morgan	PROPN	morgane
prisoner	NOUN	prisonnières
facebook	VERB	facebook
nelson	PROPN	nelson
survive	VERB	survécu
insurance	NOUN	assurances
expert	NOUN	expert
steam	VERB	vapeur
card	NOUN	cartes
manufacture	VERB	fabrication
test	VERB	essai
coastal	ADJ	côtières
yorkshire	VERB	yorkshire
rescue	NOUN	secours
thailand	PROPN	thaïlande
vienna	PROPN	vienne
journey	PROPN	voyage
storage	NOUN	stockage
cost	NOUN	coûts
singh	PROPN	singh
distinct	ADJ	distinctes
notably	ADV	notamment
colony	NOUN	colonie
evolution	NOUN	évolution
taiwan	PROPN	taïwan
hurricane	NOUN	ouragans
poem	NOUN	poèmes
responsibility	NOUN	responsabilités
sentence	NOUN	phrases
birmingham	PROPN	birmingham
visible	ADJ	visibles
substantial	ADJ	substantielle
gulf	PROPN	golfe
instal	VERB	installées
revolutionary	ADJ	révolutionnaires
trip	NOUN	voyage
restaurant	NOUN	gastronomie
graham	PROPN	graham
store	NOUN	magasins
rice	NOUN	riz
reasonable	ADJ	raisonnable
skin	NOUN	peau
commit	VERB	engagée
volleyball	NOUN	volley
hundred	NOUN	centaines
injure	VERB	blessé
phrase	NOUN	expressions
stanley	PROPN	yves
thompson	NOUN	thompson
suicide	NOUN	suicides
advantage	NOUN	avantage
automatically	ADV	automatiquement
disc	NOUN	disque
minimum	NOUN	minimales
good	NOUN	marchandises
charge	NOUN	charge
alfre	VERB	alfre
operator	NOUN	exploitant
fre	VERB	fre
ann	PROPN	anne
campbell	PROPN	campbell
late	ADJ	dernier
release	NOUN	communiqués
victim	NOUN	victimes
explanation	NOUN	explication
threat	NOUN	menaces
slow	ADJ	ralentir
strategy	NOUN	stratégie
wayne	NOUN	wayne
disney	NOUN	disney
wright	NOUN	wright
residential	ADJ	résidentiel
significance	NOUN	signification
rule	VERB	gouverné
excellent	ADJ	excellents
observe	VERB	observés
threaten	VERB	menacés
friendly	ADJ	amicale
temporary	ADJ	provisoire
peninsula	NOUN	péninsule
artistic	ADJ	artistiques
safe	ADJ	sécuritaire
compete	VERB	rivaliser
hunter	NOUN	chasseur
alaska	PROPN	alaska
partnership	NOUN	partenariats
maintenance	NOUN	entretien
monitor	VERB	surveillance
evil	NOUN	diaboliques
relief	NOUN	soulagé
charlie	PROPN	charlie
poverty	NOUN	pauvreté
hop	PROPN	houblon
fri	PROPN	ven
suspect	VERB	présumés
fill	VERB	remplies
nba	PROPN	nba
argentine	ADJ	argentins
resign	VERB	démissionné
hawaii	NOUN	hawaï
brooklyn	PROPN	brooklyn
historian	NOUN	historiens
speaker	NOUN	orateur
moth	PROPN	papillon
permission	NOUN	autorisation
wound	VERB	blessé
racial	ADJ	raciale
marshall	PROPN	marshall
gate	NOUN	porte
roy	PROPN	roy
photography	NOUN	photographie
knight	NOUN	chevaliers
roll	VERB	rouler
progressive	ADJ	progressiste
contrast	NOUN	contrastes
terminal	ADJ	terminaux
execute	VERB	exécuté
spouse	NOUN	conjoint
infrastructure	NOUN	infrastructures
principle	NOUN	principe
properly	ADV	correctement
frequency	NOUN	répétition
shape	VERB	façonné
robinson	PROPN	robinson
ridge	NOUN	dorsale
ceo	NOUN	pdg
monument	NOUN	monument
mental	ADJ	mentale
carter	NOUN	carter
karl	PROPN	karl
mac	PROPN	mac
orleans	PROPN	orléans
portal	ADJ	portail
parallel	NOUN	parallèlement
thirty	NUM	trente
giant	NOUN	géants
murray	PROPN	murray
afghanistan	PROPN	afghanistan
assessment	NOUN	évaluation
counter	VERB	compteur
bear	NOUN	ours
purchase	NOUN	achats
expression	NOUN	expression
improvement	NOUN	amélioration
madrid	PROPN	madrid
closure	VERB	bouclage
wheel	NOUN	roue
ambassador	NOUN	ambassadeur
desert	NOUN	désert
iranian	PROPN	iraniennes
reign	NOUN	règne
uncle	NOUN	tonton
severe	ADJ	sévères
rain	NOUN	pluies
admiral	ADJ	amiral
fish	VERB	peche
broadway	ADV	broadway
roughly	ADV	grossièrement
tech	NOUN	tech
trouble	NOUN	perturbation
rico	PROPN	rico
paragraph	NOUN	paragraphe
bat	NOUN	batte
prepare	VERB	préparés
robin	NOUN	robin
hire	VERB	engagée
fear	VERB	peur
merit	NOUN	mérites
participation	NOUN	participation
massive	ADJ	massifs
design	NOUN	dessins
alberta	PROPN	alberta
egyptian	PROPN	égyptiens
clerk	NOUN	clerc
narrow	ADJ	étroite
adapt	VERB	adaptée
commissioner	NOUN	commissaire
rapid	ADJ	rapide
credit	VERB	crédités
date	VERB	rencontres
bomb	VERB	bombe
capable	ADJ	capables
honorary	PROPN	honoraire
dragon	NOUN	dragons
fire	VERB	virée
proof	NOUN	justificatif
practice	NOUN	pratiques
arabic	ADJ	arabe
attraction	NOUN	attraits
mouth	NOUN	bouche
license	VERB	licencié
symbol	NOUN	symboles
organ	VERB	orgue
damage	VERB	endommagé
warren	PROPN	warren
exception	NOUN	dérogations
costa	PROPN	costa
unfortunately	ADV	hélas
jerusalem	PROPN	jérusalem
replacement	NOUN	remplacements
indian	NOUN	indiens
soundtrack	VERB	soundtrack
virgin	PROPN	vierges
thousand	NUM	millier
vancouver	NOUN	vancouver
legislation	NOUN	législation
beauty	NOUN	beauté
serbia	PROPN	serbie
christianity	PROPN	chrétienté
cavalry	NOUN	cavalerie
tribe	VERB	tribu
richmond	PROPN	richmond
chess	NOUN	échecs
exact	VERB	exacte
baker	PROPN	boulanger
ally	VERB	alliés
involvement	NOUN	implication
anime	NOUN	animé
donald	PROPN	donald
unusual	ADJ	inhabituelle
impossible	ADJ	impossibles
cook	NOUN	cuisiner
jonathan	PROPN	jonathan
removal	NOUN	déménagement
admit	VERB	admise
ownership	NOUN	appropriation
shore	NOUN	rive
nebraska	PROPN	nebraska
regulation	NOUN	réglementation
crash	NOUN	plantage
guitarist	NOUN	guitariste
abbey	VERB	abbaye
nevada	PROPN	nevada
barry	VERB	barry
tone	NOUN	tonalité
indigenous	ADJ	indigènes
personality	NOUN	personnalité
reception	NOUN	réception
transit	NOUN	transit
buffalo	VERB	buffle
flower	NOUN	fleurs
bond	NOUN	cautionnement
jay	PROPN	jay
adventure	NOUN	aventures
definitely	ADV	assurément
guinea	NOUN	guinée
horror	NOUN	horreur
ranger	NOUN	ranger
apple	NOUN	pommier
popularity	NOUN	popularité
occasionally	ADV	occasionnellement
coalition	NOUN	coalition
franchise	NOUN	franchises
star	VERB	étoilé
journal	NOUN	revues
percentage	NOUN	pourcentages
silent	ADJ	silencieuse
laboratory	NOUN	laboratoire
microsoft	PROPN	microsoft
charter	NOUN	affrètement
suitable	ADJ	approprié
alternate	VERB	suppléant
experimental	ADJ	expérimental
conclude	VERB	conclu
reputation	NOUN	renommée
accurate	ADJ	exacte
interpretation	NOUN	interprétation
endemic	NOUN	endémique
chemistry	NOUN	chimie
manga	NOUN	mangas
cbs	PROPN	cbs
symphony	NOUN	symphonique
promotional	ADJ	promotionnel
electrical	ADJ	électrique
tag	NOUN	identifications
meter	NOUN	compteurs
jerry	NOUN	jerry
tiger	NOUN	tigres
commerce	NOUN	commerce
remix	NOUN	remix
address	VERB	adressé
phil	PROPN	phil
automatic	ADJ	automatiques
gang	NOUN	bande
print	VERB	imprimé
oak	VERB	chênes
warner	PROPN	avertisseur
tend	VERB	tendent
quote	INTJ	cotation
separate	VERB	séparées
bishop	NOUN	évêques
glasgow	VERB	glasgow
essentially	ADV	essentiellement
wait	VERB	attendre
battery	NOUN	batterie
favor	VERB	faveur
benjamin	PROPN	benjamin
apparent	ADJ	apparente
shopping	NOUN	achats
patrol	VERB	patrouilles
eagle	VERB	aigle
angel	NOUN	ange
martial	ADJ	martiaux
restoration	NOUN	restauration
delhi	ADV	delhi
han	NOUN	han
morris	PROPN	morris
helpful	ADJ	serviable
deliver	VERB	livrés
component	NOUN	composants
victorian	PROPN	victorien
legislature	NOUN	législatif
tourism	NOUN	tourisme
treat	VERB	traitée
extent	NOUN	étendue
kid	NOUN	enfants
barbara	PROPN	barbara
essay	VERB	essai
circumstance	NOUN	circonstances
repeat	VERB	répétés
plain	ADV	plaine
superior	ADJ	supérieurs
strategic	ADJ	stratégique
similarly	ADV	pareillement
effectively	ADV	efficacement
arrange	VERB	arrangée
ken	VERB	ken
grammar	NOUN	grammaire
amendment	NOUN	amendement
allege	VERB	présumés
habitat	PROPN	habitats
shell	PROPN	coquillage
montana	PROPN	montana
triple	ADJ	triples
caribbean	ADJ	caraïbes
sign	NOUN	signes
seriously	ADV	sérieux
bristol	PROPN	bristol
war	VERB	belligérantes
mitchell	PROPN	mitchell
colombia	PROPN	colombie
comparison	NOUN	comparatif
basin	NOUN	bassine
eleven	NUM	onze
ill	ADJ	malade
pradesh	NOUN	pradesh
charity	NOUN	bienfaisance
output	NOUN	sortie
dna	PROPN	adn
carbon	NOUN	carbone
architectural	ADJ	architecturaux
representation	NOUN	représentation
commentary	NOUN	commentaire
visitor	NOUN	visiteur
plate	NOUN	assiette
process	VERB	transformation
landscape	NOUN	paysager
dick	PROPN	bite
hunt	NOUN	pourchasser
summit	NOUN	sommet
psychology	NOUN	psychologie
ride	VERB	chevaucher
greatly	ADV	grandement
guardian	NOUN	tuteur
terminu	VERB	terminu
balance	NOUN	solde
democracy	NOUN	démocratie
nichola	NOUN	nicolas
usual	ADJ	habituel
peru	PROPN	pérou
eighth	ADJ	huitième
instrumental	ADJ	instrumentale
hindu	NOUN	hindou
defender	NOUN	défenseur
arrival	NOUN	arrivée
evans	PROPN	evans
imply	VERB	impliquer
prose	VERB	prose
cargo	NOUN	cargaison
hide	VERB	masquée
volunteer	NOUN	volontaires
bio	VERB	biographie
holder	NOUN	titulaire
sugar	NOUN	sucre
wildlife	NOUN	faune
fun	NOUN	plaisir
integrate	VERB	intégrée
grace	NOUN	grâces
feed	NOUN	nourrir
childhood	NOUN	enfance
accompany	VERB	accompagné
milan	PROPN	milan
photograph	NOUN	photographies
honour	VERB	honneur
soil	NOUN	terre
server	NOUN	serveur
manual	NOUN	manuel
concrete	NOUN	concret
possibility	NOUN	possibilité
ghost	NOUN	fantôme
confuse	VERB	perplexe
tunnel	NOUN	tunnel
larry	PROPN	larry
elevation	NOUN	altitude
muhammad	PROPN	mahomet
considerable	ADJ	considérable
inter	VERB	inter
phoenix	PROPN	phénix
sweet	ADJ	doux
waste	NOUN	déchets
operational	ADJ	opérationnelles
tall	ADJ	tall
constitutional	ADJ	constitutionnelle
acceptable	ADJ	acceptables
fruit	NOUN	fruitières
depression	NOUN	dépressions
perspective	NOUN	perspective
crystal	NOUN	cristal
monastery	VERB	monastère
cincinnati	PROPN	cincinnati
tie	VERB	liées
surgery	NOUN	chirurgie
carrier	NOUN	porteur
stream	VERB	flux
alice	VERB	alice
kick	VERB	botter
strange	ADJ	étrange
predecessor	NOUN	prédécesseur
bernard	NOUN	bernard
nigeria	X	nigéria
pain	NOUN	souffrance
influential	ADJ	influente
punk	NOUN	voyou
suggestion	NOUN	suggestion
interaction	NOUN	interactions
retain	VERB	conservés
achievement	NOUN	accomplissement
mechanical	ADJ	mécanique
trinity	NOUN	trinité
classify	VERB	classées
minority	NOUN	minoritaires
coat	NOUN	manteau
power	VERB	alimenté
alive	ADJ	vivante
nbc	PROPN	nbc
nhl	PROPN	lnh
keith	PROPN	keith
bobby	VERB	bobby
harbor	NOUN	harbor
behaviour	NOUN	comportements
croatian	NOUN	croates
maritime	ADV	maritimes
terry	VERB	terry
virtual	ADJ	virtuel
indoor	ADJ	intérieure
spiritual	ADJ	spirituelle
croatia	PROPN	croatie
lion	NOUN	lionne
archbishop	NOUN	archevêque
luis	PROPN	luis
merchant	NOUN	commerçant
contest	VERB	contesté
editorial	NOUN	éditorial
initiative	NOUN	initiative
charlotte	PROPN	charlotte
pure	ADJ	pures
persian	PROPN	persique
armenian	PROPN	arménienne
romantic	ADJ	romantisme
talent	NOUN	talents
unlikely	ADJ	improbable
panel	NOUN	panneau
jump	VERB	sauter
animation	NOUN	animations
employment	NOUN	emploi
trading	NOUN	négoce
parker	NOUN	parker
statue	NOUN	statue
wonder	VERB	émerveillement
friday	PROPN	vendredi
job	NOUN	emploi
cuba	PROPN	cuba
schedule	NOUN	horaires
familiar	ADJ	familières
disagree	VERB	désaccord
turner	PROPN	turner
formally	ADV	officiellement
locomotive	NOUN	locomotive
barcelona	NOUN	barcelone
consistent	ADJ	cohérents
recommend	VERB	recommandés
desire	NOUN	désir
bulgaria	PROPN	bulgarie
vincent	PROPN	vincent
belief	NOUN	croire
vessel	NOUN	navires
basically	ADV	essentiellement
continental	PROPN	continentale
hole	NOUN	trou
passage	NOUN	passage
wedding	NOUN	mariage
archaeological	ADJ	archéologique
layer	NOUN	couche
designation	NOUN	désignation
clan	PROPN	clan
revenue	NOUN	revenus
suit	NOUN	costard
soft	ADJ	douce
weekend	NOUN	weekend
approval	NOUN	approbation
democrats	PROPN	démocrates
collin	NOUN	collin
wear	VERB	usure
supporter	NOUN	partisans
cash	NOUN	argent
dennis	PROPN	denis
sculpture	NOUN	sculptures
practical	ADJ	pratique
harrison	PROPN	harrison
pink	ADV	rose
oliver	ADV	olivier
limit	NOUN	limite
cooper	PROPN	cooper
illustrate	VERB	illustrée
hell	NOUN	enfer
statistical	ADJ	statistique
reference	VERB	référencés
wolf	NOUN	loup
warrior	NOUN	guerriers
fresh	ADJ	frais
signature	NOUN	signature
clinical	ADJ	clinique
necessarily	ADV	forcément
immediate	ADJ	immédiates
essential	ADJ	essentiel
completion	NOUN	achèvement
conclusion	NOUN	conclusion
strip	PROPN	strip
bind	VERB	lié
praise	VERB	loué
hull	NOUN	coque
diamond	NOUN	losange
empty	ADJ	vides
eliminate	VERB	éliminée
valuable	ADJ	précieux
brick	NOUN	briques
experience	NOUN	expériences
beijing	PROPN	pékin
lgbt	PROPN	homosexualité
liberty	NOUN	liberté
siege	NOUN	siège
baptist	NOUN	baptiste
ron	PROPN	ron
hebrew	VERB	hébreu
decline	NOUN	refuser
coach	VERB	accompagnement
alpha	NOUN	alpha
equip	VERB	équipée
identical	ADJ	identique
submit	VERB	soumise
enterprise	NOUN	entreprise
touch	VERB	toucher
transmission	NOUN	transmissions
cave	VERB	caverne
film	VERB	filmés
inch	NOUN	pouce
cool	ADJ	cool
bulgarian	PROPN	bulgare
manhattan	PROPN	manhattan
destruction	NOUN	destructions
activist	NOUN	militant
clay	NOUN	argileux
keyboard	NOUN	claviers
dangerous	ADJ	dangereux
view	VERB	visionné
email	NOUN	courriel
biology	NOUN	biologie
bold	VERB	audacieuse
bowling	NOUN	quilles
affiliate	VERB	affiliées
sock	NOUN	chaussette
assault	NOUN	agression
monthly	ADV	mensuel
foster	PROPN	foster
cousin	NOUN	cousine
hispanic	ADJ	hispaniques
logic	NOUN	logique
craig	PROPN	craig
trivial	ADJ	insignifiant
pioneer	PROPN	pionnier
muslim	NOUN	musulmans
absence	NOUN	absence
amsterdam	PROPN	amsterdam
tribe	NOUN	tribus
percussion	NOUN	percussions
theme	VERB	thèmes
benefit	NOUN	avantages
guard	NOUN	gardes
attribute	VERB	attribuées
athen	NOUN	athènes
herbert	PROPN	herbert
celebrate	VERB	célébré
sponsor	VERB	parrainé
raf	PROPN	raf
delaware	VERB	delaware
neil	PROPN	neil
pole	NOUN	pôle
ref	PROPN	réf
historically	ADV	historiquement
tail	VERB	queue
tour	NOUN	circuits
stable	ADJ	stabilité
identification	NOUN	identification
delta	PROPN	delta
mediterranean	PROPN	méditerranéen
reply	VERB	réponse
stuart	PROPN	stuart
marvel	VERB	émerveillement
luke	PROPN	luc
grave	NOUN	tombe
odd	ADJ	etrange
uss	PROPN	uss
mall	NOUN	mall
penalty	NOUN	pénalités
secure	ADJ	sécurisée
hugh	NOUN	hugues
steven	PROPN	stéphane
sole	ADJ	semelle
architect	NOUN	architecte
characteristic	NOUN	caractéristiques
spin	NOUN	vrille
clinton	PROPN	clinton
villa	NOUN	villa
select	ADJ	choisissez
metric	ADJ	métrique
criticize	VERB	critiquée
robert	NOUN	robert
biological	ADJ	biologiques
lloyd	PROPN	lloyd
munich	PROPN	munich
belong	VERB	appartient
adelaide	NOUN	adélaïde
harold	NOUN	harold
norfolk	PROPN	norfolk
butler	NOUN	majordome
rival	NOUN	rivale
acoustic	ADJ	acoustiques
adaptation	NOUN	adaptation
greg	PROPN	greg
reporter	NOUN	journaliste
absolutely	ADV	absolument
nobody	PRON	personne
scholarship	NOUN	bourse
vast	ADJ	vastes
exit	NOUN	quitter
inquiry	NOUN	enquête
dual	ADJ	double
belt	NOUN	courroie
patent	NOUN	brevets
mathematical	PROPN	mathématique
rarely	ADV	rarement
submission	NOUN	soumission
demographic	NOUN	démographiques
crowd	VERB	foule
rick	PROPN	rick
bonus	NOUN	prime
tourist	NOUN	touriste
mystery	NOUN	mystérieux
click	VERB	cliquer
nevertheless	ADV	néanmoins
voter	NOUN	électeurs
rifle	NOUN	fusil
civilian	PROPN	civil
partial	ADJ	partiel
encourage	VERB	encouragées
birthday	NOUN	anniversaire
eddie	PROPN	eddy
christians	PROPN	chrétiens
denver	NOUN	denver
petersburg	ADJ	pétersbourg
researcher	NOUN	chercheurs
partly	ADV	partiellement
photographer	NOUN	photographe
jon	PROPN	jon
obama	NOUN	obama
clock	NOUN	horloge
violin	NOUN	violon
holiday	NOUN	vacances
distinction	NOUN	distinguer
artwork	NOUN	oeuvres
makeup	PROPN	maquillage
catherine	PROPN	catherine
font	NOUN	polices
farmer	NOUN	fermiers
occasion	NOUN	occasion
photograph	VERB	photographie
struggle	VERB	lutte
yale	PROPN	yale
pen	NOUN	stylo
procedure	NOUN	procédure
jacob	PROPN	jacob
convict	VERB	condamnée
transition	NOUN	transition
anglo	ADV	anglo
legacy	NOUN	héritage
deny	VERB	refusées
ottawa	PROPN	ottawa
derby	NOUN	derby
librarie	VERB	bibliothèques
hudson	PROPN	hudson
sacred	ADJ	sacrées
rob	PROPN	cambrioler
argue	VERB	argumenter
annually	ADV	annuellement
cardinal	PROPN	cardinal
nepal	PROPN	népal
intersection	NOUN	croisement
dispute	NOUN	contentieux
beam	NOUN	poutre
overseas	ADV	outremer
perry	NOUN	perry
nickname	VERB	surnom
syria	PROPN	syrienne
well	NOUN	puits
ultimate	ADJ	ultimes
danny	NOUN	dany
retail	NOUN	détail
favorite	VERB	préféré
vermont	PROPN	vermont
download	NOUN	télécharge
trust	VERB	confiance
appointment	NOUN	nomination
ballet	VERB	ballet
jefferson	PROPN	jefferson
anywhere	ADV	partout
sand	VERB	sables
angle	NOUN	angle
recreation	NOUN	loisirs
kenya	PROPN	kenya
accessible	ADJ	accessibles
ralph	PROPN	ralph
thread	NOUN	filetage
disruptive	ADJ	perturbateur
ninth	ADJ	neuvième
arrest	NOUN	arrestation
choir	VERB	chœur
mine	NOUN	mine
round	VERB	rondes
competitive	ADJ	compétitif
meeting	NOUN	rencontres
comment	VERB	commentées
wang	PROPN	wang
exercise	VERB	exercices
jacque	VERB	jacque
objective	NOUN	objectif
demolish	VERB	démolis
prefer	VERB	préféré
pedro	NOUN	pedro
robot	NOUN	robots
venezuela	PROPN	venezuela
segment	NOUN	segment
edward	VERB	edward
aim	VERB	viser
eagle	NOUN	aigles
demonstrate	VERB	démontré
tribute	VERB	hommage
continuous	ADJ	continue
spider	VERB	araignée
convince	VERB	persuadé
bed	NOUN	lit
gap	NOUN	fossé
reflect	VERB	reflètent
mar	VERB	mar
cooperation	NOUN	coopération
gothic	PROPN	gothique
protest	NOUN	protestation
hunt	VERB	chasser
frequent	ADJ	fréquentes
conversion	NOUN	reconversion
stress	NOUN	contrainte
manufacturer	NOUN	constructeurs
voice	VERB	exprimé
traditionally	ADV	traditionnellement
jose	VERB	josé
totally	ADV	carrément
concentration	NOUN	concentration
sing	VERB	chantons
rocket	NOUN	roquettes
electricity	NOUN	electricité
shadow	NOUN	ombre
box	VERB	boxe
doc	PROPN	toubib
stanford	PROPN	stanford
vegas	PROPN	vegas
jury	NOUN	juré
calendar	NOUN	calendriers
noble	ADJ	nobles
tommy	PROPN	tommy
guilty	ADJ	coupable
leo	PROPN	léon
handle	VERB	manipuler
extinct	PROPN	éteinte
respond	VERB	répondu
scotia	PROPN	scotia
tale	NOUN	contes
implementation	NOUN	implémentation
truck	NOUN	camionnette
spell	VERB	orthographe
item	NOUN	élément
load	NOUN	charger
customer	NOUN	clients
orphan	VERB	orphelin
ferry	VERB	traversier
push	VERB	poussez
lie	VERB	mentir
berkeley	PROPN	berkeley
lebanon	PROPN	liban
madison	PROPN	madison
throne	NOUN	trône
attract	VERB	attiré
retrieve	VERB	récupérés
manor	NOUN	manor
saudi	PROPN	saoudien
serial	ADJ	série
abroad	ADV	etranger
roger	NOUN	roger
light	NOUN	lumières
gauge	NOUN	gabarit
elder	VERB	ancien
renaissance	NOUN	renaissance
uniform	NOUN	uniforme
chase	NOUN	pourchasser
aka	ADV	alias
brisbane	NOUN	brisbane
susan	PROPN	sylvie
raymond	PROPN	raymond
col	PROPN	col
thai	PROPN	thaï
disaster	NOUN	sinistre
clothing	NOUN	habillement
murphy	PROPN	murphy
sharp	ADJ	tranchant
yugoslavia	PROPN	yougoslave
buddhist	NOUN	bouddhisme
publicly	ADV	publiquement
meat	NOUN	viande
literally	ADV	littéralement
spam	NOUN	indésirable
telephone	NOUN	téléphone
moral	ADJ	morale
sung	PROPN	chanté
partially	ADV	partiellement
brunswick	NOUN	brunswick
radar	NOUN	radars
grove	VERB	bosquet
tea	NOUN	thés
elite	NOUN	élite
bright	ADJ	brillant
sierra	PROPN	sierra
heaven	PROPN	paradis
te	VERB	te
consumer	NOUN	consommateurs
fund	VERB	financé
exclusive	ADJ	exclusives
ibn	PROPN	ibn
manuel	PROPN	manuel
ally	NOUN	alliés
reviewer	NOUN	réviseur
missile	NOUN	missiles
mechanism	NOUN	mécanisme
helen	VERB	hélène
withdraw	VERB	retirée
intention	NOUN	intention
mini	X	mini
casualty	NOUN	pertes
rhythm	NOUN	rythmique
pat	VERB	pat
poll	NOUN	sondages
deck	NOUN	pont
newcastle	NOUN	newcastle
antarctic	ADJ	antarctique
leed	VERB	leed
last	VERB	duré
range	VERB	gammes
ordinary	ADJ	ordinaire
insect	VERB	insectes
flash	VERB	instantané
worship	VERB	adoration
boundary	NOUN	frontières
blind	ADJ	aveugle
pakistani	ADJ	pakistanaises
interstate	PROPN	interstate
arrangement	NOUN	arrangement
globe	NOUN	globe
gross	ADJ	dégoûtant
gilbert	VERB	gilbert
gradually	ADV	progressivement
experiment	NOUN	expérimenter
radical	ADJ	radicaux
gov	PROPN	gov
opponent	NOUN	opposant
diameter	VERB	diamètre
pitch	NOUN	lancer
utility	NOUN	utilitaire
cleanup	NOUN	nettoyage
regime	NOUN	régime
revise	VERB	révisée
diplomatic	ADJ	diplomates
german	NOUN	allemands
seal	NOUN	phoque
gregory	NOUN	grégoire
correspond	VERB	correspondante
sword	NOUN	épée
purple	NOUN	violette
virus	NOUN	virus
bull	NOUN	taureau
drummer	NOUN	batteur
present	NOUN	présente
holland	PROPN	hollande
bias	VERB	biais
merger	NOUN	fusion
remote	VERB	distants
sean	NOUN	sean
rebellion	NOUN	révolte
premiere	NOUN	première
physician	NOUN	médecin
con	PROPN	con
cloud	PROPN	nuage
noise	NOUN	bruits
head	VERB	rubrique
duo	NOUN	duo
beer	NOUN	bières
palestinian	PROPN	palestinienne
copper	NOUN	cuivre
jurisdiction	NOUN	compétence
ski	VERB	skier
peak	VERB	culminé
hms	NOUN	hms
loop	NOUN	boucles
drum	VERB	batterie
dramatic	ADJ	spectaculaire
saskatchewan	PROPN	saskatchewan
talk	NOUN	pourparlers
earthquake	NOUN	tremblement
rhode	VERB	rhode
hat	NOUN	casquette
den	VERB	tanière
min	NOUN	mn
defend	VERB	défendre
alcohol	PROPN	alcools
dominate	VERB	dominée
eat	VERB	manger
graphic	NOUN	graphiques
coffee	NOUN	café
chancellor	PROPN	chancelier
ton	NOUN	tonnes
cruz	PROPN	cruz
warsaw	PROPN	varsovie
exclusively	ADV	exclusivement
rush	VERB	ruée
playstation	NOUN	playstation
outcome	VERB	aboutissement
apartment	NOUN	appartement
cardinal	NOUN	cardinaux
correctly	ADV	correctement
fundamental	ADJ	fondamentale
thin	ADJ	maigre
chan	PROPN	chan
resolve	VERB	résolus
mario	PROPN	mario
dame	NOUN	dame
shield	VERB	bouclier
ivan	PROPN	ivan
writing	NOUN	écritures
bosnia	PROPN	bosnie
violent	ADJ	violentes
caption	NOUN	légende
harbour	VERB	port
margin	NOUN	marge
auckland	VERB	auckland
postal	ADJ	postaux
pirate	NOUN	pirates
collective	ADJ	collectifs
diesel	NOUN	gazole
liberation	NOUN	libération
confederate	VERB	confédérés
devil	PROPN	démon
sultan	PROPN	sultan
rider	NOUN	motard
amazon	NOUN	amazones
florence	NOUN	florence
marc	PROPN	marc
arnold	VERB	arnold
shah	NOUN	shah
reduction	NOUN	réduction
genetic	ADJ	génétique
somerset	VERB	somerset
locally	ADV	localement
milk	NOUN	lait
romance	NOUN	romantisme
intellectual	ADJ	intellectuelle
latino	NOUN	latinos
mason	PROPN	maçon
pete	ADJ	pete
advisory	NOUN	consultatif
arbitration	NOUN	arbitrage
interface	NOUN	interface
hitler	NOUN	hitler
default	NOUN	défaut
access	VERB	accédé
sheffield	VERB	sheffield
departure	NOUN	départ
hindi	PROPN	hindi
anglican	ADV	anglicane
mistake	VERB	erreur
reside	VERB	résidant
embassy	NOUN	ambassade
murder	VERB	assassiné
sox	PROPN	sox
sleep	NOUN	sommeil
suspend	VERB	suspendu
sum	VERB	somme
mythology	NOUN	mythologie
bengal	ADJ	bengale
confusion	NOUN	désarroi
oscar	NOUN	oscar
therapy	NOUN	thérapie
expose	VERB	exposées
assist	VERB	aidé
possession	NOUN	possession
devote	VERB	dévouée
milwaukee	PROPN	milwaukee
inform	VERB	informée
anonymous	ADJ	anonyme
reverse	VERB	inverse
soap	NOUN	savon
territorial	ADJ	territoriale
lisa	PROPN	lisa
paulo	VERB	paulo
northwestern	ADJ	northwestern
playoff	NOUN	éliminatoires
boss	NOUN	patron
nasa	PROPN	nasa
quote	VERB	cité
byzantine	VERB	byzantin
idaho	VERB	idaho
poster	NOUN	affiches
geographic	ADJ	géographique
congo	PROPN	congolais
venture	NOUN	venture
worse	ADV	pire
hoax	ADJ	canular
restrict	VERB	limité
instruction	NOUN	consignes
sullivan	PROPN	sullivan
leaf	VERB	feuille
substitute	VERB	remplaçant
contributor	NOUN	collaborateur
enjoy	VERB	apprécié
framework	NOUN	cadre
rocky	ADJ	rocheux
kerala	PROPN	kerala
shakespeare	VERB	shakespeare
quantum	NOUN	quantique
immigration	NOUN	immigration
mirror	NOUN	miroir
certify	VERB	certifiées
asset	NOUN	actif
potentially	ADV	potentiellement
presentation	NOUN	présentation
cotton	NOUN	coton
syndrome	NOUN	syndrome
forty	NUM	quarante
journalism	NOUN	journalisme
unsuccessful	ADJ	infructueuses
conductor	NOUN	conducteur
bone	NOUN	osseuse
essex	NOUN	essex
rebuilt	VERB	reconstruits
wellington	PROPN	wellington
ideal	ADJ	idéale
raw	ADV	cru
leonard	PROPN	léonard
watson	NOUN	watson
harvey	VERB	harvey
hello	INTJ	bonjour
rabbi	VERB	rabbin
hardware	NOUN	quincaillerie
ensemble	ADJ	ensemble
monster	NOUN	monstrueuse
pitcher	NOUN	carafe
emphasis	NOUN	emphase
recovery	NOUN	rétablissement
less	ADJ	moindre
qualification	NOUN	qualifications
organic	ADJ	bio
exposure	NOUN	exposition
palestine	NOUN	palestinienne
thought	NOUN	réflexions
maurice	NOUN	maurice
immigrant	NOUN	immigrés
variant	ADJ	variante
lap	NOUN	giron
legitimate	ADJ	légitimes
autonomous	ADJ	autonomes
wallace	PROPN	wallace
succession	NOUN	successions
throw	VERB	jeter
monday	PROPN	lundi
reserve	NOUN	réserve
donate	VERB	donné
delivery	NOUN	livraison
joan	PROPN	joan
fifty	NUM	cinquante
slave	VERB	esclave
feedback	NOUN	commentaires
columbus	NOUN	colomb
cgi	PROPN	cgi
initiate	VERB	initiée
favour	VERB	faveur
variable	ADJ	variables
theology	NOUN	théologique
todd	ADJ	todd
parameter	NOUN	paramètres
travel	VERB	voyageait
canton	PROPN	canton
han	PROPN	han
reed	PROPN	roseaux
celtic	ADJ	celtique
characteristic	ADJ	caractéristique
search	VERB	recherchant
inappropriate	ADJ	inapproprié
switch	VERB	interrupteur
tie	NOUN	cravates
tube	NOUN	tube
otto	NOUN	otto
debt	NOUN	endettement
outdoor	ADJ	extérieurs
navigation	NOUN	navigation
eligible	ADJ	admissible
expensive	ADJ	coûteux
tier	NOUN	tier
gospel	NOUN	évangile
newton	PROPN	newton
essay	NOUN	essais
shanghai	PROPN	shanghai
conventional	ADJ	conventionnelle
feeling	NOUN	sentiments
bath	NOUN	bains
venice	PROPN	venise
variation	NOUN	variantes
emerge	VERB	émergé
flood	NOUN	inonder
document	VERB	documenté
custom	NOUN	personnalisé
touchdown	PROPN	touché
profession	NOUN	métier
layout	PROPN	disposition
academic	NOUN	universitaires
settler	NOUN	colons
sony	PROPN	sony
competitor	NOUN	concurrents
phillip	NOUN	philips
grass	NOUN	pelouse
reservoir	PROPN	réservoir
artificial	ADJ	artificiels
novelist	NOUN	romancier
tip	NOUN	pourboire
prague	PROPN	prague
abu	PROPN	abou
guitar	NOUN	guitares
laura	PROPN	laure
fellow	NOUN	boursiers
internationally	ADV	internationalement
johann	PROPN	johann
hughes	NOUN	hugues
suburb	NOUN	faubourg
specialize	VERB	spécialisé
pearl	PROPN	perle
chorus	NOUN	chœurs
dependent	ADJ	dépendant
restriction	NOUN	restriction
killer	NOUN	tueur
oakland	PROPN	oakland
trio	PROPN	trio
mtv	PROPN	mtv
cattle	NOUN	bovins
gear	VERB	engrenage
gabriel	PROPN	gabriel
trade	VERB	échangés
skate	VERB	patinage
fifteen	NUM	quinze
palm	NOUN	palme
tale	PROPN	récit
vary	VERB	varient
liquid	NOUN	liquide
cycle	VERB	vélo
princeton	PROPN	princeton
respective	ADJ	respectifs
friedrich	PROPN	frédéric
jet	NOUN	jet
horn	NOUN	trompette
erect	VERB	érigée
burn	VERB	brûlant
atmosphere	NOUN	atmosphère
characterize	VERB	caractérisée
syrian	ADJ	syrien
java	ADV	java
repair	NOUN	réparer
bin	NOUN	poubelle
stick	VERB	bâton
dollar	NOUN	dollars
organise	VERB	organisé
truly	ADV	vraiment
bueno	NOUN	bueno
parade	NOUN	défilé
back	VERB	adossés
awareness	VERB	conscience
depend	VERB	dépend
spencer	NOUN	spencer
republicans	PROPN	républicains
conspiracy	NOUN	complot
clarke	NOUN	clarke
rough	ADJ	rude
pine	NOUN	pin
equation	NOUN	équation
democrat	PROPN	démocrates
button	PROPN	boutons
abraham	PROPN	abraham
neck	NOUN	nuque
forever	ADV	forever
drink	VERB	boisson
sheriff	PROPN	shériff
miguel	PROPN	miguel
air	VERB	aérer
montgomery	NOUN	montgomery
vanity	NOUN	coiffeuse
gift	NOUN	cadeau
functional	ADJ	fonctionnels
diverse	ADJ	varié
number	VERB	numéroté
slowly	ADV	lentement
attitude	NOUN	mentalités
mouse	VERB	souris
justin	ADJ	justin
god	NOUN	dieux
amount	VERB	montants
smart	ADJ	intelligente
prayer	NOUN	prières
terrorism	NOUN	terrorisme
beta	NOUN	bêta
durham	PROPN	durham
iraqi	PROPN	irakiens
detective	NOUN	inspectrice
josh	NOUN	josh
oval	NOUN	ovale
perfectly	ADV	parfaitement
indianapolis	PROPN	indianapolis
funeral	NOUN	funérailles
recover	VERB	récupérées
protestant	NOUN	protestants
cameron	PROPN	cameron
unclear	ADJ	imprécis
indonesian	PROPN	indonésiens
mumbai	NOUN	bombay
nashville	VERB	nashville
danger	NOUN	danger
rally	NOUN	rallyes
narrative	NOUN	récit
surprise	NOUN	surprenant
deploy	VERB	déployé
kate	VERB	kate
molecular	ADJ	moléculaire
unnecessary	ADJ	inutile
isle	NOUN	isle
theorem	VERB	théorème
cyprus	PROPN	chypre
wake	VERB	veillée
magnetic	ADJ	magnétiques
conversation	NOUN	conversation
sussex	NOUN	sussex
gate	VERB	portails
ram	VERB	bélier
plastic	NOUN	plastique
electronic	NOUN	electronique
stockholm	PROPN	stockholm
inn	PROPN	inn
radiation	NOUN	rayonnement
lancashire	NOUN	lancashire
cork	VERB	bouchon
general	NOUN	généraux
intermediate	ADJ	intermédiaire
cheer	NOUN	tchin
filipino	NOUN	philippin
orient	VERB	orienté
hamburg	PROPN	hambourg
orbit	NOUN	orbite
massacre	NOUN	massacrer
dialogue	NOUN	dialogues
illness	VERB	maladie
dress	NOUN	robe
dawn	NOUN	aube
isolate	VERB	isolées
nancy	PROPN	nancy
perth	PROPN	perth
tenure	NOUN	titularisation
lady	NOUN	mesdemoiselles
autumn	NOUN	automne
rating	NOUN	cotes
incorrect	VERB	inexacte
scout	NOUN	éclaireur
difficulty	NOUN	difficulté
pupil	NOUN	élèves
wealth	NOUN	richesses
hart	PROPN	hart
allegation	NOUN	allégations
lodge	VERB	lodge
egg	NOUN	œufs
citizenship	NOUN	nationalité
specialist	NOUN	spécialiste
intent	NOUN	intention
cease	VERB	cessé
pride	NOUN	orgueil
banner	NOUN	bannières
friendship	NOUN	amitié
panama	PROPN	panama
corruption	NOUN	corruption
sunk	VERB	coulés
harm	NOUN	harm
ernest	VERB	ernest
pursue	VERB	poursuivre
tape	NOUN	ruban
emigrant	NOUN	émigrants
cancel	VERB	annulée
revenge	NOUN	revanche
revision	NOUN	révisions
dominant	ADJ	dominante
fee	NOUN	honoraires
compute	VERB	informatique
examination	NOUN	examen
chen	PROPN	chen
matrix	NOUN	matrice
das	PROPN	das
kiss	VERB	baiser
nationalist	ADJ	nationaliste
luck	NOUN	chance
crosse	NOUN	croix
heavyweight	NOUN	lourd
bid	VERB	enchère
appreciate	VERB	apprécier
mercury	NOUN	mercure
interactive	ADJ	interactivité
math	NOUN	maths
nobel	PROPN	nobel
grande	NOUN	grande
structural	ADJ	structurelle
veteran	NOUN	vétérans
axis	VERB	axes
execution	NOUN	exécution
cult	VERB	secte
colin	PROPN	colin
chester	NOUN	chester
ticket	NOUN	billet
entity	NOUN	entité
judicial	ADJ	judiciaire
explicitly	ADV	explicitement
bombing	NOUN	bombardement
recognise	VERB	reconnu
applicable	ADJ	applicables
fit	VERB	équipée
wilhelm	PROPN	wilhelm
suddenly	ADV	subitement
parking	NOUN	stationnement
absolute	VERB	absolue
locomotive	ADJ	locomotives
preparation	NOUN	préparation
nintendo	PROPN	nintendo
declaration	NOUN	déclaration
presumably	ADV	vraisemblablement
burial	NOUN	enfouissement
govern	VERB	régissant
jamaica	PROPN	jamaïque
vladimir	NOUN	vladimir
methodist	PROPN	méthodiste
challenge	VERB	défis
kenneth	PROPN	kenneth
evolve	VERB	évolué
celebration	NOUN	célébrations
discipline	NOUN	discipliné
fauna	NOUN	faune
manuscript	PROPN	manuscrit
compound	NOUN	composé
tampa	NOUN	tampa
arabia	PROPN	arabie
target	NOUN	cibles
alien	VERB	étranger
depict	VERB	dépeint
sergeant	NOUN	sergent
subsidiary	NOUN	filiale
thirteen	NUM	treize
thick	ADJ	épaisse
dismiss	VERB	congédié
neo	PUNCT	néo
wire	NOUN	fils
phd	VERB	doctorat
measure	VERB	mesurés
fat	ADJ	grasse
visit	NOUN	visites
linux	PROPN	linux
verse	NOUN	verset
bennett	PROPN	bennet
warm	ADJ	chaud
dynamic	ADJ	dynamisme
shaw	PROPN	shaw
break	NOUN	ruptures
lord	NOUN	seigneurs
michel	PROPN	michel
raid	NOUN	raids
congregation	NOUN	congrégation
testament	NOUN	testament
companion	NOUN	compagnon
manila	PROPN	manille
punjab	ADV	pendjab
imagine	VERB	imaginez
consideration	NOUN	considération
eld	ADJ	aîné
ruler	NOUN	règle
wise	ADJ	sage
shipping	NOUN	livraison
worthy	ADJ	dignes
registration	NOUN	inscription
directory	NOUN	annuaire
wyoming	NOUN	wyoming
manitoba	PROPN	manitoba
vietnamese	NOUN	vietnamiens
ronald	PROPN	ronald
cuban	ADJ	cubain
burn	NOUN	brûlure
justify	VERB	justifier
divine	VERB	divin
fate	NOUN	fatalité
rover	NOUN	rover
cole	PROPN	cole
oral	ADJ	orale
tran	NOUN	tran
bryan	PROPN	bryan
santiago	PROPN	santiago
terrorist	NOUN	terroriste
okay	INTJ	ok
invent	VERB	inventés
sandy	ADJ	sable
acre	NOUN	hectares
paint	NOUN	peinture
actively	ADV	activement
indication	NOUN	indication
stop	NOUN	arrêts
excellence	PROPN	excellence
integration	NOUN	intégration
nonsense	NOUN	bêtises
marathon	VERB	marathon
redundant	ADJ	redondant
freestyle	NOUN	acrobatique
aerial	ADJ	antenne
preservation	NOUN	préservation
altitude	VERB	altitude
freely	ADV	librement
simultaneously	ADV	simultanément
psychological	ADJ	psychologique
fernando	NOUN	fernando
taxis	NOUN	impôt
marcus	PROPN	marcus
stake	NOUN	pieux
dominican	PROPN	dominicaine
franz	NOUN	franz
coin	NOUN	pièces
oxygen	NOUN	oxygène
civic	ADJ	civisme
isaac	PROPN	isaac
inspiration	NOUN	inspiration
vector	NOUN	vecteur
arc	PROPN	arc
professional	NOUN	professionnels
vii	PROPN	vii
contrary	ADJ	contrairement
accusation	NOUN	accusations
slave	NOUN	esclave
mad	ADJ	furieux
spectrum	VERB	spectre
client	NOUN	client
dozen	NOUN	douzaines
plaza	PROPN	plaza
banking	NOUN	banques
inherit	VERB	hérité
legion	NOUN	légions
symptom	NOUN	symptômes
mosque	NOUN	mosquée
lab	VERB	laboratoire
sail	VERB	voile
orientation	NOUN	orientation
virtually	ADV	virtuellement
generic	ADJ	génériques
reason	VERB	raisonnement
stroke	NOUN	attaque
efficient	ADJ	efficace
impression	NOUN	impression
relocate	VERB	réinstallés
roosevelt	NOUN	roosevelt
dancer	NOUN	danseuse
phenomenon	NOUN	phénomène
preliminary	ADJ	préliminaires
anchor	NOUN	ancrage
emotional	ADJ	émotif
timber	NOUN	bois
fisher	NOUN	pêcheur
prod	PROPN	prod
cartoon	NOUN	caricatures
disorder	NOUN	désordre
flee	VERB	enfui
demand	NOUN	exigences
lithuania	NOUN	lituanie
continent	NOUN	continent
fellowship	NOUN	camaraderie
lock	VERB	écluse
relegate	VERB	relégué
warrant	NOUN	mandat
picture	VERB	imaginais
recur	VERB	récurrents
overview	NOUN	aperçu
wealthy	ADJ	riches
acquisition	NOUN	acquisition
eve	PROPN	ève
filter	VERB	filtres
independently	ADV	indépendamment
slovenia	PROPN	slovénie
observation	NOUN	observation
fallen	VERB	tombés
protocol	VERB	protocole
judgment	NOUN	jugement
grammy	PROPN	mamie
distinctive	ADJ	distinctif
landmark	PROPN	repère
package	NOUN	paquetage
owen	NOUN	fabien
inaugural	ADJ	inaugurale
intervention	NOUN	intervention
cylinder	NOUN	cylindre
tenth	ADV	dixième
liu	PROPN	liu
renowned	ADJ	renommée
dome	VERB	dôme
philosopher	NOUN	philosophes
epic	PROPN	épique
stem	VERB	tige
specify	VERB	précisé
davy	NOUN	davy
collapse	NOUN	effondrement
allan	PROPN	allan
albanian	PROPN	albanaise
canyon	NOUN	canyon
perceive	VERB	perçu
celebrity	NOUN	célébrités
louise	NOUN	louise
workshop	NOUN	atelier
claude	PROPN	claude
fortune	NOUN	fortune
cornwall	PROPN	cornouailles
palmer	NOUN	palmer
presidency	NOUN	présidence
tiny	ADJ	minuscule
istanbul	PROPN	istanbul
rookie	PROPN	recrue
calgary	PROPN	calgary
shock	NOUN	chocs
steven	NOUN	steven
yang	PROPN	yang
house	VERB	logés
tomb	NOUN	tombes
innovation	NOUN	innovation
stream	NOUN	ruisseaux
unity	NOUN	unité
lucas	PROPN	lucas
armenia	PROPN	arménienne
interchange	NOUN	échangeur
swimmer	NOUN	nageurs
mainland	NOUN	continentale
seminary	ADJ	séminaire
hamlet	NOUN	hameau
timeline	NOUN	chronologie
realize	VERB	réalise
newport	PROPN	newport
negotiation	NOUN	négociations
malta	NOUN	malte
hate	VERB	déteste
westminster	NOUN	westminster
installation	NOUN	montage
enter	NOUN	pénètre
goalkeeper	NOUN	gardien
julian	PROPN	julien
morocco	PROPN	maroc
efficiency	NOUN	efficacité
helicopter	NOUN	hélico
fortress	NOUN	forteresses
ani	PROPN	ani
compile	VERB	compilés
ips	PROPN	ips
torpedo	NOUN	torpille
giovanni	PROPN	giovanni
chat	VERB	discuter
catholic	NOUN	catholiques
herald	PROPN	herald
chuck	VERB	chuck
pit	NOUN	fosse
supply	VERB	approvisionné
optional	ADJ	optionnelles
garrison	NOUN	garnison
sprint	NOUN	sprint
exile	NOUN	exilé
surprised	ADJ	surprise
biblical	ADJ	biblique
rebel	NOUN	rebelles
denis	PROPN	denis
geographical	ADJ	géographique
alpine	NOUN	alpin
glaci	ADJ	glaciers
estonia	PROPN	estonie
chi	PROPN	chi
developer	NOUN	développeur
indie	PROPN	indie
doctrine	NOUN	doctrine
fork	NOUN	fourchette
simpson	PROPN	simpson
theological	PROPN	théologique
upcoming	ADJ	prochains
temporarily	ADV	temporairement
edmonton	PROPN	edmonton
literacy	NOUN	littératie
currency	NOUN	monnaie
missionary	VERB	missionnaire
hammer	NOUN	marteaux
twitter	NOUN	twitter
solomon	PROPN	salomon
descendant	NOUN	descendance
ruth	PROPN	ruth
grid	NOUN	quadrillage
secure	VERB	sécurisée
certificate	NOUN	certificats
destination	NOUN	destination
albania	PROPN	albanie
euro	NOUN	euros
consumption	NOUN	consommation
feat	NOUN	exploit
constantly	ADV	constamment
survivor	NOUN	survivants
mansion	NOUN	manoir
cardiff	VERB	cardiff
temple	NOUN	temple
blake	NOUN	blake
sheet	NOUN	feuille
lift	VERB	soulever
confidence	NOUN	confiance
cuisine	NOUN	gastronomie
frankfurt	PROPN	francfort
galaxy	VERB	galaxie
ecuador	PROPN	équateur
breed	VERB	élevage
outbreak	VERB	épidémie
legendary	PROPN	légendaire
handball	NOUN	handball
georgian	PROPN	géorgien
copenhagen	NOUN	copenhague
trek	NOUN	trek
ignore	VERB	ignorée
arch	VERB	voûte
key	NOUN	clés
proceeding	NOUN	procédures
quartet	NOUN	quatuor
propaganda	NOUN	propagande
disk	NOUN	disque
neat	ADJ	soigné
funny	ADJ	drole
punishment	NOUN	punition
accuracy	NOUN	exactitude
theoretical	ADJ	théoriques
suspension	NOUN	sursis
light	VERB	éclairage
jennifer	PROPN	jennifer
smooth	ADJ	lisser
armstrong	PROPN	armstrong
philosophical	ADJ	philosophique
powell	PROPN	powell
kill	NOUN	tue
taste	VERB	goûter
bro	NOUN	bro
assertion	NOUN	affirmation
boulevard	PROPN	boulevard
brooks	PROPN	ruisseaux
atomic	ADJ	atomiques
antarctica	PROPN	antarctique
strike	NOUN	frappes
reconstruction	NOUN	reconstitution
chronicle	NOUN	chroniques
leslie	PROPN	leslie
ellis	PROPN	ellis
devon	PROPN	devon
ghana	PROPN	ghana
gen	PROPN	gen
rebel	VERB	rebelles
duncan	PROPN	duncan
pianist	NOUN	pianiste
canon	NOUN	canonique
reform	VERB	réformé
pack	VERB	emballé
iceland	NOUN	islande
solve	VERB	résoudre
cyclist	NOUN	cyclistes
payment	NOUN	payement
militia	NOUN	miliciens
pronounce	VERB	prononcée
exhibit	VERB	exposer
mph	NOUN	mph
glen	PROPN	vallon
eugene	NOUN	eugène
compromise	NOUN	compromis
tactical	ADJ	tactique
uganda	PROPN	ouganda
jail	NOUN	prison
yeah	INTJ	ouais
holme	NOUN	holme
promise	VERB	promesses
recall	VERB	rappeler
mammal	NOUN	mammifères
dimension	NOUN	dimension
surrey	VERB	surrey
game	VERB	jeux
lutheran	PROPN	luthérienne
amy	ADV	amy
survival	NOUN	survie
collegiate	ADJ	collégiale
scandal	NOUN	scandales
widow	NOUN	veuves
swing	NOUN	balançoire
polo	PROPN	polo
linda	PROPN	linda
probability	NOUN	probabilités
zhang	PROPN	zhang
crazy	ADJ	dingue
witness	NOUN	témoins
nephew	NOUN	neveu
sensitive	ADJ	sensible
mutual	ADJ	mutuelle
diet	NOUN	diète
fringe	NOUN	frange
passion	NOUN	passions
million	NOUN	million
dialect	PROPN	dialecte
orlando	PROPN	orlando
relay	NOUN	relayer
wet	ADJ	humide
cruise	NOUN	croisière
henri	NOUN	henri
joy	NOUN	joie
julia	PROPN	julia
kitchen	NOUN	cuisine
abstract	ADJ	abstraite
snake	NOUN	serpents
comedian	PROPN	comique
motorcycle	NOUN	motocyclette
nadu	NOUN	nadu
arsenal	NOUN	arsenal
millennium	NOUN	millénaire
assist	NOUN	assiste
bow	VERB	arc
dimensional	ADJ	dimensionnelle
eurovision	NOUN	eurovision
suite	NOUN	suite
doug	PROPN	doug
gravity	NOUN	gravitation
depart	VERB	défunts
optical	ADJ	optique
frontier	NOUN	frontière
evaluation	NOUN	évaluation
graph	NOUN	graphique
hybrid	NOUN	hybrides
oslo	PROPN	oslo
keyboard	PROPN	clavier
jamie	PROPN	jamie
decorate	VERB	décorées
complicate	VERB	compliqué
nathan	PROPN	nathan
slavery	NOUN	esclavage
circular	ADJ	circulaire
armor	NOUN	blindage
mechanic	NOUN	mécano
bradford	PROPN	bradford
leon	PROPN	léon
rachel	PROPN	rachel
string	NOUN	chaînes
header	NOUN	entête
hood	NOUN	capot
inspector	NOUN	inspectrice
warning	NOUN	avertissements
plain	NOUN	plaine
ace	VERB	as
penn	PROPN	penn
approach	VERB	approchée
joke	NOUN	blague
andrew	NOUN	andrew
moderate	ADJ	modéré
stolen	VERB	volée
pin	PROPN	broche
carol	NOUN	carole
prototype	NOUN	prototypes
copy	VERB	copié
canterbury	PROPN	canterbury
midnight	NOUN	minuit
quarterback	NOUN	quaterback
duchy	ADJ	duché
bailey	NOUN	bailey
performer	NOUN	interprètes
exploration	NOUN	prospection
diversity	NOUN	diversité
sixteen	NUM	seize
finding	NOUN	constatations
repeat	NOUN	répéter
brussels	PROPN	bruxelles
theatrical	ADJ	théâtrale
reconnaissance	NOUN	reconnaissances
shot	NOUN	coups
complaint	NOUN	réclamation
batman	PROPN	batman
espn	PROPN	espn
investigate	VERB	enquêter
verify	VERB	vérifie
discontinue	VERB	arrêté
absent	VERB	absents
girlfriend	VERB	copine
resignation	NOUN	résignation
fossil	NOUN	fossile
tang	PROPN	tang
franco	PROPN	franco
tribal	ADJ	tribaux
tyler	NOUN	tyler
surrender	VERB	capitulation
glenn	PROPN	glenn
substance	NOUN	substance
luxembourg	PROPN	luxembourg
colored	VERB	coloré
scholarly	ADV	érudit
administer	VERB	administrée
explosion	NOUN	explosions
duck	NOUN	canards
porter	NOUN	porteur
permanently	ADV	définitivement
salvador	VERB	salvador
emma	NOUN	emma
mit	VERB	mit
zoo	NOUN	zoos
gibson	PROPN	gibson
word	VERB	libellé
macedonia	PROPN	macédoine
ethic	NOUN	déontologie
depot	VERB	dépôt
curtis	NOUN	curtis
rescue	VERB	secouru
gaelic	ADJ	gaélique
slovakia	PROPN	slovaquie
elevate	VERB	élevées
jeremy	PROPN	jérémie
listen	VERB	ecouter
impressive	ADJ	impressionnante
bradley	VERB	bradley
surely	ADV	sûrement
conquest	NOUN	conquête
rod	PROPN	baguette
algorithm	PROPN	algorithme
thesis	NOUN	thèses
lover	PROPN	amoureux
capitol	PROPN	capitole
ferdinand	VERB	ferdinand
marshal	PROPN	maréchal
judaism	NOUN	judaïsme
wrestler	NOUN	lutteurs
ahme	VERB	ahme
sin	NOUN	pêché
holocaust	ADV	holocauste
edgar	VERB	edgar
saxophone	NOUN	saxophone
ruin	VERB	ruines
ibm	PROPN	ibm
rochester	PROPN	rochester
nigerian	PROPN	nigérien
jesse	PROPN	jesse
malaysian	PROPN	malaisien
atlas	PROPN	atlas
telegraph	NOUN	télégraphe
cannon	NOUN	canon
encounter	VERB	rencontre
emily	ADV	émilie
dissolve	VERB	dissoute
catalogue	NOUN	catalogue
discrimination	NOUN	discriminations
myspace	NOUN	myspace
wizard	PROPN	assistant
teen	NOUN	adolescent
bomber	NOUN	bombardier
quest	NOUN	quête
connor	NOUN	conner
screenplay	VERB	scénario
minimal	ADJ	minime
muscle	NOUN	musculaire
prestigious	ADJ	prestigieux
sustainable	VERB	durable
chelsea	PROPN	chelsea
strict	ADJ	rigoureuse
kingston	PROPN	kingston
sheep	NOUN	moutons
andrea	PROPN	andrea
nursing	NOUN	infirmier
richardson	PROPN	richardson
triangle	NOUN	triangulaire
nato	PROPN	otan
tooth	NOUN	dentition
occasional	ADJ	occasionnels
strictly	ADV	rigoureusement
harper	NOUN	harper
fluid	ADJ	fluides
fed	PROPN	nourri
newfoundland	VERB	neuve
disband	VERB	dissoute
comparable	ADJ	comparables
documentation	NOUN	documentation
edmund	ADV	edmond
naturally	ADV	naturellement
ussr	ADJ	urss
laser	NOUN	lasers
lat	PROPN	lats
sculptor	NOUN	sculpteur
guild	NOUN	guilde
observer	PROPN	observateurs
imprison	VERB	incarcérés
praise	NOUN	louanges
cox	PROPN	cox
consequence	NOUN	conséquences
provision	NOUN	dispositions
circulation	NOUN	circulation
butterfly	VERB	papillons
hugo	PROPN	hugo
abolish	VERB	abolis
algeria	PROPN	algérie
edu	ADV	edu
sufficiently	ADV	suffisamment
separation	NOUN	séparation
spy	NOUN	espion
cliff	PROPN	falaises
technically	ADV	techniquement
lithuanian	PROPN	lituanie
trick	VERB	astuce
curve	VERB	courbe
horizontal	ADJ	horizontales
enzyme	ADP	enzymatique
freight	NOUN	marchandises
hydrogen	NOUN	hydrogène
broadcast	NOUN	émissions
caroline	NOUN	caroline
pull	VERB	tirer
plymouth	PROPN	plymouth
twentieth	PROPN	vingtième
cut	NOUN	découpes
mediation	NOUN	médiation
airfield	NOUN	aérodrome
catalog	NOUN	catalogue
dale	NOUN	dale
synthesis	NOUN	synthèses
rape	NOUN	viols
seoul	PROPN	séoul
engagement	NOUN	fiançailles
lucy	PROPN	lucie
platinum	NOUN	platine
twin	NOUN	jumelles
robertson	PROPN	robertson
milton	PROPN	milton
geological	ADJ	géologiques
dinner	NOUN	dîner
thriller	NOUN	suspense
retreat	NOUN	retraite
albany	PROPN	albany
abdul	NOUN	abdel
ignore	PROPN	ignorez
migration	NOUN	émigration
carefully	ADV	prudemment
magnitude	NOUN	ampleur
sudan	PROPN	soudan
duration	NOUN	duree
henderson	PROPN	henderson
explorer	NOUN	explorateurs
marco	VERB	marco
fusion	NOUN	fusion
gather	VERB	rassemblés
afraid	ADJ	peur
presbyterian	PROPN	presbytérienne
automobile	NOUN	autos
fault	VERB	faute
pound	NOUN	dièse
allegedly	ADV	prétendument
delay	NOUN	retarder
belfast	PROPN	belfast
arctic	PROPN	arctique
kurt	NOUN	kurt
windsor	NOUN	windsor
assumption	NOUN	assomption
fourteen	NUM	quatorze
nominee	NOUN	nominée
disruption	NOUN	perturbations
monroe	PROPN	monroe
belgrade	VERB	belgrade
pale	PROPN	pâles
pursuit	NOUN	poursuite
glory	NOUN	glorieux
destroyer	NOUN	destructeur
deeply	ADV	profondément
lecture	NOUN	conférences
affiliate	NOUN	affilié
preston	NOUN	preston
decease	VERB	décédée
angry	ADJ	énervé
incomplete	ADJ	incomplets
enrol	VERB	inscrits
configuration	NOUN	configuration
brad	PROPN	brad
skill	NOUN	compétence
intense	ADJ	intenses
tasmania	DET	tasmanie
commitment	NOUN	engagement
love	VERB	adoré
uruguay	VERB	uruguay
sustain	VERB	soutenue
napoleon	PROPN	napoléon
auxiliary	ADJ	auxiliaire
enable	VERB	activées
licence	NOUN	permis
refugee	NOUN	réfugiés
adrian	PROPN	adrien
pipe	NOUN	tuyau
karen	PROPN	karen
alter	VERB	altéré
budapest	PROPN	budapest
heir	NOUN	héritier
advisor	NOUN	conseiller
authorize	VERB	autorisées
announcement	NOUN	annonce
compact	VERB	compresser
particle	NOUN	particules
receiver	ADJ	récepteur
civilian	NOUN	civils
marsh	PROPN	marécage
vinyl	NOUN	vinyles
delay	VERB	retardée
wednesday	PROPN	mercredi
chilean	VERB	chilienne
hey	INTJ	salut
chamber	NOUN	chamber
demo	NOUN	démonstration
ahmad	PROPN	ahmad
santo	NOUN	santo
interpret	VERB	interprétés
desire	VERB	désirée
follower	NOUN	adeptes
observatory	NOUN	observatoires
problematic	ADJ	problématique
springfield	PROPN	springfield
kit	PROPN	kits
remark	VERB	remarques
burton	PROPN	burton
monarch	NOUN	monarque
beetle	VERB	coccinelle
cream	NOUN	crèmes
presenter	NOUN	présentateur
potter	NOUN	potiers
favourite	VERB	préféré
transformation	NOUN	transformation
mcdonald	NOUN	mcdonald
bavaria	NOUN	bavière
kumar	PROPN	kumar
nineteenth	PROPN	xixe
severely	ADV	gravement
mixture	NOUN	mélange
browser	NOUN	navigateur
endanger	VERB	menacées
mate	NOUN	mate
lyon	NOUN	lyonnais
illustration	NOUN	illustration
kyle	NOUN	kyle
brook	PROPN	ruisseau
geometry	NOUN	géométrique
ping	PROPN	ping
aggregate	VERB	agrégat
baroque	NOUN	baroques
iso	NOUN	iso
collapse	VERB	effondré
integral	ADJ	intégral
jake	NOUN	jake
hope	VERB	espoirs
cornell	NOUN	cornell
mode	VERB	mode
servant	NOUN	serviteur
kenny	PROPN	kenny
hurt	VERB	blessé
carlo	PROPN	carlo
lynn	PROPN	lynn
stability	NOUN	stabilité
impose	VERB	imposés
beetle	NOUN	coléoptères
joel	PROPN	joël
logo	NOUN	logo
vital	ADJ	vitales
malcolm	PROPN	malcolm
winnipeg	NOUN	winnipeg
kilometer	NOUN	kilomètres
buddhism	NOUN	bouddhisme
nose	NOUN	nez
respect	VERB	respectés
pace	NOUN	rythme
thunder	NOUN	tonnerre
center	VERB	centrée
bolivia	PROPN	bolivie
forget	VERB	oubli
crop	NOUN	cultures
halifax	PROPN	halifax
toll	NOUN	péage
monk	NOUN	moine
extraordinary	ADJ	extraordinaire
lesson	NOUN	leçons
pub	VERB	pub
monte	PROPN	monte
deer	NOUN	cerf
wireless	NOUN	wireless
commence	VERB	commencée
mysterious	ADJ	mystérieuses
consultant	NOUN	conseiller
fraser	NOUN	fraser
jam	NOUN	confiture
chicken	NOUN	poulet
idol	NOUN	idole
reid	NOUN	reid
amazing	ADJ	incroyable
pet	ADJ	animal
upset	ADJ	bouleversé
stretch	VERB	tronçon
striker	NOUN	buteur
accidentally	ADV	accidentellement
louisville	PROPN	louisville
hopkin	NOUN	hopkin
goddess	NOUN	déesses
resume	VERB	repris
satisfy	NOUN	satisfont
notion	NOUN	notion
voltage	NOUN	tension
betty	PROPN	betty
marion	NOUN	marion
geology	NOUN	géologie
cyclone	NOUN	cyclone
export	NOUN	exportations
lightning	NOUN	éclairs
impressed	VERB	impressionné
logical	ADJ	logique
aggressive	ADJ	agressif
jin	PROPN	jin
julie	PROPN	julie
fbi	PROPN	fbi
yankee	NOUN	yankee
ludwig	PROPN	ludwig
pond	NOUN	étang
suburban	ADJ	banlieue
enlist	VERB	enrôlé
conjunction	NOUN	conjonction
interim	ADJ	provisoire
lucky	ADJ	chanceux
lon	NOUN	lon
speedway	PROPN	speedway
toy	NOUN	jouet
bicycle	NOUN	bicyclettes
purely	ADV	purement
fraud	NOUN	fraude
lang	PROPN	lang
arcade	NOUN	arcades
sanctuary	ADJ	sanctuaires
copa	ADV	copa
careful	ADJ	prudent
nurse	NOUN	infirmier
module	NOUN	module
supplement	VERB	suppléments
len	NOUN	objectif
patron	NOUN	mécène
command	NOUN	commandements
trend	NOUN	tendance
superintendent	NOUN	surintendant
gerald	PROPN	gérald
rap	VERB	rappeur
geneva	PROPN	geneve
ash	PROPN	frêne
blade	VERB	lame
disappear	VERB	disparues
predominantly	ADV	principalement
boom	NOUN	boum
sailor	NOUN	marins
smoke	VERB	fumer
assassination	NOUN	assassinats
lancaster	NOUN	lancaster
reynolds	PROPN	reynolds
divorce	NOUN	divorcer
dust	NOUN	poussière
saxon	VERB	saxons
separately	ADV	séparément
grain	NOUN	grains
zimbabwe	PROPN	zimbabwe
cohen	PROPN	cohen
diving	NOUN	plongeon
neighbour	VERB	voisines
carroll	NOUN	carroll
account	VERB	comptables
mesa	PROPN	missa
prussia	PROPN	prusse
intelligent	ADJ	intelligente
cherry	VERB	cerisier
tobacco	NOUN	tabac
bench	NOUN	banquette
ellen	VERB	hélène
pad	VERB	rembourrage
measurement	NOUN	mesures
paradise	PROPN	paradis
alexandria	PROPN	alexandrie
complement	NOUN	compléter
witch	NOUN	sorcière
diana	PROPN	diana
colleague	NOUN	collègues
busy	ADJ	occupé
cia	PROPN	cia
screenwriter	VERB	scénariste
ranking	VERB	palmarès
aboriginal	ADJ	aborigène
salem	VERB	salem
wagner	NOUN	wagner
sanction	NOUN	sanctionner
america	NOUN	amérique
ending	NOUN	fins
instructor	NOUN	moniteur
nobility	NOUN	noblesse
divorced	ADJ	divorcées
tomorrow	NOUN	demain
manuscript	NOUN	manuscrits
unify	VERB	unifiée
clarify	VERB	clarifier
silva	NOUN	silva
derek	NOUN	derek
agenda	NOUN	agenda
humanity	NOUN	humanité
terror	NOUN	terreur
contestant	NOUN	concurrents
trinidad	NOUN	trinité
distant	ADJ	distante
burke	PROPN	burke
circle	NOUN	cercles
assignment	NOUN	affectation
shrine	NOUN	sanctuaire
willie	NOUN	willie
karnataka	PROPN	karnataka
ranch	NOUN	ranchs
collaborate	VERB	collaboré
vampire	VERB	vampires
playwright	INTJ	dramaturge
sick	ADJ	malades
associate	NOUN	associés
heinrich	NOUN	heinrich
ethiopia	PROPN	éthiopie
tel	PROPN	tél
short	VERB	short
accomplish	VERB	accompli
autobiography	NOUN	autobiographie
recruit	VERB	recrutée
uprise	VERB	révolte
edwin	PROPN	edwin
velocity	NOUN	vitesse
terminology	NOUN	terminologie
raider	NOUN	pillards
coordinate	NOUN	coordonnées
brighton	PROPN	brighton
viola	PROPN	alto
para	PROPN	para
morrison	NOUN	morrison
propulsion	NOUN	propulsion
boxer	NOUN	boxeur
finale	NOUN	finale
shoulder	NOUN	épaules
disabled	VERB	handicapé
tactic	NOUN	tactique
ernst	VERB	ernst
innocent	ADJ	innocents
rapper	VERB	rappeur
privacy	NOUN	intimité
boeing	PROPN	boeing
emmy	ADJ	emmy
rosa	PROPN	rosa
thermal	ADJ	thermale
flute	NOUN	flûte
feminist	NOUN	féministe
trustee	VERB	administrateurs
bacteria	NOUN	bactériennes
landmark	NOUN	repères
rivalry	NOUN	rivalité
prevention	NOUN	prévention
honor	VERB	honorées
healthy	ADJ	sain
circus	NOUN	cirque
speculation	NOUN	spéculations
burma	PROPN	birmanie
sec	PROPN	sec
quiet	ADJ	silencieuse
knee	NOUN	genoux
hypothesis	NOUN	hypothèses
referendum	PROPN	référendum
estonian	PROPN	estonienne
pastor	NOUN	pasteur
sofia	NOUN	sofia
tribune	ADJ	tribune
permit	VERB	permis
priority	NOUN	priorité
cent	NOUN	centimes
rica	PROPN	rica
furniture	NOUN	ameublement
macdonald	PROPN	macdonald
honest	VERB	honnête
innovative	ADJ	novatrices
rotation	NOUN	rotation
syracuse	VERB	syracuse
lecturer	NOUN	conférencier
automate	VERB	automatisée
obscure	VERB	obscures
kosovo	PROPN	kosovo
julius	PROPN	jules
naple	NOUN	naple
sebastian	PROPN	sébastien
activate	VERB	activées
offense	NOUN	offense
advise	VERB	conseillé
barne	VERB	barne
acknowledge	VERB	reconnu
martha	PROPN	marthe
drawing	NOUN	dessins
refuge	NOUN	refuge
maharashtra	PROPN	maharashtra
elliott	PROPN	elliot
diplomat	NOUN	diplomates
unused	ADJ	inutilisées
brigadier	NOUN	brigadier
malayalam	PROPN	malayalam
thursday	PROPN	jeudi
icon	NOUN	icônes
ulster	PROPN	ulster
infinite	PROPN	infinie
considerably	ADV	considérablement
vale	NOUN	vale
paste	NOUN	coller
randy	NOUN	randy
saxony	PROPN	saxe
convoy	NOUN	convois
annie	PROPN	annie
excessive	ADJ	excessif
rhine	NOUN	rhin
mineral	NOUN	minéral
implement	VERB	implémenter
surgeon	VERB	chirurgien
badge	VERB	insigne
charleston	PROPN	charleston
clause	NOUN	clause
infection	NOUN	infections
electron	NOUN	électrons
walt	PROPN	walt
cnn	PROPN	cnn
likewise	ADV	pareillement
tonight	NOUN	tonight
confederation	NOUN	confédération
casino	NOUN	casino
doctorate	VERB	doctorat
guatemala	PROPN	guatémaltèque
setting	NOUN	paramètres
mask	NOUN	masques
shelter	NOUN	abris
dorothy	ADJ	dorothée
ethnicity	NOUN	ethnie
hopefully	ADV	espérons
elimination	NOUN	élimination
heath	NOUN	bruyère
pregnant	ADJ	enceinte
richard	NOUN	richard
theodore	NOUN	théodore
delegate	NOUN	délégués
blair	PROPN	blair
crash	VERB	accidenté
preference	NOUN	préférence
janeiro	PROPN	janeiro
concerto	NOUN	concerto
tune	NOUN	mélodies
unofficial	ADJ	officieux
bulk	NOUN	vrac
lighthouse	NOUN	phare
stan	PROPN	stan
highland	PROPN	highlands
mascot	NOUN	mascotte
acceptance	NOUN	acceptation
tight	ADJ	serrée
hub	NOUN	hub
mess	NOUN	désordre
wilderness	NOUN	sauvage
routine	VERB	routine
dub	VERB	surnommé
spot	VERB	repérés
harmony	NOUN	harmonie
entrepreneur	PROPN	entrepreneurs
wwe	PROPN	wwe
apollo	PROPN	apollon
runway	PROPN	piste
naked	ADJ	nues
anton	NOUN	anton
moses	PROPN	moïse
legally	ADV	juridiquement
fake	ADJ	faux
revolt	NOUN	révolte
equity	NOUN	égalité
providence	NOUN	providence
investor	NOUN	investisseurs
reliability	NOUN	fiabilité
tenor	NOUN	ténor
pocket	NOUN	poches
sad	ADJ	tristes
troy	NOUN	troie
treasure	NOUN	trésors
ion	NOUN	ionique
render	VERB	rendue
transform	VERB	transformée
roberto	NOUN	roberto
adoption	NOUN	adoption
decrease	VERB	diminution
lok	PROPN	lok
advocacy	NOUN	sensibilisation
treasury	PROPN	trésorerie
trumpet	NOUN	trompette
johnston	PROPN	johnston
uncertain	ADJ	incertain
norton	PROPN	norton
collector	NOUN	collecteur
cluster	NOUN	amas
dear	ADJ	chère
george	NOUN	george
roller	NOUN	rouleaux
clothe	NOUN	vêtements
sovereign	VERB	souveraines
enhance	VERB	améliorés
compensation	NOUN	dédommagement
consent	NOUN	consentement
outline	NOUN	esquisse
holding	NOUN	exploitations
jorge	VERB	jorge
darkness	NOUN	noirceur
blow	VERB	souffler
cook	VERB	cuisiner
aftermath	NOUN	contrecoup
trainer	NOUN	dresseur
lawsuit	NOUN	poursuites
chip	NOUN	jeton
consciousness	NOUN	conscience
archaeology	NOUN	archéologie
latvia	PROPN	lettonie
telugu	NOUN	telugu
hardy	ADJ	hardy
scorer	NOUN	marqueur
stamp	VERB	cachet
nat	PROPN	nat
fur	NOUN	fourrure
ritual	ADJ	rituels
locality	NOUN	localité
trace	NOUN	tracé
marble	NOUN	bille
politically	ADV	politiquement
nottingham	PROPN	nottingham
derivative	ADJ	dérivés
touchdown	NOUN	touchdown
crawford	NOUN	crawford
yugoslav	ADJ	yougoslaves
tanzania	NOUN	tanzanie
motto	NOUN	devise
concentrate	VERB	concentré
dirty	ADJ	cochonne
haye	NOUN	haye
xbox	PROPN	xbox
like	VERB	aime
forbe	NOUN	forbe
adequate	ADJ	adéquate
brass	NOUN	cuivre
bach	NOUN	bach
alias	PROPN	pseudonyme
inland	ADV	intérieure
tough	ADJ	dur
advertisement	NOUN	publicité
protagonist	NOUN	protagoniste
claire	PROPN	claire
mistake	NOUN	fautes
bruno	ADJ	bruno
dylan	PROPN	dylan
bag	NOUN	sac
churchill	NOUN	churchill
tan	PROPN	bronzage
climb	VERB	grimper
thame	VERB	tamise
kazakhstan	PROPN	kazakhstan
highlight	VERB	souligne
prof	PROPN	prof
slovak	PROPN	slovaque
skull	PROPN	crâne
missionary	NOUN	missionnaires
ordain	VERB	ordonnés
myth	NOUN	mythes
mandatory	ADJ	obligatoire
stern	ADJ	poupe
bet	VERB	pari
quantity	NOUN	quantités
inventor	NOUN	inventeur
cairo	PROPN	caire
proximity	NOUN	proximité
sue	VERB	poursuivi
armament	VERB	armements
barrier	NOUN	barrière
creature	NOUN	créatures
logan	VERB	logan
erik	PROPN	erik
leicester	VERB	leicester
silence	NOUN	silences
jessica	PROPN	jessica
plateau	NOUN	plateau
finite	PROPN	finie
precedent	NOUN	précédent
station	VERB	stationnés
walsh	NOUN	walsh
intensity	NOUN	intensités
exterior	NOUN	extérieurs
paragraph	VERB	paragraphes
costume	NOUN	déguisements
bike	NOUN	bicyclette
imprisonment	NOUN	incarcération
suffolk	NOUN	suffolk
forwards	ADV	transmet
remarkable	ADJ	remarquables
differ	VERB	diffèrent
tin	NOUN	étain
garcia	PROPN	garcia
madagascar	ADJ	madagascar
ammunition	NOUN	munition
explore	VERB	découvrir
builder	NOUN	constructeur
minneapolis	PROPN	minneapolis
bullet	NOUN	balle
kerry	VERB	kerry
subway	NOUN	métro
arrow	NOUN	flèches
economist	NOUN	économiste
bread	NOUN	pain
lou	PROPN	lou
rubber	NOUN	caoutchouc
precise	ADJ	précises
cognitive	ADJ	cognitifs
nest	NOUN	nids
slam	PROPN	slam
ancestry	NOUN	ascendance
portsmouth	PROPN	portsmouth
boarding	NOUN	embarquement
joshua	PROPN	joshua
inhabit	VERB	habité
casey	NOUN	casey
nonetheless	ADV	néanmoins
kilometre	NOUN	kilomètres
pump	VERB	pompe
feed	VERB	nourrir
prey	NOUN	proies
ain	NOUN	aïn
mathematician	PROPN	mathématicien
diary	NOUN	journal
vulnerable	ADJ	vulnérables
inscription	NOUN	inscription
dubai	NOUN	dubaï
michelle	PROPN	michèle
lebanese	NOUN	libanais
productive	ADJ	productives
della	PROPN	délia
upgrade	VERB	améliorés
demonstration	NOUN	démonstration
equality	NOUN	égalité
spacecraft	NOUN	vaisseau
trap	VERB	piège
clara	VERB	clara
invitation	NOUN	invitation
expertise	NOUN	compétences
admission	NOUN	admission
sacramento	PROPN	sacramento
certification	NOUN	accréditation
precisely	ADV	justement
cast	VERB	fonderie
prohibit	VERB	interdites
supposedly	ADV	supposé
governance	NOUN	gouvernance
frog	NOUN	grenouille
vague	ADJ	vague
secular	ADJ	séculaire
spa	NOUN	thermes
publicity	NOUN	publicité
armour	VERB	blindé
clear	VERB	innocenté
watts	PROPN	watt
gibraltar	NOUN	gibraltar
renew	VERB	renouvelée
fever	NOUN	fièvre
melody	NOUN	mélodie
elaborate	VERB	élaboré
jeffrey	PROPN	jeffrey
useless	ADJ	inutile
swift	ADJ	swift
tuesday	PROPN	mardi
silly	ADJ	idiot
empress	ADJ	impératrice
capability	NOUN	capacités
newman	PROPN	newman
beatle	NOUN	beatle
clergy	PROPN	clergé
jacksonville	PROPN	jacksonville
sara	PROPN	sara
bee	PROPN	abeille
baltic	ADJ	baltique
czechoslovakia	PROPN	tchécoslovaquie
brandon	PROPN	brandon
load	VERB	chargées
maya	PROPN	mayas
evangelical	ADJ	évangélique
mature	VERB	maturité
physically	ADV	physiquement
breast	NOUN	mammaire
beast	NOUN	bête
raja	NOUN	raja
educator	NOUN	éducateur
bang	PROPN	bang
griffin	NOUN	griffon
proportion	NOUN	proportions
itv	PROPN	itv
ana	PROPN	ana
ceiling	NOUN	plafond
rainbow	VERB	arc
demon	NOUN	démon
prussian	PROPN	prussienne
answer	VERB	répondu
ist	NOUN	tsi
perception	NOUN	perceptions
distributor	NOUN	distributeur
jackie	PROPN	jackie
dynamic	NOUN	dynamiques
fiji	NOUN	fidji
insufficient	ADJ	insuffisante
algebra	VERB	algèbre
homer	NOUN	homer
larvae	PROPN	larve
limestone	NOUN	calcaires
johns	PROPN	johns
chaos	NOUN	anarchie
chang	PROPN	chang
crater	NOUN	cratère
chad	VERB	tchadien
seize	VERB	saisi
webster	PROPN	webster
excess	ADJ	excès
bombardment	NOUN	bombardement
hurl	VERB	hurl
ashley	PROPN	ashley
dot	NOUN	points
translator	NOUN	traducteurs
cowboy	NOUN	cowboys
hang	VERB	suspendus
soprano	NOUN	soprano
interview	VERB	interviewé
terrain	NOUN	terrain
belarus	NOUN	biélorussie
console	NOUN	pupitre
nascar	PROPN	nascar
vandal	NOUN	vandales
jungle	NOUN	jungle
ballot	NOUN	scrutin
placement	NOUN	placement
fairy	PROPN	féerique
reasonably	ADV	raisonnablement
quarterly	ADV	trimestriellement
shift	VERB	décalé
rpm	NOUN	rpm
diploma	NOUN	diplôme
collaborative	ADJ	collaboratif
swan	PROPN	cygne
carpenter	NOUN	charpentier
petition	NOUN	pétition
boris	PROPN	boris
berry	VERB	baie
invention	NOUN	invention
southampton	PROPN	southampton
prairie	VERB	prairies
bend	VERB	plier
app	PROPN	application
finalist	NOUN	finaliste
question	VERB	interrogée
explicit	ADJ	explicite
slight	ADJ	légère
drag	VERB	traîner
maxwell	PROPN	maxwell
everyday	ADV	quotidien
oriental	ADJ	orientale
manufacture	NOUN	fabrication
acclaim	VERB	acclamé
coordinator	NOUN	coordonnateur
bomb	NOUN	bombes
mohammad	NOUN	mahomet
bassist	NOUN	bassiste
superman	NOUN	surhommes
colombian	PROPN	colombien
philippe	PROPN	philippe
felix	PROPN	félix
bengali	PROPN	bengali
greene	VERB	greene
voluntary	ADJ	volontaire
float	VERB	flottant
montenegro	VERB	monténégro
sketch	VERB	croquis
mann	PROPN	mann
flood	VERB	inonder
escort	VERB	accompagnateur
dress	VERB	habillé
astronomy	NOUN	astronomie
sudden	ADV	soudaine
variable	NOUN	variable
arbitrary	ADJ	arbitraires
timothy	PROPN	timothy
cello	PROPN	violoncelle
rainfall	NOUN	précipitations
rafael	PROPN	raphaël
sphere	ADV	sphère
rewrite	VERB	réécriture
georg	NOUN	georg
cinematography	NOUN	cinématographie
canvas	NOUN	canevas
chest	NOUN	poitrine
krishna	NOUN	krishna
provider	VERB	prestataire
france	NOUN	françoise
crown	VERB	couronnés
carve	VERB	taillé
cabin	NOUN	cabine
civilization	NOUN	civilisation
lisbon	PROPN	lisbonne
darwin	PROPN	darwin
cheese	NOUN	fromages
easter	VERB	pâque
rat	CCONJ	rats
papua	NOUN	papouasie
insert	ADJ	insérer
informal	ADJ	officieux
cry	PROPN	pleurer
loyal	ADJ	fidèle
nicolas	PROPN	nicolas
humor	NOUN	humour
madonna	PROPN	madone
worcester	ADJ	worcester
cooperative	NOUN	coopératifs
substantially	ADV	substantiellement
winston	PROPN	winston
llc	INTJ	sarl
drake	NOUN	drake
lunar	ADJ	lunaire
fountain	NOUN	fontaines
consult	VERB	conseil
patricia	PROPN	patricia
er	NOUN	er
quit	VERB	quitter
rid	VERB	rid
maple	NOUN	érable
aberdeen	VERB	aberdeen
verb	NOUN	verbe
red	VERB	rouges
leipzig	PROPN	leipzig
roland	VERB	roland
expel	VERB	expulsés
evident	ADJ	évident
telecommunication	NOUN	télécommunications
strait	ADJ	détroit
national	NOUN	nationaux
unanimous	ADJ	unanime
mislead	VERB	trompeur
sherman	NOUN	sherman
stefan	PROPN	stéphane
sleep	VERB	sommeil
alto	PROPN	alto
crucial	ADJ	cruciale
thomson	PROPN	thomson
prehistoric	ADJ	préhistoire
communicate	VERB	communiquer
alphabet	NOUN	alphabet
zagreb	X	zagreb
chef	NOUN	cuisinier
carnegie	NOUN	carnegie
hostile	ADJ	hostilité
eighteen	NUM	eighteen
shirt	NOUN	chemisier
weird	ADJ	étrange
plantation	NOUN	plantations
vernon	PROPN	vernon
wonderful	ADJ	merveilleuse
guide	NOUN	guide
finger	NOUN	doigt
garage	NOUN	garages
savage	VERB	sauvage
technological	ADJ	technologique
shoe	NOUN	chaussure
barrel	NOUN	canon
spite	VERB	malgré
assemble	VERB	assemblées
ham	NOUN	jambon
hon	NOUN	hon
geoffrey	NOUN	geoffrey
valve	VERB	soupapes
osaka	PROPN	osaka
beck	VERB	beck
analog	NOUN	analogue
monkey	NOUN	macaque
tackle	VERB	plaquer
integrity	NOUN	intégrité
baldwin	VERB	baudouin
objection	NOUN	récusation
marina	NOUN	marina
detection	NOUN	détection
sixty	NUM	soixante
differential	ADJ	différentielle
linguistic	ADJ	linguistique
venus	PROPN	vénus
salmon	NOUN	saumons
monarchy	NOUN	monarchie
francesco	NOUN	francesco
abortion	NOUN	avortement
monica	PROPN	monica
elephant	NOUN	éléphants
polar	ADJ	polaires
prompt	VERB	incité
trademark	NOUN	marque
provisional	ADJ	provisoire
corn	NOUN	maïs
airborne	PROPN	aéroportée
deutsche	NOUN	deutsche
absorb	VERB	absorbée
tension	NOUN	tensions
pablo	NOUN	pablo
aviv	PROPN	aviv
judgement	NOUN	jugement
physicist	NOUN	physicien
catalina	PROPN	catalina
lesbian	PROPN	lesbienne
withdrawal	VERB	sevrage
walk	NOUN	promenades
realm	NOUN	royaume
trailer	NOUN	remorque
janet	NOUN	mireille
tornado	PROPN	tornades
aunt	NOUN	tatie
genesis	VERB	genèse
shallow	VERB	superficielle
violate	VERB	enfreindre
scatter	VERB	dispersés
boyfriend	NOUN	copain
consolidate	VERB	consolidées
catholicism	NOUN	catholicisme
luther	NOUN	luther
pleasure	NOUN	plaisir
constructive	ADJ	constructifs
webb	PROPN	webb
alberto	NOUN	alberto
magical	ADJ	magiques
deliberately	ADV	délibérément
sacrifice	NOUN	sacrifices
faction	NOUN	faction
olive	NOUN	olives
corridor	NOUN	couloir
compatible	ADJ	compatibles
receptor	NOUN	récepteur
molecule	NOUN	molécules
kiev	NOUN	kiev
vista	PROPN	vista
castro	PROPN	castro
wei	PROPN	wei
pleasant	NOUN	agréable
miscellaneous	ADJ	diverses
ultra	ADJ	ultra
bulletin	NOUN	bulletin
clinic	NOUN	clinique
itune	NOUN	itune
patriot	NOUN	patriotes
pollution	NOUN	pollution
treasurer	NOUN	trésorier
herman	NOUN	hermann
questionable	ADJ	douteux
sally	ADV	sally
rex	VERB	rex
mvp	VERB	mvp
openly	ADV	ouvertement
afghan	PROPN	afghans
inferior	ADJ	inférieurs
vatican	PROPN	vatican
folklore	VERB	folklorique
affiliation	NOUN	appartenance
cruiser	PROPN	croiseur
prince	NOUN	prince
silk	NOUN	soie
trilogy	NOUN	trilogie
armour	NOUN	blindage
eng	PROPN	fra
stamp	NOUN	timbres
specimen	VERB	spécimens
differently	ADV	différemment
cage	NOUN	cage
vicinity	NOUN	environs
ferguson	PROPN	ferguson
correspondence	NOUN	correspondances
tehran	NOUN	téhéran
amanda	PROPN	amanda
pos	NOUN	pos
employer	NOUN	employeur
brown	NOUN	brown
static	NOUN	statique
tibetan	PROPN	tibétains
nixon	PROPN	nixon
sociology	NOUN	sociologie
recreational	ADJ	récréatif
panther	NOUN	panthères
systematic	ADJ	systématique
chocolate	NOUN	chocolat
helsinki	PROPN	helsinki
bedford	NOUN	bedford
cambodia	PROPN	cambodgien
fitness	VERB	fitness
midland	VERB	midland
jung	PROPN	jeong
brilliant	ADJ	brillant
libya	PROPN	libye
transport	VERB	transportées
angela	PROPN	angela
volcanic	NOUN	volcaniques
android	NOUN	androïde
deposit	NOUN	dépôts
mentor	NOUN	mentor
freeman	PROPN	freeman
puppet	NOUN	pantin
carey	NOUN	carey
meyer	PROPN	meyer
top	VERB	surmontée
lima	PROPN	lima
kirk	PROPN	kirk
ucla	NOUN	ucla
recover	NOUN	récupèrent
wong	PROPN	wong
ear	NOUN	oreille
decent	ADJ	décentes
cub	NOUN	oursons
hawk	VERB	faucon
contestant	PROPN	participante
cumberland	NOUN	cumberland
rational	ADJ	rationnels
altar	NOUN	autel
ufc	PROPN	ufc
exhibit	NOUN	expositions
subjective	ADJ	subjectif
determination	NOUN	détermination
chennai	PROPN	chennai
dong	PROPN	dong
threshold	NOUN	seuil
myanmar	PROPN	birmanie
proud	ADJ	fier
custody	NOUN	garde
surveillance	NOUN	surveillance
allegiance	NOUN	allégeance
discharge	VERB	décharge
penny	NOUN	penny
kannada	PROPN	kannada
astronomical	ADJ	astronomiques
rector	NOUN	recteur
petroleum	NOUN	pétrole
bug	NOUN	punaise
proceed	VERB	procéder
chapman	NOUN	chapman
mud	NOUN	boue
decree	VERB	décret
regulatory	ADJ	règlementation
honey	NOUN	chéri
diagram	VERB	schéma
infringement	NOUN	violation
broadcaster	NOUN	diffuseur
complexity	NOUN	complexité
riley	ADJ	riley
displacement	NOUN	cylindrée
sponsor	NOUN	commanditaire
ira	PROPN	lra
condemn	VERB	condamnées
haiti	PROPN	haïti
wisdom	NOUN	sagesse
pierce	VERB	pearce
stupid	ADJ	imbécile
alma	NOUN	alma
alexandra	NOUN	alexandra
continuously	ADV	continuellement
shuttle	VERB	navette
hampton	PROPN	hampton
eva	PROPN	ève
mickey	NOUN	mickey
yuan	NOUN	yuans
lynch	PROPN	lynch
johanne	NOUN	johanne
ecclesiastical	ADJ	ecclésiastique
trunk	NOUN	malle
proclaim	VERB	proclamée
genuine	ADJ	authentiques
adolf	NOUN	adolphe
sharon	PROPN	sharon
hung	PROPN	accroché
correct	VERB	corrigé
gardner	NOUN	gardner
artifact	NOUN	artefacts
handful	NOUN	poignée
mandate	VERB	mandat
mohamme	VERB	mahomet
dish	PROPN	parabole
terrible	ADJ	affreux
revive	VERB	relancé
reagan	PROPN	reagan
rebecca	VERB	rebecca
toledo	PROPN	tolède
indefinitely	ADV	indéfiniment
divide	NOUN	fossé
recommendation	NOUN	recommandations
gymnastic	NOUN	gymnastique
ideology	NOUN	idéologie
constantinople	NOUN	constantinople
fatal	ADJ	fatale
model	VERB	modélisation
harassment	NOUN	harcèlement
censorship	NOUN	censurer
favorable	ADJ	propice
bore	PROPN	ennuyer
commercially	ADV	commercialement
insert	VERB	insérée
paramount	ADJ	paramount
luxury	NOUN	luxe
yahoo	PROPN	yahoo
ecology	NOUN	écologie
neutrality	NOUN	neutralité
deployment	NOUN	déploiement
blast	NOUN	explosion
jenkin	NOUN	jenkin
omaha	NOUN	omaha
detect	VERB	détectée
harsh	ADJ	dure
overcome	VERB	surmonter
monarchs	ADV	monarques
facilitate	NOUN	faciliter
hermann	PROPN	hermann
morton	PROPN	morton
sake	NOUN	saké
conceive	VERB	conçu
roma	VERB	rom
accredit	VERB	accréditée
echo	VERB	écho
bangkok	PROPN	bangkok
bergen	PROPN	bergen
hawk	NOUN	faucons
availability	NOUN	disponibilités
lung	NOUN	poumon
andrea	NOUN	andrea
cedar	NOUN	cèdre
bankruptcy	NOUN	faillite
basement	NOUN	cave
spirit	NOUN	spiritueux
torture	NOUN	tortures
toyota	PROPN	toyota
wheat	NOUN	froment
examine	VERB	examinés
membrane	NOUN	membranes
coleman	PROPN	coleman
homeland	NOUN	patrie
maiden	VERB	demoiselle
dental	ADJ	dentaires
christine	VERB	christiane
curious	ADJ	curieux
tucker	NOUN	tucker
evolutionary	ADJ	évolutif
viscount	NOUN	vicomte
pavilion	NOUN	pavillon
fantastic	ADJ	fantastiques
augustus	PROPN	auguste
joey	PROPN	joey
moss	PROPN	mousses
parody	NOUN	parodie
yield	NOUN	rendements
armor	VERB	blindé
neighbourhood	NOUN	voisinage
stuttgart	NOUN	stuttgart
dialect	NOUN	dialecte
backup	PROPN	sauvegarder
forbid	VERB	interdites
sanskrit	NOUN	sanskrit
neill	PROPN	neill
knife	NOUN	couteau
wade	PROPN	wade
yesterday	NOUN	hier
percy	PROPN	percy
vegetation	NOUN	végétation
brave	NOUN	brave
throw	NOUN	jette
plural	NOUN	pluriel
filmmaker	NOUN	cinéaste
habitat	NOUN	habitat
sicily	ADV	sicile
zip	VERB	fermeture
lin	PROPN	lin
courthouse	NOUN	tribunal
tide	NOUN	marée
dynamo	NOUN	dynamo
predict	VERB	prédit
charitable	ADJ	bienfaisance
feast	NOUN	festin
poker	NOUN	poker
kane	PROPN	kane
trevor	NOUN	trevor
attractive	ADJ	attractif
sidney	PROPN	sidney
factual	ADJ	factuelles
comfortable	ADJ	confortables
fletcher	PROPN	fletcher
airway	NOUN	airway
floyd	PROPN	floyd
snail	NOUN	escargot
genocide	NOUN	génocide
saga	VERB	saga
undertake	VERB	entrepris
scot	NOUN	ecossais
archdiocese	ADJ	archidiocèse
enormous	ADJ	énormes
subdivision	NOUN	lotissement
leather	NOUN	cuir
def	VERB	def
patch	VERB	correctif
porto	PROPN	porto
valencia	PROPN	valence
tracy	NOUN	tracy
download	VERB	téléchargés
breakfast	NOUN	déjeuner
andhra	NOUN	andhra
mercy	NOUN	pitié
botanical	PROPN	botanique
ore	NOUN	minerai
lone	NOUN	lone
bottle	VERB	bouteille
tunisia	PROPN	tunisie
angola	NOUN	angola
humanitarian	ADJ	humanitaire
decoration	NOUN	décorations
slide	VERB	glisser
invalid	ADJ	invalides
rao	NOUN	rao
guru	NOUN	gourou
freshwater	NOUN	douce
telescope	NOUN	télescope
dense	ADJ	denses
satisfied	ADJ	satisfait
criticise	VERB	critiquée
coral	NOUN	coraux
xavier	ADV	xavier
obituary	PROPN	nécrologie
helena	NOUN	hélène
anatomy	NOUN	anatomie
binary	ADJ	binaire
conviction	NOUN	condamnation
publishe	NOUN	publie
dixon	NOUN	dixon
kuwait	PROPN	koweït
ridiculous	ADJ	ridicules
nord	PROPN	nord
cave	NOUN	grotte
regent	VERB	régent
riverside	NOUN	riverside
shane	VERB	shane
balance	VERB	équilibrées
fitzgerald	PROPN	fitzgerald
tendency	NOUN	tendance
joyce	PROPN	joyce
belle	PROPN	belle
davidson	NOUN	davidson
decorative	VERB	décoratifs
rouge	PROPN	rouge
clue	NOUN	indice
cure	NOUN	guérir
bolton	PROPN	bolton
slope	NOUN	pente
man	VERB	habité
boyd	PROPN	boyd
organism	NOUN	organismes
paraguay	NOUN	paraguay
preview	NOUN	aperçu
dodger	NOUN	dodger
qatar	NOUN	qatar
import	NOUN	importation
buddy	PROPN	pote
dock	VERB	ponton
clare	NOUN	claire
penguin	NOUN	manchot
rapid	NOUN	rapides
exceptional	ADJ	exceptionnel
papal	NOUN	pontifical
shed	VERB	cabanon
cologne	NOUN	cologne
provider	NOUN	prestataires
norwich	PROPN	norwich
anthem	NOUN	hymne
supervision	NOUN	surveillance
investigator	NOUN	enquêteur
me	VERB	me
lease	VERB	bail
your	NOUN	vôtre
cecil	NOUN	cecil
conrad	PROPN	conrad
buck	NOUN	buck
bulldog	NOUN	bulldog
italia	NOUN	italia
portable	ADJ	portatifs
dell	PROPN	dell
irve	VERB	irve
tibet	PROPN	tibet
composite	NOUN	composites
salary	NOUN	salaire
black	NOUN	noirs
fragment	VERB	fragmenté
caesar	PROPN	césar
tragedy	NOUN	tragédies
macedonian	PROPN	macédoniens
cameroon	NOUN	cameroun
carson	PROPN	carson
slot	NOUN	fente
ram	NOUN	ram
icelandic	ADJ	islandaise
sophie	NOUN	sophie
granite	NOUN	granit
jenny	NOUN	jenny
comparative	NOUN	comparatif
apostolic	ADJ	apostolique
venezuelan	ADV	vénézuéliens
seasonal	ADJ	saisonniers
delegation	NOUN	délégation
portfolio	NOUN	portefeuille
machinery	NOUN	machinerie
miner	NOUN	mineurs
embed	VERB	intégrée
keen	ADJ	keen
gandhi	PROPN	gandhi
testimony	NOUN	témoignage
duchess	NOUN	duchesse
reflection	NOUN	reflet
carr	PROPN	carr
booth	PROPN	banquette
rudolf	NOUN	rodolphe
courage	NOUN	courage
midland	PROPN	midland
riot	NOUN	émeutes
pier	NOUN	jetée
woodland	PROPN	boisé
auction	NOUN	enchères
cbc	NOUN	nfs
specification	NOUN	spécifications
acclaim	NOUN	acclaim
secret	NOUN	secret
crest	PROPN	crête
sutton	PROPN	sutton
up	NOUN	up
bypass	NOUN	contourner
phantom	NOUN	fantôme
hartford	PROPN	hartford
alp	NOUN	alpes
liner	NOUN	doublure
ease	NOUN	aisance
auburn	NOUN	auburn
flame	NOUN	flamme
exeter	NOUN	exeter
din	VERB	vacarme
kay	PROPN	kay
rent	NOUN	loyer
highland	VERB	highland
induce	VERB	induits
crane	NOUN	grue
simulation	NOUN	simulateur
latitude	NOUN	latitudes
lance	NOUN	lance
network	VERB	réseaux
keeper	NOUN	gardien
wanderer	VERB	wanderer
prospect	VERB	perspective
knock	VERB	frappé
prejudice	NOUN	préjudice
gymnasium	NOUN	gymnase
gloria	NOUN	gloria
trent	ADJ	trent
horizon	NOUN	horizons
yemen	PROPN	yémen
renovation	NOUN	rénovation
quinn	NOUN	quinn
exclude	VERB	exclus
elena	PROPN	elena
successive	ADJ	successifs
anger	NOUN	colère
hierarchy	NOUN	hiérarchie
nerve	NOUN	nerveuses
disability	NOUN	handicap
giuseppe	NOUN	giuseppe
boot	NOUN	démarrer
exceed	VERB	dépassent
scan	PROPN	numérisation
pioneer	NOUN	pionniers
canberra	PROPN	canberra
couple	VERB	couplée
newark	NOUN	newark
fungus	NOUN	champignons
sensor	NOUN	sondes
shell	NOUN	coquillages
cottage	NOUN	chalet
hondura	NOUN	hondura
shepherd	NOUN	berger
reservation	NOUN	réserve
elderly	ADJ	âgées
pbs	PROPN	pbs
mapping	NOUN	cartographie
mongolia	PROPN	mongolie
commentator	NOUN	commentateur
nash	VERB	nash
shark	NOUN	requins
ricky	ADJ	ricky
shirley	NOUN	shirley
exercise	NOUN	exercices
ribbon	NOUN	ruban
infant	NOUN	nourrisson
mild	ADJ	doux
viking	NOUN	viking
correspondent	NOUN	correspondants
renovate	VERB	rénovés
reproduction	NOUN	procréation
sing	NOUN	chante
mercede	VERB	mercede
compliance	NOUN	respect
bombay	PROPN	bombay
jointly	ADV	conjointement
barack	VERB	barack
premise	NOUN	locaux
hawaiian	PROPN	hawaïenne
poly	ADJ	poly
import	VERB	importée
transaction	NOUN	opérations
statute	NOUN	statuts
congressman	NOUN	député
jerome	ADJ	jérôme
doom	NOUN	doom
bare	ADJ	nue
diagnosis	NOUN	diagnostiquer
firearm	NOUN	armes
stoke	NOUN	stoke
bride	NOUN	épouse
prolific	NOUN	prolifique
selective	NOUN	sélectif
criminal	NOUN	criminels
lindsay	VERB	lindsay
automotive	ADJ	automobile
worry	VERB	inquiétude
vacuum	NOUN	vide
heat	VERB	chauffage
radius	NOUN	rayon
johan	PROPN	johan
inactive	VERB	inactives
value	VERB	évalués
meta	ADJ	méta
rehabilitation	NOUN	réadaptation
assert	VERB	affirmée
corp	PROPN	corp
ambiguous	ADJ	ambiguïté
leone	NOUN	leone
sailor	PROPN	marin
racism	NOUN	racisme
negro	NOUN	nègre
tear	NOUN	larmes
inspection	NOUN	inspections
ancestor	NOUN	ancêtres
honda	NOUN	honda
barn	VERB	grange
controller	NOUN	manette
assert	PROPN	affirmer
singular	VERB	singulière
vacant	ADJ	vacants
burden	VERB	fardeau
encounter	NOUN	rencontres
ruby	VERB	rubis
lunch	NOUN	déjeuner
nationalism	NOUN	nationalisme
mick	VERB	mick
classroom	NOUN	classe
clyde	PROPN	clyde
challenger	VERB	challenger
shi	PROPN	shi
instant	NOUN	instantané
falcon	VERB	faucon
plant	VERB	plantés
nordic	ADJ	nordiques
hannah	PROPN	hannah
coordination	NOUN	coordination
hammond	ADJ	hammond
dance	NOUN	danses
barrack	NOUN	casernes
skilled	ADJ	qualifiés
hardcore	ADV	hard
precipitation	NOUN	précipitation
bucharest	ADV	bucarest
lily	ADV	lys
peterson	PROPN	petersen
albion	NOUN	albion
calm	NOUN	calme
photographic	NOUN	photographiques
schmidt	VERB	schmidt
asylum	NOUN	asile
deserve	VERB	mérite
hyderabad	PROPN	hyderabad
visa	NOUN	visas
twelfth	ADV	xiie
contact	VERB	contactée
pregnancy	NOUN	grossesses
blatant	ADJ	flagrants
noteworthy	ADJ	remarquable
stale	ADJ	rassis
expectation	NOUN	attentes
carman	NOUN	carman
erie	PROPN	érié
harvest	NOUN	moisson
fly	NOUN	mouches
kashmir	PROPN	cachemire
theft	NOUN	vol
wesley	ADV	wesley
beat	NOUN	bat
arlington	PROPN	arlington
sterling	NOUN	sterling
donna	NOUN	donna
petty	ADJ	mesquine
sonic	ADJ	sonique
transparent	ADJ	transparence
dedication	NOUN	dédicace
clarence	NOUN	clarence
katherine	NOUN	katherine
nervous	ADJ	nerveux
everywhere	ADV	partout
sunset	NOUN	crépuscule
anthropology	NOUN	anthropologie
reward	NOUN	récompenser
narrator	NOUN	narrateur
antoine	NOUN	antoine
steep	ADJ	raide
primitive	ADJ	primitives
gateway	NOUN	passerelle
leigh	PROPN	leigh
slavic	PROPN	slave
derbyshire	VERB	derbyshire
lopez	VERB	lopez
chronic	PROPN	chroniques
donation	NOUN	dons
image	VERB	imagerie
europa	ADV	europa
duet	NOUN	duo
intel	PROPN	intel
winchester	NOUN	winchester
bronco	NOUN	bronco
buddha	NOUN	bouddha
pig	NOUN	cochon
whale	PROPN	baleines
beach	NOUN	plage
archipelago	PROPN	archipel
attribute	NOUN	attributs
justification	NOUN	justifications
frozen	ADJ	congelés
inherently	ADV	intrinsèquement
fischer	NOUN	fischer
dee	PROPN	dee
peaceful	ADJ	pacifique
typhoon	NOUN	typhon
hank	PROPN	hank
manually	ADV	manuellement
shorten	VERB	raccourcie
tram	VERB	tramways
aerospace	NOUN	aérospatial
alignment	NOUN	alignement
arabian	PROPN	arabe
ivory	NOUN	ivoire
hastings	PROPN	hastings
holly	ADV	holly
trace	VERB	tracés
constellation	NOUN	constellation
allocate	VERB	alloué
heal	VERB	cicatrisation
rey	PROPN	rey
lorenzo	NOUN	lorenzo
vike	VERB	vikings
atmospheric	PROPN	atmosphériques
pottery	NOUN	poterie
bloody	ADJ	sanglant
eden	PROPN	éden
mormon	PROPN	mormons
nielsen	PUNCT	nielsen
consecrate	VERB	consacrée
peruvian	NOUN	péruvien
coloured	VERB	coloré
relevance	NOUN	pertinence
interference	VERB	interférence
candy	NOUN	bonbon
bitter	ADJ	amertume
monetary	ADJ	monétaire
individually	ADV	individuellement
funk	VERB	funk
basque	NOUN	basque
bangalore	PROPN	bangalore
synagogue	VERB	synagogue
latvian	PROPN	lettonie
pot	NOUN	casseroles
interact	VERB	interagissent
guarantee	VERB	garantie
intact	ADJ	intacts
lacrosse	X	crosse
raj	VERB	raj
patriarch	NOUN	patriarche
bless	VERB	bénie
oversight	NOUN	supervision
ecological	ADJ	écologiques
rabbit	NOUN	lièvre
phi	PROPN	phi
powder	NOUN	poudre
mega	NOUN	méga
conservative	NOUN	conservateurs
trivium	NOUN	quiz
clip	NOUN	pinces
coventry	NOUN	coventry
plaque	NOUN	plaque
institutional	ADJ	institutionnelles
inform	NOUN	informer
vic	VERB	civ
precision	NOUN	précision
conservatory	NOUN	véranda
sunshine	VERB	soleil
motivate	VERB	motivée
linguistic	NOUN	linguistique
flower	VERB	floraison
nazi	NOUN	nazie
saving	NOUN	économies
underwater	ADJ	subaquatique
mccarthy	NOUN	mccarthy
toxic	ADJ	toxique
georgetown	VERB	georgetown
screen	VERB	criblage
unaware	ADJ	ignorant
inaugurate	VERB	inauguré
roll	NOUN	cylindres
liver	NOUN	hépatique
aid	VERB	aidé
benedict	PROPN	benoît
commodore	NOUN	commodore
hollow	VERB	creuse
mob	NOUN	mafia
dawson	NOUN	dawson
emi	VERB	ime
brett	PROPN	brett
alert	NOUN	alerter
seventeen	X	seventeen
bound	VERB	délimitée
insist	VERB	insisté
loyalty	NOUN	fidélisation
reunion	NOUN	réunion
patterson	PROPN	patterson
collision	NOUN	collisions
enact	VERB	promulguée
matthew	NOUN	matthew
willis	PROPN	willis
secretly	ADV	secrètement
vowel	VERB	voyelles
drainage	NOUN	drainage
shooter	NOUN	tireurs
lambert	NOUN	lambert
seth	PROPN	seth
kai	PROPN	kai
emigrate	VERB	émigré
bermuda	NOUN	bermudes
wow	INTJ	waw
noun	PROPN	noun
valentine	VERB	valentin
plasma	NOUN	plasma
virtue	NOUN	vertu
phillie	NOUN	phillie
bryant	NOUN	bryant
carnival	NOUN	carnaval
bate	NOUN	bate
partisan	NOUN	partisanes
amend	VERB	modifié
ballad	PROPN	ballade
dairy	NOUN	laiterie
insight	NOUN	perspicacité
hay	PROPN	foin
kolkata	PROPN	calcutta
traffic	VERB	trafics
momentum	NOUN	élan
alternatively	ADV	alternativement
label	VERB	étiquetés
ricardo	NOUN	ricardo
devil	NOUN	démons
endurance	NOUN	endurance
blame	VERB	blâme
pearson	PROPN	pearson
gaza	PROPN	gaza
hal	VERB	hal
teaching	NOUN	enseignements
convent	NOUN	couvent
dealer	NOUN	concessionnaire
neal	VERB	neal
frost	NOUN	gelées
bout	NOUN	bout
consistency	NOUN	consistance
wreck	VERB	saccagé
steady	ADJ	stable
shannon	PROPN	shannon
specially	ADV	spécialement
hansen	VERB	hansen
reverend	VERB	révérend
whitney	NOUN	whitney
adequately	ADV	adéquatement
limitation	NOUN	restrictions
lateral	ADJ	latéraux
varsity	NOUN	varsity
lover	NOUN	amoureux
prohibition	NOUN	interdiction
acute	VERB	aiguë
container	NOUN	récipient
emission	NOUN	émissions
notation	NOUN	notation
omar	PROPN	omar
taipei	PROPN	taipei
torre	NOUN	torre
survivor	VERB	survivante
corpus	PROPN	corpus
nicole	PROPN	nicole
turk	NOUN	turques
marker	NOUN	marqueur
local	NOUN	locaux
dish	NOUN	vaisselle
cove	VERB	crique
seat	VERB	sièges
pour	VERB	verser
loud	ADV	bruyant
suspicious	ADJ	suspect
expense	NOUN	dépense
prosecution	NOUN	accusation
noah	PROPN	noé
hyde	PROPN	hyde
eternal	ADJ	eternel
terrestrial	ADJ	terrestre
ethical	ADJ	éthiques
countess	NOUN	comtesse
tender	VERB	tendres
yearly	ADV	annuelle
masse	NOUN	messes
modest	ADJ	modestes
dudley	PROPN	dudley
barrett	PROPN	barrett
explosive	NOUN	explosif
father	NOUN	pères
juvenile	ADJ	juvéniles
similarity	NOUN	similitudes
conquer	VERB	vaincu
colt	NOUN	poulain
denomination	NOUN	dénomination
feminine	ADJ	féminine
contentious	ADJ	litigieuses
softball	NOUN	softball
compression	NOUN	compression
micro	PROPN	micro
sovereignty	NOUN	souveraineté
reef	NOUN	récifs
brady	PROPN	brady
scenic	ADJ	panoramique
eleventh	VERB	onzième
breach	VERB	violation
behavioral	ADJ	comportementaux
monastery	NOUN	monastères
rope	NOUN	corde
spare	ADJ	rechange
cache	PROPN	cache
wimbledon	PROPN	wimbledon
practitioner	NOUN	praticiens
duplicate	VERB	double
notorious	ADJ	notoire
parkway	NOUN	parkway
ronnie	PROPN	ronnie
odd	NOUN	probabilités
andre	VERB	andré
mos	PROPN	mos
maternal	ADJ	maternel
transmitter	PROPN	transmetteur
steal	VERB	voler
identifie	NOUN	identifie
pension	NOUN	retraite
scenario	NOUN	scénario
constantine	NOUN	constantin
speciman	NOUN	spécimens
mare	PROPN	jument
dolphin	NOUN	dauphins
galway	PROPN	galway
lightweight	ADJ	léger
processor	NOUN	transformateur
somalia	NOUN	somalie
unblock	VERB	débloquer
possess	VERB	possédé
bilateral	ADJ	bilatéral
gloucester	NOUN	gloucester
pyramid	NOUN	pyramide
ep	VERB	ep
nina	PROPN	nina
val	NOUN	val
wolfgang	PROPN	wolfgang
gill	VERB	gill
cool	VERB	refroidissement
hiv	PROPN	vih
electorate	VERB	électorat
sexuality	NOUN	sexualité
dash	NOUN	tirets
doctoral	ADJ	doctorat
rita	PROPN	rita
constitute	VERB	constitué
nam	PROPN	nam
time	VERB	chronométré
peters	PROPN	peters
tribunal	NOUN	tribunal
stalin	PROPN	staline
organizational	ADJ	organisationnel
memoir	NOUN	mémoires
presume	VERB	présumés
mayer	NOUN	mayer
beaver	PROPN	castors
gustav	VERB	gustave
facade	NOUN	façades
spike	PROPN	spike
titan	NOUN	titan
app	NOUN	applications
cal	VERB	cal
carlton	PROPN	carlton
klein	PROPN	klein
hassan	PROPN	hassan
dundee	PROPN	dundee
flesh	NOUN	chair
medalist	NOUN	médaillé
clayton	PROPN	clayton
pistol	NOUN	pistolet
mikhail	INTJ	mikhaïl
expire	VERB	périmés
valley	NOUN	vallées
benson	PROPN	benson
travis	PROPN	travis
enclose	VERB	enfermés
asteroid	NOUN	astéroïdes
cow	NOUN	vaches
accommodation	NOUN	logements
catalan	PROPN	catalans
warwick	VERB	warwick
textile	NOUN	textiles
brewery	NOUN	brasserie
sander	NOUN	sander
clarification	NOUN	éclaircissements
deadly	ADJ	mortels
march	VERB	marchant
assess	NOUN	évaluer
marx	NOUN	marx
chassis	NOUN	châssis
intensive	ADJ	intensives
usd	NOUN	usd
marcel	VERB	marcel
weber	PROPN	weber
diane	NOUN	diane
detachment	NOUN	détachement
gazette	VERB	gazette
thoroughly	ADV	minutieusement
fritz	NOUN	fritz
market	VERB	commercialisé
cloth	NOUN	tissu
doyle	NOUN	doyle
nigel	PROPN	nigel
qe	VERB	qe
sheikh	PROPN	cheikh
cafe	NOUN	café
sandbox	NOUN	sandbox
orphan	NOUN	orphelin
monaco	PROPN	monaco
meaningful	ADJ	significative
invade	VERB	envahis
norm	NOUN	norme
sen	PROPN	sen
berkshire	NOUN	berkshire
illustrator	NOUN	illustrateur
beverly	ADV	beverly
macmillan	NOUN	macmillan
strain	NOUN	déformation
motorway	NOUN	autoroute
contract	VERB	contracté
williamson	PROPN	williamson
pronunciation	NOUN	prononciation
disco	PROPN	discothèque
presently	ADV	présentement
talente	VERB	talentueux
forestry	NOUN	forestier
exam	NOUN	examen
mood	NOUN	humeur
wheeler	NOUN	wheeler
karachi	PROPN	karachi
blackburn	VERB	blackburn
beth	PROPN	beth
swimmer	PROPN	nageur
wagon	PROPN	chariot
masculine	NOUN	masculins
offshore	ADV	offshore
darren	NOUN	darren
gerard	NOUN	gérard
consul	NOUN	consul
excuse	VERB	excusez
mohame	VERB	mohame
salon	NOUN	salon
check	NOUN	vérifications
trigger	NOUN	gâchette
reinforce	VERB	renforcé
shoot	NOUN	pousses
atom	NOUN	atomes
invisible	ADJ	invisibles
memoir	PROPN	mémoires
intro	PROPN	introduction
implication	NOUN	conséquences
coronation	NOUN	sacre
werner	NOUN	werner
livestock	NOUN	cheptel
confirmation	NOUN	confirmation
volcano	NOUN	volcan
jupiter	PROPN	jupiter
prophet	NOUN	prophète
taxi	NOUN	taxis
disagreement	NOUN	désaccord
dresden	PROPN	dresde
originate	VERB	originaire
detention	NOUN	détention
persistent	ADJ	persistant
diagnose	VERB	diagnostiquée
iris	PROPN	iris
dad	NOUN	papa
abbot	NOUN	abbé
elvis	PROPN	elvis
dorset	NOUN	dorset
mel	PROPN	mel
lorraine	VERB	lorraine
fabric	NOUN	tissu
shin	PROPN	tibia
starter	NOUN	démarreur
clip	PROPN	pince
villain	VERB	méchant
chemical	NOUN	chimie
replaceable	ADJ	remplaçable
astronomer	NOUN	astronome
immune	PROPN	immunitaires
bologna	NOUN	bologne
flexible	ADJ	souple
modification	NOUN	modification
samoa	NOUN	samoa
tai	VERB	tai
gamma	NOUN	gamma
reformation	NOUN	réforme
cherokee	PROPN	cherokee
posthumously	ADV	posthume
homeless	ADJ	sdf
triumph	NOUN	triomphe
carriage	VERB	calèche
obsolete	VERB	obsolète
communism	NOUN	communisme
consortium	NOUN	consortium
stark	ADJ	stark
locate	PROPN	trouvez
incline	VERB	inclinée
effectiveness	NOUN	efficacité
advocate	VERB	prôné
surgical	ADJ	chirurgical
renewable	ADJ	renouvelable
cameo	NOUN	cameo
dissolution	NOUN	dissolution
unemployment	NOUN	chômage
racist	NOUN	racistes
torn	VERB	déchiré
baghdad	PROPN	bagdad
malay	NOUN	malaisien
dana	PROPN	dana
clarinet	NOUN	clarinette
sodium	NOUN	sodique
moldova	PROPN	moldavie
back	NOUN	dos
crow	NOUN	corneille
interrupt	VERB	interrompue
columnist	NOUN	chroniqueur
pseudonym	NOUN	pseudonyme
eclipse	NOUN	éclipse
organ	NOUN	organes
philharmonic	PROPN	philharmonique
christie	NOUN	christie
christina	PROPN	christina
countryside	NOUN	campagne
conception	NOUN	conception
angelo	PROPN	angelo
dir	PROPN	dir
lincolnshire	NOUN	lincolnshire
regina	PROPN	regina
rectangular	ADJ	rectangulaire
transfer	NOUN	virements
yacht	NOUN	yacht
algorithm	VERB	algorithmes
nassau	PROPN	nassau
constituent	NOUN	constitutif
falcon	NOUN	faucons
bart	PROPN	bart
genius	NOUN	génie
defeat	NOUN	défaites
punch	VERB	poinçon
specialty	NOUN	spécialité
clash	VERB	affrontement
continuation	NOUN	continuation
abdullah	PROPN	abdallah
remedy	NOUN	remède
judge	VERB	jugée
josef	PROPN	josef
loosely	ADV	vaguement
comfort	NOUN	confort
cadet	NOUN	cadets
nave	VERB	nef
shoot	ADJ	tireur
lotus	PROPN	lotus
enlarge	VERB	élargie
dwarf	NOUN	nain
packer	NOUN	packer
antwerp	PROPN	anvers
glad	ADJ	content
fold	VERB	plier
knox	PROPN	knox
bill	VERB	facturés
terrace	NOUN	terrasse
flander	NOUN	flamand
tri	ADJ	tri
socialism	NOUN	socialisme
sandstone	NOUN	grès
renault	PROPN	renault
fleming	NOUN	fleming
judy	PROPN	judy
infect	VERB	infectée
informative	ADJ	instructif
happiness	NOUN	bonheur
warehouse	NOUN	entrepôt
miracle	NOUN	miracles
leisure	NOUN	loisirs
kindergarten	NOUN	maternelle
leopold	VERB	léopold
barker	PROPN	barker
synthetic	ADJ	synthétiques
waterloo	PROPN	waterloo
sage	VERB	sauge
adviser	NOUN	conseiller
trim	VERB	garnitures
basilica	PROPN	basilique
sitcom	NOUN	sitcom
irregular	ADJ	irrégularité
normandy	ADJ	normande
finance	VERB	financement
embark	VERB	embarqué
passive	ADJ	passif
shiva	PROPN	shiva
tudor	PROPN	tudor
breakdown	NOUN	répartition
alfonso	PROPN	alphonse
badminton	PROPN	badminton
fiber	NOUN	fibre
mouse	NOUN	souris
carlisle	NOUN	carlisle
unveil	VERB	dévoilée
tired	ADJ	fatigué
wage	NOUN	salaire
worried	ADJ	inquiet
gambling	NOUN	jeu
basel	NOUN	bâle
randolph	PROPN	randolph
allison	PROPN	allison
auditorium	NOUN	auditorium
vault	NOUN	voûte
haute	VERB	haute
persuade	VERB	persuadée
poison	NOUN	empoisonné
gujarat	NOUN	gujarat
royal	NOUN	royal
yan	PROPN	yan
eleanor	NOUN	eleanor
parson	NOUN	parson
invest	VERB	investie
calvin	NOUN	calvin
dover	PROPN	douvres
mafia	NOUN	mafieux
resemble	NOUN	ressemble
anon	PROPN	anon
madra	NOUN	madra
professionally	ADV	professionnellement
essence	NOUN	essence
emotion	NOUN	émotions
myer	NOUN	meyers
saturn	NOUN	saturne
transmit	VERB	transmise
paperback	VERB	broché
free	VERB	affranchi
hanover	PROPN	hanovre
met	NOUN	métastases
pike	VERB	pike
sketch	NOUN	esquisses
cellular	ADJ	cellulaire
augusta	VERB	augusta
sinclair	NOUN	sinclair
unexpected	ADJ	inattendue
sponsorship	NOUN	mécénat
dab	PROPN	dab
bmw	PROPN	bmw
uncommon	ADJ	rare
aria	PROPN	aria
realistic	ADJ	réaliste
barton	PROPN	barton
miranda	NOUN	miranda
dodge	VERB	esquive
sunderland	NOUN	sunderland
plug	VERB	plug
orbital	ADJ	orbitale
puzzle	VERB	énigme
symbolic	ADJ	symboliques
jesuit	NOUN	jésuite
viable	ADJ	viables
rose	NOUN	rosiers
munster	NOUN	munster
midway	PROPN	midway
germanic	ADJ	germanique
urdu	NOUN	ourdou
scratch	VERB	griffe
lahore	VERB	lahore
pipeline	NOUN	gazoduc
protective	ADJ	protecteur
levy	NOUN	cotisation
rodriguez	PROPN	rodriguez
seymour	VERB	seymour
pac	PROPN	pac
jule	NOUN	jule
archer	PROPN	archer
remake	NOUN	remake
reopen	VERB	rouvert
progression	NOUN	progression
liberal	NOUN	libéral
indefinite	NOUN	indéfinie
clement	NOUN	clément
mackenzie	NOUN	mackenzie
judith	PROPN	judith
charter	VERB	affrété
salisbury	NOUN	salisbury
reactor	NOUN	réacteur
cope	VERB	cope
howe	NOUN	howe
calcutta	NOUN	calcutta
dubious	ADJ	douteux
desperate	ADJ	désespérée
lafayette	NOUN	lafayette
partition	NOUN	cloisons
destiny	NOUN	destinée
sigma	VERB	sigma
daytime	ADV	diurne
aurora	PROPN	aurores
goodbye	NOUN	adieu
steer	VERB	pilotage
pepper	NOUN	poivron
drunk	ADJ	saoul
scout	VERB	scoutisme
cunningham	PROPN	cunningham
lexington	PROPN	lexington
persecution	NOUN	persécuter
agne	NOUN	agnès
higgin	NOUN	higgin
project	VERB	projetée
function	VERB	fonctionnement
query	NOUN	requête
seine	NOUN	senne
byron	PROPN	byron
accomplishment	NOUN	réalisations
fool	NOUN	imbécile
down	NOUN	down
brave	ADJ	braves
mozart	NOUN	mozart
gil	PROPN	gil
dirt	NOUN	saleté
mathematician	NOUN	mathématiciens
aquatic	ADJ	aquatiques
noel	PROPN	noel
inventory	NOUN	inventaire
ethiopian	PROPN	éthiopie
evaluate	VERB	évaluer
meaning	NOUN	significations
reluctant	ADJ	hésitant
imagination	NOUN	imagination
barber	NOUN	coiffeur
slogan	NOUN	slogan
reich	NOUN	reich
desktop	NOUN	bureau
amusement	NOUN	amusement
sept	PROPN	sept
demolition	NOUN	démolition
hague	NOUN	haye
bronx	NOUN	bronx
duke	VERB	ducs
native	NOUN	indigènes
preparatory	NOUN	préparatoire
fence	NOUN	clôtures
rna	PROPN	arn
turin	PROPN	turin
crush	NOUN	écraser
algerian	PROPN	algérienne
reunite	VERB	réunie
wii	PROPN	wii
cone	NOUN	cône
urge	VERB	exhorté
taiwanese	NOUN	taiwanais
continuity	NOUN	continuité
enforce	VERB	appliquer
cloud	NOUN	nuages
verification	VERB	vérification
owl	NOUN	chouettes
namibia	PROPN	namibie
pratt	PROPN	pratt
tate	NOUN	tate
romeo	NOUN	roméo
regulate	VERB	régulé
lonely	ADJ	solitude
deaf	ADJ	sourde
shire	VERB	comté
structure	VERB	structurés
newsletter	NOUN	infolettre
ink	NOUN	encres
dwight	NOUN	dwight
sweep	VERB	balayé
menu	NOUN	menu
steeler	NOUN	steeler
paolo	PROPN	paolo
supernatural	ADJ	surnaturels
privilege	NOUN	privilèges
faithful	ADJ	fidèle
jubilee	PROPN	jubilé
lamb	PROPN	agneaux
resemble	VERB	ressembler
hesse	PROPN	hesse
simpson	NOUN	simpson
flemish	ADJ	flamand
logistic	NOUN	logistique
consort	NOUN	consort
dub	PROPN	dub
elisabeth	PROPN	élisabeth
apache	NOUN	apaches
antenna	NOUN	antenne
ashe	NOUN	cendre
fin	PROPN	nageoire
trump	NOUN	atout
kidnap	VERB	kidnappée
wound	NOUN	plaies
turtle	NOUN	tortue
greenwich	PROPN	greenwich
cake	NOUN	gateau
heather	ADV	bruyère
hobart	NOUN	hobart
pulse	NOUN	pouls
camden	VERB	camden
eaten	VERB	mangée
irrigation	NOUN	arrosage
kyoto	PROPN	kyoto
labrador	PROPN	labrador
vera	VERB	véra
honestly	ADV	honnêtement
ninja	VERB	ninjas
transcription	NOUN	transcription
validity	NOUN	validité
winger	PROPN	ailier
curse	VERB	malédiction
breakthrough	VERB	percée
node	PROPN	noeud
european	NOUN	européens
recreate	VERB	recréé
habit	VERB	habitude
russians	PROPN	russes
shield	NOUN	boucliers
analyst	NOUN	analyste
interval	NOUN	intervalle
decommission	VERB	déclassés
igor	ADJ	igor
oath	NOUN	serment
generator	NOUN	génératrice
bahrain	NOUN	bahreïn
press	VERB	pressé
twist	NOUN	torsion
aston	PROPN	aston
nicaragua	PROPN	nicaragua
bacon	NOUN	lard
frankly	ADV	franchement
smithsonian	PROPN	smithsonian
premium	NOUN	prime
ne	VERB	ne
mayo	PROPN	mayonnaise
walton	PROPN	walton
stevenson	NOUN	stevenson
curve	NOUN	courbes
fraternity	NOUN	confrérie
encode	VERB	codé
jacob	NOUN	jacob
isolation	NOUN	isolement
raven	VERB	corbeau
dig	VERB	creuser
introduce	NOUN	introduit
verbal	ADJ	verbale
appropriately	ADV	adéquatement
usc	PROPN	usc
holt	VERB	holt
clifford	PROPN	clifford
sonata	NOUN	sonate
hemisphere	VERB	hémisphère
slang	PROPN	argot
thrust	VERB	poussée
trout	NOUN	truites
aesthetic	ADJ	esthétique
predator	NOUN	prédateurs
panic	NOUN	paniques
tulsa	VERB	tulsa
aaa	NOUN	aaa
teresa	NOUN	thérèse
warm	VERB	réchauffement
advancement	NOUN	avancement
hunger	NOUN	faim
laurent	NOUN	laurent
resign	NOUN	démissionner
courtesy	NOUN	courtoisie
rodney	NOUN	rodney
encyclopaedia	NOUN	encyclopédie
subscription	NOUN	souscription
augustine	NOUN	augustin
eighteenth	VERB	xviiie
midwest	PROPN	midwest
pasha	PROPN	pacha
amber	NOUN	ambre
dayton	PROPN	dayton
revelation	NOUN	révélation
overtime	NOUN	prolongations
row	NOUN	lignes
ave	VERB	ave
master	VERB	maîtriser
deity	NOUN	divinité
shock	VERB	choqué
autonomy	NOUN	autonomie
kuala	PROPN	kuala
conway	PROPN	conway
magnus	PROPN	magnus
protester	NOUN	manifestants
inflation	NOUN	inflation
hancock	NOUN	hancock
unacceptable	ADJ	intolérable
passport	VERB	passeport
baba	PROPN	baba
viral	ADJ	virale
woody	NOUN	boisé
tab	VERB	tabulation
marginal	ADJ	marginales
shame	NOUN	dommage
genetic	NOUN	génétique
motivation	NOUN	motivations
yoga	NOUN	yoga
rotterdam	PROPN	rotterdam
marvin	PROPN	marvin
teenager	NOUN	ado
laurel	PROPN	laurier
balloon	NOUN	ballons
greenland	PROPN	groenland
demographic	ADJ	démographiques
rahman	PROPN	rahman
ivy	NOUN	ivy
screw	VERB	vis
vicar	NOUN	vicaire
surprising	ADJ	surprenantes
sandra	PROPN	sandra
overwhelming	ADJ	écrasant
rat	NOUN	rat
mali	VERB	malien
baku	NOUN	bakou
stranger	NOUN	étranger
payne	PROPN	payne
mod	PROPN	mod
projection	NOUN	saillie
ferrari	PROPN	ferrari
sand	NOUN	sables
subtle	ADJ	subtilement
strip	NOUN	bandes
basket	NOUN	panier
moroccan	PROPN	marocains
fishery	NOUN	pêcheries
tally	ADV	tally
silicon	NOUN	silicone
rage	NOUN	fureur
brent	NOUN	brent
alien	NOUN	étrangers
cao	PROPN	cao
imagery	NOUN	imagerie
nucleus	PROPN	noyau
practically	ADV	pratiquement
simmon	NOUN	simmon
strand	VERB	volet
definitive	ADJ	définitive
promote	NOUN	favorise
tooth	VERB	dents
uranium	NOUN	uranium
complication	NOUN	complications
zambia	PROPN	zambie
employ	VERB	emploient
isabella	NOUN	isabelle
probable	ADJ	probables
amino	NOUN	aminé
accent	NOUN	accentué
slate	NOUN	ardoise
weston	PROPN	weston
parachute	VERB	parachutisme
lauren	PROPN	lauren
skier	NOUN	skieurs
clearance	NOUN	clairance
mercer	VERB	mercier
crimson	NOUN	pourpre
incorrectly	ADV	incorrectement
meal	NOUN	repas
pharmaceutical	PROPN	pharmaceutique
dominion	NOUN	dominion
chemist	NOUN	chimiste
medley	PROPN	nages
porn	NOUN	pornographie
vegetable	NOUN	légumes
teammate	NOUN	coéquipier
leningrad	PROPN	leningrad
psychiatric	ADJ	psychiatrique
lao	NOUN	lao
wiltshire	PROPN	wiltshire
tense	ADJ	tendu
ant	ADJ	fourmi
hectare	NOUN	hectare
fear	NOUN	peurs
curl	VERB	curl
rotten	ADJ	pourris
fury	NOUN	fureur
bihar	ADJ	bihar
confident	ADJ	confiant
pioneer	VERB	pionnier
suzuki	NOUN	suzuki
mobility	NOUN	mobilité
fascist	ADJ	fasciste
marquis	NOUN	marquis
registry	NOUN	registre
numerical	PROPN	numérique
catch	NOUN	prises
olivi	ADJ	olivi
halt	VERB	halte
polytechnic	ADJ	polytechnique
randall	VERB	randall
dunn	PROPN	dunn
chandler	NOUN	chandler
sophisticated	ADJ	sophistiqué
laurence	NOUN	laurent
arab	NOUN	arabes
seal	VERB	scellées
verde	PROPN	verde
reilly	ADV	reilly
spatial	NOUN	spatiale
approximate	VERB	approximative
inheritance	NOUN	héritage
counterpart	NOUN	contrepartie
cease	NOUN	cesse
ugly	ADJ	affreux
fraction	NOUN	fraction
rivera	NOUN	rivera
decay	VERB	décomposition
lineage	NOUN	lignée
guam	PROPN	guam
syndicate	VERB	syndiqué
fence	VERB	clôtures
zhou	PROPN	zhou
finalist	VERB	finalistes
mir	PROPN	mir
turbine	VERB	turbine
install	VERB	installer
majesty	PROPN	majesté
eduardo	NOUN	eduardo
vince	NOUN	vince
mint	NOUN	menthe
brotherhood	NOUN	confrérie
iconic	ADJ	emblématique
katie	PROPN	katie
bizarre	ADJ	étrange
wheelchair	NOUN	fauteuil
slip	VERB	glissé
shri	NOUN	shri
gore	PROPN	gore
herb	NOUN	herbes
rep	PROPN	rép
strip	VERB	dépouillé
crescent	NOUN	croissant
syntax	NOUN	syntaxe
genome	VERB	génome
hale	NOUN	hale
sonny	ADJ	fiston
jona	NOUN	jona
hawkin	VERB	hawkin
suspicion	NOUN	soupçon
tonne	NOUN	tonne
nautical	ADJ	nautique
cd	NOUN	cd
casa	PROPN	casa
trick	NOUN	astuces
burlington	PROPN	burlington
confine	VERB	confinée
terminate	VERB	terminée
adjust	VERB	ajustés
swamp	NOUN	marécage
hanna	PROPN	hanna
dive	VERB	colombe
jenning	NOUN	jenning
beneficial	ADJ	bénéfique
annex	VERB	annexé
sutherland	PROPN	sutherland
gym	NOUN	gymnase
patriotic	ADJ	patriotisme
suspect	NOUN	suspect
square	NOUN	carrés
ad	NOUN	annonces
collectively	ADV	collectivement
breman	NOUN	brème
credible	ADJ	crédible
ingredient	NOUN	composants
benny	NOUN	benny
stafford	PROPN	stafford
stephen	NOUN	stephen
ship	VERB	expédiées
xiii	PROPN	xiiie
dramatically	ADV	considérablement
racer	NOUN	coureur
beef	NOUN	bœuf
precious	ADJ	précieux
dei	PROPN	dei
moist	NOUN	humide
age	VERB	vieillir
garrett	PROPN	garret
dinosaur	NOUN	dinosaures
emblem	NOUN	armoiries
plague	NOUN	peste
wan	VERB	wan
pie	NOUN	tarte
spiral	VERB	spirale
marcos	PROPN	marcos
admiralty	NOUN	amirauté
orchestral	ADJ	orchestrale
cement	NOUN	ciments
continually	ADV	continuellement
madame	NOUN	madame
luigi	PROPN	luigi
hare	PROPN	lièvre
correction	NOUN	corriger
jensen	PROPN	jensen
crusade	VERB	croisades
talbot	PROPN	talbot
brooke	PROPN	brooke
cube	NOUN	cubique
migrate	VERB	migré
goa	PROPN	goa
maggie	NOUN	maggie
submerge	VERB	submergé
ambulance	NOUN	ambulancier
sanction	VERB	sanctionnés
tyne	NOUN	tyne
byrne	PROPN	byrne
luna	PROPN	luna
flint	VERB	silex
skeleton	PROPN	ossature
burmese	PROPN	birmans
kurdish	PROPN	kurdes
lawn	NOUN	pelouse
weaver	PROPN	weaver
mai	NOUN	maï
einstein	PROPN	einstein
forgot	PROPN	oublié
gould	PROPN	gould
crosby	NOUN	crosby
livingston	PROPN	livingston
wreck	NOUN	épave
niagara	PROPN	niagara
sink	VERB	naufrage
vintage	NOUN	millésime
perkin	VERB	perkin
gdp	NOUN	pib
pius	ADJ	pie
stereo	VERB	stéréo
tina	PROPN	tina
unlimited	ADJ	illimitées
footnote	NOUN	note
molly	ADV	molly
robbie	PROPN	robbie
decisive	ADJ	déterminant
boost	VERB	stimuler
neighbor	NOUN	voisines
rim	VERB	rebord
procedural	ADJ	procédural
abundant	ADJ	abondance
wendy	NOUN	wendy
gran	PROPN	gran
feud	NOUN	rivalité
jockey	NOUN	jockey
breathe	VERB	respiration
alison	PROPN	alison
niger	PROPN	nigérien
prone	ADJ	enclin
emmanuel	PROPN	emmanuel
doll	NOUN	poupée
umbrella	NOUN	parapluie
elliot	NOUN	elliot
showcase	PROPN	vitrine
rotate	VERB	tournante
angle	VERB	angle
tolerance	NOUN	tolérance
insignia	PROPN	insigne
berg	PROPN	berg
resistant	ADJ	résistante
paula	ADV	paula
memorable	ADJ	mémorable
trader	NOUN	commerçants
prop	NOUN	prop
hike	VERB	randonnée
mansfield	NOUN	mansfield
refusal	NOUN	refus
rama	PROPN	rama
paved	VERB	pavée
airplane	NOUN	avion
violet	NOUN	violette
globally	ADV	globalement
constable	ADJ	gendarme
abbreviation	NOUN	abréviation
gentleman	NOUN	gentilhomme
cosmic	ADJ	cosmique
shawn	NOUN	shawn
piper	NOUN	piper
banker	NOUN	banquier
villager	NOUN	villageois
holden	ADJ	holden
lionel	NOUN	lionel
drink	NOUN	boisson
prosecutor	NOUN	procureur
photographed	VERB	photographié
inaccurate	VERB	inexactes
bollywood	NOUN	bollywood
irene	PROPN	irène
chamberlain	VERB	chambellan
dive	NOUN	plonger
swear	VERB	juré
anita	PROPN	anita
apartheid	NOUN	apartheid
ada	PROPN	ada
simplify	VERB	simplifiée
abbott	PROPN	abbott
stephanie	PROPN	stéphanie
longitude	VERB	longitude
mack	VERB	mack
lucia	NOUN	lucie
smile	VERB	sourire
injection	NOUN	injections
calcium	NOUN	calcium
redskin	NOUN	redskin
jill	NOUN	jill
nurse	VERB	infirmiers
sophia	VERB	sophia
buchanan	PROPN	buchanan
sant	NOUN	sant
horace	NOUN	horace
darker	PROPN	foncés
emerson	PROPN	emerson
mandarin	NOUN	mandarine
garde	X	garde
ipswich	VERB	ipswich
borrow	VERB	empruntée
vaughan	PROPN	vaughan
ambitious	ADJ	ambitieuses
philanthropist	NOUN	philanthrope
rajasthan	VERB	rajasthan
collar	NOUN	collier
honolulu	VERB	honolulu
inherent	ADJ	inhérente
jamaican	PROPN	jamaïcain
fcc	PROPN	csa
advent	NOUN	avent
priory	NOUN	prieuré
inability	NOUN	impossibilité
sunny	ADJ	ensoleillées
jakarta	PROPN	djakarta
natalie	PROPN	nathalie
chin	PROPN	menton
lester	NOUN	lester
macau	NOUN	macao
barbado	VERB	barbade
activism	NOUN	activisme
consume	VERB	consommée
spectator	NOUN	spectateurs
inmate	NOUN	détenues
homosexuality	NOUN	homosexualité
recruit	NOUN	recrue
weaken	VERB	affaiblie
twilight	NOUN	pénombre
lowe	NOUN	lowe
nitrogen	NOUN	azote
assassinate	VERB	assassiné
harmful	ADJ	nuisibles
sergei	VERB	sergueï
kirby	VERB	kirby
displace	VERB	déplacés
occurrence	NOUN	occurrence
strengthen	VERB	renforcer
leonardo	PROPN	léonard
brittany	VERB	bretagne
rite	VERB	rite
proportional	ADJ	proportionnels
una	NOUN	una
digit	PROPN	chiffre
lobby	VERB	hall
supervisor	NOUN	superviseur
spectacular	ADJ	spectaculaire
skater	NOUN	patineurs
bay	NOUN	baies
bean	NOUN	haricot
blade	NOUN	pales
nyc	PROPN	nyc
pitt	NOUN	pitt
printer	NOUN	imprimante
genoa	PROPN	gênes
brandenburg	PROPN	brandebourg
thumb	NOUN	pouce
isabel	VERB	isabelle
civility	NOUN	civilité
sol	NOUN	semelles
luftwaffe	PROPN	luftwaffe
marty	NOUN	marty
kerr	PROPN	kerr
butterfly	NOUN	papillons
televise	VERB	télévisé
hostage	NOUN	otage
lennon	PROPN	lennon
fowl	ADJ	fowl
lab	NOUN	laboratoires
casual	NOUN	occasionnel
rude	NOUN	impoli
cubic	ADJ	cubique
soup	NOUN	potage
loch	PROPN	loch
battleship	NOUN	cuirassé
dissertation	NOUN	thèse
python	ADV	python
extract	VERB	extraire
peasant	NOUN	paysans
throat	NOUN	gorge
finn	PROPN	finn
mound	VERB	monticule
mozambique	PROPN	mozambique
fortify	VERB	fortifié
inadequate	ADJ	insuffisant
uzbekistan	PROPN	ouzbékistan
stain	VERB	taché
punjabi	NOUN	punjabi
caste	NOUN	castes
stirle	VERB	stirle
senegal	PROPN	sénégal
beirut	PROPN	beyrouth
sexually	ADV	sexuellement
wildcat	NOUN	wildcat
olivia	PROPN	olivia
colombo	VERB	colombo
observer	NOUN	observateurs
hubert	PROPN	hubert
basil	NOUN	basile
batch	VERB	lot
greenwood	PROPN	greenwood
breath	NOUN	souffle
baton	PROPN	baguette
caution	NOUN	prudence
meadow	VERB	prés
turnout	NOUN	participation
aluminum	NOUN	aluminium
stein	VERB	stein
bark	NOUN	écorce
diabetes	NOUN	diabétique
frame	VERB	encadrées
tenant	NOUN	locataires
conscious	ADJ	consciente
alley	NOUN	allée
schneider	NOUN	schneider
bert	PROPN	bert
bowie	PROPN	bowie
geo	PROPN	géo
meditation	NOUN	méditer
rue	VERB	rue
undergo	VERB	subissent
critique	NOUN	critique
browne	VERB	browne
pastoral	PROPN	pastorale
liz	PROPN	liz
emergence	NOUN	émergence
trustee	NOUN	mandataire
resort	NOUN	localités
taxation	NOUN	imposition
miniature	ADJ	miniatures
dartmouth	NOUN	dartmouth
clarity	NOUN	clarté
incredible	ADJ	incroyable
chevrolet	PROPN	chevrolet
poetic	ADJ	poétique
void	ADJ	vide
bosnian	PROPN	bosniaques
cab	NOUN	taxi
hereditary	ADJ	héréditaire
mater	NOUN	mater
omit	VERB	omis
tumor	NOUN	tumeur
torah	PROPN	torah
catalonia	PROPN	catalogne
memorial	NOUN	mémoriaux
geoff	NOUN	geoff
jimbo	NOUN	jimbo
bee	NOUN	abeille
vanderbilt	VERB	vanderbilt
commemorate	NOUN	commémorer
equilibrium	NOUN	équilibre
dorsal	NOUN	dorsale
realism	NOUN	réaliste
johannesburg	PROPN	johannesburg
bent	ADJ	plié
intentionally	ADV	intentionnellement
becker	X	becker
humorous	ADJ	humoristique
hoffman	NOUN	hoffmann
chung	PROPN	chung
oman	NOUN	présage
renewal	NOUN	renouveau
flank	PROPN	flanc
okinawa	NOUN	okinawa
helmet	VERB	casques
straw	NOUN	paille
group	VERB	regroupé
downstream	ADJ	aval
ten	NOUN	rte
anticipate	VERB	anticipé
steele	PROPN	steele
goodman	PROPN	goodman
nutrition	NOUN	alimentation
havana	PROPN	havane
messenger	NOUN	messager
robbery	NOUN	cambriolage
cultivate	VERB	cultivées
unusually	ADV	exceptionnellement
castile	NOUN	castille
bowler	NOUN	bowler
huang	PROPN	huang
package	VERB	conditionnements
int	NOUN	int
apology	NOUN	excuses
trauma	VERB	traumatisme
reyes	NOUN	reyes
cap	VERB	plafonné
white	NOUN	blancs
extinction	NOUN	extinction
troll	NOUN	trolls
divisional	ADJ	divisionnaire
proxy	NOUN	mandataire
code	VERB	codage
canoe	PROPN	canoë
gasoline	NOUN	essence
podcast	NOUN	podcast
bloc	PROPN	bloc
cpu	PROPN	processeurs
geometric	ADJ	géométriques
chaplain	NOUN	aumônier
chord	NOUN	accord
barrow	VERB	brouette
angus	ADJ	angus
domingo	NOUN	domingo
jew	PROPN	juif
koch	PROPN	koch
bedroom	NOUN	chambre
grape	NOUN	raisin
limerick	VERB	limerick
haunt	VERB	hantée
offspre	VERB	descendance
marxist	ADJ	marxiste
aluminium	NOUN	aluminium
tomatoe	VERB	tomates
savannah	PROPN	savane
quarry	NOUN	carrière
australian	NOUN	australiens
disappoint	VERB	déçu
cola	PROPN	cola
craft	NOUN	artisanat
irvine	VERB	irvine
curator	NOUN	conservateur
davenport	NOUN	davenport
receiver	NOUN	récepteurs
accidental	ADJ	accidentels
marseille	PROPN	marseille
opt	VERB	opté
gibb	NOUN	gibb
rand	PROPN	rand
insect	PROPN	insectes
sergio	NOUN	sergio
appreciation	NOUN	appréciation
enzyme	NOUN	enzyme
awkward	VERB	gênant
dioxide	VERB	dioxyde
theologian	PROPN	théologien
corrupt	ADJ	corrompue
donovan	PROPN	donovan
hogan	PROPN	hogan
ole	ADJ	ole
evacuate	VERB	évacuées
gavin	PROPN	gavin
ceylon	NOUN	ceylan
convert	NOUN	convertis
symmetry	NOUN	symétrique
excavation	NOUN	fouilles
hercule	NOUN	hercule
devi	PROPN	devi
sheridan	PROPN	sheridan
unfair	ADJ	inéquitable
pile	NOUN	tas
reptile	VERB	reptile
samurai	PROPN	samouraï
cassette	NOUN	cassette
stripe	NOUN	rayé
juice	NOUN	jus
fierce	ADJ	féroce
necessity	NOUN	nécessité
hilton	PROPN	hilton
blu	PROPN	blu
gile	NOUN	gilles
compelling	ADJ	impérieux
stomach	NOUN	ventre
abusive	ADJ	abusif
button	NOUN	boutons
gram	VERB	mamy
hinduism	NOUN	hindouisme
fortification	NOUN	fortification
reggae	PROPN	reggae
homosexual	PROPN	homosexuels
apprentice	NOUN	apprenti
hussein	PROPN	hussein
disposal	NOUN	élimination
pharmacy	NOUN	pharmacie
synthesizer	NOUN	synthétiseur
liability	NOUN	passif
cam	NOUN	cam
sci	VERB	sic
canne	NOUN	canne
willow	VERB	saule
hbo	PROPN	hbo
starr	PROPN	starr
statutory	ADJ	statutaire
wing	VERB	ailés
periodic	ADJ	périodiques
pagan	PROPN	païen
defendant	NOUN	accusé
pizza	NOUN	pizzas
evan	NOUN	evan
rwanda	PROPN	rwanda
avenger	NOUN	vengeur
thornton	PROPN	thornton
exploitation	NOUN	exploitation
pulitzer	NOUN	pulitzer
supervise	VERB	surveillées
repair	VERB	réparées
instantly	ADV	instantanément
mistress	NOUN	maitresse
mortar	NOUN	mortier
plausible	ADJ	plausible
cop	NOUN	flic
activation	NOUN	activation
methodology	NOUN	méthodologie
gale	NOUN	gale
dominic	ADJ	dominique
nominal	PROPN	nominale
bud	NOUN	bourgeons
melissa	ADV	mélissa
skip	VERB	saut
martinez	PROPN	martinez
medina	PROPN	médina
debris	NOUN	déblais
frustrate	VERB	frustré
engineer	VERB	conçu
infinity	NOUN	infinité
correspond	NOUN	correspond
cretaceous	ADJ	crétacé
bite	NOUN	bouchée
nod	VERB	noeuds
bavarian	PROPN	bavaroise
marilyn	PROPN	marilyn
rumor	NOUN	rumeurs
fare	PROPN	tarif
fuselage	NOUN	fuselage
capitalism	NOUN	capitalisme
harlem	PROPN	harlem
centennial	NOUN	centenaire
ritual	NOUN	rituels
bolt	VERB	boulon
wakefield	VERB	wakefield
infamous	ADJ	infâme
damascus	PROPN	damas
listener	NOUN	auditeurs
dry	VERB	séchés
hai	PROPN	haï
porch	NOUN	véranda
hymn	PROPN	hymne
indirect	ADJ	indirectes
vhs	NOUN	magnétoscope
sioux	VERB	sioux
convenience	NOUN	commodités
statesman	NOUN	statesman
detach	VERB	individuelle
chu	PROPN	chu
ab	NOUN	ab
watt	PROPN	watt
kite	NOUN	kite
offence	NOUN	offense
sylvia	PROPN	sylvie
frigate	VERB	frégate
shade	NOUN	ombre
marian	PROPN	marianne
coastline	NOUN	côte
clive	ADJ	clive
lamp	PROPN	lampe
camp	VERB	camp
indicator	NOUN	indicateur
bloom	NOUN	fleurir
emil	ADV	emile
napoleonic	PROPN	napoléoniennes
mortality	NOUN	mortalité
treatise	NOUN	traité
malik	NOUN	malik
re	VERB	ser
cliff	NOUN	falaises
caliber	NOUN	calibre
bordeaux	PROPN	bordeaux
lowell	NOUN	lowell
marino	NOUN	marino
recognize	NOUN	reconnait
kidney	NOUN	rein
emphasize	VERB	soulignée
uncertainty	NOUN	incertitudes
teddy	PROPN	nounours
omega	NOUN	oméga
cheng	PROPN	cheng
denial	NOUN	négation
sunni	PROPN	sunnites
neville	PROPN	neville
brush	NOUN	broussailles
alain	NOUN	alain
mama	PROPN	maman
ein	PROPN	ein
turbo	NOUN	turbo
pietro	PROPN	pietro
hydraulic	ADJ	hydraulique
eminent	ADJ	éminent
baxter	NOUN	baxter
addiction	NOUN	toxicomanie
ander	NOUN	ander
solidarity	NOUN	solidarités
pose	VERB	posé
maid	VERB	servante
physiology	NOUN	physiologie
brake	NOUN	frein
loire	NOUN	loire
jacket	NOUN	manteau
spin	VERB	filature
brendan	PROPN	brendan
scarlet	ADJ	écarlate
dante	VERB	dante
gerry	VERB	gerry
granada	NOUN	grenade
royalty	NOUN	redevance
in	NOUN	in
confront	VERB	confronté
boulder	VERB	rocher
inconsistent	NOUN	incohérent
amphibious	ADJ	amphibie
spear	NOUN	lances
mariner	NOUN	mariner
mutant	ADJ	mutants
oracle	NOUN	oracle
slim	PROPN	mince
erosion	NOUN	érosion
borneo	NOUN	bornéo
position	VERB	positionnés
coordinate	VERB	coordonnée
transformer	NOUN	transformateurs
evelyn	VERB	evelyne
beethoven	VERB	beethoven
parole	NOUN	conditionnelle
constraint	NOUN	contraintes
notification	NOUN	notification
vein	ADJ	veine
frankie	NOUN	frankie
terra	X	terra
bahama	NOUN	bahama
spark	VERB	étincelles
kappa	PROPN	kappa
potato	NOUN	patate
kathleen	VERB	kathleen
unconscious	ADJ	inconscient
endless	ADJ	infinie
absurd	ADJ	absurde
apex	PROPN	apex
evacuation	NOUN	évacuation
lil	NOUN	lil
mortgage	NOUN	hypothèques
lago	NOUN	lago
quotation	NOUN	cotation
pilgrimage	NOUN	pèlerinage
truman	NOUN	truman
ashton	PROPN	ashton
taliban	PROPN	talibans
concise	NOUN	concis
olga	NOUN	olga
prostitution	NOUN	prostitution
flyer	NOUN	circulaires
prestige	NOUN	prestige
contractor	NOUN	entrepreneur
xiv	PROPN	xive
expeditionary	NOUN	expéditionnaire
bubble	NOUN	bulle
mauritius	PROPN	maurice
deliberate	VERB	délibérée
incoming	ADJ	entrants
panzer	NOUN	panzer
antiquity	NOUN	antiquité
convenient	ADJ	commodes
directorate	NOUN	direction
gift	VERB	doués
wilmington	PROPN	wilmington
tempo	VERB	tempo
dexter	NOUN	dexter
upstream	ADJ	amont
islander	NOUN	insulaires
perennial	ADJ	vivaces
rai	ADJ	rai
fulfill	NOUN	accomplir
hatch	VERB	trappe
unfortunate	ADJ	malheureux
immunity	NOUN	immunités
nile	VERB	nil
duel	PROPN	duels
bern	PROPN	berne
daisy	PROPN	marguerite
authentic	ADJ	authentiques
attachment	NOUN	fixation
xvi	NOUN	xvie
lawson	PROPN	lawson
laureate	NOUN	lauréat
rupert	NOUN	rupert
mccartney	NOUN	mccartney
relativity	NOUN	relativité
nikolai	PROPN	nikolaï
cord	NOUN	cordon
cobra	PROPN	cobra
sensitivity	NOUN	sensibilité
intimate	VERB	intimiste
huntington	PROPN	huntington
neighbour	NOUN	voisines
baron	NOUN	baron
enrique	NOUN	enrique
roth	PROPN	roth
psychologist	NOUN	psychologues
kaiser	NOUN	kaiser
darling	NOUN	chéri
judiciary	NOUN	judiciaire
vicente	NOUN	vicente
jeanne	PROPN	jeanne
reply	NOUN	réponses
klaus	NOUN	klaus
anarchist	NOUN	anarchistes
oxide	NOUN	oxydes
overlook	VERB	surplombant
stella	NOUN	stella
dose	VERB	doses
zombie	NOUN	zombies
canadian	NOUN	canadiennes
liberia	PROPN	libéria
blackpool	PROPN	blackpool
offline	PROPN	déconnecté
norris	PROPN	norris
serb	NOUN	serbes
harp	PROPN	harpe
rental	VERB	location
relieve	VERB	soulagés
botanist	NOUN	botaniste
guilt	NOUN	culpabilité
fry	VERB	frit
alexandre	VERB	alexandre
marking	NOUN	marquages
verdict	NOUN	verdict
cyril	VERB	cyrille
hertfordshire	NOUN	hertfordshire
ace	NOUN	as
shropshire	NOUN	shropshire
spider	NOUN	araignées
compulsory	ADJ	obligatoire
woo	VERB	courtiser
bonnie	PROPN	bonnie
crack	VERB	fissure
incarnation	NOUN	incarnation
oldham	PROPN	oldham
liam	PROPN	liam
positively	ADV	positivement
mgm	PROPN	mgm
everett	PROPN	everett
quincy	NOUN	quincy
firmly	ADV	fermement
trigger	VERB	déclenché
humphrey	PROPN	humphrey
bust	NOUN	buste
fitting	PROPN	raccord
discrete	NOUN	discret
zurich	PROPN	zurich
lumpur	NOUN	lumpur
wolfe	PROPN	wolfe
unfinished	ADJ	inachevée
drill	NOUN	foreuse
exotic	ADJ	exotiques
sauce	VERB	sauce
probation	NOUN	probation
loan	VERB	prêtée
archie	NOUN	archie
javier	PROPN	javier
cartridge	NOUN	cartouche
clifton	PROPN	clifton
nagar	NOUN	nagar
deluxe	NOUN	luxe
commando	NOUN	commando
optimal	ADJ	optimum
rhythmic	ADJ	rythmique
kernel	NOUN	amande
springer	PROPN	springer
tragic	ADJ	tragique
credibility	NOUN	crédible
resurrection	NOUN	résurrection
conditional	ADJ	conditionnel
ind	NOUN	ind
usb	NOUN	usb
belize	VERB	belize
prosperity	NOUN	prospérité
standardize	VERB	normalisée
comet	PROPN	comètes
trouble	VERB	perturbés
negotiate	VERB	négocié
kenyan	PROPN	kényan
archibald	PROPN	archibald
lava	NOUN	lave
victorious	ADJ	victorieuse
promo	VERB	promo
creativity	NOUN	créativité
protocol	NOUN	protocoles
belove	VERB	aimée
esther	VERB	esther
peel	NOUN	éplucher
heidelberg	NOUN	heidelberg
groove	NOUN	sillon
lantern	VERB	lanterne
savoy	NOUN	savoie
saunder	NOUN	saunder
facial	ADJ	faciale
confrontation	NOUN	affrontements
ladder	NOUN	echelle
bohemia	NOUN	bohême
thief	NOUN	voleuse
vanessa	ADV	vanessa
halloween	PROPN	halloween
sentiment	NOUN	sentiment
levi	PROPN	levi
rodger	NOUN	rodger
homestead	PROPN	homestead
realise	VERB	réalisée
pune	NOUN	pune
sarajevo	VERB	sarajevo
dominance	NOUN	dominante
precursor	NOUN	précurseur
laugh	VERB	rigole
lar	NOUN	lar
viktor	NOUN	viktor
sandwich	NOUN	sandwichs
apparatus	NOUN	appareil
pornography	NOUN	pornographie
toulouse	NOUN	toulouse
tap	VERB	appuyez
incredibly	ADV	incroyablement
alarm	NOUN	alarmes
cruiser	NOUN	croiseurs
rover	PROPN	rover
acceleration	NOUN	accélération
shelley	PROPN	shelley
adverse	ADJ	néfastes
nichols	PROPN	nichols
induction	NOUN	induction
trombone	VERB	trombone
edison	PROPN	edison
magnet	NOUN	aimant
martyr	NOUN	martyre
suffer	NOUN	souffre
captive	ADJ	captif
codex	NOUN	codex
wool	NOUN	laine
exciting	ADJ	excitant
major	NOUN	majeures
surprisingly	ADV	étonnamment
vowel	NOUN	voyelles
seller	NOUN	vendeur
platoon	NOUN	peloton
dia	PROPN	dia
fog	PROPN	brume
honorable	ADJ	honorables
cornish	PROPN	cornouailles
triangular	NOUN	triangulaires
yuri	ADV	youri
hiroshima	PROPN	hiroshima
wash	VERB	lavage
freddie	VERB	freddy
treason	VERB	trahison
persia	PROPN	perse
wilkinson	NOUN	wilkinson
glacier	NOUN	glacier
sustainability	NOUN	pérennité
lean	VERB	penchée
recognise	NOUN	reconnaissez
ballad	NOUN	ballades
pillar	NOUN	piliers
turret	VERB	tourelle
reginald	NOUN	renaud
doubt	NOUN	doute
zhu	PROPN	zhu
owens	PROPN	owens
lately	ADV	dernièrement
veterinary	ADJ	vétérinaires
guggenheim	PROPN	guggenheim
reputable	ADJ	réputé
hector	NOUN	hector
lounge	VERB	salon
tara	NOUN	tara
curry	VERB	curry
goat	PROPN	chèvre
nightmare	VERB	cauchemars
burst	VERB	éclater
yokohama	PROPN	yokohama
secretariat	PROPN	secrétariat
illusion	NOUN	illusoire
electro	PROPN	électro
shake	VERB	agiter
elia	NOUN	elia
resist	VERB	résistent
planetary	ADJ	planétaire
pseudo	NOUN	pseudo
alba	PROPN	alba
biodiversity	NOUN	biodiversité
bluff	PROPN	bluffer
anxiety	NOUN	angoisse
zhao	PROPN	zhao
rogue	NOUN	voyou
barney	PROPN	barney
sikh	PROPN	sikhs
suffrage	NOUN	suffrage
feather	NOUN	plumes
richie	NOUN	richie
habit	NOUN	habitudes
blend	VERB	mélanger
extraction	NOUN	extraction
courtyard	NOUN	cour
turf	NOUN	pelouse
desirable	ADJ	désirable
expo	PROPN	expo
bhutan	PROPN	bhoutan
guerrilla	NOUN	guérilla
esp	ADV	esp
deadline	NOUN	échéance
whip	NOUN	fouet
farewell	INTJ	adieu
cardiac	ADJ	cardiaques
sensible	ADJ	raisonnable
replica	NOUN	réplique
smile	NOUN	sourire
sympathetic	ADJ	compatissant
heinz	PROPN	heinz
financially	ADV	financièrement
lizard	NOUN	lézards
zen	NOUN	zen
exile	VERB	exilé
axe	VERB	hache
flour	NOUN	farine
jade	PROPN	jade
insane	ADJ	dingue
ida	NOUN	aid
goose	VERB	oie
scientology	NOUN	scientologie
chiang	PROPN	chiang
dom	NOUN	dom
pact	NOUN	pacte
garbage	NOUN	détritus
regency	NOUN	régence
fulton	PROPN	fulton
sixteenth	ADJ	xvie
riga	NOUN	riga
mom	NOUN	mère
accompany	NOUN	accompagner
hasan	NOUN	hassan
mosaic	PROPN	mosaïques
icc	VERB	cic
ark	PROPN	arche
joachim	PROPN	joachim
comma	NOUN	virgule
crude	NOUN	brut
alcoholic	VERB	alcoolique
caucasus	NOUN	caucase
charlton	NOUN	charlton
villain	NOUN	méchants
eighty	NUM	eighty
superhero	NOUN	superhéros
mao	PROPN	mao
baptiste	NOUN	baptiste
paz	PROPN	paz
sid	VERB	sid
lime	NOUN	chaux
raleigh	VERB	raleigh
crossover	NOUN	croisement
karate	VERB	karaté
brig	VERB	brick
dickinson	NOUN	dickinson
drought	NOUN	sécheresses
socially	ADV	socialement
ajax	ADJ	ajax
charger	NOUN	chargeurs
rejection	NOUN	rejet
school	VERB	scolarité
caucus	NOUN	caucus
reconstruct	VERB	reconstitué
catcher	NOUN	receveur
thor	NOUN	thors
amnesty	PROPN	amnistie
thirteenth	NOUN	xiiie
bohemian	PROPN	bohème
soviet	NOUN	soviétiques
wichita	NOUN	wichita
lottery	NOUN	loto
grateful	ADJ	reconnaissant
outskirt	NOUN	périphérie
meadow	NOUN	prairies
electromagnetic	VERB	électromagnétiques
conan	PROPN	conan
likelihood	NOUN	vraisemblance
endowment	NOUN	dotation
wiley	NOUN	wiley
deacon	NOUN	diacre
infrare	VERB	infrarouges
julio	PROPN	julio
paso	PROPN	paso
kang	PROPN	kang
bourbon	NOUN	bourbon
promoter	NOUN	promoteur
nineteen	NUM	nineteen
surgeon	NOUN	chirurgiens
greco	NOUN	gréco
militant	NOUN	militante
gable	ADJ	gable
thatcher	PROPN	thatcher
weigh	VERB	pèse
parma	NOUN	parme
librarian	PROPN	libraire
comedian	NOUN	comédiens
stress	VERB	stressé
undefeated	ADJ	invaincu
communal	ADJ	communales
tablet	PROPN	tablette
flip	VERB	retournement
descriptive	ADJ	descriptif
shelf	NOUN	étagère
nursery	NOUN	pépinière
synod	PROPN	concile
unsure	NOUN	incertain
disclosure	NOUN	divulgation
visually	ADV	visuellement
correlation	NOUN	corrélation
ideal	NOUN	idéaux
disappearance	NOUN	disparitions
gong	PROPN	gong
derivative	NOUN	dérivés
sammy	PROPN	sammy
tong	PROPN	tong
deficit	NOUN	déficitaire
avon	PROPN	avon
vega	PROPN	vega
rosario	PROPN	rosario
leap	PROPN	bondir
transparency	NOUN	transparence
everton	PROPN	everton
laker	NOUN	lakers
sic	NOUN	sic
debate	VERB	débattu
ruin	PROPN	ruiner
retailer	NOUN	détaillants
malawi	PROPN	malawi
payload	NOUN	charge
devotion	NOUN	dévotion
punch	NOUN	coups
audit	NOUN	vérification
noon	NOUN	midi
inequality	NOUN	inégalités
strauss	NOUN	strauss
confession	NOUN	aveux
mba	VERB	mba
stunt	NOUN	cascade
monopoly	NOUN	monopolistique
niece	NOUN	nièce
surf	PROPN	surf
spell	NOUN	sortilèges
nationalist	NOUN	nationalistes
nathaniel	NOUN	nathaniel
gentle	ADJ	doux
patronage	NOUN	mécénat
playboy	PROPN	playboy
transgender	VERB	transgenres
eisenhower	NOUN	eisenhower
opus	ADV	opus
linebacker	NOUN	linebacker
chatham	PROPN	chatham
communion	NOUN	communion
jewelry	NOUN	bijouterie
probe	VERB	sonde
sharma	PROPN	sharma
organist	NOUN	organiste
russo	NOUN	russo
candidacy	NOUN	candidature
laguna	PROPN	laguna
elevator	NOUN	ascenseurs
ironically	ADV	ironiquement
lenin	PROPN	lénine
breton	PROPN	bretons
patience	NOUN	patience
pedestrian	NOUN	piéton
peggy	ADJ	peggy
tucson	NOUN	tucson
nickel	NOUN	nickel
orchid	NOUN	orchidée
maj	VERB	maj
alexis	VERB	alexis
institute	VERB	institué
namesake	NOUN	homonyme
libyan	ADJ	libyenne
mentally	ADV	mentalement
liang	PROPN	liang
townsend	VERB	townsend
unpublished	ADJ	inédit
subordinate	NOUN	subalterne
heroic	ADJ	héroïque
shine	VERB	brillent
regain	VERB	regagner
brand	VERB	marquage
recreate	NOUN	recréer
adjoin	VERB	attenante
rebuild	VERB	reconstruction
violinist	VERB	violoniste
mongol	NOUN	mongole
botswana	VERB	botswana
exclusion	NOUN	exclusion
magistrate	PROPN	magistrat
unstable	ADJ	instable
murderer	NOUN	meurtrière
deborah	PROPN	deborah
promptly	ADV	promptement
alejandro	NOUN	alejandro
killing	NOUN	homicides
orient	NOUN	orienter
balkan	PROPN	balkans
pascal	ADJ	pascal
reading	NOUN	lectures
venetian	PROPN	vénitienne
vocabulary	ADJ	vocabulaire
destructive	VERB	destructeur
judo	PROPN	judo
eli	PROPN	eli
cane	NOUN	canne
innocence	NOUN	innocence
npr	PROPN	npr
calculation	NOUN	calculs
croix	PROPN	croix
abundance	NOUN	abondance
cyber	NOUN	cyber
pauline	VERB	pauline
ego	PROPN	égo
litigation	NOUN	contentieux
motive	NOUN	motivations
mia	NOUN	mia
meridian	PROPN	méridien
satirical	ADJ	satirique
wrap	VERB	enveloppés
harriet	PROPN	harriet
audition	NOUN	audition
sample	VERB	prélèvements
bracket	NOUN	crochets
amor	ADV	amor
hubbard	NOUN	hubbard
merry	VERB	joyeux
fragment	NOUN	fragments
beginning	NOUN	débuts
busch	PROPN	busch
ancestral	ADJ	ancestrale
dalton	PROPN	dalton
magnificent	VERB	magnifique
lethal	VERB	fatal
banana	NOUN	banane
guerrero	NOUN	guerrero
friction	NOUN	frictions
madness	NOUN	folie
mutation	NOUN	mutations
assassin	PROPN	assassine
harding	PROPN	harding
conceptual	ADJ	conceptuelle
daddy	NOUN	papa
guinness	PROPN	guinness
adler	NOUN	adler
acronym	NOUN	acronyme
carpet	NOUN	moquette
felipe	ADJ	felipe
buzz	NOUN	bourdonnement
recorder	NOUN	enregistreur
intake	VERB	apport
unhappy	ADJ	mécontent
seventeenth	X	xviie
fundraise	VERB	financement
laden	PROPN	chargés
byrd	NOUN	byrd
homage	NOUN	hommage
fuck	NOUN	merde
cooke	VERB	cooke
hulk	VERB	hulk
suppression	NOUN	suppression
mae	PROPN	mae
antony	PROPN	antoine
natal	PROPN	natal
contention	NOUN	contention
conform	VERB	conformer
ernie	PROPN	ernie
chandra	PROPN	chandra
beard	PROPN	barbe
coca	PROPN	coca
usable	ADJ	utilisables
concord	NOUN	concorde
macarthur	PROPN	macarthur
maltese	ADJ	maltaise
discretion	NOUN	discrétion
tottenham	PROPN	tottenham
bel	PROPN	bel
danube	NOUN	danube
garland	VERB	guirlande
wetland	NOUN	marécages
map	VERB	cartographié
bas	PROPN	bas
temporal	ADJ	temporels
misunderstand	VERB	incompréhension
boyle	NOUN	boyle
moody	ADJ	lunatique
detain	VERB	détenue
beacon	NOUN	balise
baja	PROPN	baja
blah	INTJ	bla
noble	NOUN	noble
arch	NOUN	voûtes
hazard	NOUN	danger
titan	PROPN	titan
psychedelic	ADJ	psychédélique
forr	ADJ	forr
obligation	NOUN	obligation
osborne	NOUN	osbourne
somali	PROPN	somalie
mma	NOUN	mma
recruitment	NOUN	recrutements
libertarian	PROPN	libertaire
weiss	VERB	weiss
wembley	NOUN	wembley
rigid	ADJ	rigide
flore	NOUN	flore
enlightenment	PROPN	illumination
sect	VERB	secte
focal	ADJ	focal
field	VERB	field
abolition	NOUN	abolie
gps	VERB	gps
citadel	PROPN	citadelle
gravel	NOUN	gravier
oswald	PROPN	oswald
noir	NOUN	noir
anterior	ADJ	antérieure
stick	NOUN	baguettes
suppress	VERB	réprimé
analogy	NOUN	analogie
golfer	NOUN	golfeur
zinc	NOUN	zinc
mclean	NOUN	mclean
shrewsbury	NOUN	shrewsbury
turbine	NOUN	turbine
textbook	NOUN	manuels
ang	PROPN	ang
tractor	NOUN	tracteurs
type	VERB	dactylographie
ste	VERB	piquer
pic	NOUN	photos
excite	VERB	excité
scandinavian	PROPN	scandinavie
atari	X	atari
inlet	PROPN	crique
fairfield	PROPN	fairfield
pounder	NOUN	pounder
minimize	VERB	réduire
chronological	ADJ	chronologique
satisfaction	NOUN	satisfaction
butter	NOUN	beurre
fourteenth	PROPN	xive
posterior	ADJ	postérieure
float	NOUN	flotteurs
persuade	NOUN	persuader
cyrus	PROPN	cyrus
laptop	NOUN	portable
derry	VERB	derry
rhetoric	NOUN	rhétorique
sunrise	NOUN	lever
equestrian	PROPN	équestres
nhs	NOUN	nhs
enthusiasm	NOUN	enthousiasme
repository	NOUN	dépôt
propeller	NOUN	propulseur
morse	VERB	morse
stadium	NOUN	stades
maturity	NOUN	maturité
outfit	VERB	tenues
inflammatory	ADJ	incendiaire
schwartz	NOUN	schwarz
drain	VERB	drainer
nate	NOUN	nate
strasbourg	NOUN	strasbourg
lemon	NOUN	citrons
brennan	VERB	brennan
workforce	PROPN	effectifs
honourable	ADJ	honorable
bully	VERB	intimider
graveyard	NOUN	cimetière
afro	PROPN	afro
mortal	ADJ	mortels
nut	NOUN	écrous
poison	VERB	empoisonner
combustion	NOUN	combustion
endure	VERB	endurer
por	NOUN	por
clan	NOUN	clan
tuberculosis	NOUN	tuberculose
eddy	VERB	eddy
caldwell	PROPN	caldwell
eco	PROPN	écolo
foul	ADJ	faute
bentley	ADV	bentley
ankara	PROPN	ankara
beaumont	PROPN	beaumont
gorge	NOUN	gorges
mcgill	NOUN	mcgill
retrospective	ADJ	rétrospectives
nolan	PROPN	nolan
procession	NOUN	cortège
weir	PROPN	weir
aragon	PROPN	aragon
palermo	NOUN	palerme
jaw	PROPN	mâchoire
explore	NOUN	explore
baritone	NOUN	baryton
annal	NOUN	annales
ceramic	ADJ	céramique
pony	ADJ	poney
cornelius	NOUN	cornelius
detainee	NOUN	détenus
neural	ADJ	neural
moor	NOUN	lande
abbas	PROPN	abbas
tidal	ADJ	marées
hui	PROPN	hui
unification	NOUN	réunification
cartoonist	NOUN	dessinateur
improper	ADJ	inapproprié
panorama	NOUN	panoramique
mural	NOUN	murale
torque	NOUN	couple
hatred	NOUN	haine
productivity	NOUN	productivité
exempt	ADJ	exonéré
monumental	ADJ	monumentale
anaheim	PROPN	anaheim
economically	ADV	économiquement
basal	NOUN	basal
versa	ADV	versa
landing	NOUN	débarquements
wholesale	ADJ	gros
dial	NOUN	cadran
asphalt	VERB	bitume
blockade	NOUN	blocus
laurie	PROPN	laurie
middleton	PROPN	middleton
flynn	PROPN	flynn
toby	PROPN	toby
mole	NOUN	taupe
nicholson	PROPN	nicholson
piedmont	PROPN	piémont
refrain	VERB	refrain
otter	NOUN	loutres
corporal	NOUN	caporal
berger	PROPN	berger
jain	NOUN	jain
troll	VERB	traîne
coliseum	NOUN	colisée
offering	NOUN	offrandes
smell	VERB	odeurs
moreno	PROPN	moreno
bamboo	NOUN	bambou
lockheed	PROPN	lockheed
meal	VERB	repas
dal	NOUN	dal
unchanged	ADJ	inchangée
foo	NOUN	foo
setup	NOUN	configuration
metallic	ADJ	métallisé
respiratory	NOUN	respiratoire
meredith	NOUN	meredith
nissan	PROPN	nissan
calculus	NOUN	calcul
samantha	VERB	samantha
babylon	NOUN	babylone
rabbis	PROPN	rabbins
donor	NOUN	donateur
smash	VERB	brisé
putnam	PROPN	putnam
drown	VERB	noyée
hut	NOUN	cabane
salzburg	PROPN	salzbourg
dillon	NOUN	dillon
mountainous	ADJ	montagneuse
rent	VERB	loué
veronica	PROPN	véronique
brock	NOUN	brock
galicia	PROPN	galice
pal	NOUN	pote
gus	ADJ	gus
abuse	VERB	maltraitée
tile	NOUN	carreaux
drift	NOUN	dériver
brew	VERB	brassage
canary	NOUN	canari
humour	NOUN	humeur
olympia	NOUN	olympia
radial	ADJ	radiale
nude	ADJ	nudité
current	NOUN	courants
reservoir	NOUN	réservoirs
feminism	NOUN	féminisme
transitional	ADJ	transition
waterford	NOUN	waterford
diver	NOUN	plongeurs
shia	PROPN	chiite
famine	NOUN	famines
willy	ADV	willy
green	NOUN	verts
ramsey	NOUN	ramsey
guangzhou	PROPN	canton
unsuitable	ADJ	inadapté
le	VERB	le
summon	VERB	convoqué
indirectly	ADV	indirectement
wyatt	PROPN	wyatt
manifesto	NOUN	manifeste
shan	PROPN	shan
paradox	NOUN	paradoxale
minsk	NOUN	minsk
confer	VERB	conféré
chrome	VERB	chromé
scroll	NOUN	manuscrit
niche	NOUN	niches
doncaster	NOUN	doncaster
regulate	NOUN	réguler
defense	VERB	défenses
marquess	NOUN	marquis
wax	PROPN	cire
hutchinson	ADJ	hutchinson
overturn	VERB	renversé
tango	PROPN	tango
lara	PROPN	lara
infectious	ADJ	infectieux
reinstate	VERB	réintégré
mont	ADV	mont
pigeon	NOUN	pigeons
fertile	ADJ	fertiles
stair	NOUN	escalier
patrol	NOUN	patrouilles
slender	ADJ	mince
botany	NOUN	botanique
dignity	NOUN	dignité
ideological	ADJ	idéologique
grip	NOUN	poigne
shortage	NOUN	pénurie
skater	ADV	patineur
clone	VERB	clonage
foreigner	NOUN	étrangers
takeover	NOUN	rachat
retrieve	NOUN	récupérer
traction	NOUN	traction
brewer	NOUN	brasseurs
humboldt	PROPN	humboldt
lense	NOUN	lentilles
pulp	NOUN	pulpe
visibility	NOUN	visibilité
plata	PROPN	plata
picnic	NOUN	nique
czechoslovak	ADJ	tchécoslovaque
worm	NOUN	asticots
boone	ADJ	boone
lam	PROPN	lam
lagoon	NOUN	lagune
soo	VERB	soo
cruel	ADJ	cruels
allocation	NOUN	affectation
buffy	VERB	buffy
affordable	ADJ	abordable
presley	NOUN	presley
randomly	ADV	aléatoirement
timor	NOUN	timor
mackay	NOUN	mackay
tire	NOUN	pneu
chestnut	NOUN	châtaignes
accumulate	VERB	accumulées
diagnostic	ADJ	diagnostiques
dem	ADJ	dem
unanimously	ADV	unanimement
choreographer	NOUN	chorégraphe
simone	NOUN	simone
bernie	PROPN	bernie
bag	VERB	sachets
champagne	NOUN	champagne
musical	NOUN	musical
complex	NOUN	complex
hydroelectric	PROPN	hydroélectrique
carrie	PROPN	carrie
mccoy	PROPN	mccoy
ignorance	NOUN	méconnaissance
squash	VERB	courge
invasive	ADJ	invasives
burgess	NOUN	burgess
tavern	ADV	taverne
petit	NOUN	petit
reno	VERB	reno
jong	PROPN	jong
kitty	NOUN	minou
reinforcement	NOUN	renfort
offset	VERB	décalage
benz	PROPN	benz
cha	PROPN	cha
seven	VERB	seven
covenant	NOUN	pacte
robust	ADJ	robustesse
dislike	VERB	déteste
minus	ADP	moins
weimar	PROPN	weimar
hoover	PROPN	hoover
dolphin	VERB	dauphins
condition	VERB	conditionnement
ella	PROPN	ella
bowen	NOUN	bowen
hindus	PROPN	hindous
handicap	ADJ	handicapé
ware	VERB	ware
jurassic	PROPN	jurassic
amphibian	NOUN	amphibiens
trench	NOUN	tranchée
redevelopment	NOUN	réaménagement
sanchez	PROPN	sanchez
imaginary	NOUN	imaginaire
revue	ADJ	revue
incidentally	ADV	incidemment
imam	NOUN	imam
radioactive	ADJ	radioactifs
consultation	NOUN	consultation
tonga	ADV	tonga
lovely	ADJ	belle
erotic	ADJ	érotisme
manipulation	NOUN	manipuler
belmont	PROPN	belmont
farrell	PROPN	farrell
thickness	NOUN	épaisseur
torch	NOUN	torche
lois	NOUN	loïs
ramos	PROPN	ramos
filter	NOUN	filtres
damon	PROPN	damon
mongolian	PROPN	mongols
premature	ADJ	prématurées
preacher	ADV	prédicateur
rubin	ADJ	rubin
pornographic	VERB	pornographiques
katrina	PROPN	katrina
ambient	NOUN	ambiante
feudal	ADJ	féodal
dare	VERB	oser
insult	NOUN	insulter
diplomacy	NOUN	diplomatie
claudia	NOUN	claudia
neglect	VERB	négligé
literal	VERB	littérale
middleweight	NOUN	middleweight
complain	VERB	plaindre
crush	VERB	broyés
senior	NOUN	aînés
brunei	PROPN	brunei
postpone	VERB	reportée
lower	VERB	abaissée
siberia	PROPN	sibérie
birch	NOUN	bouleau
syndicate	NOUN	syndicat
crowd	NOUN	foules
polite	ADJ	polis
stall	PROPN	décrochage
wire	VERB	câblé
directive	NOUN	directive
theresa	PROPN	theresa
biographer	NOUN	biographe
tissue	NOUN	mouchoirs
benton	PROPN	benton
marijuana	PROPN	marijuana
commemorative	ADJ	commémorative
resemblance	NOUN	ressemblance
gao	VERB	gao
sunday	NOUN	dimanches
lac	PROPN	lac
watkin	VERB	watkin
passionate	VERB	passionnément
waterfall	NOUN	cascade
genealogy	NOUN	généalogie
discourage	VERB	découragés
empirical	ADJ	empiriques
react	VERB	réagis
snyder	NOUN	snyder
psychiatry	NOUN	psychiatrie
prescribe	VERB	prescrits
fairfax	NOUN	fairfax
devastate	VERB	anéanti
confront	NOUN	confronte
testify	VERB	témoigné
route	VERB	routage
exhaust	VERB	échappement
twist	VERB	tordus
vitamin	NOUN	vitamine
alvin	PROPN	alvin
chromosome	VERB	chromosome
weakness	NOUN	faiblesse
nippon	PROPN	nippon
jealous	ADJ	jalouse
brutal	NOUN	brutale
absorption	NOUN	absorption
shaun	VERB	shaun
kung	PROPN	kung
akin	ADV	akin
odi	VERB	odi
butcher	VERB	boucher
lim	PROPN	lim
andersen	VERB	andersen
excavate	VERB	creusé
eligibility	NOUN	admissibilité
weasel	NOUN	fouine
mock	ADJ	moquer
kara	PROPN	kara
atlantis	VERB	atlantide
freak	NOUN	monstre
amtrak	PROPN	amtrak
inclusive	NOUN	inclusif
eliot	PROPN	eliot
unrest	NOUN	troubles
special	NOUN	promotions
speculative	VERB	spéculatifs
mla	NOUN	mla
dismissal	NOUN	licenciements
harmonica	PROPN	harmonica
outlook	NOUN	perspectives
elegant	ADJ	élégantes
mast	NOUN	mât
rest	VERB	reposant
profound	ADJ	profond
mitch	NOUN	mitch
depict	PROPN	dépeindre
abel	PROPN	abel
colonist	NOUN	colons
temperate	NOUN	tempérée
alexa	NOUN	alexa
dar	NOUN	dar
enthusiastic	ADJ	enthousiaste
cromwell	NOUN	cromwell
annoying	ADJ	ennuyeuse
frustration	NOUN	frustré
kathy	PROPN	kathy
kensington	PROPN	kensington
surrounding	NOUN	environs
det	PROPN	det
export	VERB	exportés
texture	NOUN	textures
fancy	ADJ	fantaisiste
tor	NOUN	tor
doris	PROPN	doris
cocaine	NOUN	cocaïne
rite	NOUN	rite
bauer	PROPN	bauer
erich	VERB	erich
spinal	NOUN	vertébrale
ramp	NOUN	rampe
semester	NOUN	semestre
che	PROPN	che
unwilling	ADJ	réticente
prediction	NOUN	prédiction
albuquerque	NOUN	albuquerque
reconciliation	NOUN	rapprochement
freelance	NOUN	indépendant
neuron	NOUN	neurones
retention	NOUN	rétention
cobb	NOUN	cobb
halo	NOUN	halo
grange	NOUN	grange
mendoza	NOUN	mendoza
lip	NOUN	lèvre
speculate	VERB	spéculé
raphael	PROPN	raphaël
sadly	ADV	tristement
lyrical	ADJ	lyrique
gallagher	NOUN	gallagher
amos	PROPN	amos
pitchfork	NOUN	fourche
scarborough	VERB	scarborough
optimization	NOUN	optimisation
aggression	NOUN	agression
contingent	NOUN	contingent
sympathy	NOUN	compassion
lea	PROPN	léa
juliet	PROPN	juliette
paternal	ADJ	paternelle
fresno	NOUN	fresno
clever	ADJ	intelligent
suzanne	PROPN	suzanne
uncover	VERB	découvert
prolong	VERB	prolongée
disappointing	ADJ	décevant
liaison	NOUN	liaison
sunlight	NOUN	ensoleillement
tyrone	NOUN	tyrone
sye	VERB	sye
compress	VERB	compressé
humid	PROPN	humide
gravitational	ADJ	gravitationnelle
tutor	NOUN	tuteur
darlington	PROPN	darlington
tar	NOUN	goudron
ing	PROPN	ing
sar	PROPN	sar
sedan	NOUN	berline
antique	NOUN	antiquités
morale	NOUN	moral
choi	NOUN	choi
surplus	NOUN	excédentaires
furious	ADJ	furieux
buccaneer	NOUN	buccaneer
ghetto	NOUN	ghetto
satire	NOUN	satirique
velvet	NOUN	velours
astronaut	PROPN	astronaute
punt	NOUN	punt
archaeologist	NOUN	archéologues
irwin	PROPN	irwin
pad	NOUN	tampons
autobiographical	ADJ	autobiographique
yukon	NOUN	yukon
instrumentation	NOUN	instrumentation
rockefeller	PROPN	rockefeller
interception	NOUN	interception
toilet	NOUN	toilettes
pol	NOUN	pol
orchard	NOUN	verger
rutherford	NOUN	rutherford
kramer	PROPN	kramer
romney	NOUN	romney
na	NOUN	na
pueblo	ADJ	pueblo
nuremberg	PROPN	nuremberg
flavor	NOUN	saveur
hypothetical	ADJ	hypothétique
finch	NOUN	finch
knot	NOUN	noeuds
divinity	NOUN	divinité
strait	NOUN	détroits
bacterial	ADJ	bactérien
shy	ADJ	timide
sai	PROPN	sai
survey	VERB	enquêté
misuse	NOUN	abus
refine	VERB	raffiné
solitary	ADJ	solitaires
spectral	ADJ	spectrale
desmond	VERB	desmond
odyssey	NOUN	odyssée
phosphate	NOUN	phosphates
imprint	VERB	empreinte
caledonia	PROPN	calédonie
explode	VERB	explosées
portal	VERB	portails
dart	NOUN	fléchettes
cancellation	NOUN	annulations
autism	NOUN	autistes
knoxville	PROPN	knoxville
peacock	NOUN	paon
syllable	PROPN	syllabe
michele	PROPN	michèle
shipbuilde	VERB	navale
sleeve	VERB	manchon
quo	NOUN	quo
theologian	NOUN	théologiens
reign	VERB	régnant
pamela	PROPN	pamela
montevideo	NOUN	montevideo
andrei	ADJ	andreï
stanton	PROPN	stanton
saddle	VERB	selle
disturb	VERB	perturbé
blessing	NOUN	bénédiction
inevitable	ADJ	inévitable
portray	VERB	dépeindre
jasper	NOUN	jasper
eaton	PROPN	eaton
hanson	NOUN	hanson
mcmahon	PROPN	mcmahon
robbin	NOUN	robbin
vine	NOUN	vigne
sparta	PROPN	sparte
espionage	NOUN	espionnage
fifteenth	NOUN	xve
clown	ADP	guignol
paddy	PROPN	paddy
troupe	NOUN	troupe
yankee	PROPN	yankee
vaccine	NOUN	vaccins
welch	PROPN	welch
captivity	NOUN	captivité
replay	VERB	rejouer
boiler	NOUN	chaudière
belly	NOUN	ventre
iphone	NOUN	iphone
competent	ADJ	compétent
nightclub	NOUN	discothèque
symposium	NOUN	colloque
jewel	PROPN	joyau
generous	ADJ	généreuse
entertain	VERB	divertissant
odessa	NOUN	odessa
cockpit	PROPN	cockpit
headline	NOUN	manchette
mail	VERB	mail
hick	NOUN	hick
fiat	PROPN	fiat
alessandro	NOUN	alessandro
alec	NOUN	alec
centre	VERB	centrée
clash	NOUN	heurts
damn	ADV	merde
surveyor	NOUN	géomètre
paterson	NOUN	paterson
yong	PROPN	yong
aristotle	NOUN	aristote
tent	NOUN	tente
atkinson	NOUN	atkinson
mig	ADJ	mig
nun	NOUN	nonnes
rotary	NOUN	rotative
angular	ADJ	angulaires
foley	PROPN	foley
slaughter	NOUN	abattage
switch	NOUN	interrupteurs
distress	VERB	désarroi
ariel	PROPN	ariel
corpse	NOUN	cadavre
peripheral	ADJ	périphérie
accelerate	VERB	accélération
prasad	PROPN	prasad
voluntarily	ADV	volontairement
accord	NOUN	accord
conscience	NOUN	consciences
ass	ADV	cul
daytona	VERB	daytona
accountability	NOUN	responsabilisation
burnett	PROPN	burnett
coconut	NOUN	coco
giorgio	NOUN	giorgio
drill	VERB	forages
anniversary	NOUN	anniversaires
traveler	NOUN	voyageurs
lazy	ADJ	paresseuse
ordinance	NOUN	ordonnance
piston	NOUN	pistons
cody	NOUN	cody
bravo	PROPN	bravo
crete	ADJ	crète
bravery	NOUN	courage
theorist	NOUN	théoriciens
analytical	PROPN	analytiques
metabolism	NOUN	métabolique
provence	NOUN	provence
stud	PROPN	étalon
stratford	NOUN	stratford
bella	PROPN	bella
countless	ADJ	innombrables
posthumous	ADJ	posthume
amir	VERB	émir
morality	NOUN	morale
fife	NOUN	fife
proclamation	NOUN	proclamation
sahara	PROPN	sahara
preside	VERB	présidé
papa	VERB	papa
rus	PROPN	rus
bore	VERB	ennuyeuse
ismail	NOUN	ismail
intercontinental	ADJ	intercontinental
cain	PROPN	caïn
choke	PROPN	étouffer
compass	NOUN	boussole
freeze	VERB	geler
profitable	ADJ	rentable
haifa	PROPN	haïfa
reeve	VERB	reeve
elaine	ADJ	elaine
compton	PROPN	compton
blonde	ADJ	blondes
curtain	NOUN	rideau
deposit	VERB	déposé
royce	NOUN	royce
dispatch	VERB	expédiés
crossing	NOUN	croisements
buckley	PROPN	buckley
golfer	VERB	golfeur
vita	NOUN	vita
mirza	PROPN	mirza
fra	X	fra
termination	NOUN	cessation
blackwell	ADV	blackwell
ciudad	PROPN	ciudad
flexibility	NOUN	flexibilité
arbor	NOUN	arbor
monastic	ADJ	monastique
adjective	ADJ	adjectif
boer	NOUN	boers
wicked	ADJ	méchant
hewitt	PROPN	hewitt
bilingual	ADJ	bilinguisme
constance	NOUN	constance
bleed	VERB	saignement
perez	NOUN	perez
loser	NOUN	perdant
bottle	NOUN	bouteilles
sheila	VERB	sheila
exchange	VERB	échangés
reel	VERB	bobine
bureaucrat	NOUN	bureaucrates
relic	NOUN	reliques
jessie	PROPN	jessie
blunt	NOUN	blunt
olsen	VERB	olsen
sim	VERB	sim
skinner	PROPN	skinner
elm	NOUN	elm
resonance	NOUN	résonance
kurdistan	PROPN	kurdistan
coffin	NOUN	cercueil
sight	NOUN	curiosités
italian	NOUN	italiens
recipe	NOUN	recette
greenhouse	NOUN	serre
automation	NOUN	automatisation
cascade	NOUN	cascade
forge	NOUN	forger
aquarium	NOUN	aquarium
romero	PROPN	romero
tsar	VERB	tsar
disciple	NOUN	disciple
specialise	VERB	spécialisé
cutter	NOUN	cutter
scream	VERB	crier
pavel	NOUN	pavel
ratify	VERB	ratifiées
garner	NOUN	garner
ande	VERB	ande
shareholder	NOUN	actionnaires
evergreen	NOUN	evergreen
killers	PROPN	tueurs
meteorological	ADJ	météorologique
digest	PROPN	digérer
handle	NOUN	poignées
mclaren	NOUN	mclaren
subscriber	NOUN	souscripteurs
sparrow	VERB	moineau
marin	NOUN	marin
shankar	PROPN	shankar
mat	NOUN	paillasson
wally	ADV	wally
snowman	NOUN	bonhomme
crusader	NOUN	croisés
underworld	NOUN	enfers
headmaster	NOUN	proviseur
ravi	NOUN	ravi
cheltenham	PROPN	cheltenham
tune	VERB	réglage
insult	VERB	insulter
creed	NOUN	croyance
mona	PROPN	mona
reorganization	NOUN	redressement
stockton	PROPN	stockton
accessory	NOUN	accessoire
programmer	NOUN	programmeurs
swami	PROPN	swami
torpedo	VERB	torpilles
motif	NOUN	motif
cortex	NOUN	cortex
epidemic	NOUN	épidémie
ambrose	VERB	ambrose
courtney	NOUN	courtney
edo	PROPN	edo
mustafa	PROPN	mustapha
shrub	PROPN	arbuste
germain	VERB	germain
whale	NOUN	baleines
crossroad	NOUN	carrefour
willem	PROPN	willem
telecom	NOUN	télécom
goldman	NOUN	goldman
brigg	NOUN	brigg
alonso	PROPN	alonso
sumatra	PROPN	sumatra
anchor	VERB	ancrée
kapoor	NOUN	kapoor
boycott	NOUN	boycottage
consulate	NOUN	consulats
banjo	NOUN	banjo
pork	NOUN	porc
arise	VERB	surgit
kazan	PROPN	kazan
surpass	VERB	surpassé
inverse	NOUN	inversé
reddy	NOUN	reddy
colonization	NOUN	colonisation
assure	VERB	assurée
oblige	VERB	obligée
eruption	NOUN	éruption
friedman	NOUN	friedman
ideally	ADV	idéalement
exit	VERB	sorties
keller	PROPN	keller
remark	NOUN	remarque
horrible	ADJ	affreux
pasadena	NOUN	pasadena
scan	VERB	scanné
benin	NOUN	bénin
ecosystem	NOUN	écosystèmes
portray	NOUN	dépeint
joanna	PROPN	joanna
usda	NOUN	usda
graffiti	PROPN	graffitis
mystic	ADJ	mystique
obstacle	NOUN	entraves
fda	PROPN	fda
bing	VERB	bing
ant	NOUN	fourmis
reddish	PROPN	rougeâtre
barlow	VERB	barlow
lend	VERB	carême
deed	NOUN	actes
doe	NOUN	biche
horton	PROPN	horton
brasil	NOUN	brasil
cannabis	NOUN	cannabis
soloist	PROPN	soliste
repetition	NOUN	répétition
verona	NOUN	vérone
armenian	NOUN	arméniens
coupe	PROPN	coupé
wit	NOUN	wit
chrysler	PROPN	chrysler
hobby	PROPN	loisir
jaime	NOUN	jaime
merlin	NOUN	merlin
wight	NOUN	wight
crop	VERB	recadrée
lama	PROPN	lama
connector	NOUN	connecteurs
mccain	PROPN	mccain
magician	PROPN	magiciens
guangdong	PROPN	guangdong
wizard	NOUN	sorciers
mediator	NOUN	médiateur
burger	NOUN	hamburger
bernardino	NOUN	bernardino
catalyst	NOUN	catalyseur
glacial	ADJ	glaciaires
rhodesia	PROPN	rhodésie
gossip	NOUN	ragots
metropolis	VERB	métropole
beatrice	NOUN	béatrice
undercover	ADJ	infiltré
authoritative	NOUN	autoritaire
naturalist	NOUN	naturaliste
glider	NOUN	planeur
illegitimate	VERB	illégitimes
xxx	PROPN	xxx
disciplinary	ADJ	disciplinaire
internally	ADV	interne
arithmetic	ADJ	arithmétique
spokane	VERB	spokane
sami	PROPN	samis
earning	NOUN	gains
program	VERB	programmées
aba	PROPN	aba
overthrow	VERB	renverser
allah	PROPN	allah
rancho	NOUN	rancho
dump	VERB	dépotoir
merchandise	NOUN	marchandise
patch	NOUN	correctifs
humble	ADJ	humblement
shelby	PROPN	shelby
avery	NOUN	avery
panchayat	PROPN	panchayat
padre	NOUN	padre
reward	VERB	récompensée
hurdle	NOUN	haies
versaille	NOUN	versaille
happily	ADV	joyeusement
dungeon	NOUN	donjons
seville	NOUN	séville
systemic	ADJ	systémique
daly	ADJ	daly
haitian	PROPN	haïtienne
patent	VERB	breveté
stellar	ADJ	stellaire
med	VERB	med
san	NOUN	san
convince	NOUN	convainc
porsche	NOUN	porsche
buckingham	PROPN	buckingham
wilde	VERB	wilde
immense	ADJ	immenses
rot	VERB	pourrir
hungry	ADJ	faim
sgt	NOUN	sgt
waterfront	NOUN	quais
celestial	NOUN	célestes
levine	NOUN	levine
combatant	NOUN	combattant
nicola	PROPN	nicola
minh	NOUN	minh
exceptionally	ADV	exceptionnellement
sheldon	PROPN	sheldon
giro	PROPN	giro
hee	PROPN	hee
poe	PROPN	poe
inauguration	NOUN	investiture
needle	VERB	aiguille
courier	NOUN	courrier
spur	VERB	stimulé
exodus	NOUN	exode
quad	NOUN	quad
climax	PROPN	apogée
potassium	NOUN	potassium
ascent	NOUN	ascension
volkswagen	PROPN	volkswagen
lydia	VERB	lydia
connell	VERB	connell
lattice	NOUN	treillis
godfrey	NOUN	godfrey
rossi	PROPN	rossi
gonzalez	VERB	gonzalez
prospect	NOUN	perspectives
hymn	NOUN	hymnes
admire	VERB	admiré
orion	NOUN	orion
pledge	VERB	promesse
blacklist	NOUN	blacklist
monitor	NOUN	moniteurs
shit	VERB	merde
undergone	ADJ	subie
garfield	VERB	garfield
vishnu	ADJ	vishnu
f	ADJ	f
overhaul	NOUN	refonte
flaw	VERB	imparfaite
cynthia	NOUN	cynthia
degradation	NOUN	dégradation
pray	VERB	priez
tex	PROPN	tex
abe	ADJ	abe
pam	NOUN	pam
artery	NOUN	artère
appalachian	PROPN	appalaches
plagiarism	NOUN	plagiat
leopard	NOUN	léopard
sensory	NOUN	sensorielles
bunker	PROPN	bunker
spherical	ADJ	sphériques
regret	PROPN	regrette
ulrich	PROPN	ulrich
vicker	NOUN	vicker
supermarket	NOUN	supermarché
customary	ADJ	coutumier
malone	NOUN	malone
elder	NOUN	aînés
tornado	NOUN	tornades
corey	PROPN	corey
charm	NOUN	charme
petrol	NOUN	essence
buffer	VERB	tampon
melt	VERB	fusion
sensation	NOUN	sensations
caraca	NOUN	caraca
vernacular	ADJ	vernaculaire
regimental	ADJ	régiment
psychic	ADJ	voyante
denny	NOUN	denny
fatality	NOUN	décès
zach	VERB	zach
burgundy	NOUN	bourgogne
exemption	NOUN	dérogation
simultaneous	ADJ	simultané
unite	VERB	unir
eager	ADJ	impatient
rothschild	VERB	rothschild
booker	NOUN	booker
calais	PROPN	calais
hint	NOUN	indice
punish	VERB	punis
cry	VERB	pleurer
bunny	NOUN	lapin
libel	NOUN	calomnie
antioch	PROPN	antioche
castillo	PROPN	castillo
palestinians	PROPN	palestinien
backward	ADV	arriéré
ambiguity	NOUN	ambiguïté
approximation	NOUN	rapprochement
grocery	NOUN	épicerie
harley	NOUN	harley
diminish	VERB	diminué
bald	ADJ	calvitie
seminar	NOUN	séminaires
rudolph	VERB	rodolphe
vijay	NOUN	vijay
wagon	NOUN	wagon
devastating	ADJ	dévastateur
tallinn	NOUN	tallinn
nasty	ADJ	méchant
pant	NOUN	pantalon
analyze	VERB	analysé
apocalypse	NOUN	apocalyptique
grief	NOUN	deuil
disperse	VERB	dispersés
hydro	NOUN	hydraulique
staircase	VERB	escalier
bernstein	NOUN	bernstein
bundle	NOUN	paquet
commencement	NOUN	commencement
prospective	ADJ	prospectif
moose	NOUN	élans
mina	NOUN	mina
melodic	ADJ	mélodique
null	NOUN	nul
tsunami	PROPN	tsunamis
protest	VERB	protesté
valve	NOUN	vannes
bar	VERB	barré
ruiz	NOUN	ruiz
rpg	VERB	roquette
hillary	PROPN	hillary
spun	PROPN	filé
erin	ADJ	erin
balkan	NOUN	balkan
yiddish	ADJ	yiddish
entrepreneur	NOUN	entrepreneur
crimean	PROPN	crimée
bratislava	PROPN	bratislava
mushroom	NOUN	champignons
mosque	VERB	mosquées
humidity	NOUN	humidité
alicia	PROPN	alicia
emilio	NOUN	emilio
dixie	PROPN	dixie
len	PROPN	len
gradual	ADJ	progressif
trash	NOUN	corbeille
litre	NOUN	litre
pond	VERB	bassins
reject	NOUN	rejetés
cart	NOUN	chariot
russ	NOUN	russ
stationary	PROPN	stationnaires
toni	ADV	toni
larsen	PROPN	larsen
orchestra	NOUN	orchestres
plato	PROPN	platon
auf	PROPN	auf
interfere	VERB	interfèrent
punctuation	NOUN	ponctuation
clair	PROPN	clair
collingwood	PROPN	collingwood
gradient	NOUN	dégradé
gregg	NOUN	gregg
philip	NOUN	philip
megan	VERB	megan
quiz	NOUN	questionnaire
alteration	NOUN	altérations
howell	NOUN	howell
hospitality	NOUN	hospitalité
intellectual	NOUN	intellectuels
cod	VERB	morue
wind	VERB	enroulement
estuary	VERB	estuaire
discount	NOUN	escompte
axle	NOUN	essieu
chun	PROPN	chun
painful	ADJ	douloureuse
amelia	NOUN	amélie
hussain	ADV	hussain
provost	NOUN	provost
luca	PROPN	luca
umpire	NOUN	arbitre
ngo	PROPN	ong
podium	VERB	estrade
quentin	PROPN	quentin
jakob	PROPN	jakob
pneumonia	NOUN	pneumonie
ethan	PROPN	ethan
eliza	VERB	eliza
deficiency	NOUN	carence
coherent	NOUN	cohérents
rudy	NOUN	rudy
woodward	PROPN	woodward
julien	PROPN	julien
therapeutic	ADJ	thérapeutiques
spill	NOUN	déversement
chloride	PROPN	chlorures
confront	PROPN	confronter
vanguard	PROPN	vanguard
vendor	NOUN	vendeurs
baptism	NOUN	baptême
valle	PROPN	valle
bonn	VERB	bonn
claus	NOUN	claus
mono	PROPN	mono
penal	ADJ	pénale
eurasian	PROPN	eurasienne
ramon	NOUN	ramon
maxim	NOUN	maxime
zion	NOUN	sion
alfredo	PROPN	alfredo
policeman	NOUN	gendarme
ceramic	NOUN	céramique
african	NOUN	africains
embrace	VERB	étreinte
bliss	VERB	félicité
wonder	NOUN	merveilles
universally	ADV	universellement
playhouse	NOUN	playhouse
goldberg	PROPN	goldberg
guadalajara	PROPN	guadalajara
archaic	ADJ	archaïques
terminal	NOUN	terminaux
pedal	NOUN	pédale
wen	PROPN	wen
immortal	ADJ	immortelle
rapper	NOUN	rappeurs
depose	VERB	destitué
recycle	VERB	recyclage
intentional	ADJ	intentionnellement
bei	PROPN	bei
fisherman	NOUN	pêcheurs
alloy	NOUN	alliage
lan	PROPN	lan
stevie	VERB	stevie
marne	VERB	marne
spine	VERB	épine
maximilian	PROPN	maximilien
gala	NOUN	gala
glucose	NOUN	glucose
awesome	ADJ	impressionnant
migrant	NOUN	immigrés
quaker	NOUN	quaker
zionist	PROPN	sioniste
palazzo	NOUN	palazzo
dope	VERB	dopage
ramsay	VERB	ramsay
ministerial	ADJ	ministérielle
blanche	NOUN	blanche
moran	PROPN	moran
crab	NOUN	crabes
butt	NOUN	fesse
electrify	VERB	électrifiée
burt	VERB	burt
ambush	NOUN	embuscade
equatorial	NOUN	équatoriale
moderately	ADV	moyennement
minor	NOUN	mineures
conflict	VERB	contradictoire
herd	NOUN	troupeau
luc	VERB	luc
serb	VERB	serbe
shea	PROPN	karité
colly	ADJ	colly
nickelodeon	NOUN	nickelodeon
apostle	NOUN	apôtres
sherwood	NOUN	sherwood
oceanic	NOUN	océanique
potomac	PROPN	potomac
conversely	ADV	inversement
shootout	VERB	fusillade
eton	PROPN	eton
loc	NOUN	loc
blanket	VERB	couverture
schooner	NOUN	goélette
lbs	PROPN	lbs
disguise	VERB	déguiser
brenda	PROPN	brenda
nora	PROPN	nora
connie	PROPN	connie
como	PROPN	côme
hayden	VERB	hayden
wehrmacht	PROPN	wehrmacht
warbler	PROPN	paruline
toe	NOUN	tep
ditch	NOUN	fossé
polymer	NOUN	polymères
yorker	PROPN	yorker
thanksgive	VERB	thanksgive
transverse	VERB	transversal
houghton	PROPN	houghton
neutron	NOUN	neutrons
mythological	ADJ	mythologique
cho	VERB	cho
locke	NOUN	locke
leafs	NOUN	leafs
piracy	NOUN	piratage
compliant	VERB	conformes
fulham	PROPN	fulham
superstar	PROPN	superstar
perimeter	NOUN	périmètre
hmm	INTJ	humm
franciscan	PROPN	franciscain
detector	NOUN	détecteur
bethlehem	PROPN	bethléem
wharf	NOUN	quai
carmel	PROPN	carmel
medication	NOUN	médication
auguste	VERB	auguste
bali	PROPN	bali
rift	VERB	rift
henrik	NOUN	henrik
mitsubishi	PROPN	mitsubishi
leak	NOUN	fuite
bisexual	PROPN	bisexuels
sichuan	PROPN	sichuan
sincerely	ADV	sincèrement
kendall	NOUN	kendall
countdown	NOUN	rebours
supplier	NOUN	fournisseurs
plea	NOUN	plaidoyer
affinity	NOUN	affinité
het	NOUN	het
fine	VERB	amendes
marketplace	NOUN	marketplace
kit	NOUN	trousses
lamp	NOUN	lampes
boyer	NOUN	boyer
expulsion	NOUN	expulsions
favourable	ADJ	favorable
biologist	NOUN	biologiste
debbie	PROPN	debbie
stephenson	NOUN	stephenson
tanker	NOUN	pétrolier
domination	NOUN	dominer
herre	VERB	hareng
disrupt	VERB	perturber
steward	ADV	intendant
jacqueline	PROPN	jacqueline
cindy	VERB	cindy
restructure	VERB	restructurations
philipp	NOUN	philipp
convergence	NOUN	convergence
prophecy	NOUN	prophétie
will	NOUN	testaments
sanitation	NOUN	hygiène
torture	VERB	torturé
ankle	NOUN	cheville
backlog	NOUN	arriéré
coil	NOUN	bobine
demos	PROPN	démonstrations
livery	NOUN	livrée
coefficient	VERB	coefficient
sentinel	PROPN	sentinelle
alphabetical	ADJ	alphabétique
ponce	NOUN	ponce
wilke	NOUN	wilke
vogue	NOUN	vogue
leak	VERB	divulgué
soyuz	PROPN	soyouz
milestone	NOUN	jalon
shade	VERB	nuances
deed	VERB	acte
freud	NOUN	freud
campo	VERB	campo
rodrigo	X	rodrigo
redesign	VERB	remanié
gwen	NOUN	gwen
masonic	VERB	maçonnique
summarize	VERB	résumer
monterey	NOUN	monterey
denise	VERB	denise
zoe	VERB	zoé
graf	NOUN	graf
dev	NOUN	dev
fertility	NOUN	fertilité
carla	PROPN	carla
plead	VERB	supplié
ventura	PROPN	ventura
culminate	VERB	culminé
wat	VERB	wat
prima	NOUN	prima
serpent	NOUN	serpent
fix	NOUN	correctifs
viaduct	NOUN	viaduc
christoph	PROPN	christoph
grenade	VERB	grenades
satan	PROPN	satan
earl	NOUN	comtes
christi	PROPN	christi
flux	NOUN	flux
invader	NOUN	envahisseurs
nail	NOUN	ongles
modular	ADJ	modulables
squirrel	NOUN	écureuil
sloan	VERB	sloan
ballroom	NOUN	ballroom
vida	NOUN	vida
tablet	NOUN	tablettes
martin	NOUN	martin
neon	NOUN	néon
tail	NOUN	queue
lamar	PROPN	lamar
thessaloniki	PROPN	salonique
dictatorship	NOUN	dictatures
sperm	NOUN	semence
differentiate	VERB	différencier
conjecture	NOUN	conjectures
taft	NOUN	taft
mckay	VERB	mckay
melville	X	melville
kris	PROPN	kris
mate	VERB	accouplement
ridge	VERB	crêtes
tabloid	VERB	tabloïd
decrease	NOUN	baisses
descend	VERB	décroissant
polk	VERB	polk
hara	PROPN	hara
otis	NOUN	otis
milano	ADV	milan
nikki	PROPN	nikki
pearce	NOUN	pearce
proton	NOUN	protons
rainy	ADJ	pluvieux
clarkson	PROPN	clarkson
border	VERB	limitrophe
hostility	NOUN	hostilités
awakening	NOUN	éveiller
sherlock	NOUN	sherlock
tyson	NOUN	tyson
vengeance	NOUN	vengeance
doi	PROPN	doi
pont	NOUN	pont
bowman	PROPN	bowman
sack	VERB	sack
leroy	VERB	leroy
elk	PROPN	élans
applicant	NOUN	candidats
mister	PROPN	monsieur
hamas	PROPN	hamas
khmer	PROPN	khmers
fascism	NOUN	fascisme
reproduce	VERB	reproduire
costly	ADJ	coûteux
malaya	NOUN	malaisie
gerhard	ADV	gerhard
flag	VERB	signalé
urgent	ADJ	urgents
cerebral	PROPN	cérébral
typo	PROPN	coquille
colorful	ADJ	coloré
deception	NOUN	tromperie
mariana	PROPN	mariana
hooker	NOUN	pute
akron	PROPN	akron
crimea	PROPN	crimée
neolithic	ADJ	néolithique
narrate	VERB	rapporté
viva	X	viva
feasible	ADJ	faisable
awful	ADJ	affreux
engrave	VERB	gravée
coke	PROPN	cocaïne
conquer	NOUN	vaincre
introductory	VERB	introductif
hazardous	ADJ	dangereux
hume	PROPN	hume
disuse	VERB	désaffectée
periodically	ADV	périodiquement
ferry	NOUN	bacs
scrap	NOUN	débris
dock	NOUN	quais
shale	NOUN	schistes
whistle	PROPN	siffle
isa	PROPN	isa
sm	NOUN	textos
jaguar	VERB	jaguar
hazel	ADJ	noisette
shu	NOUN	shu
vaudeville	PROPN	vaudeville
willard	PROPN	willard
boca	PROPN	boca
uni	ADV	uni
nagoya	PROPN	nagoya
ransom	VERB	rançon
curiosity	NOUN	curiosité
disqualify	VERB	disqualifié
emerald	PROPN	émeraude
shear	NOUN	tondre
nokia	NOUN	nokia
pereira	PROPN	pereira
chalk	VERB	craie
pest	NOUN	ravageurs
steamer	NOUN	paquebot
illegally	ADV	illégalement
guillaume	VERB	guillaume
decimal	PROPN	décimale
ascension	NOUN	ascension
technician	PROPN	technicien
waste	VERB	gâché
melanie	PROPN	mélanie
mutiny	PROPN	mutinerie
hind	VERB	hind
opening	NOUN	ouvertures
michael	NOUN	michael
che	VERB	che
defect	NOUN	défauts
capsule	PROPN	gélules
buyer	NOUN	acheteurs
gomez	NOUN	gomez
disciple	ADV	disciple
jar	VERB	jar
apostle	VERB	apôtres
gan	PROPN	gan
acquit	VERB	acquitté
magna	VERB	magna
nan	PROPN	nan
preface	NOUN	préface
ensign	VERB	enseigne
dracula	PROPN	dracula
mandolin	PROPN	mandoline
patton	PROPN	patton
naomi	NOUN	naomi
unmarried	ADJ	célibataire
snooker	PROPN	billard
lena	NOUN	lena
annexation	NOUN	annexion
yen	NOUN	yens
dull	ADJ	terne
concession	NOUN	concession
valerie	PROPN	valérie
amiga	NOUN	amiga
purge	NOUN	purger
algae	NOUN	algues
sinatra	NOUN	sinatra
disastrous	ADJ	désastreuse
pathology	NOUN	pathologies
airlift	NOUN	airlift
blanco	PROPN	blanco
rory	NOUN	rory
handsome	ADJ	beau
dvds	NOUN	dvd
kabul	PROPN	kaboul
rip	VERB	déchiré
brigham	PROPN	brigham
ginger	NOUN	gingembre
bangor	VERB	bangor
register	NOUN	registres
pembroke	VERB	pembroke
diagram	NOUN	diagrammes
disappointment	NOUN	déception
champ	NOUN	championne
indy	ADJ	indy
nicely	ADV	joliment
unexpectedly	ADV	inopinément
uncomfortable	ADJ	inconfortable
kahn	PROPN	kahn
postage	NOUN	affranchissement
equal	VERB	égale
obsess	VERB	obsédé
veracruz	VERB	veracruz
tunisian	ADJ	tunisiens
relocation	NOUN	déménagement
squad	NOUN	escadrons
colon	NOUN	côlon
fist	NOUN	poing
guillermo	PROPN	guillermo
avalanche	PROPN	avalanches
unpopular	ADJ	impopulaire
dicken	VERB	dicken
deport	VERB	déportés
asa	PROPN	asa
fulfil	VERB	satisfaites
retaliation	NOUN	représailles
miner	PROPN	mineur
lol	NOUN	mdr
ground	VERB	punie
yin	NOUN	yin
segregation	NOUN	ségrégation
substitution	NOUN	substitutions
kelley	NOUN	kelley
incidence	NOUN	incidence
kinetic	PROPN	cinétique
bernhard	PROPN	bernhard
skeptical	ADJ	sceptiques
hereford	PROPN	hereford
zheng	PROPN	zheng
nairobi	PROPN	nairobi
sinai	VERB	sinaï
gypsy	ADJ	tsigane
falsely	ADV	faussement
optic	NOUN	optique
tanner	NOUN	tanner
hitchcock	NOUN	hitchcock
manifold	VERB	collecteur
moe	NOUN	moe
dependence	NOUN	dépendance
pixel	VERB	pixel
yve	NOUN	yve
prefer	NOUN	préfère
xiao	PROPN	xiao
denounce	VERB	dénoncées
gymnast	NOUN	gymnaste
mop	VERB	serpillière
helm	PROPN	gouvernail
eduard	VERB	edouard
bis	PROPN	bis
vie	VERB	vie
pilgrim	VERB	pèlerins
merrill	NOUN	merrill
bail	VERB	caution
rigorous	ADJ	rigoureuse
sha	PROPN	sha
gem	NOUN	gemme
circulate	VERB	circulé
saul	PROPN	saul
duffy	PROPN	duffy
fashion	VERB	façonné
hyun	NOUN	hyun
offend	VERB	vexée
rockie	NOUN	rocheuses
waltz	NOUN	valse
medicinal	ADJ	médicinaux
epa	PROPN	ape
ambition	NOUN	ambitions
pardon	PROPN	pardonnez
linguist	PROPN	linguiste
camille	PROPN	camille
uninhabited	ADJ	inhabitée
beverage	NOUN	boissons
vila	PROPN	vila
tandem	PROPN	tandem
brown	VERB	brown
muse	NOUN	muse
antigua	PROPN	antigua
isis	NOUN	isis
simplicity	NOUN	simplicité
fluent	ADJ	couramment
swindon	PROPN	swindon
padma	NOUN	padma
theoretically	ADV	théoriquement
bankrupt	ADJ	faillite
mask	VERB	masquée
poole	PROPN	poole
maud	X	maud
mohan	NOUN	mohan
ritchie	VERB	ritchie
insurgency	NOUN	insurrection
moisture	NOUN	hydratation
correctional	ADJ	correctionnel
mckenzie	NOUN	mckenzie
sermon	PROPN	sermon
venom	PROPN	venin
tha	PROPN	tha
elton	PROPN	elton
capitalist	NOUN	capitaliste
dominique	NOUN	dominique
priesthood	NOUN	sacerdoce
geologist	NOUN	géologue
vein	VERB	veines
organizer	NOUN	organisateur
galloway	NOUN	galloway
referee	NOUN	arbitres
patel	PROPN	patel
tripoli	PROPN	tripoli
protect	NOUN	protège
cantonese	NOUN	cantonais
sulfur	NOUN	soufre
eccentric	ADJ	excentrique
vivian	PROPN	viviane
pak	PROPN	pak
fatty	PROPN	grasse
feng	PROPN	feng
expiry	NOUN	expiration
protectorate	NOUN	protectorat
othman	NOUN	othman
tobias	VERB	tobias
adaptive	ADJ	adaptable
federico	NOUN	federico
nike	ADJ	nike
emanuel	VERB	emanuel
manner	NOUN	manières
tuscany	NOUN	toscane
documenting	NOUN	documenter
tao	PROPN	tao
scripture	NOUN	ecriture
rusty	PROPN	rouillée
shout	VERB	crier
stronghold	VERB	bastion
spray	VERB	pulvérisation
root	VERB	enracinée
pixel	PROPN	pixels
ornamental	ADJ	ornement
intercept	VERB	intercepté
sun	NOUN	soleils
webber	NOUN	webber
cis	NOUN	sic
josephine	PROPN	joséphine
preach	VERB	prêcher
distortion	NOUN	déformation
hail	NOUN	grêle
culturally	ADV	culturellement
paradigm	PROPN	paradigme
dewey	PROPN	dewey
paranormal	NOUN	paranormal
compatibility	NOUN	compatibilité
atoll	NOUN	atoll
mythical	ADJ	mythiques
rufus	PROPN	rufus
atheist	PROPN	athée
mis	PROPN	mis
booklet	PROPN	livret
notoriety	NOUN	notoriété
ortiz	ADV	ortiz
lever	NOUN	levier
doo	VERB	doo
exploit	PROPN	exploiter
choreography	NOUN	chorégraphe
saloon	ADV	saloon
sabbath	NOUN	sabbat
zeppelin	PUNCT	zeppelin
bernardo	NOUN	bernardo
mystical	ADJ	mystique
fundamentally	ADV	foncièrement
metaphor	NOUN	métaphore
chesapeake	VERB	chesapeake
faa	PUNCT	faa
salvage	NOUN	récupération
oasis	NOUN	oasis
sufi	NOUN	soufi
stefano	PROPN	stefano
galaxy	NOUN	galaxy
anchorage	NOUN	ancrage
remind	VERB	rappelé
sexy	ADJ	sexy
parenthese	VERB	parenthèses
hutton	PROPN	hutton
lai	PROPN	lai
treat	NOUN	friandises
rink	VERB	patinoire
arid	PROPN	arides
hail	VERB	salué
stony	PROPN	stony
flourish	VERB	prospéré
vampire	NOUN	vampire
gum	NOUN	gomme
bartlett	PROPN	bartlett
harmonic	ADJ	harmonique
psychiatrist	NOUN	psychiatre
guido	NOUN	guido
qin	NOUN	qin
ethel	NOUN	ethel
cavity	NOUN	cavité
aziz	PROPN	aziz
forgive	VERB	pardonnez
sardinia	NOUN	sardaigne
transylvania	NOUN	transylvanie
dai	PROPN	dai
reggie	NOUN	reggie
repetitive	ADV	répétitive
dismantle	VERB	démantelées
roc	PROPN	roc
fam	PROPN	fam
moine	NOUN	moine
reassign	VERB	réaffecté
kindly	ADV	gentiment
sniper	NOUN	snipers
pod	PROPN	cosse
kin	PROPN	kin
obsession	NOUN	obsession
ezra	VERB	ezra
ninety	NUM	ninety
gertrude	VERB	gertrude
guthrie	PROPN	guthrie
lola	PROPN	lola
anthropologist	NOUN	anthropologue
goodwin	NOUN	goodwin
mutually	ADV	mutuellement
harrington	PROPN	harrington
parkinson	NOUN	parkinson
hormone	NOUN	hormonaux
audrey	NOUN	audrey
gut	NOUN	intestin
archer	NOUN	archer
drummond	NOUN	drummond
goalie	VERB	goal
digitally	ADV	numériquement
misconduct	NOUN	inconduite
mammal	ADJ	mammifère
knowle	VERB	knowle
spotlight	NOUN	projecteur
seldom	ADV	rarement
spice	VERB	épices
fitzroy	NOUN	fitzroy
cougar	NOUN	cougar
harald	PROPN	harald
genetically	ADV	génétiquement
rotor	NOUN	rotor
mas	PROPN	mas
split	NOUN	scissions
peabody	ADJ	peabody
encouragement	NOUN	encourager
instability	NOUN	instabilité
draft	NOUN	brouillons
multinational	ADJ	multinationale
sylvester	NOUN	sylvestre
mil	PROPN	mil
claudio	NOUN	claudio
toma	NOUN	toma
napier	NOUN	napier
lucius	PROPN	lucius
vargas	NOUN	vargas
graze	VERB	pâturage
dictator	NOUN	dictateur
enthusiast	NOUN	enthousiastes
efficiently	ADV	efficacement
negatively	ADV	négativement
ame	NOUN	ame
unavailable	ADJ	indisponible
precedence	NOUN	primauté
costello	PROPN	costello
libre	NOUN	libre
frederic	PROPN	frédéric
offender	NOUN	délinquants
psi	PROPN	isp
nil	NOUN	néant
stalk	VERB	traquer
cigarette	NOUN	clope
stamford	PROPN	stamford
upgrade	NOUN	améliorations
snap	VERB	claquement
dune	NOUN	dune
griffith	NOUN	griffith
chick	NOUN	poussin
initiation	NOUN	initiation
ballistic	ADJ	balistique
appeal	VERB	attrayant
roche	VERB	roche
satisfy	VERB	satisfaisante
attic	NOUN	grenier
ala	VERB	ala
matthia	NOUN	matthia
chesterfield	VERB	chesterfield
disturbance	NOUN	perturbations
besiege	VERB	assiégée
tau	ADV	tau
lauderdale	PROPN	lauderdale
sawyer	PROPN	sawyer
tacoma	PROPN	tacoma
holloway	VERB	holloway
maldive	NOUN	maldive
langley	PROPN	langley
barnett	PROPN	barnett
lightly	ADV	légèrement
cassidy	NOUN	cassidy
jaguar	NOUN	jaguar
dart	PROPN	fléchettes
boil	VERB	bouillante
cullen	VERB	cullen
insertion	NOUN	insertion
macintosh	ADV	macintosh
lille	PROPN	lille
pack	NOUN	pack
glover	ADJ	glover
millionaire	NOUN	millionnaire
synonymous	ADJ	synonyme
dion	NOUN	dion
urine	NOUN	urines
sicilian	PROPN	sicilien
influx	NOUN	afflux
pet	NOUN	animaux
noticeable	ADJ	notable
beckett	PROPN	beckett
fukuoka	ADV	fukuoka
nanjing	PROPN	nankin
wes	NOUN	wes
mal	PROPN	lta
stripe	VERB	rayé
envelope	NOUN	enveloppe
rosenberg	PROPN	rosenberg
faber	NOUN	faber
neptune	NOUN	neptune
barr	PROPN	barr
forge	VERB	contrefait
nero	NOUN	néron
cecilia	NOUN	cecilia
edible	ADJ	comestibles
dice	NOUN	dés
breeder	NOUN	reproducteurs
skier	PRON	skieur
mausoleum	NOUN	mausolée
monty	ADJ	monty
reelection	NOUN	réélection
yearbook	NOUN	annuaire
shaft	NOUN	puits
santana	PROPN	santana
swallow	VERB	avaler
clint	NOUN	clint
transcript	NOUN	transcription
malaria	NOUN	paludisme
staple	NOUN	discontinues
fender	NOUN	accrochage
trait	NOUN	trait
lange	VERB	lange
outdate	VERB	obsolète
contamination	NOUN	contamination
gille	NOUN	gille
tow	VERB	remorquage
axel	PROPN	axel
tattoo	ADV	tatouage
siena	NOUN	sienne
depress	VERB	dépressif
cass	NOUN	cass
rowland	PROPN	rowland
lund	NOUN	lund
hearing	NOUN	auditions
rosemary	PROPN	romarin
parrot	ADV	perroquet
lindsey	NOUN	lindsey
kemp	PROPN	kemp
ryder	NOUN	ryder
blaze	VERB	brasier
furnace	NOUN	four
sergey	PROPN	sergueï
phelp	NOUN	phelp
dickson	PROPN	dickson
pretend	VERB	prétendre
enclosure	NOUN	boîtier
analogue	NOUN	analogiques
legitimacy	PROPN	légitimité
recession	NOUN	récession
affection	NOUN	affection
ska	PROPN	ska
aesthetic	NOUN	esthétique
hayward	PROPN	hayward
aol	PROPN	aol
tito	PROPN	tito
djs	PROPN	djs
mag	PROPN	mag
perpetual	ADJ	perpétuelle
swap	VERB	échange
adjustment	NOUN	ajustements
bertrand	ADV	bertrand
navigate	VERB	naviguer
fair	NOUN	salons
mourn	VERB	deuil
mount	NOUN	montures
steiner	PROPN	steiner
fanny	NOUN	fanny
draper	VERB	draper
spartan	NOUN	spartiates
sear	NOUN	sear
lal	PROPN	lal
lex	PROPN	lex
stimulus	NOUN	stimulation
cabaret	VERB	cabaret
confiscate	VERB	confisquer
canopy	PROPN	canopée
invert	VERB	inversés
graeme	PROPN	graeme
titanic	ADJ	titanic
gaston	PROPN	gaston
wonderland	VERB	wonderland
spontaneous	ADJ	spontané
warrant	VERB	justifié
spirituality	NOUN	spiritualité
dharma	PROPN	dharma
ying	NOUN	ying
propagation	NOUN	propagation
gesture	VERB	geste
kaman	NOUN	kaman
scandinavia	PROPN	scandinavie
bonaparte	NOUN	bonaparte
undoubtedly	ADV	indubitablement
knowledgeable	ADJ	connaisseur
reconsider	NOUN	reconsidérer
magnum	PROPN	magnum
richter	PROPN	richter
parry	VERB	parry
miriam	NOUN	myriam
harmless	ADJ	inoffensif
mart	PROPN	mart
fumble	ADJ	fumble
gettysburg	NOUN	gettysburg
bey	VERB	bey
cylindrical	ADJ	cylindrique
tiffany	PROPN	tiffany
physiological	ADJ	physiologique
safari	PROPN	safaris
centimeter	NOUN	centimètres
fault	NOUN	failles
proliferation	NOUN	prolifération
malicious	ADJ	malveillants
farmhouse	NOUN	ferme
input	VERB	intrants
abdomen	PROPN	abdominale
discard	VERB	rejetées
impulse	PROPN	impulsif
stricken	VERB	accablé
crowley	NOUN	crowley
jiang	PROPN	jiang
vineyard	NOUN	vignobles
yield	VERB	cédé
kobe	VERB	kobe
louisa	NOUN	louisa
texan	NOUN	texan
orthodoxy	PROPN	orthodoxie
dirk	PROPN	dirk
chattanooga	NOUN	chattanooga
creole	NOUN	créole
garry	VERB	garry
bloomberg	PROPN	bloomberg
fuji	PROPN	fuji
cumming	VERB	cumming
gothenburg	PROPN	göteborg
pamphlet	NOUN	dépliant
patty	PROPN	patty
stiff	ADJ	raide
scheduling	NOUN	ordonnancement
cheek	VERB	fesse
bucket	NOUN	godet
flaw	NOUN	défauts
vapor	NOUN	vapeurs
protector	NOUN	protecteur
carleton	PROPN	carleton
woodstock	NOUN	woodstock
geographically	ADV	géographiquement
ufo	NOUN	ovni
prelude	VERB	prélude
cory	ADJ	cory
lynx	NOUN	lynx
liechtenstein	PROPN	liechtenstein
examiner	PROPN	examinateur
sharpe	PROPN	sharpe
atkin	NOUN	atkin
blogger	NOUN	blogueuse
akbar	NOUN	akbar
meg	PROPN	meg
homicide	VERB	homicides
avid	PROPN	avid
sanford	PROPN	sanford
heel	NOUN	talons
levin	ADV	levin
lau	PROPN	lau
shotgun	VERB	fusil
emigration	NOUN	émigration
homework	NOUN	devoirs
fascinating	ADJ	passionnant
conceal	VERB	dissimulé
jumper	PROPN	pull
diaz	PROPN	diaz
waive	VERB	renoncé
techno	NOUN	techno
lively	ADJ	animé
masonry	NOUN	maçonnerie
armistice	NOUN	armistice
camel	NOUN	chameau
madeleine	PROPN	madeleine
titus	NOUN	titus
cater	VERB	restauration
delicate	ADJ	délicate
quietly	ADV	discrètement
glorious	ADJ	glorieux
redemption	NOUN	rédemption
injunction	NOUN	injonction
nana	PROPN	mamie
cosmos	PROPN	cosmos
togo	PROPN	togo
baroness	NOUN	baronne
exploit	VERB	exploités
fig	NOUN	figue
chant	NOUN	chant
quran	PROPN	coran
derrick	PROPN	derrick
chairperson	NOUN	présidente
trance	NOUN	transe
elmer	NOUN	elmer
respectable	ADJ	respectables
bari	PROPN	bari
taekwondo	VERB	taekwondo
morrow	NOUN	morrow
ras	NOUN	ras
gangster	NOUN	gangsters
danielle	PROPN	danielle
marsh	NOUN	marais
msg	PROPN	msg
dino	NOUN	dino
desert	VERB	désert
pricing	NOUN	tarification
heron	PROPN	heron
avatar	NOUN	avatar
yate	NOUN	yate
aleksandr	PROPN	aleksandr
walnut	PROPN	noyer
marguerite	PROPN	marguerite
seneca	NOUN	seneca
confidential	ADJ	confidentielle
interpreter	NOUN	interprète
navarre	ADV	navarre
gemini	NOUN	gémeaux
torino	NOUN	turin
pfc	NOUN	pfc
firework	NOUN	artifices
scale	VERB	scale
compromise	VERB	compromis
pointer	NOUN	pointeur
dye	NOUN	colorant
oversee	VERB	superviser
betray	VERB	trahis
serena	NOUN	serena
unreasonable	ADJ	déraisonnable
petersen	VERB	petersen
gardiner	NOUN	gardiner
collaborator	NOUN	collaborateurs
entrust	VERB	confiés
satisfactory	ADJ	satisfaisants
emilia	NOUN	emilie
coincidence	NOUN	hasard
susceptible	ADJ	sensibles
feather	PROPN	plumes
competence	NOUN	compétence
nasal	PROPN	nasale
roe	NOUN	roe
dyer	NOUN	dyer
norwood	NOUN	norwood
elbow	NOUN	coude
forecast	VERB	prévisions
ample	ADJ	amplement
trap	NOUN	pièges
frank	NOUN	francs
thistle	ADV	chardon
duff	NOUN	duff
billie	PROPN	billie
heavenly	ADV	paradisiaque
husky	NOUN	husky
katz	PROPN	katz
robotic	NOUN	robotique
lausanne	PROPN	lausanne
perpendicular	ADJ	perpendiculairement
plaster	NOUN	plâtre
rumour	VERB	rumeurs
buster	NOUN	buster
token	VERB	jeton
guantanamo	PROPN	guantanamo
brest	NOUN	brest
coma	PROPN	coma
preferable	ADJ	préférable
centralize	VERB	centralisées
gee	VERB	gee
fernandez	PROPN	fernandez
barnard	VERB	barnard
cathy	ADJ	cathy
believer	NOUN	croyants
pop	NOUN	pop
rape	VERB	violée
cheyenne	NOUN	cheyenne
heroine	NOUN	héroïne
citru	NOUN	agrumes
timely	ADV	opportun
salford	PROPN	salford
zoom	VERB	agrandir
bilbao	PROPN	bilbao
dissent	NOUN	dissidence
inclination	NOUN	inclinaison
intervene	VERB	intervenir
gail	VERB	gail
cairns	PROPN	cairns
murdoch	NOUN	murdoch
vow	VERB	voeux
slayer	NOUN	tueuse
siberian	PROPN	sibérie
vinci	PROPN	vinci
rowan	PROPN	rowan
baylor	NOUN	baylor
wilder	VERB	wilder
boise	VERB	boise
keyne	NOUN	keyne
excel	VERB	excelle
jeremiah	PROPN	jérémie
addison	PROPN	addison
huron	NOUN	huron
gator	NOUN	alligators
frontal	ADJ	frontale
sharif	PROPN	charif
harrisburg	ADJ	harrisburg
wai	PROPN	wai
energetic	ADJ	énergiques
craven	ADJ	craven
palais	PROPN	palais
provoke	VERB	provoqués
monsoon	NOUN	mousson
mara	PROPN	mara
attendee	VERB	participants
berth	PROPN	couchette
bismarck	VERB	bismarck
whitman	PROPN	whitman
matilda	PROPN	mathilde
weed	NOUN	beuh
sail	NOUN	voiles
mellon	PROPN	mellon
surf	VERB	surf
cary	PROPN	cary
queue	NOUN	file
haul	NOUN	butin
arturo	NOUN	arturo
yeshiva	PROPN	yeshiva
erwin	VERB	erwin
carolyn	X	carolyn
hartley	PROPN	hartley
bournemouth	PROPN	bournemouth
mata	PROPN	mata
torre	VERB	torre
formulate	VERB	formulée
authorise	VERB	autorisée
soda	VERB	soude
prefect	VERB	préfet
insurgent	NOUN	insurgés
sinister	NOUN	sinistre
rec	VERB	rec
sim	NOUN	sim
phyllis	VERB	phyllis
parental	ADJ	parentale
reminder	NOUN	rappels
marlborough	ADV	marlborough
rhy	NOUN	rhy
dodd	PROPN	dodd
browse	NOUN	naviguer
immaculate	VERB	immaculée
intensify	VERB	intensifiée
accordion	NOUN	accordéon
joker	PROPN	guignol
hendrix	NOUN	hendricks
voyager	PROPN	voyager
ita	NOUN	ita
virgil	ADJ	virgile
grab	VERB	attrape
pilgrim	NOUN	pèlerins
strawberry	VERB	fraises
bounty	NOUN	prime
vicious	ADJ	vicieux
sabre	PROPN	sabre
celtic	NOUN	celtic
remarkably	ADV	remarquablement
disclose	VERB	divulguées
synchronize	VERB	synchronisés
microphone	NOUN	micro
fang	PROPN	fang
dhabi	PROPN	dhabi
fracture	VERB	cassure
maze	NOUN	labyrinthe
comparatively	ADV	comparativement
asleep	ADJ	endormie
sprinter	NOUN	sprinter
concede	VERB	concédé
hidalgo	PROPN	hidalgo
hack	VERB	hacker
hum	PROPN	hum
pentagon	PROPN	pentagone
categorize	NOUN	catégoriser
continuum	VERB	continuum
computation	NOUN	calcul
schumacher	PROPN	schumacher
sa	NOUN	sa
freddy	ADJ	freddy
somme	NOUN	somme
kangaroo	PROPN	kangourou
augment	VERB	augmentées
westwood	NOUN	westwood
ari	PROPN	ari
galactic	NOUN	galactique
superiority	NOUN	supériorité
heck	VERB	heck
fiona	PROPN	fiona
chiba	PROPN	chiba
emotionally	ADV	émotionnellement
illuminated	ADJ	allumé
kidd	PROPN	kidd
slade	VERB	slade
ale	NOUN	ale
vain	ADV	vains
robotic	ADJ	robotique
staten	VERB	staten
braun	NOUN	braun
thorpe	PROPN	thorpe
wolverine	NOUN	wolverine
tug	NOUN	remorqueur
cambodian	PROPN	cambodgien
commemorate	VERB	commémorer
zeus	PROPN	zeus
edmond	NOUN	edmond
enrico	PROPN	enrico
average	NOUN	moyennes
sax	PROPN	saxophone
appendix	PROPN	appendice
familia	X	familia
baird	NOUN	baird
gillespie	NOUN	gillespie
seminal	ADJ	séminal
rana	PROPN	rana
mead	PROPN	mead
casablanca	PROPN	casablanca
babe	NOUN	bébé
coincide	NOUN	coïncide
penis	NOUN	pénis
mckinley	PROPN	mckinley
verdi	VERB	verdi
severity	NOUN	gravité
complementary	ADJ	complémentarité
veto	VERB	véto
accountant	NOUN	comptable
theo	VERB	théo
charming	PROPN	charmante
colbert	NOUN	colbert
ineffective	ADJ	inefficacité
sui	PROPN	sui
donkey	NOUN	ânes
encryption	NOUN	chiffrage
puzzle	NOUN	énigmes
misunderstood	NOUN	incompris
hokkaido	NOUN	hokkaido
worry	NOUN	soucis
hairy	ADJ	poilu
serra	NOUN	serra
unemploye	VERB	chômeur
anal	ADJ	anale
hayne	NOUN	hayne
bartholomew	NOUN	barthélemy
woode	VERB	boisé
judah	PROPN	judée
deco	PROPN	déco
entropy	PROPN	entropie
abnormal	ADJ	anormale
sonia	PROPN	sonia
clutch	VERB	embrayage
gupta	NOUN	gupta
bolivian	PROPN	boliviens
manipulate	NOUN	manipuler
knight	VERB	anobli
bahia	VERB	bahia
shower	VERB	douches
ever	ADJ	ever
audi	PROPN	audi
shetland	VERB	shetland
cooler	NOUN	glacière
outline	VERB	contours
purity	NOUN	pureté
hawthorn	ADJ	hawthorn
marianne	PROPN	marianne
skyline	NOUN	skyline
ignorant	ADJ	ignorante
mariano	PROPN	mariano
hoc	X	hoc
weave	VERB	tissage
aubrey	VERB	aubrey
peck	VERB	peck
prosperous	ADJ	prospères
diagonal	ADJ	diagonale
authenticity	NOUN	authenticité
basic	NOUN	fondamentaux
putin	PROPN	poutine
aviator	NOUN	aviateur
culinary	ADJ	culinaires
rosie	PROPN	rosie
panda	NOUN	pandas
prescott	NOUN	prescott
destine	VERB	destiné
morley	NOUN	morley
out	VERB	sortie
sire	NOUN	messire
samson	NOUN	samson
cheryl	PROPN	cheryl
liberalism	PROPN	libéralisme
caucasian	ADJ	caucasien
dolly	ADV	dolly
flu	VERB	grippe
traverse	VERB	traverser
pieter	NOUN	pieter
coast	NOUN	côtes
foothill	NOUN	contreforts
tricky	ADJ	délicate
envoy	NOUN	émissaire
seizure	VERB	saisie
sweeney	PROPN	sweeney
contra	PROPN	contra
caravan	PROPN	roulotte
fortunately	ADV	heureusement
barra	VERB	barra
bahadur	NOUN	bahadur
independent	NOUN	indépendants
rack	VERB	chevalet
algier	NOUN	alger
tam	VERB	tam
fibre	NOUN	fibres
tory	NOUN	tory
navarro	NOUN	navarro
chimney	NOUN	cheminée
romano	PROPN	romano
schultz	ADJ	schultz
robson	NOUN	robson
lyndon	PROPN	lyndon
wander	VERB	errer
rowe	PROPN	rowe
tutorial	NOUN	didacticiels
ignacio	PROPN	ignacio
vertically	ADV	verticalement
glove	NOUN	gants
imminent	ADJ	imminentes
reese	PROPN	reese
rematch	VERB	revanche
mei	PROPN	mei
cinematic	NOUN	cinématographique
volvo	PROPN	volvo
halle	PROPN	halle
hernandez	PROPN	hernandez
refurbish	VERB	rénové
mayoral	ADJ	mayoral
rhyme	NOUN	rime
wentworth	VERB	wentworth
javelin	NOUN	javelot
herrera	NOUN	herrera
cooperate	VERB	coopèrent
heroin	NOUN	héroïne
talmud	NOUN	talmud
alsace	NOUN	alsace
ely	ADV	ely
wee	PROPN	wee
melvin	PROPN	melvin
chico	PROPN	chico
incentive	NOUN	incitatif
chili	NOUN	chili
kern	NOUN	kern
landslide	NOUN	écrasante
cochrane	NOUN	cochrane
compensate	VERB	indemniser
deposition	NOUN	déposition
flyer	PROPN	dépliant
gina	NOUN	gina
terence	NOUN	terence
marius	NOUN	marius
fin	NOUN	nageoire
corbett	PROPN	corbett
jihad	PROPN	djihad
marquette	NOUN	marquette
serge	VERB	serge
mecca	VERB	mecque
muller	NOUN	müller
sap	PROPN	sève
goat	NOUN	chèvres
handy	ADJ	maniable
cheung	VERB	cheung
refinery	NOUN	raffinage
manson	PROPN	manson
ethanol	NOUN	éthanol
recognizable	ADJ	reconnaissables
runaway	ADJ	fugue
corona	NOUN	corona
synopsis	NOUN	synopsis
johnstone	NOUN	johnstone
tightly	ADV	étroitement
console	VERB	console
crewe	PROPN	crewe
indicative	ADJ	indicatif
jen	NOUN	jen
vance	NOUN	vance
scare	NOUN	effrayer
coincide	VERB	coïncidé
mari	PROPN	mari
scare	VERB	peur
nara	PROPN	nara
jargon	PROPN	jargon
saddam	PROPN	saddam
mcgraw	NOUN	mcgraw
zoology	NOUN	zoologie
slow	VERB	ralentie
metz	VERB	metz
paste	VERB	collé
connolly	ADV	connolly
elongate	VERB	allongée
picasso	PROPN	picasso
regeneration	NOUN	régénération
tristan	PROPN	tristan
mercenary	NOUN	mercenaires
telenovela	PROPN	telenovela
nikola	PROPN	nikola
wrist	NOUN	poignet
hornet	NOUN	frelons
dream	VERB	rêvant
inevitably	ADV	inévitablement
scar	NOUN	cicatrice
mein	PROPN	mein
dora	PROPN	dora
prostitute	VERB	prostituée
implicit	NOUN	implicite
saturday	NOUN	samedis
hygiene	PROPN	hygiène
maclean	ADJ	maclean
authorization	NOUN	autorisation
amenity	NOUN	commodités
yun	PROPN	yun
thorn	NOUN	épine
bureaucracy	NOUN	bureaucratie
articulate	VERB	articulées
aleppo	PROPN	alep
invitational	NOUN	invitational
dmitry	NOUN	dmitry
compartment	NOUN	compartiment
grimsby	PROPN	grimsby
natasha	PROPN	natacha
massey	NOUN	massey
amc	ADJ	amc
runoff	NOUN	ruissellement
highlander	NOUN	highlander
weight	VERB	pondérées
endow	VERB	doté
sabotage	NOUN	saboter
wasp	VERB	guêpes
wedge	NOUN	cale
ulysse	NOUN	ulysse
pin	NOUN	broches
fir	PROPN	sapin
iss	VERB	iss
roach	VERB	cafard
mold	NOUN	moule
improvise	VERB	improvisée
alzheimer	NOUN	alzheimer
shoreline	NOUN	rivages
censor	VERB	censuré
oaxaca	PROPN	oaxaca
delight	VERB	délices
galileo	NOUN	galilée
exploit	NOUN	exploit
haas	NOUN	haas
avenue	NOUN	avenue
flank	VERB	flanqué
symbolism	NOUN	symbolique
chase	VERB	pourchassé
gaga	VERB	gaga
foreman	PROPN	contremaître
bison	NOUN	bisons
disregard	NOUN	mépris
ballard	NOUN	ballard
discus	NOUN	discus
contaminate	VERB	polluée
hilary	VERB	hilary
bandit	NOUN	brigands
styling	NOUN	style
mcgee	PROPN	mcgee
lego	PROPN	lego
systematically	ADV	systématiquement
initial	NOUN	initiales
astronaut	NOUN	astronautes
manfre	VERB	manfre
sermon	NOUN	sermon
messiah	PROPN	messie
cookie	NOUN	biscuit
lanse	VERB	lanse
kaplan	PROPN	kaplan
coat	VERB	enduit
boogie	NOUN	boogie
jarvis	PROPN	jarvis
impact	VERB	touchés
milford	ADJ	milford
junta	PROPN	junte
petra	PROPN	petra
drastically	ADV	radicalement
harcourt	VERB	harcourt
akira	PROPN	akira
calhoun	VERB	calhoun
slash	VERB	crevé
repeal	VERB	abrogée
sickness	NOUN	maladie
neumann	PROPN	neumann
eileen	PROPN	eileen
trojan	PROPN	troie
cher	NOUN	cher
jewel	NOUN	joyaux
neuroscience	NOUN	neurosciences
bid	NOUN	soumissions
condense	VERB	condensé
realization	NOUN	réalisation
doherty	NOUN	doherty
epoch	PROPN	époque
sociological	ADJ	sociologiques
seychelle	NOUN	seychelle
laundry	PROPN	buanderie
bourne	NOUN	bourne
fragile	ADJ	fragilité
pickup	NOUN	ramassage
oblique	ADJ	oblique
cabal	ADJ	cabale
informally	ADV	officieusement
breakup	NOUN	rupture
rye	NOUN	seigle
ree	NOUN	ree
beg	VERB	supplier
anatolia	NOUN	anatolie
kicker	NOUN	kicker
adjutant	PROPN	adjudant
elgin	VERB	elgin
olson	PROPN	olson
zeta	NOUN	zeta
princely	ADV	princier
fern	NOUN	fougères
cristina	PROPN	cristina
blitz	PROPN	blitz
strain	VERB	souches
exaggerate	VERB	exagéré
truce	VERB	trêve
rod	NOUN	baguettes
suez	PROPN	suez
mortimer	NOUN	mortimer
vandalize	VERB	saccagé
carver	NOUN	carver
metabolic	NOUN	métabolique
ong	VERB	ong
pennant	NOUN	fanion
markus	NOUN	markus
confess	VERB	avoué
revisit	VERB	revisité
meiji	VERB	meiji
convey	VERB	transporté
mainline	NOUN	mainline
memorandum	VERB	mémorandum
overland	NOUN	overland
accumulation	NOUN	cumul
peach	VERB	pêcher
certainty	NOUN	certitudes
efficacy	NOUN	efficacité
mussolini	NOUN	mussolini
congestion	NOUN	embouteillages
khalid	PROPN	khalid
chinatown	NOUN	chinatown
sumo	ADJ	sumo
wilkin	NOUN	wilkin
mix	NOUN	mélanges
broker	NOUN	courtier
navajo	PROPN	navajo
vascular	ADJ	vasculaire
inflict	VERB	infligées
hua	PROPN	hua
unconstitutional	ADJ	inconstitutionnelle
spruce	VERB	épicéa
fairness	NOUN	équité
paramilitary	ADJ	paramilitaire
repression	NOUN	répression
yamaha	PROPN	yamaha
shreveport	NOUN	shreveport
feeder	NOUN	nourricier
stout	ADJ	stout
benito	VERB	benito
gareth	VERB	gareth
pivotal	ADJ	pivot
rolf	NOUN	rolf
pharaoh	PROPN	pharaon
dynamite	NOUN	dynamite
astrology	NOUN	astrologie
rehearsal	NOUN	répétitions
evasion	NOUN	évasion
je	VERB	je
liberate	VERB	libérée
drain	NOUN	drain
doubtful	ADJ	douteux
sphere	VERB	sphères
requiem	NOUN	requiem
startup	VERB	démarrage
insistence	NOUN	insistance
ernesto	PROPN	ernesto
giacomo	NOUN	giacomo
idiot	NOUN	imbécile
helium	NOUN	hélium
fargo	PROPN	fargo
penetration	NOUN	pénétration
sediment	NOUN	sédiment
sundance	NOUN	sundance
yvonne	NOUN	yvonne
convene	VERB	convoqué
maharaja	PROPN	maharaja
biochemistry	NOUN	biochimie
rodeo	NOUN	rodéo
queer	NOUN	pédé
easton	NOUN	easton
damian	PROPN	damien
handel	PROPN	haendel
commemoration	NOUN	commémoration
revolutionary	NOUN	révolutionnaires
lore	VERB	lore
bicycle	VERB	bicyclettes
ellington	PROPN	ellington
lookout	NOUN	belvédère
gull	NOUN	mouette
sleeper	ADJ	dormeur
medici	VERB	médicis
replication	NOUN	réplication
hyundai	PROPN	hyundai
moto	NOUN	moto
facilitate	VERB	facilitées
arroyo	NOUN	arroyo
hacker	NOUN	pirate
sour	ADJ	aigre
alfa	NOUN	alfa
butte	PROPN	butte
inverness	NOUN	inverness
traveller	NOUN	voyageur
maureen	PROPN	maureen
heel	VERB	talon
annapolis	PROPN	annapolis
damien	PROPN	damien
gunn	PROPN	gunn
rosen	NOUN	rosen
katy	PROPN	katy
badge	NOUN	insignes
ness	ADV	ness
grassland	VERB	herbages
smuggle	VERB	contrebande
narration	NOUN	narration
dane	NOUN	danois
marta	PROPN	marta
bully	ADV	tyran
martian	PROPN	martiens
dyke	PROPN	digue
calder	NOUN	calder
contradictory	VERB	contradictoires
lenny	PROPN	lenny
salesman	NOUN	vendeur
artwork	VERB	oeuvres
betrayal	NOUN	trahison
olympiad	VERB	olympiades
cappella	X	cappella
abruptly	ADV	brusquement
pencil	NOUN	stylo
prescription	NOUN	ordonnances
novelty	NOUN	nouveauté
directional	ADJ	dirigées
contempt	NOUN	outrage
ger	PROPN	ger
fairbank	NOUN	fairbank
soto	PROPN	soto
gustavo	PROPN	gustavo
joint	NOUN	articulations
grandmaster	NOUN	grandmaster
rashid	PROPN	rachid
nutrient	NOUN	nutritifs
sudanese	ADJ	soudanaise
joaquin	PROPN	joaquin
witchcraft	NOUN	sorcellerie
lithium	NOUN	lithium
ironic	ADJ	ironie
durban	PROPN	durban
defect	VERB	défaut
regent	NOUN	régents
space	VERB	espacés
musa	NOUN	musa
maynard	VERB	maynard
unwanted	ADJ	indésirable
ich	PROPN	ich
martina	PROPN	martine
pub	NOUN	pub
chaplin	NOUN	charlot
dow	PROPN	dow
marjorie	PROPN	marjorie
foundry	NOUN	fonderie
johansson	PROPN	johansson
muir	NOUN	muir
fuse	NOUN	fusible
opium	NOUN	opium
amplifier	NOUN	ampli
munro	PROPN	munro
christensen	VERB	christensen
foreseeable	ADJ	prévisible
yusuf	NOUN	yusuf
wrath	NOUN	courroux
baptize	VERB	baptisés
shepard	ADJ	shepard
silla	NOUN	silla
goldsmith	PROPN	goldsmith
drone	NOUN	bourdon
underwood	PROPN	underwood
quota	NOUN	contingent
karma	PROPN	karma
vis	X	vis
ogden	VERB	ogden
kamal	PROPN	kamal
skeletal	ADJ	squelettique
garden	VERB	jardinage
bog	VERB	marécage
dietrich	PROPN	dietrich
judd	PROPN	judd
globalization	NOUN	mondialisation
sal	NOUN	sal
polly	ADV	polly
divert	VERB	détourné
launcher	NOUN	lanceur
stereotype	NOUN	stéréotypes
hedge	NOUN	haies
forster	PROPN	forster
jae	ADV	jae
navigator	NOUN	navigateur
polished	ADJ	polis
implicate	VERB	impliqué
delle	NOUN	delle
henley	PROPN	henley
kawasaki	PROPN	kawasaki
domenico	PROPN	domenico
whitehead	NOUN	whitehead
disadvantage	NOUN	désavantages
dietary	ADJ	diététique
mesh	NOUN	mailles
lucknow	VERB	lucknow
pulmonary	ADJ	pulmonaire
inadvertently	ADV	inadvertance
counselor	NOUN	conseillère
stephan	VERB	stéphane
anglia	PROPN	anglia
louvre	ADV	louvre
gregorian	PROPN	grégorien
kat	PROPN	kat
thom	PROPN	thom
marche	NOUN	marche
monterrey	PROPN	monterrey
louie	VERB	louie
scenery	NOUN	paysage
almanac	NOUN	almanach
jewellery	NOUN	bijouterie
walli	VERB	walli
mateo	PROPN	mateo
gibbon	NOUN	gibbon
potsdam	PROPN	potsdam
gladstone	NOUN	gladstone
caspian	PROPN	caspienne
revoke	VERB	révoqué
fatigue	NOUN	lassitude
toro	PROPN	toro
hash	NOUN	hachage
hooper	NOUN	hooper
hopper	NOUN	trémie
quay	NOUN	quai
souza	NOUN	souza
claremont	PROPN	claremont
brandt	PROPN	brandt
bose	VERB	bose
pluto	NOUN	pluton
aristocratic	ADJ	aristocratique
guerra	VERB	guerra
goddard	NOUN	goddard
windmill	ADV	moulin
homo	VERB	homo
archeological	ADJ	archéologique
wolff	VERB	wolff
perceive	NOUN	percevoir
humanist	NOUN	humaniste
sahib	NOUN	sahib
mcgrath	NOUN	mcgrath
carlson	NOUN	carlson
alf	NOUN	alf
sach	NOUN	sach
usher	ADJ	usher
sesame	VERB	sésame
leary	PROPN	leary
scribe	VERB	scribe
linden	PROPN	linden
palma	NOUN	palma
clothe	VERB	plaqués
barley	NOUN	orge
sloop	NOUN	sloop
spartan	PROPN	spartiate
meteor	PROPN	météorite
balcony	ADV	balcon
cute	VERB	mignons
pinto	NOUN	pinto
jail	VERB	incarcérés
acacia	PROPN	acacia
leach	VERB	lixiviation
nante	NOUN	nante
glee	PROPN	glee
onion	NOUN	oignons
maize	NOUN	maïs
gogh	NOUN	gogh
amman	PROPN	amman
lambda	NOUN	lambda
toxicity	NOUN	toxicité
dependency	NOUN	dépendance
emir	ADJ	émir
sirius	NOUN	sirius
auditor	NOUN	auditeur
goethe	PROPN	goethe
abby	PROPN	abby
armand	VERB	armand
norma	VERB	norma
sewage	NOUN	égouts
axis	NOUN	haches
idle	ADJ	inactif
nehru	PROPN	nehru
shocking	ADJ	choquante
nebula	NOUN	nébuleuse
aztec	VERB	aztèque
curb	NOUN	trottoir
manifest	NOUN	manifeste
whiskey	NOUN	whisky
gallantry	NOUN	galanterie
marcelo	PROPN	marcelo
bakery	VERB	boulangeries
tanaka	PROPN	tanaka
bai	NOUN	bai
contradiction	NOUN	contradictoire
dude	VERB	mec
manny	NOUN	manny
distort	VERB	faussée
retro	NOUN	rétro
restart	NOUN	redémarrage
manly	ADV	viril
orphanage	NOUN	orphelinat
jericho	NOUN	jéricho
nest	VERB	imbrication
rib	NOUN	côtes
jumper	NOUN	jumper
saratoga	PROPN	saratoga
convict	PROPN	condamner
stable	NOUN	écuries
yao	NOUN	yao
nair	NOUN	nair
takeoff	NOUN	décollage
comet	NOUN	comètes
heiress	NOUN	héritière
stargate	VERB	stargate
gently	ADV	délicatement
uppsala	NOUN	uppsala
cypress	NOUN	cyprès
restrictive	ADJ	restrictives
economical	ADJ	économique
nico	PROPN	nico
occupant	NOUN	occupant
soc	NOUN	soc
pawn	NOUN	pion
tyrol	VERB	tyrol
tian	PROPN	tian
grady	NOUN	grady
downhill	ADV	descente
natalia	PROPN	natalia
syllable	NOUN	syllabes
hungarian	NOUN	hongrois
macon	NOUN	macon
psycho	NOUN	psychopathe
hanoi	PROPN	hanoï
superb	NOUN	superbe
hodge	VERB	hodge
disposition	NOUN	aliénation
rooney	NOUN	rooney
chloe	PROPN	chloé
bala	PROPN	bala
ritter	NOUN	ritter
banquet	NOUN	banquet
haley	PROPN	haley
kan	PROPN	kan
ventilation	NOUN	aération
gear	NOUN	vitesses
lift	NOUN	ascenseurs
shelton	PROPN	shelton
mccormick	PROPN	mccormick
mcbride	VERB	mcbride
jang	PROPN	jang
snout	NOUN	museau
nemesis	NOUN	némésis
reconcile	VERB	concilier
lombard	PROPN	lombard
alvarez	PROPN	alvarez
expenditure	NOUN	dépenses
walden	VERB	walden
cheat	VERB	tricherie
harvesting	NOUN	moisson
olaf	PROPN	olaf
carthage	NOUN	carthage
gottfrie	VERB	gottfrie
examine	NOUN	examine
repute	VERB	réputé
dunbar	PROPN	dunbar
elijah	PROPN	elie
fordham	PROPN	fordham
barge	VERB	péniche
rihanna	PROPN	rihanna
cartel	NOUN	entente
radcliffe	PROPN	radcliffe
fuel	VERB	alimenté
woodrow	VERB	woodrow
mustang	PROPN	mustang
wah	NOUN	wah
beaufort	NOUN	beaufort
palo	PROPN	palo
ama	NOUN	ama
darius	NOUN	darius
motown	NOUN	motown
westchester	VERB	westchester
contraction	NOUN	contraction
shrimp	NOUN	crevette
dungeon	PROPN	cachot
supremacy	NOUN	primauté
crust	NOUN	croûte
tal	NOUN	tal
roanoke	VERB	roanoke
yeast	NOUN	levures
maxi	PROPN	maxi
glove	VERB	gants
gilmore	NOUN	gilmore
muscular	ADJ	musculaire
weigh	NOUN	pèse
ewe	VERB	ewe
fictitious	ADJ	fictif
frankenstein	ADJ	frankenstein
bearer	NOUN	porteur
raul	NOUN	raul
prakash	VERB	prakash
rani	VERB	rani
cleaner	ADV	nettoyant
indict	VERB	inculpé
dupont	NOUN	dupont
guadalupe	PROPN	guadalupe
progressively	ADV	progressivement
fleetwood	ADJ	fleetwood
migratory	NOUN	migrateurs
guise	ADJ	guise
brewster	VERB	brewster
nomadic	ADJ	nomade
caliph	NOUN	calife
jar	NOUN	pot
insulin	NOUN	insuline
dagger	PROPN	poignards
ren	PROPN	ren
sasha	PROPN	sacha
perfection	NOUN	perfection
ursula	NOUN	ursula
novak	PROPN	novak
spaniard	NOUN	espagnols
orkney	NOUN	orcades
donaldson	PROPN	donaldson
tata	PROPN	tata
auschwitz	PROPN	auschwitz
trolley	NOUN	chariot
tae	NOUN	tae
earle	PROPN	earle
konstantin	PROPN	constantin
oyster	VERB	huîtres
reversal	PROPN	renversement
sampson	NOUN	sampson
pisa	PROPN	pise
mcleod	PROPN	mcleod
trojan	NOUN	troie
paige	PROPN	paige
twinkle	NOUN	brille
comp	NOUN	comp
practise	VERB	pratiqué
caf	NOUN	caf
line	VERB	doublure
collateral	NOUN	sûretés
rugged	ADJ	accidenté
blizzard	NOUN	blizzard
esteem	VERB	estime
stimulation	NOUN	stimulation
pity	NOUN	pitié
inherit	NOUN	hériter
zack	NOUN	zack
cadillac	PROPN	cadillac
tokugawa	NOUN	tokugawa
twain	VERB	twain
shen	PROPN	shen
photon	NOUN	photons
munition	NOUN	munition
incompatible	ADJ	incompatibilité
toad	NOUN	crapaud
revolver	PROPN	revolver
prevail	VERB	prévalait
al	NOUN	sla
mound	NOUN	monticules
regis	VERB	régis
login	VERB	connecter
fungal	NOUN	fongiques
aryan	PROPN	aryens
bond	VERB	collage
sven	VERB	sven
nicky	ADJ	nicky
keel	NOUN	quille
vivid	ADJ	vifs
plaintiff	NOUN	plaignante
decomposition	NOUN	décomposition
groom	NOUN	groom
synth	VERB	synthétiseur
censor	NOUN	censurer
tianjin	PROPN	tianjin
hari	PROPN	hari
davey	ADJ	davey
relax	VERB	détendue
reg	PROPN	reg
craft	VERB	fabriqué
americana	NOUN	americana
experimentation	NOUN	expérimentation
burr	PROPN	bavure
konrad	PROPN	konrad
darrell	VERB	darrell
localize	VERB	localisés
message	VERB	messagerie
spence	NOUN	spence
fei	PROPN	fei
locker	NOUN	casier
badger	NOUN	blaireau
palin	PROPN	palin
cumulative	ADJ	cumulée
loyalist	NOUN	loyalistes
wharton	PROPN	wharton
peoria	PROPN	peoria
ser	NOUN	ser
cradle	NOUN	berceau
mclaughlin	PROPN	mclaughlin
confesse	NOUN	avoue
detrimental	NOUN	préjudiciable
prosecute	VERB	poursuivis
locus	NOUN	locus
regular	NOUN	habitués
kaufman	PROPN	kaufman
rust	NOUN	rouille
porcelain	VERB	porcelaine
semantic	NOUN	sémantique
eclectic	ADJ	éclectique
horseshoe	NOUN	horseshoe
macleod	NOUN	macleod
longevity	NOUN	longévité
variance	NOUN	écart
highness	NOUN	altesse
guo	PROPN	guo
harrow	PROPN	harrow
ebert	NOUN	ebert
insignificant	ADJ	insignifiants
transplant	NOUN	transplantation
lib	NOUN	lib
anticipation	NOUN	anticiper
chao	PROPN	chao
terre	PROPN	terre
sumner	NOUN	sumner
razor	NOUN	rasoir
veil	NOUN	voiles
luciano	PROPN	luciano
arcadia	PROPN	arcadia
formidable	ADJ	redoutable
tide	VERB	marée
tick	VERB	cocher
notwithstanding	ADP	nonobstant
unpleasant	ADJ	désagréables
columbian	PROPN	colombien
chevalier	NOUN	chevalier
animator	NOUN	animateur
quartz	NOUN	quartz
dumont	PROPN	dumont
abdominal	ADJ	abdominale
clone	NOUN	clone
flashback	NOUN	flashback
traumatic	NOUN	traumatisante
hoffmann	ADJ	hoffmann
supplementary	PROPN	supplémentaire
agrarian	PROPN	agraire
blossom	NOUN	fleurir
octave	VERB	octave
jude	NOUN	jude
ptolemy	NOUN	ptolémée
albrecht	PROPN	albrecht
haydn	NOUN	haydn
cdc	PROPN	cdc
grenada	PROPN	grenade
fade	NOUN	fondu
aspen	VERB	tremble
deteriorate	VERB	détériorée
egyptians	PROPN	egyptiens
sevilla	NOUN	séville
babu	PROPN	babu
burrow	NOUN	terrier
paisley	NOUN	cachemire
desperately	ADV	désespérément
seismic	ADJ	sismique
eastender	NOUN	eastender
pow	PROPN	pow
madden	PROPN	madden
crocodile	NOUN	crocodiles
abrams	PROPN	abrams
interior	NOUN	intérieurs
dent	NOUN	bosses
hagen	NOUN	hagen
reelect	VERB	réélu
chong	PROPN	chong
fiesta	PROPN	fiesta
muddy	ADJ	boueux
novice	NOUN	novices
accolade	NOUN	accolade
prologue	VERB	prologue
cinderella	NOUN	cendrillon
berwick	VERB	berwick
reflective	ADJ	réfléchissant
stab	VERB	poignardé
reformer	PROPN	réformateur
denton	NOUN	denton
oppression	NOUN	oppression
foam	NOUN	mousses
gentry	NOUN	noblesse
gabrielle	PROPN	gabrielle
maneuver	NOUN	manoeuvre
bray	VERB	bray
hamid	PROPN	hamid
harness	NOUN	harnais
cleopatra	PROPN	cléopâtre
emancipation	PROPN	émancipation
phoebe	NOUN	phoebe
reactive	NOUN	réactifs
christy	PROPN	christy
reset	VERB	réinitialiser
bianca	PROPN	bianca
fugitive	NOUN	fugitifs
cicero	NOUN	cicéron
bono	X	bono
synagogue	NOUN	synagogue
attacker	NOUN	attaquants
defamation	NOUN	diffamation
dowager	PROPN	douairière
fuzzy	ADJ	floue
amin	NOUN	amine
poultry	NOUN	volailles
helmut	NOUN	helmut
beech	PROPN	hêtre
lori	PROPN	lori
simulator	NOUN	simulateur
de	VERB	de
apprenticeship	NOUN	apprenti
khyber	PROPN	khyber
pensacola	PROPN	pensacola
royale	NOUN	royale
macro	VERB	macroéconomique
insider	NOUN	initiés
righteous	ADJ	vertueux
mirage	NOUN	mirage
sweat	VERB	transpirer
phrasing	NOUN	formulation
understandable	ADJ	compréhensible
rutland	VERB	rutland
inuit	NOUN	inuits
cavendish	PROPN	cavendish
voodoo	PROPN	vaudou
pun	VERB	calembour
saitama	NOUN	saitama
usefulness	VERB	utilité
intrinsic	ADJ	intrinsèque
stainless	ADJ	inoxydable
lulu	PROPN	loulou
vegetarian	PROPN	végétariens
tract	NOUN	tract
annoy	VERB	agacé
shatter	VERB	brisé
dusty	ADJ	poussiéreux
lilly	ADV	lilly
ive	NOUN	ive
seo	NOUN	référencement
neurological	ADJ	neurologique
vibration	NOUN	vibrations
invoke	VERB	invoqué
archdeacon	NOUN	archidiacre
renal	ADJ	rénal
jiu	PROPN	jiu
fabian	PROPN	fabian
lillian	PROPN	lillian
uneven	ADJ	inégal
harlan	NOUN	harlan
cruelty	NOUN	cruauté
storytelle	VERB	narration
gorilla	NOUN	gorille
rochelle	PROPN	rochelle
gui	NOUN	gui
oboe	PROPN	hautbois
remarry	VERB	remariée
bounce	NOUN	rebondir
radical	NOUN	radicaux
incidental	ADJ	incidemment
sonora	PROPN	sonora
myrtle	NOUN	myrtle
superficial	ADJ	superficiels
patti	PROPN	patti
volga	NOUN	volga
hilda	PROPN	hilda
hamburger	NOUN	hamburgers
multitude	VERB	multitude
att	VERB	tca
tnt	VERB	tnt
packard	PROPN	packard
bubble	VERB	bulles
stunning	ADJ	superbe
garth	PROPN	garth
burrough	VERB	burrough
crypt	X	crypte
gonzale	VERB	gonzalez
restless	ADJ	agitée
overwhelmed	PROPN	accablé
fuse	VERB	fusionnée
granville	PROPN	granville
influenza	NOUN	grippe
tomato	PROPN	tomates
nagasaki	PROPN	nagasaki
distinctly	ADV	distinctement
waist	NOUN	taille
salvatore	ADJ	salvatore
tuni	NOUN	tuni
fremont	NOUN	fremont
scorpion	NOUN	scorpion
damn	VERB	damnée
encore	PROPN	encore
shapiro	PROPN	shapiro
argyle	PROPN	argyle
bingham	PROPN	bingham
interrogation	NOUN	interrogatoires
gamble	NOUN	gamble
bridget	VERB	brigitte
regulator	NOUN	régulateur
butch	VERB	butch
thrive	VERB	prospère
wiener	PROPN	wiener
administer	NOUN	administrer
librarian	NOUN	bibliothécaires
welle	NOUN	welle
shrub	NOUN	arbustes
attendant	NOUN	préposé
grayson	NOUN	grayson
vaughn	PROPN	vaughn
splash	VERB	éclaboussures
bridgeport	NOUN	bridgeport
technician	NOUN	techniciens
lennox	NOUN	lennox
swan	NOUN	cygnes
canoe	VERB	canoë
planck	VERB	planck
eastwood	NOUN	eastwood
repeal	NOUN	abroger
mach	VERB	mach
mori	NOUN	mori
rabbit	VERB	lapins
prostitute	NOUN	prostituées
compassion	NOUN	compatissant
hen	PROPN	poule
delgado	NOUN	delgado
bosch	VERB	bosch
kaye	NOUN	kaye
hawker	PROPN	hawker
barrie	PROPN	barrie
hawke	VERB	hawke
ithaca	PROPN	ithaque
incapable	ADJ	incapables
eureka	NOUN	eureka
anastasia	NOUN	anastasia
cayman	NOUN	cayman
clipper	NOUN	tondeuse
napoli	NOUN	naples
deviation	NOUN	écart
mutant	NOUN	mutant
peng	PROPN	peng
rum	NOUN	rhum
hahn	NOUN	hahn
britannia	PROPN	britannia
parasite	VERB	parasite
topography	NOUN	topographie
conglomerate	NOUN	conglomérat
amusing	ADJ	amusante
waller	NOUN	waller
mabel	VERB	mabel
nic	ADJ	nic
honesty	NOUN	honnêteté
faulkner	NOUN	faulkner
mine	VERB	miné
blazer	NOUN	blazer
pontiac	PROPN	pontiac
turmoil	NOUN	tourmente
rhino	NOUN	rhinocéros
kilometre	PROPN	kilomètre
aspire	VERB	aspirant
inhibitor	NOUN	inhibiteurs
piazza	VERB	piazza
busan	PROPN	busan
phase	VERB	échelonnée
outlaw	NOUN	outlaw
ignition	NOUN	allumage
kobayashi	PROPN	kobayashi
mute	NOUN	muet
fai	PROPN	fai
irony	NOUN	ironique
persist	VERB	persisté
subsidy	NOUN	subventions
gin	NOUN	gin
nuclei	PROPN	noyaux
pictorial	ADJ	picturale
maroon	NOUN	marron
prem	VERB	prem
inexperienced	ADJ	inexpérimentés
designate	ADJ	désigner
book	VERB	réservation
hove	PROPN	hove
caliphate	ADJ	califat
tolerant	ADJ	tolérant
aristocracy	NOUN	aristocratie
plumage	NOUN	plumage
claw	NOUN	griffes
tilt	NOUN	incliner
avalon	NOUN	avalon
wasp	NOUN	guêpes
temper	NOUN	tempérament
corvette	PROPN	corvette
edna	PROPN	edna
chopin	VERB	chopin
glendale	PROPN	glendale
chaotic	ADJ	chaotique
assault	VERB	agressée
mahmoud	PROPN	mahmoud
padua	PROPN	padoue
dilemma	NOUN	dilemme
eine	NOUN	eine
plum	PROPN	prune
pertinent	VERB	pertinente
bourgeois	NOUN	bourgeoise
mani	PROPN	mani
mosquito	PROPN	moustiques
echo	NOUN	échos
bait	VERB	appâts
dip	NOUN	tremper
schubert	NOUN	schubert
lev	NOUN	lev
crisp	ADV	croustillant
multiplication	NOUN	multiplication
larson	NOUN	larson
grove	NOUN	grove
ingram	PROPN	ingram
adriatic	ADJ	adriatique
knick	NOUN	knick
rhyme	VERB	rime
punitive	ADJ	punitives
skipper	NOUN	skipper
irina	NOUN	irène
blaine	VERB	blaine
sheppard	NOUN	sheppard
magistrate	NOUN	magistrats
nadia	PROPN	nadia
mina	PROPN	mina
signal	VERB	signalisation
estimation	NOUN	estimations
ivanov	VERB	ivanov
keystone	NOUN	keystone
imitation	NOUN	imitations
salamanca	VERB	salamanque
islamabad	PROPN	islamabad
converse	VERB	converser
bradshaw	NOUN	bradshaw
unseen	ADJ	invisible
daryl	VERB	daryl
adolescent	ADJ	adolescent
skyscraper	NOUN	gratte
gag	NOUN	gag
dormant	ADJ	dormants
vanish	VERB	envolés
eastman	PROPN	eastman
volatile	ADJ	volatils
caleb	NOUN	caleb
cardiovascular	ADJ	cardiovasculaire
reza	ADV	reza
zoological	ADJ	zoologie
assassin	NOUN	assassin
cosmology	NOUN	cosmologie
amar	PROPN	amar
seaman	NOUN	matelot
eject	VERB	éjecté
scrub	PROPN	broussailles
tyre	PROPN	pneumatique
gotham	PROPN	gotham
fay	PROPN	fay
decker	NOUN	decker
mermaid	VERB	sirène
comrade	NOUN	camarades
karim	PROPN	karim
bragg	PROPN	bragg
excitement	NOUN	excitation
horne	VERB	horne
salute	NOUN	salue
inflammation	NOUN	inflammatoire
backbone	NOUN	dorsale
petal	NOUN	pétales
pegasus	NOUN	pégase
aisle	NOUN	allée
hobb	NOUN	hobb
armando	VERB	armando
trafford	PROPN	trafford
ridley	NOUN	ridley
altitude	NOUN	altitude
cocktail	NOUN	cocktails
maguire	ADV	maguire
bard	NOUN	barde
fade	VERB	disparu
unlawful	ADJ	illégale
eternity	NOUN	éternité
kimberley	NOUN	kimberley
lute	VERB	luth
huntsville	PROPN	huntsville
darryl	NOUN	darryl
schizophrenia	NOUN	schizophrénie
mcdowell	PROPN	mcdowell
grass	VERB	graminées
pollard	PROPN	pollard
quito	PROPN	quito
truss	ADV	truss
staple	VERB	agrafes
narayan	PROPN	narayan
drury	NOUN	drury
barclay	NOUN	barclay
faust	VERB	faust
maha	PROPN	maha
gage	NOUN	gage
down	VERB	down
elf	ADV	elfe
octopus	PROPN	pieuvre
fine	NOUN	amendes
hangar	NOUN	hangar
beau	NOUN	beau
ebay	PROPN	ebay
deutsch	VERB	deutsch
lucien	PROPN	lucien
hannibal	PROPN	hannibal
aegean	ADJ	égée
mcguire	PROPN	mcguire
dil	ADV	dil
johanna	PROPN	johanna
stacy	NOUN	stacy
erica	PROPN	erica
evenly	ADV	uniformément
terribly	ADV	terriblement
naive	ADJ	naïf
kylie	PROPN	kylie
vase	NOUN	vase
outgoing	ADJ	sortant
rollin	NOUN	rollin
mcpherson	PROPN	mcpherson
bulb	PROPN	ampoule
spine	NOUN	épines
macy	NOUN	macy
nakamura	NOUN	nakamura
greenberg	PROPN	greenberg
ode	PROPN	ode
aqueduct	NOUN	aqueduc
rubbish	PROPN	détritus
vasco	PROPN	vasco
simulate	VERB	simulées
oleg	NOUN	oleg
notch	VERB	entaille
greet	VERB	salué
choir	NOUN	chœurs
lew	PROPN	lew
jamal	ADJ	jamal
hermitage	NOUN	ermitage
trier	NOUN	trèves
iain	NOUN	iain
lakshmi	NOUN	lakshmi
versatile	ADJ	polyvalente
mundo	VERB	mundo
pedersen	VERB	pedersen
whale	VERB	baleiniers
bind	NOUN	lie
dim	PROPN	dim
bazaar	VERB	bazar
trieste	VERB	trieste
jedi	PROPN	jedi
luz	VERB	luz
firefighter	NOUN	pompiers
causeway	NOUN	chaussée
magdalena	PROPN	magdalena
mist	NOUN	brumes
galveston	PROPN	galveston
comte	NOUN	comte
parasite	NOUN	parasite
isabelle	NOUN	isabelle
fidelity	PROPN	fidélité
shenzhen	PROPN	shenzhen
offense	VERB	offense
bake	VERB	cuit
lure	VERB	appât
roundabout	VERB	détournée
pointe	NOUN	pointe
parasitic	ADJ	parasites
solvent	NOUN	solvant
scotch	VERB	ecossais
valuation	NOUN	évaluation
diversion	NOUN	détournement
goldstein	PROPN	goldstein
cas	PROPN	cas
hunan	PROPN	hunan
dummy	PROPN	factice
kelvin	PROPN	kelvin
beaver	NOUN	castors
calvert	NOUN	calvert
inject	VERB	injectés
manipulate	VERB	manipulée
musically	ADV	musicalement
dialog	NOUN	dialogue
fluid	NOUN	fluides
slab	PROPN	brame
gram	NOUN	grammes
cantor	NOUN	cantor
carole	PROPN	carole
saigon	NOUN	saigon
gunner	PROPN	gunner
stray	VERB	errants
brightness	NOUN	luminosité
molina	NOUN	molina
obey	VERB	obéir
prism	NOUN	prisme
impend	VERB	imminent
sorrow	NOUN	tristesse
jarrett	PROPN	jarrett
dolore	NOUN	dolore
babylonian	PROPN	babylonien
curvature	NOUN	courbure
vip	VERB	vip
borg	PROPN	borg
torquay	NOUN	torquay
antibodie	VERB	anticorps
crack	NOUN	fissures
heidi	PROPN	heidi
yep	INTJ	ouaip
bergman	ADJ	bergman
christophe	NOUN	christophe
marko	PROPN	marko
maverick	NOUN	maverick
siam	NOUN	siam
apologize	VERB	excusé
daphne	VERB	daphné
jenna	PROPN	jenna
replacement	VERB	remplacements
frustrating	ADJ	frustrant
francesca	NOUN	francesca
takahashi	PROPN	takahashi
claudius	PROPN	claudius
scent	NOUN	odeur
charley	PROPN	charley
scam	NOUN	arnaquer
danzig	PROPN	danzig
stature	VERB	stature
emory	ADJ	emory
serial	NOUN	feuilletons
drunken	VERB	ivrogne
stall	VERB	calé
clapton	PROPN	clapton
compile	NOUN	compilation
huber	ADV	huber
obesity	NOUN	obésité
hyper	VERB	hyper
siegfrie	VERB	siegfrie
candle	NOUN	bougie
allowance	NOUN	allocation
islamist	NOUN	islamistes
oversee	NOUN	supervise
jai	NOUN	jai
hodge	NOUN	hodge
mathew	NOUN	mathew
parcel	NOUN	parcelle
godfather	ADV	parrain
cuckoo	NOUN	coucou
breeze	PROPN	brise
mitochondrial	ADJ	mitochondriale
duc	PROPN	duc
hurley	NOUN	hurley
emery	NOUN	emery
madeira	PROPN	madère
chihuahua	PROPN	chihuahua
kali	PROPN	kali
hezbollah	PROPN	hezbollah
vibrant	ADJ	vibrante
ingrid	PROPN	ingrid
indochina	PROPN	indochine
chow	NOUN	chow
original	NOUN	originaux
wren	PROPN	wren
weld	VERB	soudage
vigorous	ADJ	vigoureux
congenital	ADJ	congénitales
tolerate	VERB	tolérer
menace	NOUN	malice
marek	NOUN	marek
mckenna	NOUN	mckenna
showdown	PROPN	confrontation
shrew	PROPN	mégère
rebirth	NOUN	renaissance
gujarati	PROPN	gujarati
identifiable	ADJ	identifiables
lyle	NOUN	lyle
booster	NOUN	booster
stealth	PROPN	furtif
decatur	VERB	decatur
newsweek	PROPN	newsweek
moshe	PROPN	moshe
greyhound	VERB	greyhound
korean	NOUN	coréens
zulu	VERB	zoulou
ferris	PROPN	ferris
ripley	PROPN	ripley
ostensibly	ADV	ostensiblement
abduct	VERB	enlevées
floral	ADJ	floraux
mazda	PROPN	mazda
sequential	ADJ	séquentiel
entertainer	NOUN	animateurs
gaddafi	NOUN	kadhafi
croat	NOUN	croates
czar	NOUN	tsar
ter	NOUN	ter
sousa	NOUN	sousa
lynne	PROPN	lynne
kepler	PROPN	kepler
sheriff	NOUN	shérifs
mohawk	PROPN	mohawk
hawthorne	VERB	hawthorne
laude	VERB	laude
dose	NOUN	dose
ape	NOUN	singe
nazareth	PROPN	nazareth
jess	NOUN	jess
magnesium	NOUN	magnésium
societal	NOUN	sociétaux
yamaguchi	PROPN	yamaguchi
armada	PROPN	armada
athena	NOUN	athéna
can	VERB	conserves
favorite	NOUN	favoris
gladys	VERB	gladys
vincenzo	NOUN	vincenzo
bogus	ADJ	bidon
gathering	NOUN	rassemblements
privilege	VERB	privilégié
pollock	NOUN	pollock
kant	NOUN	kant
warp	VERB	distorsion
domino	NOUN	dominos
op	NOUN	spo
disneyland	PROPN	disneyland
resurrect	VERB	ressuscités
radiant	NOUN	radieuse
henrietta	NOUN	henriette
sonar	PROPN	sonar
acquaintance	NOUN	connaissance
clancy	NOUN	clancy
contrast	VERB	contrastes
appliance	NOUN	électroménagers
socket	NOUN	douilles
harmon	PROPN	harmon
sikh	NOUN	sikh
muzzle	VERB	museau
bitch	VERB	salope
impress	VERB	épater
pantheon	NOUN	panthéon
duran	PROPN	duran
ignatius	NOUN	ignace
lcd	NOUN	lcd
astro	PROPN	astro
clermont	PROPN	clermont
scary	VERB	effrayante
genie	PROPN	génie
despair	NOUN	désespoir
undermine	VERB	saper
joanne	NOUN	françoise
buff	PROPN	chamois
jurisprudence	NOUN	jurisprudence
andersson	PROPN	andersson
cutler	PROPN	cutler
rostov	NOUN	rostov
jaw	NOUN	mâchoires
goodwill	NOUN	bienveillance
grim	ADJ	sinistre
atrocity	NOUN	atrocités
cowan	PROPN	cowan
supplement	NOUN	compléments
synthesized	VERB	synthétisé
grimm	NOUN	grimm
erroneous	ADJ	erronée
rouen	PROPN	rouen
buena	PROPN	buena
amadeus	NOUN	amadeus
guatemalan	PROPN	guatémaltèque
chateau	NOUN	château
liar	VERB	menteuse
paddle	NOUN	raquette
hostel	NOUN	auberge
mandy	ADJ	mandy
jaya	NOUN	jaya
josiah	PROPN	josiah
theta	NOUN	theta
medial	ADJ	médial
regime	VERB	régimes
sticky	ADJ	collants
vent	VERB	évent
motel	NOUN	motel
jena	PROPN	jena
karel	PROPN	karel
ture	VERB	ture
superhuman	PROPN	surhumaine
psalm	NOUN	psaume
bal	ADJ	bal
winery	NOUN	vinicole
backstage	NOUN	coulisses
bromley	NOUN	bromley
primate	VERB	primates
discount	VERB	actualisé
rave	VERB	teuf
mcintyre	NOUN	mcintyre
bae	NOUN	bae
pause	VERB	interrompre
zee	PROPN	zee
garment	NOUN	vêtement
nikolay	NOUN	nikolaï
catfish	NOUN	catfish
markham	PROPN	markham
kiss	NOUN	baisers
sig	NOUN	sig
sabine	VERB	sabine
defiance	NOUN	défiance
lucrative	ADJ	lucratif
rudd	PROPN	rudd
ara	PROPN	ara
biz	PROPN	biz
campos	NOUN	campos
nguyen	PROPN	nguyen
cactus	NOUN	cactus
firth	NOUN	firth
milky	ADJ	lactée
mule	ADJ	mulet
teller	NOUN	teller
serum	NOUN	sérum
tarzan	NOUN	tarzan
kindness	NOUN	amabilité
tempest	NOUN	tempête
swinge	VERB	balancer
amateur	NOUN	amateur
blacksmith	ADP	forgeron
deportation	NOUN	expulsion
bland	VERB	fade
sincere	ADJ	sincère
empowerment	NOUN	émancipation
mildre	VERB	mildre
awake	ADJ	éveillée
faulty	ADJ	défectueuse
fran	PROPN	fran
closet	NOUN	placard
intuitive	VERB	intuitif
admiration	NOUN	admiration
pepsi	PROPN	pepsi
alla	NOUN	alla
multiply	VERB	multiplication
reuse	VERB	réutilisation
estrada	PROPN	estrada
kei	VERB	kei
converter	NOUN	convertisseur
avoidance	NOUN	éviter
marley	NOUN	marley
nsa	PROPN	nsa
fucking	INTJ	putain
brawl	NOUN	bagarre
redundancy	NOUN	redondant
erasmus	NOUN	erasmus
fairchild	ADJ	fairchild
thinker	NOUN	penseurs
tesla	NOUN	tesla
rodent	NOUN	rongeur
brace	NOUN	accolade
tangent	NOUN	tangente
ruthless	ADJ	impitoyable
valentin	PROPN	valentin
corrosion	NOUN	corrosion
regression	NOUN	régression
equator	NOUN	équateur
ascend	VERB	ascendante
glam	PROPN	glam
groundwater	NOUN	souterraine
vulcan	PROPN	vulcain
sible	VERB	frère
clutter	NOUN	encombrement
stacey	NOUN	stacey
blackout	NOUN	panne
erskine	NOUN	erskine
dade	NOUN	dade
toulon	NOUN	toulon
poisonous	ADJ	venimeux
accompaniment	NOUN	accompagnement
trajectory	NOUN	trajectoire
fallout	NOUN	retombée
audition	VERB	auditionné
becky	PROPN	becky
anarchy	NOUN	anarchie
arias	PROPN	arias
calculator	NOUN	calculatrice
gama	PROPN	gama
marital	ADJ	conjugal
bender	NOUN	beuverie
britney	NOUN	britney
leukemia	VERB	leucémie
coyote	VERB	passeur
fitzpatrick	ADV	fitzpatrick
eun	ADJ	eun
esoteric	ADJ	ésotériques
omnibus	NOUN	omnibus
slice	VERB	tranche
drastic	ADJ	drastique
laughter	NOUN	rire
gland	NOUN	glandes
samoan	PROPN	samoan
tchaikovsky	NOUN	tchaïkovski
austen	VERB	austen
charismatic	PROPN	charismatique
lesion	NOUN	lésions
simeon	PROPN	simeon
abstraction	NOUN	abstrait
cid	NOUN	cid
mammoth	NOUN	mammouth
healy	PROPN	healy
fallon	NOUN	fallon
volta	NOUN	volta
thorne	VERB	thorne
clemen	NOUN	clemen
meme	NOUN	mème
fabricate	VERB	fabriqué
temp	NOUN	température
rumble	ADJ	baston
titanium	NOUN	titane
osman	NOUN	osman
grover	NOUN	grover
adele	PROPN	adèle
pin	VERB	épinglé
elsa	NOUN	elsa
soho	PROPN	soho
tun	VERB	tun
braga	NOUN	braga
constantin	NOUN	constantin
mustard	NOUN	moutarde
regal	PROPN	regal
bestseller	NOUN	bestseller
wessex	NOUN	wessex
bolshevik	NOUN	bolchevique
isla	PROPN	isla
karin	PROPN	karine
grenade	NOUN	grenade
hun	PROPN	hun
steamboat	NOUN	steamboat
leonid	PROPN	leonid
secrecy	NOUN	secret
flock	NOUN	troupeau
fukushima	PROPN	fukushima
essen	VERB	essen
breakout	VERB	éveillée
prostate	NOUN	prostate
tariff	NOUN	tarifaire
exponential	NOUN	exponentielle
upton	PROPN	upton
trillion	NUM	billion
williamsburg	NOUN	williamsburg
merton	PROPN	merton
janice	PROPN	janice
ellie	NOUN	ellie
improperly	ADV	incorrectement
wilfre	VERB	wilfre
shelter	VERB	protégé
methane	NOUN	méthane
thoughtful	ADJ	attentionné
keane	VERB	keane
pollen	NOUN	pollen
dieter	VERB	dieter
leah	INTJ	léa
yoon	ADV	yun
maru	NOUN	maru
chill	NOUN	froid
salazar	NOUN	salazar
liszt	NOUN	liszt
abduction	NOUN	enlèvements
turnbull	VERB	turnbull
jealousy	NOUN	jalousie
mandela	PROPN	mandela
diva	PROPN	diva
bethel	PROPN	bethel
maximus	PROPN	maximus
fontaine	NOUN	fontaine
mahmud	NOUN	mahmoud
wilcox	PROPN	wilcox
yellowstone	NUM	yellowstone
radically	ADV	radicalement
captive	NOUN	captifs
macbeth	PROPN	macbeth
thrash	VERB	thrash
burgo	NOUN	burgo
coe	VERB	coe
litter	NOUN	détritus
israelis	PROPN	israéliens
summit	VERB	sommets
residue	NOUN	résidus
orr	PROPN	orr
hess	NOUN	hess
keate	VERB	keate
pendleton	PROPN	pendleton
wait	NOUN	attend
zelda	NOUN	zelda
laird	PROPN	laird
stimulate	VERB	stimuler
primate	NOUN	primate
spree	NOUN	spree
mora	PROPN	mora
legit	VERB	légitime
validation	NOUN	valider
rasmussen	VERB	rasmussen
cosmetic	ADJ	cosmétique
showtime	NOUN	showtime
bullock	PROPN	bullock
eel	PROPN	anguilles
isotope	NOUN	isotopique
abandonment	NOUN	abandon
provocative	ADJ	provocateur
lazarus	PROPN	lazare
elastic	ADJ	élastique
gideon	PROPN	gédéon
scully	ADV	scully
elf	NOUN	lutins
vulnerability	NOUN	vulnérabilité
rockwell	VERB	rockwell
larkin	NOUN	larkin
hedgehog	ADV	hérisson
bryce	NOUN	bryce
authentication	NOUN	authentifier
crook	PROPN	escroc
hearst	ADV	hearst
anwar	ADJ	anwar
olympian	PROPN	olympien
amass	VERB	amassé
ina	PROPN	ina
camouflage	VERB	camoufler
temptation	NOUN	tentations
cisco	PROPN	cisco
fontana	PROPN	fontana
stuff	VERB	farcis
lobe	VERB	lobe
aden	PROPN	aden
pc	NOUN	pc
squid	PROPN	calmars
mesopotamia	NOUN	mésopotamie
dogg	VERB	dogg
jamestown	PROPN	jamestown
shortstop	VERB	bloqueur
milo	ADJ	milo
curly	ADV	bouclés
ryu	ADJ	ryu
ipad	PROPN	ipad
jimmie	PROPN	jimmie
fabulous	ADJ	fabuleuse
newell	VERB	newell
partridge	NOUN	perdrix
evict	VERB	expulsé
jonah	PROPN	jonas
mcmillan	PROPN	mcmillan
indictment	NOUN	accusation
alton	PROPN	alton
wellesley	NOUN	wellesley
oven	VERB	four
atm	NOUN	gab
dormitory	NOUN	dortoirs
jolly	ADV	jolly
temperament	NOUN	tempérament
charcoal	NOUN	charbon
indigo	PROPN	indigo
havre	PROPN	havre
marxism	NOUN	marxisme
horizontally	ADV	horizontalement
anonymously	ADV	anonymement
leung	PROPN	leung
lordship	NOUN	seigneurie
salad	VERB	salades
atheist	NOUN	athées
nestor	PROPN	nestor
spare	VERB	épargné
magnolia	NOUN	magnolia
willoughby	NOUN	willoughby
pinch	VERB	pincée
needle	NOUN	aiguilles
duluth	PROPN	duluth
raoul	PROPN	raoul
breaker	NOUN	breaker
tee	NOUN	tee
dustin	VERB	dustin
eskimo	NOUN	esquimaux
confinement	NOUN	confinement
gal	PROPN	gal
vaguely	ADV	vaguement
unnecessarily	ADV	inutilement
messina	PROPN	messine
mon	NOUN	mon
jasmine	NOUN	jasmin
curt	NOUN	curt
epsilon	NOUN	epsilon
gustave	ADJ	gustave
manchu	NOUN	manchu
pediatric	ADJ	pédiatrique
eyre	NOUN	eyre
banknote	NOUN	billets
orton	PROPN	orton
fresco	NOUN	fresques
frederik	PROPN	frederik
khalifa	PROPN	khalifa
epsom	VERB	epsom
applicant	ADJ	requérant
riddle	NOUN	énigme
apocalyptic	ADJ	apocalyptique
foliage	NOUN	feuillage
timetable	NOUN	horaires
gorman	NOUN	gorman
therapist	NOUN	thérapeute
predictable	ADJ	prévisible
gutenberg	PROPN	gutenberg
transcribe	VERB	transcrit
guineas	NOUN	guinées
jameson	PROPN	jameson
peyton	PROPN	peyton
kraft	NOUN	kraft
peugeot	PROPN	peugeot
montrose	NOUN	montrose
strata	VERB	strates
derogatory	ADJ	dérogatoire
locale	PROPN	locale
ashland	VERB	ashland
mentor	VERB	tutorat
abigail	VERB	abigail
glow	VERB	lueur
ionic	ADJ	ionique
massimo	VERB	massimo
chechen	PROPN	tchétchène
alexei	ADV	alexeï
purcell	VERB	purcell
telegram	PROPN	télégramme
mic	ADJ	micro
harass	VERB	harcelés
pathogen	NOUN	pathogènes
rene	PROPN	rené
demote	VERB	rétrogradé
restraint	NOUN	retenue
oop	NOUN	oups
journalistic	ADJ	journalistique
este	NOUN	este
outrage	NOUN	indignation
commando	VERB	commando
flatten	VERB	aplati
ferrer	NOUN	ferrer
lace	NOUN	lacets
wilbur	NOUN	wilbur
arrogant	ADJ	arrogants
elle	NOUN	elle
moderator	NOUN	modérateur
forgiveness	NOUN	pardonner
aspiration	NOUN	aspirations
wilton	PROPN	wilton
maitland	NOUN	maitland
kota	PROPN	kota
ellison	PROPN	ellison
cesar	VERB	césar
fabrication	NOUN	fabrication
injustice	NOUN	injustices
barron	VERB	barron
calabria	PROPN	calabre
coco	PROPN	coco
irs	PROPN	fisc
boo	NOUN	boo
kitchener	NOUN	kitchener
pei	PROPN	pei
nightingale	NOUN	rossignol
dentistry	NOUN	dentisterie
fresco	PROPN	fresque
chopra	NOUN	chopra
villier	NOUN	villier
cellar	VERB	cellier
dubois	PROPN	dubois
hackney	PROPN	hackney
bellevue	PROPN	bellevue
isaiah	PROPN	isaiah
weaponry	NOUN	armements
fox	NOUN	renards
fortuna	NOUN	fortuna
tanya	PROPN	tanya
mathieu	NOUN	mathieu
spice	NOUN	épices
gland	CCONJ	glande
additive	ADJ	additif
angie	PROPN	angie
burnham	PROPN	burnham
nexus	NOUN	nexus
brit	PROPN	brit
kimberly	ADV	kimberly
occult	NOUN	occulte
harvest	VERB	récoltés
syke	VERB	syke
menon	VERB	menon
improvisation	PROPN	impro
wainwright	ADV	wainwright
picturesque	ADJ	pittoresque
kathmandu	NOUN	katmandou
achille	VERB	achille
cabin	VERB	cabanes
annette	VERB	annette
stir	VERB	agiter
merritt	PROPN	merritt
gershwin	VERB	gershwin
unbiased	ADJ	impartial
spoon	VERB	cuillère
thierry	PROPN	thierry
oddly	ADV	bizarrement
helix	NOUN	hélice
supplemental	ADJ	supplémentaire
grill	NOUN	gril
ono	PROPN	ono
cautious	ADJ	prudente
branch	VERB	branchement
rockford	PROPN	rockford
tubular	ADJ	tubulaires
imperialism	NOUN	impérialisme
havoc	NOUN	ravages
atheism	NOUN	athéisme
gillian	NOUN	gillian
intern	NOUN	stagiaire
sequence	VERB	séquençage
allegro	NOUN	allegro
shamrock	NOUN	trèfle
inference	NOUN	déduire
arden	PROPN	arden
ric	PROPN	ric
peat	NOUN	tourbe
bop	NOUN	bop
asher	PROPN	asher
pharmaceutical	NOUN	pharmaceutique
festivity	NOUN	festivités
barrington	X	barrington
princess	NOUN	princess
bargain	VERB	marchandage
reuben	PROPN	ruben
bam	NOUN	bam
ringo	PROPN	ringo
rendezvous	ADJ	rendezvous
reckless	ADJ	imprudente
margarita	PROPN	marguerite
venerable	ADJ	vénérable
unpaid	ADJ	impayés
berber	NOUN	berbère
omission	NOUN	omissions
juda	NOUN	juda
fabio	NOUN	fabio
grafton	PROPN	grafton
tempt	VERB	tentée
nicholl	NOUN	nicholl
wendell	PROPN	wendell
intermittent	ADJ	intermittente
rag	NOUN	chiffon
azad	NOUN	azad
gardener	NOUN	jardinier
color	VERB	coloriage
dahl	VERB	dahl
spike	NOUN	piques
gallo	PROPN	gallo
billing	NOUN	facturation
enrage	VERB	enragée
inca	PROPN	incas
residual	ADJ	résiduelles
hurst	VERB	hurst
katharine	PROPN	katharine
jerzy	NOUN	jerzy
duane	VERB	duane
moritz	PROPN	moritz
hemingway	NOUN	hemingway
ape	VERB	singes
springsteen	PROPN	springsteen
southland	NOUN	southland
jehovah	PROPN	jéhovah
appleton	PROPN	appleton
erika	PROPN	erika
penelope	PROPN	pénélope
regan	VERB	regan
puck	NOUN	rondelle
mcgregor	VERB	macgregor
heartland	NOUN	heartland
footprint	NOUN	empreinte
distinguishe	NOUN	distingue
blanchard	PROPN	blanchard
lowry	NOUN	lowry
panoramic	NOUN	panoramiques
kingsley	NOUN	kingsley
adjective	NOUN	adjectifs
amp	PROPN	ampli
yoo	PROPN	yoo
microscope	NOUN	microscopie
aggressively	ADV	agressivement
kellogg	PROPN	kellogg
umar	PROPN	umar
forehead	PROPN	front
conqueror	NOUN	conquérant
emile	ADJ	émile
augusto	PROPN	augusto
alameda	PROPN	alameda
discretionary	ADJ	discrétionnaires
faye	NOUN	faye
gnome	VERB	nain
kwan	PROPN	kwan
instinct	NOUN	instinctivement
mechanize	VERB	mécanisé
pulpit	NOUN	chaire
flee	NOUN	fuit
viper	NOUN	vipère
vassal	NOUN	vassaux
deutschland	VERB	deutschland
almeida	PROPN	almeida
penetrate	VERB	pénètrent
pau	PROPN	pau
stallion	NOUN	étalon
michelin	PROPN	michelin
brill	VERB	brill
dorchester	NOUN	dorchester
plot	VERB	comploter
hermit	VERB	ermite
tung	PROPN	tung
chariot	NOUN	char
pavement	NOUN	trottoir
brake	VERB	freinage
bureaucratic	ADJ	bureaucratiques
gunnar	NOUN	gunnar
grind	VERB	rectification
registrar	NOUN	greffier
imperative	NOUN	impérative
rankin	NOUN	rankin
charlemagne	PROPN	charlemagne
combo	PROPN	combinaison
recapture	VERB	repris
nasser	PROPN	nasser
himalayan	PROPN	himalaya
ellsworth	NOUN	ellsworth
greenfield	VERB	greenfield
transatlantic	ADJ	transatlantique
hardin	VERB	hardin
sakura	NOUN	sakura
nawab	VERB	nawab
sway	VERB	influencer
invariably	ADV	invariablement
transient	VERB	transitoires
frazi	ADJ	frazi
tailor	NOUN	tailleur
nietzsche	PROPN	nietzsche
supper	VERB	souper
piotr	NOUN	piotr
gaul	NOUN	gaulois
smackdown	PROPN	smackdown
nocturnal	ADJ	nocturnes
magdalene	VERB	madeleine
unilateral	NOUN	unilatéral
hilly	ADV	hilly
darby	PROPN	darby
trough	NOUN	creux
cure	VERB	guérie
albanians	PROPN	albanais
squire	NOUN	écuyer
meade	VERB	meade
symmetrical	ADJ	symétriques
heller	NOUN	heller
starvation	NOUN	famine
abdel	PROPN	abdel
jean	NOUN	jean
gamer	NOUN	joueurs
lid	NOUN	couvercle
dunlop	VERB	dunlop
carmichael	PROPN	carmichael
embarrass	VERB	gênant
snack	NOUN	goûter
rampage	NOUN	saccage
azure	ADJ	azur
mun	VERB	mun
cali	PROPN	cali
vittorio	PROPN	vittorio
fenton	PROPN	fenton
contradict	VERB	contredit
henson	NOUN	henson
izmir	PROPN	izmir
deng	PROPN	deng
barbarian	PROPN	barbare
maori	VERB	maorie
nur	VERB	nour
ish	VERB	ish
familiarity	NOUN	familiarité
massively	ADV	massivement
holm	NOUN	holm
kgb	PROPN	kgb
donnelly	ADV	donnelly
flair	NOUN	flair
polynesia	PROPN	polynésie
clover	NOUN	trèfle
soy	NOUN	soya
valiant	NOUN	vaillants
couch	NOUN	canapé
hine	NOUN	hine
rubble	NOUN	décombres
winslow	ADJ	winslow
aramaic	ADJ	araméen
siegel	NOUN	siegel
andrey	NOUN	andreï
lexicon	PROPN	lexique
bakersfield	VERB	bakersfield
colourful	ADJ	coloré
soprano	VERB	soprano
bump	VERB	bosse
athenian	PROPN	athénien
paranoid	ADJ	parano
gel	PROPN	gel
risky	ADJ	risqués
bathe	VERB	baignade
duly	ADV	dûment
mixer	NOUN	mixeur
inhibition	NOUN	inhibition
tracey	PROPN	tracey
fission	NOUN	fission
barrio	NOUN	barrio
lear	VERB	lear
eviction	NOUN	expulsion
corinthian	NOUN	corinthiens
temperance	NOUN	temperance
fraudulent	ADJ	frauduleuses
catastrophic	ADJ	catastrophiques
sabrina	PROPN	sabrina
scroll	VERB	défilement
funky	ADJ	funky
sato	PROPN	sato
mania	PROPN	manie
mango	PROPN	mangues
copeland	VERB	copeland
confederate	NOUN	confédérés
roberta	PROPN	roberta
sargent	VERB	sargent
astra	ADJ	astra
banco	PROPN	banco
adolph	PROPN	adolphe
bite	VERB	mordant
punta	NOUN	punta
prank	VERB	blague
jelly	ADV	confiture
fredrik	NOUN	fredrik
turbulent	ADJ	agitée
oder	NOUN	oder
jana	PROPN	jana
godzilla	NOUN	godzilla
arbitrarily	ADV	arbitrairement
maestro	PROPN	maestro
davy	PROPN	davy
erode	VERB	éroder
blanca	PROPN	blanca
ambush	VERB	embuscade
capcom	PROPN	capcom
battista	PROPN	battista
eminem	PROPN	eminem
scan	NOUN	scan
manifestation	NOUN	manifestation
mentality	NOUN	mentalité
orson	NOUN	orson
cosmopolitan	PROPN	cosmopolite
triad	VERB	triades
fill	NOUN	remplit
pill	NOUN	pilules
marge	VERB	marge
jonny	PROPN	jonny
crook	VERB	tordu
aqua	PROPN	aqua
carbonate	PROPN	carbonate
fjord	NOUN	fjord
godwin	PROPN	godwin
iqbal	ADJ	iqbal
yuen	NOUN	yuen
betsy	PROPN	betsy
folder	NOUN	dossier
breadth	NOUN	largeur
cheney	PROPN	cheney
core	VERB	noyaux
ipod	ADJ	ipod
conscription	NOUN	conscription
batter	VERB	batteur
flush	NOUN	bouffées
hiroshi	PROPN	hiroshi
vertigo	ADP	vertige
incarcerate	VERB	incarcérées
keynote	VERB	keynote
armory	NOUN	armurerie
poppy	ADJ	pavot
shady	ADJ	louche
bead	NOUN	perles
creditor	NOUN	créditeurs
coward	ADV	lache
mimi	PROPN	mimi
grime	VERB	grime
dakar	NOUN	dakar
slug	VERB	limace
square	VERB	carré
nazism	NOUN	nazisme
mimic	PROPN	imiter
anatomical	ADJ	anatomique
mccann	PROPN	mccann
experiment	VERB	expérimenter
andrzej	PROPN	andrzej
scala	VERB	scala
insulation	NOUN	isolation
horn	VERB	cornu
aromatic	ADJ	aromatiques
deplete	VERB	appauvri
douglass	NOUN	douglass
rodrigue	VERB	rodrigue
hatfield	NOUN	hatfield
misery	NOUN	malheur
explode	PROPN	exploser
tyre	NOUN	pneumatiques
breakaway	NOUN	échappée
sporadic	ADJ	sporadique
mika	NOUN	mika
custer	VERB	custer
lyman	NOUN	lyman
undesirable	ADJ	indésirable
dispose	VERB	éliminés
aeronautic	NOUN	aéronautique
smallpox	VERB	variole
crusade	NOUN	croisades
lust	ADV	désir
logically	ADV	logiquement
gratitude	VERB	gratitude
tentative	NOUN	hésitante
naga	NOUN	naga
niel	NOUN	niel
enigma	NOUN	énigme
insanity	NOUN	démence
platt	NOUN	platt
leighton	PROPN	leighton
whisky	NOUN	whisky
ami	PROPN	ami
parisian	PROPN	parisiennes
lucie	PROPN	lucie
cruise	VERB	croisière
mort	VERB	mort
baggage	NOUN	bagages
kendrick	VERB	kendrick
slick	ADJ	slick
saba	PROPN	saba
sadie	PROPN	sadie
balfour	NOUN	balfour
osborn	VERB	osbourne
gaius	NOUN	caius
pasture	NOUN	pâturage
jimi	PROPN	jimi
bassett	PROPN	bassett
mira	PROPN	mira
kia	NOUN	kia
alcoholism	NOUN	alcoolisme
grassland	NOUN	herbages
outrageous	ADJ	scandaleux
segregate	VERB	ségrégation
hepburn	VERB	hepburn
router	NOUN	routeur
francois	NOUN	françois
distract	VERB	distrait
furnish	VERB	meublé
verbatim	ADV	verbatim
inquisition	NOUN	inquisition
pst	ADJ	pst
shortcut	VERB	raccourci
letterman	NOUN	letterman
aldo	PROPN	aldo
zimmerman	PROPN	zimmerman
exhaustive	ADJ	exhaustifs
shooting	NOUN	fusillades
jeep	VERB	jeep
florian	PROPN	florian
ramirez	PROPN	ramirez
zachary	PROPN	zachary
mauro	PROPN	mauro
optimistic	ADJ	optimiste
gadget	NOUN	gadget
cramer	NOUN	cramer
lacey	VERB	lacy
ligament	NOUN	ligament
spore	NOUN	spore
presumption	NOUN	présomptions
ashford	NOUN	ashford
utopia	NOUN	utopique
solid	NOUN	solides
choreograph	VERB	chorégraphié
agatha	ADJ	agathe
lad	ADJ	lad
kimball	PROPN	kimball
dentist	NOUN	dentiste
adi	NOUN	dja
schwarz	NOUN	schwarz
sulfate	VERB	sulfate
corsica	PROPN	corse
cosmetic	NOUN	cosmétique
skirt	VERB	jupe
jaipur	NOUN	jaipur
esa	NOUN	ase
csi	PROPN	csi
inorganic	NOUN	inorganiques
phosphorus	NOUN	phosphore
accelerator	NOUN	accélérateur
kettle	NOUN	bouilloire
fatally	ADV	mortellement
char	PROPN	char
mccall	VERB	mccall
triangle	VERB	triangle
reflex	NOUN	réflexe
norbert	PROPN	norbert
dauphin	VERB	dauphin
rectory	NOUN	presbytère
asahi	NOUN	asahi
unicorn	NOUN	licornes
diner	X	diner
nilsson	NOUN	nilsson
primer	NOUN	apprêt
beatty	PROPN	beatty
moray	NOUN	moray
ata	ADV	ata
our	NOUN	nôtre
crawley	NOUN	crawley
linn	VERB	linn
scientifically	ADV	scientifiquement
sheng	PROPN	sheng
heresy	NOUN	hérésie
layer	VERB	superposés
fran	NOUN	fran
tak	NOUN	tak
privatization	NOUN	privatisations
aguilera	NOUN	aguilera
irrational	ADJ	irrationnel
finalize	VERB	finalisé
widow	VERB	veuves
uta	ADJ	uta
klan	PROPN	klan
anthropological	PROPN	anthropologique
brody	NOUN	brody
stall	NOUN	stalles
gaulle	PROPN	gaulle
enjoyable	ADJ	agréable
gigantic	ADJ	gigantesques
illumination	NOUN	éclairage
spit	VERB	crache
solos	PROPN	solos
vidal	NOUN	vidal
porte	NOUN	porte
luka	PROPN	luka
maximize	VERB	maximisation
livingstone	NOUN	livingstone
dunne	PROPN	dunne
nikita	PROPN	nikita
jura	PROPN	jura
originality	NOUN	originalité
preschool	VERB	préscolaire
enhance	NOUN	améliore
forsyth	PROPN	forsyth
oskar	PROPN	oskar
shiny	ADJ	brillant
widen	VERB	élargi
apt	ADJ	apt
immature	ADJ	immatures
visualization	NOUN	visualiser
mcfarland	PROPN	mcfarland
felony	NOUN	crime
marriott	NOUN	marriott
ruben	PROPN	ruben
ymca	NOUN	ymca
mummy	PROPN	momie
edict	PROPN	édit
cry	NOUN	pleure
sima	PROPN	sima
violently	ADV	violemment
flanagan	PROPN	flanagan
climber	NOUN	grimpeurs
horatio	NOUN	horatio
ito	PROPN	ito
eugen	NOUN	eugen
horst	ADV	horst
emit	VERB	émises
philanthropic	NOUN	philanthropiques
kowloon	NOUN	kowloon
nirvana	PROPN	nirvana
enchant	VERB	enchanté
exemplary	VERB	exemplaires
conn	PROPN	conn
chavez	NOUN	chavez
dwyer	PROPN	dwyer
filippo	PROPN	filippo
undo	VERB	défait
tab	NOUN	onglets
pronounce	NOUN	prononcer
wrought	PROPN	forgé
ultraviolet	ADJ	ultraviolets
parade	VERB	défilés
franc	NOUN	francs
polynesian	NOUN	polynésienne
emu	PROPN	uem
latina	PROPN	latines
tuna	NOUN	thon
whitaker	NOUN	whitaker
abstain	VERB	abstenir
resin	NOUN	résines
greer	VERB	greer
joseon	PROPN	joseon
vest	NOUN	gilet
pagoda	PROPN	pagode
wal	PROPN	wal
zamora	X	zamora
bayou	NOUN	bayou
casimir	NOUN	casimir
nutritional	ADJ	nutritionnelles
kickboxing	NOUN	kickboxing
cochran	PROPN	cochran
temper	VERB	tempérée
cholera	NOUN	choléra
salsa	VERB	salsa
andalusia	PROPN	andalousie
braille	PROPN	braille
salman	NOUN	salman
jen	PROPN	jen
commence	NOUN	commencez
ornate	VERB	orné
hallmark	NOUN	poinçon
situ	NOUN	situ
egan	PROPN	egan
archduke	PROPN	archiduc
van	NOUN	fourgons
feldman	PROPN	feldman
mcnamara	NOUN	mcnamara
aguilar	ADJ	aguilar
bash	NOUN	bash
condor	NOUN	condor
necklace	NOUN	collier
perish	VERB	péri
liter	NOUN	litre
sewer	NOUN	égout
vanilla	NOUN	vanille
quartermaster	NOUN	intendant
constraint	VERB	contrainte
faisal	NOUN	faisal
socrate	NOUN	socrate
dobson	PROPN	dobson
kun	PROPN	kun
rig	VERB	truquées
quake	NOUN	tremblement
calf	NOUN	veau
enrich	VERB	enrichie
antibiotic	NOUN	antibiotique
ferrara	NOUN	ferrara
selena	NOUN	selena
heap	NOUN	tas
maher	NOUN	maher
joshi	PROPN	joshi
microscopic	ADJ	microscopiques
lei	VERB	lei
sleeper	NOUN	traverses
vitro	X	vitro
coarse	ADV	grossier
lister	ADV	lister
astor	NOUN	astor
bookstore	VERB	librairie
cigar	NOUN	cigare
rampant	ADJ	rampant
sacrifice	VERB	sacrifié
aquina	NOUN	aquina
hartman	NOUN	hartman
arterial	ADJ	artérielle
rudder	NOUN	gouvernail
diablo	NOUN	diablo
pia	NOUN	pia
carly	ADV	carly
sila	NOUN	sila
mana	PROPN	mana
indira	PROPN	indira
blindness	NOUN	cécité
wanda	PROPN	wanda
internment	NOUN	internement
embankment	NOUN	digue
abba	ADJ	abba
mojo	ADJ	mojo
bellamy	ADJ	bellamy
hou	VERB	hou
rosenthal	PROPN	rosenthal
vortex	NOUN	tourbillon
redwood	NOUN	redwood
anxious	ADJ	angoissé
dalai	PROPN	dalaï
reclaim	VERB	récupérés
cocoa	NOUN	cacao
expressive	ADJ	expressif
flame	VERB	flame
rebellious	ADJ	rebelle
cassandra	NOUN	cassandra
kok	PROPN	kok
kew	VERB	kew
ammonia	NOUN	ammoniac
mahal	PROPN	mahal
rousseau	NOUN	rousseau
vulture	ADJ	vautour
trujillo	PROPN	trujillo
peke	VERB	pékin
filly	ADV	pouliche
convertible	ADJ	convertibles
riff	NOUN	riff
ortega	PROPN	ortega
impairment	VERB	altération
sculpt	VERB	sculpté
magnate	NOUN	magnat
impartial	ADJ	impartiaux
rojas	PROPN	rojas
ent	NOUN	ent
wadi	NOUN	oued
tad	NOUN	tad
mathew	PROPN	mathew
jacobite	PROPN	jacobite
cree	VERB	cri
sham	PROPN	simulacre
cryptic	ADJ	énigmatique
spoiler	NOUN	aileron
nell	VERB	nell
cham	PROPN	cham
mathia	NOUN	mathia
saturate	VERB	saturée
martinique	NOUN	martinique
pious	ADJ	pieux
diversify	VERB	diversifiées
hospitalize	VERB	hospitalisé
notebook	NOUN	carnet
adoptive	ADJ	adoptif
pendulum	NOUN	pendule
gonzalo	PROPN	gonzalo
himalayas	NOUN	himalaya
inhibit	VERB	inhiber
haig	PROPN	haig
raft	NOUN	radeau
yamamoto	PROPN	yamamoto
boon	NOUN	boon
vogel	NOUN	vogel
westport	NOUN	westport
authoritarian	PROPN	autoritaire
zodiac	NOUN	zodiaque
goodness	INTJ	bonté
marcia	PROPN	marcia
mcconnell	ADV	mcconnell
quan	PROPN	quan
sixty	NOUN	sixty
matteo	NOUN	matteo
bra	NOUN	bra
topeka	NOUN	topeka
grenoble	PROPN	grenoble
cesare	NOUN	cesare
traitor	NOUN	traitre
convict	NOUN	condamnés
starship	NOUN	vaisseau
proctor	NOUN	proctor
comfortably	ADV	confortablement
cock	NOUN	queue
artefact	NOUN	artefact
ivo	PROPN	ivo
haji	PROPN	hadji
extras	PROPN	figurants
fullerton	PROPN	fullerton
continual	PROPN	continuel
rhetorical	ADJ	rhétorique
skepticism	NOUN	scepticisme
internship	NOUN	stagiaire
sync	NOUN	synchronisation
philanthropy	NOUN	mécénat
marshal	NOUN	marshal
spec	NOUN	spécification
kristen	VERB	kristen
cuthbert	PROPN	cuthbert
lame	VERB	naze
schuster	NOUN	schuster
durable	ADJ	durables
memo	NOUN	mémo
ddr	PROPN	ddr
closure	NOUN	fermetures
hermes	PROPN	hermès
ponte	VERB	ponte
yuki	PROPN	yuki
orchestrate	VERB	orchestrée
posse	NOUN	posse
beverley	NOUN	beverley
slap	VERB	baffe
watanabe	PROPN	watanabe
lesley	PROPN	lesley
trident	ADJ	trident
trouser	NOUN	pantalon
craftsman	NOUN	artisan
waldo	PROPN	waldo
packet	NOUN	paquets
triathlon	NOUN	triathlon
croft	NOUN	croft
fina	PROPN	fina
naacp	PROPN	naacp
saline	NOUN	physio
majestic	ADJ	majestueuse
spelt	VERB	épeautre
vichy	NOUN	vichy
bastard	NOUN	bâtard
bryn	PROPN	bryn
fascinate	VERB	fasciné
entertain	NOUN	divertir
gustaf	PROPN	gustaf
debra	PROPN	debra
brandy	NOUN	cognac
messy	ADJ	désordre
tweed	VERB	tweed
shipment	NOUN	expédition
cipher	PROPN	chiffrement
mende	NOUN	mende
dissident	ADJ	dissidente
negligible	ADJ	négligeables
valor	PROPN	bravoure
umm	ADJ	umm
nyu	PROPN	nyu
alphonse	NOUN	alphonse
hackett	PROPN	hackett
selby	PROPN	selby
sapporo	VERB	sapporo
nagano	PROPN	nagano
mobilization	NOUN	mobilisation
dmitri	VERB	dimitri
revere	VERB	vénéré
lana	PROPN	lana
macpherson	PROPN	macpherson
frivolous	ADJ	frivole
cos	PROPN	cos
immortality	NOUN	immortalité
tyrant	NOUN	tyran
jia	PUNCT	jia
aura	PROPN	auras
zanzibar	NOUN	zanzibar
sine	VERB	sinus
immersion	NOUN	trempage
sava	PROPN	sava
reunite	NOUN	réunir
papacy	PROPN	papauté
escort	NOUN	escorte
paraphrase	NOUN	paraphraser
scarecrow	NOUN	épouvantail
osprey	PROPN	osprey
incheon	PROPN	incheon
papyrus	NOUN	papyrus
maui	PROPN	maui
motorize	VERB	motorisé
gracie	VERB	gracie
mercantile	NOUN	mercantile
amore	PROPN	amore
kanye	PROPN	kanye
projectile	NOUN	projectile
beautifully	ADV	joliment
stagecoach	VERB	diligence
wynn	PROPN	wynn
adjustable	ADJ	réglables
michelangelo	ADJ	michelangelo
extraterrestrial	ADJ	extraterrestre
raju	PROPN	raju
lodge	NOUN	lodge
wreckage	NOUN	épave
assimilation	NOUN	assimiler
zappa	PROPN	zappa
renato	PROPN	renato
thurston	PROPN	thurston
lubbock	VERB	lubbock
lorenz	PROPN	lorenz
etiquette	VERB	étiquette
creek	NOUN	criques
metallica	PROPN	metallica
bertram	PROPN	bertram
visionary	NOUN	visionnaire
peanut	NOUN	arachides
persian	NOUN	perses
heroism	NOUN	héroïsme
trey	NOUN	trey
hay	NOUN	hay
degrade	VERB	dégradée
routine	NOUN	routine
chet	NOUN	chet
noisy	ADV	bruyantes
dorado	PROPN	dorado
spitfire	NOUN	spitfire
posture	NOUN	postures
eater	NOUN	mangeur
luisa	NOUN	luisa
samba	NOUN	samba
transmitter	NOUN	émetteurs
ozone	NOUN	ozone
screening	NOUN	projections
cara	ADV	cara
dempsey	NOUN	dempsey
bertha	VERB	berta
deficient	VERB	déficiente
getty	NOUN	getty
excessively	ADV	excessivement
celia	PROPN	celia
laredo	PROPN	laredo
maternity	NOUN	maternité
assad	PROPN	assad
bloch	PROPN	bloch
pickere	VERB	pickere
distillery	NOUN	distillerie
tre	VERB	tre
mueller	NOUN	mueller
trumpeter	NOUN	trompettiste
thrush	NOUN	merle
hendrik	NOUN	hendrik
allot	VERB	alloués
enrichment	NOUN	enrichissement
heterosexual	ADJ	hétéro
tijuana	PROPN	tijuana
fidel	NOUN	fidel
render	NOUN	rend
medicare	VERB	medicare
hadley	PROPN	hadley
splendid	VERB	splendide
mifflin	NOUN	mifflin
hirsch	VERB	hirsch
pinnacle	PROPN	apogée
unfounde	VERB	infondées
bladder	NOUN	vessie
prematurely	ADV	prématurément
singleton	NOUN	singleton
dot	VERB	parsemé
marsden	PROPN	marsden
cong	VERB	cong
pilot	VERB	piloté
select	NOUN	sélectionne
bharat	PROPN	bharat
obligatory	ADJ	obligatoire
salim	VERB	salim
vibe	NOUN	ondes
hex	PROPN	sortilège
responsive	ADJ	réactive
lux	VERB	lux
intern	VERB	interné
respectfully	ADV	respectueusement
fearless	ADJ	intrépide
cabrera	VERB	cabrera
kanji	X	kanji
pandora	PROPN	pandore
siu	PROPN	siu
periphery	NOUN	périphérie
imperfect	VERB	imparfaite
lush	VERB	luxuriante
mustang	NOUN	mustang
harpsichord	NOUN	clavecin
sawmill	ADV	scieries
dane	VERB	danois
kochi	VERB	kochi
nugent	ADJ	nugent
lobe	NOUN	lobe
anson	NOUN	anson
scranton	PROPN	scranton
salina	NOUN	salina
frs	NOUN	frs
libby	PROPN	libby
gallon	NOUN	gallons
rainer	NOUN	rainer
werewolf	NOUN	garou
climatic	PROPN	climatiques
diffuse	VERB	diffus
eta	ADV	hap
quadrant	NOUN	quadrant
burbank	VERB	burbank
flavour	NOUN	arôme
tatiana	PROPN	tatiana
lourde	NOUN	lourde
seung	PROPN	seung
gestapo	PROPN	gestapo
huey	VERB	huey
bumper	NOUN	bumper
dusk	NOUN	crépuscule
cleric	NOUN	ecclésiastique
commonplace	NOUN	banale
paine	NOUN	paine
unc	VERB	unc
illustrious	ADJ	illustre
brink	NOUN	précipice
wildly	ADV	sauvagement
relaxation	NOUN	détente
chai	PROPN	chai
inversion	NOUN	inversion
glide	NOUN	glisse
reclamation	NOUN	revalorisation
customize	VERB	personnalisé
puppy	ADJ	chiot
gall	VERB	gall
vicky	ADJ	vicky
lehman	PROPN	lehman
buren	PROPN	buren
planner	NOUN	planificateur
juvenile	NOUN	juvéniles
garlic	NOUN	ail
gar	VERB	gar
mehmet	PROPN	mehmet
oldie	VERB	oldie
yak	NOUN	yak
rediscover	VERB	redécouvert
rob	VERB	cambriolé
fitz	PROPN	fitz
taboo	VERB	tabou
leverage	NOUN	levier
biosphere	ADV	biosphère
persistence	NOUN	persévérance
cereal	NOUN	céréale
counterfeit	ADJ	contrefait
antelope	PROPN	antilope
roar	NOUN	rugissement
rohan	PROPN	rohan
flex	ADJ	flex
alert	VERB	alerté
tierra	NOUN	tierra
bao	VERB	bao
reciprocal	ADJ	réciproque
kyung	PROPN	kyung
airship	NOUN	dirigeable
tombstone	VERB	tombstone
brutality	NOUN	brutalité
reim	NOUN	reim
stipulate	VERB	stipulé
elektra	PROPN	elektra
sanitary	PROPN	hygiénique
grind	NOUN	broyer
shalom	NOUN	shalom
gifford	NOUN	gifford
ballpark	PROPN	approximatif
manu	NOUN	manu
alas	INTJ	hélas
clandestine	ADJ	clandestins
midwestern	NOUN	midwest
guadalcanal	ADJ	guadalcanal
distraction	NOUN	distraction
roderick	NOUN	roderick
saxon	NOUN	saxon
silvio	NOUN	silvio
intersect	ADJ	intersection
lacy	NOUN	lacy
duplicate	NOUN	doublons
regatta	NOUN	régate
whistler	NOUN	whistler
tamara	PROPN	tamara
hana	PROPN	hana
commute	VERB	commuée
elsie	ADJ	elsie
elemental	ADJ	élémentaire
winfield	VERB	winfield
quorum	NOUN	quorum
herzog	VERB	herzog
inaccessible	ADJ	inaccessibles
persecute	VERB	persécutés
bret	VERB	bret
delaney	NOUN	delaney
interpersonal	ADJ	interpersonnelles
transistor	NOUN	transistors
pico	NOUN	pico
seizure	NOUN	saisies
spaceship	NOUN	vaisseau
crow	VERB	corbeaux
moo	PROPN	moo
taj	X	taj
barren	NOUN	aride
disable	ADJ	désactivation
britten	VERB	britten
hydra	PROPN	hydra
kidnap	NOUN	kidnapper
stampede	VERB	ruée
hogg	PROPN	hogg
chalmer	NOUN	chalmer
boulogne	VERB	boulogne
reincarnation	NOUN	réincarnation
minnie	PROPN	minnie
gottlieb	PROPN	gottlieb
still	VERB	still
millennia	NOUN	millénaires
bipolar	ADJ	bipolaire
sentimental	ADJ	sentimentale
billion	NOUN	milliards
grizzly	NOUN	grizzly
pedigree	VERB	généalogique
expressly	ADV	expressément
banish	VERB	banni
transformer	PROPN	transformateurs
hepatitis	NOUN	hépatite
dutton	PROPN	dutton
peacefully	ADV	pacifiquement
mulder	NOUN	mulder
reborn	ADJ	renaître
landau	NOUN	landau
embody	VERB	incarné
backlash	NOUN	contrecoup
colby	PROPN	colby
kristin	PROPN	kristin
dorsey	NOUN	dorsey
zebra	NOUN	zèbres
ditto	NOUN	idem
stigma	NOUN	stigmates
nudity	NOUN	nudité
leland	NOUN	leland
berman	NOUN	berman
statistically	ADV	statistiquement
olympu	NOUN	olympe
humanoid	VERB	humanoïde
finely	ADV	finement
suspense	NOUN	suspens
townshend	VERB	townshend
demi	NOUN	demi
infinitely	ADV	infiniment
surfer	VERB	surfeur
cochin	NOUN	cochin
bootleg	NOUN	bootleg
impoverished	ADJ	appauvri
predatory	NOUN	prédateurs
beak	VERB	bec
hurry	VERB	dépêche
prodigy	NOUN	prodige
auditory	ADJ	auditive
dorian	PROPN	dorian
benchmark	PROPN	référentiel
rang	PROPN	sonnait
palette	NOUN	palette
fortunate	ADJ	chanceux
gable	NOUN	pignons
cafeteria	PROPN	cafétéria
fluorescent	NOUN	fluo
swat	PROPN	swat
childish	ADJ	puéril
eel	NOUN	anguilles
constrain	VERB	contraint
carp	NOUN	carpes
perm	NOUN	perm
caller	NOUN	appelant
dictate	VERB	dictée
augustin	NOUN	augustin
interstellar	NOUN	interstellaire
blockbuster	NOUN	blockbuster
catarina	PROPN	catarina
crowe	NOUN	crowe
lark	PROPN	alouette
ubiquitous	ADJ	omniprésence
mayfield	VERB	mayfield
enroll	VERB	inscrire
linz	PROPN	linz
nellie	PROPN	nellie
fuch	VERB	fuch
dani	VERB	dany
heer	NOUN	heer
politely	ADV	poliment
hershey	NOUN	hershey
fernande	NOUN	fernande
antonia	PROPN	antonia
stu	PROPN	stu
helmet	NOUN	casques
extremist	NOUN	extrémiste
robe	NOUN	peignoir
lag	VERB	décalage
tripod	PROPN	trépied
merle	NOUN	merle
overdose	ADV	surdosage
giulio	NOUN	giulio
cahill	NOUN	cahill
interlude	VERB	interlude
schulz	NOUN	schulz
smartphone	NOUN	smartphones
snoop	NOUN	fouiner
pandit	NOUN	pandit
chew	VERB	mâche
mri	VERB	irm
lucille	PROPN	lucille
separatist	NOUN	séparatistes
wilfrid	PROPN	wilfrid
intellect	NOUN	intellect
larsson	NOUN	larsson
caterpillar	NOUN	chenille
varma	NOUN	varma
bargain	NOUN	aubaine
jock	NOUN	jock
reunification	NOUN	réunification
sarcastic	ADJ	sarcastique
loeb	NOUN	loeb
kala	PROPN	kala
haskell	PROPN	haskell
antibody	NOUN	anticorps
asthma	NOUN	asthme
skye	NOUN	skye
gregor	PROPN	gregor
horde	PROPN	hordes
asha	PROPN	asha
swarm	NOUN	essaims
frey	VERB	frey
susanna	NOUN	susanna
dizzy	ADJ	étourdi
spirit	VERB	fougueux
rada	PROPN	rada
uno	NOUN	uno
spielberg	NOUN	spielberg
gallipoli	NOUN	gallipoli
cinnamon	PROPN	cannelle
empower	VERB	habilité
myriad	ADJ	myriade
embryo	NOUN	embryon
can	NOUN	bidons
shang	PROPN	shang
bike	VERB	vélo
labyrinth	NOUN	labyrinthe
implicitly	ADV	implicitement
metaphysic	NOUN	métaphysique
suck	VERB	suce
funnel	NOUN	entonnoir
discredit	NOUN	discréditer
remington	PROPN	remington
arjun	NOUN	arjun
ante	VERB	ante
davison	NOUN	davison
nasir	NOUN	nasir
unexplaine	VERB	inexpliquée
sherry	PROPN	sherry
silvia	PROPN	silvia
coolidge	NOUN	coolidge
brahma	NOUN	brahma
fat	NOUN	graisses
epilepsy	PROPN	épilepsie
aidan	PROPN	aidan
sly	ADV	sournoise
nath	NOUN	nath
mukherjee	ADJ	mukherjee
holiness	NOUN	sainteté
nectar	PROPN	nectar
cleanse	VERB	nettoyant
agra	PROPN	agra
bower	NOUN	bower
midtown	ADV	midtown
artemis	PROPN	artemis
darcy	VERB	darcy
sausage	NOUN	saucisse
thermodynamic	NOUN	thermodynamique
brochure	NOUN	plaquette
cardboard	NOUN	carton
tallahassee	PROPN	tallahassee
adolescent	NOUN	adolescent
elliptical	ADJ	elliptique
departmental	ADJ	départemental
electrode	ADJ	électrode
hampstead	NOUN	hampstead
erase	VERB	effacée
taxpayer	NOUN	contribuable
minerva	PROPN	minerva
pusher	NOUN	poussoir
white	VERB	merlan
greed	NOUN	avidité
clearwater	NOUN	clearwater
condemnation	NOUN	condamnation
blackberry	NOUN	mûres
pullman	NOUN	pullman
sitcom	VERB	sitcom
cartwright	ADV	cartwright
kurd	NOUN	kurdes
resentment	NOUN	ressentiment
behavioural	ADJ	comportementaux
argentinian	PROPN	argentins
apparel	NOUN	habillement
montague	NOUN	montague
huff	PROPN	huff
extermination	NOUN	exterminer
signage	NOUN	enseignes
unsafe	ADJ	dangereux
roscoe	VERB	roscoe
avignon	NOUN	avignon
emmett	PROPN	emmett
bearing	NOUN	roulements
arne	ADJ	arne
machado	PROPN	machado
sana	VERB	sana
bonnet	NOUN	capot
fantasia	NOUN	fantasia
permian	PROPN	permian
checker	NOUN	vérificateur
haine	NOUN	haine
pinball	VERB	flipper
unicef	NOUN	unicef
patsy	PROPN	patsy
frequent	VERB	fréquentées
ornament	NOUN	parures
mcqueen	NOUN	mcqueen
insurrection	NOUN	insurrection
azul	VERB	azul
supernova	PROPN	supernova
fujiwara	VERB	fujiwara
crank	PROPN	manivelle
benoit	NOUN	benoît
oust	VERB	évincé
deterioration	NOUN	dégradation
herbal	ADJ	herbes
linen	NOUN	lin
engel	PROPN	engel
spectra	PROPN	spectres
pygmy	NOUN	pygmée
crucifixion	NOUN	crucifixion
adultery	NOUN	adultère
esteban	PROPN	esteban
bacterium	NOUN	bactérie
handicapped	VERB	handicapé
fiery	NOUN	fougueux
ruben	NOUN	ruben
hickory	ADV	hickory
gesture	NOUN	gestes
obstruction	NOUN	occlusion
sheen	VERB	sheen
ivor	NOUN	ivor
erickson	PROPN	erickson
sew	VERB	coudre
terri	ADJ	terri
dew	NOUN	rosée
vito	VERB	vito
pathogen	VERB	pathogène
pearl	NOUN	perles
casper	ADV	casper
corrupt	VERB	corrompu
immensely	ADV	immensément
mehta	NOUN	mehta
jeong	PROPN	jeong
forte	NOUN	forte
artisan	NOUN	artisan
tahiti	PROPN	tahiti
cassie	NOUN	cassie
sulphur	NOUN	soufre
modi	VERB	modi
eucalyptus	NOUN	eucalyptus
thrace	NOUN	thrace
astoria	PROPN	astoria
ashok	NOUN	ashok
figurative	ADJ	figuré
fundraiser	NOUN	collecte
narcotic	NOUN	narcotiques
ems	PROPN	sme
lambeth	PROPN	lambeth
looney	PROPN	looney
crustacean	NOUN	crustacés
beale	ADJ	beale
vulgar	NOUN	vulgaire
hose	PROPN	tuyau
cedric	ADJ	cédric
dawkin	NOUN	dawkin
pea	PROPN	pois
hanley	PROPN	hanley
nano	PROPN	nano
bundle	VERB	groupées
mooney	PROPN	mooney
catastrophe	NOUN	catastrophe
unpredictable	ADJ	imprévisible
piero	NOUN	piero
marietta	NOUN	marietta
gladiator	NOUN	gladiateurs
brahm	NOUN	brahm
muriel	VERB	muriel
psychotherapy	NOUN	psychothérapie
smiley	ADJ	souriant
villeneuve	PROPN	villeneuve
meyer	NOUN	meyer
replicate	VERB	répliquer
benevolent	ADJ	bienveillant
gaye	NOUN	gaye
walther	NOUN	walther
cad	NOUN	asc
weakly	ADJ	faiblement
cobalt	NOUN	cobalt
burst	NOUN	éclate
rad	PROPN	rad
dissipate	VERB	dissipé
pigment	NOUN	pigment
superior	NOUN	supérieurs
dea	NOUN	stups
ravenna	PROPN	ravenne
falmouth	NOUN	falmouth
promenade	PROPN	promenade
rally	VERB	rallié
mastery	NOUN	maîtrise
boutique	NOUN	boutique
rocco	PROPN	rocco
clemente	PROPN	clemente
mallory	PROPN	mallory
strategically	ADV	stratégiquement
nai	PROPN	nai
bosco	PROPN	bosco
henne	VERB	henne
danville	PROPN	danville
loft	PROPN	loft
shawnee	ADJ	shawnee
skin	VERB	dépouillé
bandy	NOUN	bandy
illicit	NOUN	illicites
dough	NOUN	oseille
sigh	PROPN	soupire
demonstrator	NOUN	manifestants
inoue	NOUN	inoue
hype	NOUN	battage
tedious	ADJ	fastidieux
callaghan	PROPN	callaghan
cessna	NOUN	cessna
priscilla	NOUN	priscilla
abyss	PROPN	gouffre
aris	PROPN	aris
coate	NOUN	coate
radha	PROPN	radha
jody	NOUN	jody
ayala	PROPN	ayala
crystalline	VERB	cristalline
purification	NOUN	épuration
undertaker	VERB	fossoyeur
antoinette	PROPN	antoinette
dorothea	PROPN	dorothée
favourite	NOUN	favoris
mariah	PROPN	mariah
dome	NOUN	dômes
recital	NOUN	récital
pro	NOUN	pro
bmx	NOUN	bmx
hut	VERB	cabanes
foe	VERB	ennemi
shanxi	NOUN	shanxi
fascination	NOUN	fascination
sala	PROPN	sala
scanner	NOUN	scanneur
comprehension	NOUN	compréhension
coroner	NOUN	légiste
covington	PROPN	covington
prentice	NOUN	prentice
ripe	VERB	mûres
berry	NOUN	baies
pali	PROPN	pali
flash	NOUN	flashs
sanjay	PROPN	sanjay
cyborg	PROPN	cyborg
extreme	NOUN	extrêmes
durga	VERB	durga
cookbook	VERB	cookbook
duarte	NOUN	duarte
ganga	PROPN	ganga
dissatisfied	ADJ	insatisfait
hiram	VERB	hiram
tintin	NOUN	tintin
daley	PROPN	daley
miniature	NOUN	figurines
lawful	ADJ	licite
mala	NOUN	mala
skull	NOUN	crânes
dispersal	PROPN	dispersion
lovecraft	NOUN	lovecraft
anjou	ADJ	anjou
spawn	NOUN	spawn
nostalgia	NOUN	nostalgie
overrun	NOUN	envahis
wheaton	PROPN	wheaton
addis	PROPN	addis
yoko	PROPN	yoko
roxy	PROPN	roxy
slippery	ADJ	glissante
downey	NOUN	downey
obedience	NOUN	obéissance
ardent	ADJ	ardente
oakley	PROPN	oakley
didier	ADV	didier
napa	VERB	napa
geek	NOUN	intello
summon	NOUN	invoquer
sidebar	NOUN	latérale
legality	NOUN	légalité
peg	NOUN	peg
naughty	NOUN	coquine
stab	PROPN	poignarder
colonialism	NOUN	colonialisme
syrup	VERB	sirop
heaven	NOUN	cieux
madurai	NOUN	madurai
flush	VERB	bouffées
gael	PROPN	gael
sigmund	VERB	sigmund
salaam	PROPN	salam
kenyon	VERB	kenyon
chemotherapy	NOUN	chimiothérapie
luggage	NOUN	bagages
adopt	NOUN	adopte
catania	PROPN	catane
trafalgar	NOUN	trafalgar
pulaski	PROPN	pulaski
verne	PROPN	verne
undergoe	NOUN	subit
streamline	VERB	rationalisé
lavender	PROPN	lavande
inspirational	ADJ	inspirant
bolt	NOUN	boulon
horseman	NOUN	cavaliers
seniority	NOUN	ancienneté
thyroid	NOUN	thyroïde
plank	NOUN	planche
timer	NOUN	minuterie
leaflet	NOUN	dépliants
cristo	ADJ	cristo
racetrack	NOUN	hippodrome
unarmed	ADJ	désarmé
salamander	ADV	salamandre
nino	PROPN	nino
puri	PROPN	puri
reluctance	NOUN	répugnance
enjoyment	NOUN	jouissance
lite	PROPN	allégé
bolsheviks	PROPN	bolcheviks
glue	NOUN	colles
lavish	ADJ	somptueux
sacrament	NOUN	sacrement
blur	VERB	flous
stroud	PROPN	stroud
kremlin	PROPN	kremlin
teaser	NOUN	teaser
grad	PROPN	grad
counter	NOUN	compteurs
mysticism	NOUN	mysticisme
millar	ADJ	millar
osama	NOUN	oussama
modem	VERB	moderne
sadler	NOUN	sadler
bello	PROPN	bello
bombardi	ADJ	bombardi
plutonium	NOUN	plutonium
pax	ADJ	pax
billionaire	NOUN	milliardaire
argus	ADJ	argus
receipt	PROPN	réception
nelly	ADV	nelly
nativity	NOUN	nativité
whitehall	NOUN	whitehall
calligraphy	NOUN	calligraphie
andre	NOUN	andrés
selma	PROPN	selma
malware	PROPN	malveillant
israelite	NOUN	israélites
warhol	PROPN	warhol
rhapsody	NOUN	rhapsody
lasalle	PROPN	lasalle
traver	NOUN	traver
commandment	NOUN	commandements
clumsy	ADJ	maladroite
marrow	NOUN	moelle
meng	NOUN	meng
str	PROPN	str
saeed	NOUN	saeed
cossack	NOUN	cosaques
converge	VERB	converger
flank	NOUN	flancs
bethesda	NOUN	bethesda
alamo	PROPN	alamo
yamato	PROPN	yamato
react	NOUN	réagit
alphabetically	ADV	alphabétiquement
alistair	NOUN	alistair
geese	PROPN	oies
yosemite	NOUN	yosemite
sweetheart	NOUN	chérie
daniela	PROPN	daniela
intimidation	NOUN	intimider
donnie	PROPN	donnie
reina	NOUN	reina
nonstop	ADJ	nonstop
oprah	PROPN	oprah
affirmative	ADJ	affirmatif
dre	NOUN	dre
schumann	PROPN	schumann
luo	PROPN	luo
mor	PROPN	mor
deva	PROPN	deva
realist	VERB	réaliste
accompanie	NOUN	accompagne
winthrop	NOUN	winthrop
cole	VERB	cole
shell	VERB	bombardé
bethany	NOUN	bethany
recap	NOUN	récapitulation
nitrate	ADJ	nitrates
mahatma	NOUN	mahatma
anomaly	PROPN	anomalie
cai	X	cai
benign	ADJ	bénin
thrill	NOUN	frisson
prado	VERB	prado
undispute	VERB	incontesté
preventive	ADJ	préventives
trainee	NOUN	stagiaire
malibu	VERB	malibu
bradbury	NOUN	bradbury
cheetah	PROPN	guépard
schiller	NOUN	schiller
aerodynamic	ADJ	aérodynamique
puff	NOUN	bouffée
redmond	PROPN	redmond
odin	NOUN	odin
wardrobe	VERB	armoire
sos	ADJ	sos
worthington	PROPN	worthington
vicki	PROPN	vicki
lamont	PROPN	lamont
kristina	PROPN	kristina
hubble	ADJ	hubble
lyn	VERB	lyn
almond	NOUN	amande
symptom	PROPN	symptôme
childbirth	ADV	accouchements
covent	NOUN	covent
morally	ADV	moralement
xiang	PROPN	xiang
grudge	VERB	rancunier
docking	NOUN	amarrage
buxton	PROPN	buxton
shenandoah	PROPN	shenandoah
twenty	NOUN	twenty
rash	NOUN	éruption
yogi	ADV	yogi
permissible	ADJ	admissible
consolation	NOUN	consolation
creep	VERB	fluage
boa	PROPN	boa
rodolfo	PROPN	rodolfo
rahul	NOUN	rahul
addict	VERB	accro
sorcerer	NOUN	sorcier
habib	ADJ	habib
floppy	ADJ	disquette
cloudy	ADJ	nuageux
hmmm	PROPN	hmmm
optimus	NOUN	optimus
hao	PROPN	hao
fatima	PROPN	fatima
collage	NOUN	collages
coli	VERB	coli
fermentation	NOUN	fermentation
tortoise	VERB	tortue
dessert	NOUN	dessert
moat	NOUN	douves
metaphysical	ADJ	métaphysique
basalt	NOUN	basalte
adventurer	NOUN	aventurier
favorably	ADV	favorablement
conceal	NOUN	dissimuler
carnivorous	ADJ	carnivores
jersey	NOUN	chandails
forecast	NOUN	prévisions
folly	NOUN	sottise
karaoke	PROPN	karaoké
cervical	ADJ	cervicale
impeachment	NOUN	destitution
cato	PROPN	cato
bribery	NOUN	corruption
saleh	VERB	saleh
tobin	NOUN	tobin
ludlow	VERB	ludlow
meier	NOUN	meier
smoky	VERB	smoky
raptor	NOUN	rapaces
pee	VERB	pisser
porta	PROPN	porta
artur	NOUN	artur
moral	NOUN	morale
skirmish	VERB	escarmouche
rosary	NOUN	chapelet
landfill	NOUN	enfouissement
nugget	NOUN	pépites
sanderson	PROPN	sanderson
incompetent	ADJ	incompétent
chandigarh	NOUN	chandigarh
austrian	NOUN	autrichiens
strangely	ADV	bizarrement
glamour	NOUN	glamour
robber	NOUN	brigands
olav	PROPN	olav
chadwick	PROPN	chadwick
frighten	VERB	effrayés
boar	VERB	sanglier
enoch	PROPN	enoch
ring	VERB	sonner
sorority	NOUN	sororité
flea	NOUN	puces
impractical	ADJ	impraticable
boomerang	VERB	boomerang
cult	NOUN	cultes
corinth	ADJ	corinthe
invoke	NOUN	invoquer
perfume	NOUN	parfums
bony	NOUN	osseux
pla	NOUN	pla
bikini	NOUN	bikini
pott	NOUN	pott
petite	VERB	petite
racine	VERB	racine
shahid	PROPN	shahid
genital	ADJ	génitaux
circumcision	NOUN	excision
pelican	PROPN	pélican
unearth	VERB	déterré
dominate	NOUN	domine
reformer	NOUN	réformateurs
shutdown	NOUN	arrêt
marlon	NOUN	marlon
jian	PROPN	jian
ripper	VERB	éventreur
appropriation	NOUN	appropriation
bullshit	NOUN	foutaises
squeeze	NOUN	serrer
spade	VERB	piques
lawton	PROPN	lawton
high	NOUN	hauts
fetus	NOUN	foetus
instagram	VERB	instagram
electronically	ADV	électroniquement
disadvantage	VERB	désavantagés
waco	PROPN	waco
hesitate	VERB	hésiter
harass	NOUN	harceler
artificially	ADV	artificiellement
calvary	NOUN	calvaire
pillai	PROPN	pillai
cholesterol	NOUN	cholestérol
martini	NOUN	martini
imf	PROPN	fmi
gunboat	NOUN	canonnière
ukrainian	NOUN	ukrainiens
dysfunction	NOUN	dysfonctionnement
park	VERB	garée
conor	NOUN	conor
kodak	PROPN	kodak
hoon	NOUN	hoon
mojave	VERB	mojave
saab	PROPN	saab
bench	VERB	bancs
engraving	NOUN	gravures
asap	PROPN	asap
stringent	ADJ	rigoureuse
irregularity	NOUN	irrégularités
cartagena	NOUN	carthagène
shaker	PROPN	agitateur
digestive	ADJ	digestif
kruger	PROPN	kruger
stun	VERB	stupéfait
acorn	VERB	gland
bluetooth	ADV	bluetooth
iglesias	PROPN	iglesias
ine	PROPN	ine
humphrey	NOUN	humphrey
hopeless	ADJ	désespérée
lockhart	VERB	lockhart
sturgeon	NOUN	esturgeon
joo	ADV	joo
vigo	X	vigo
larva	PROPN	larve
crockett	PROPN	crockett
ganesh	NOUN	ganesh
loco	VERB	loco
walla	PROPN	walla
bingo	X	loto
embarrassment	NOUN	embarras
pea	NOUN	pois
paralysis	NOUN	paralysie
sao	PROPN	sao
senna	NOUN	senna
romanian	NOUN	roumains
vasily	ADV	vassili
mayhem	NOUN	pagaille
tammy	NOUN	tammy
jacobson	PROPN	jacobson
som	PROPN	som
dementia	PROPN	démence
chop	PROPN	chop
abrupt	ADJ	abrupte
endorse	VERB	approuvant
kirsten	VERB	kirsten
spawn	VERB	frai
vertebrae	NOUN	vertèbre
salient	NOUN	saillants
skeleton	NOUN	squelettes
sunflower	NOUN	tournesol
chaim	NOUN	chaim
hideout	ADV	planque
adamson	PROPN	adamson
whitley	VERB	whitley
shui	VERB	shui
massage	NOUN	massages
melrose	VERB	melrose
suresh	ADJ	suresh
capo	PROPN	capo
lakeside	NOUN	lakeside
wipe	VERB	essuyer
melon	NOUN	melons
carney	NOUN	carney
rourke	NOUN	rourke
sardar	NOUN	sardar
ether	ADV	éther
fetal	ADJ	foetus
sarasota	PROPN	sarasota
martyrdom	NOUN	martyr
prometheus	PROPN	prométhée
slough	ADJ	slough
stack	VERB	empilés
ericsson	NOUN	ericsson
headache	PROPN	migraine
farley	PROPN	farley
massa	NOUN	massa
noor	NOUN	nour
geothermal	ADJ	géothermiques
luiz	NOUN	luiz
zoologist	PROPN	zoologiste
penitentiary	ADJ	pénitencier
gregorio	PROPN	gregorio
flare	VERB	fusée
comb	NOUN	peigne
luxurious	ADJ	luxueuses
chlorine	NOUN	chlore
bashir	NOUN	bashir
arthritis	NOUN	arthrose
timberlake	VERB	timberlake
negligence	NOUN	négligence
yadav	VERB	yadav
glossy	ADJ	brillant
lizzie	NOUN	lizzy
shuffle	VERB	mélanger
abi	X	abi
cartier	NOUN	cartier
unlock	VERB	débloquer
falco	NOUN	falco
montage	NOUN	montage
selfish	ADJ	égoïsme
torso	NOUN	torse
dia	NOUN	dia
piccadilly	ADV	piccadilly
bertie	ADJ	bertie
templar	ADJ	templiers
boyce	NOUN	boyce
colleen	VERB	colleen
callahan	PROPN	callahan
uma	NOUN	uma
prom	NOUN	bal
seward	PROPN	seward
mileage	NOUN	kilométrage
mubarak	PROPN	moubarak
cora	NOUN	caro
mcdermott	PROPN	mcdermott
arsenic	PROPN	arsenic
prefectural	ADJ	préfectorales
sari	PROPN	sari
geraldine	NOUN	geraldine
leyton	PROPN	leyton
fluctuation	NOUN	fluctuations
pleasing	ADJ	plaire
scooby	NOUN	scooby
housewife	NOUN	ménagères
arun	NOUN	arun
mahler	NOUN	mahler
kinship	NOUN	parenté
pancreatic	ADJ	pancréas
madre	NOUN	madre
percival	NOUN	percival
avenge	NOUN	venger
goblin	NOUN	gobelin
brodie	PROPN	brodie
cabot	PROPN	cabot
orwell	ADV	orwell
boyz	PROPN	boyz
launder	VERB	blanchiment
arisen	VERB	surgi
tome	NOUN	tomé
bancroft	ADJ	bancroft
rubio	NOUN	rubio
crawl	NOUN	rampe
yung	PROPN	yung
hathaway	NOUN	hathaway
fable	NOUN	fable
adair	PROPN	adair
westmoreland	ADV	westmoreland
friday	NOUN	vendredis
elisa	NOUN	elisa
sup	NOUN	sup
electrically	ADV	électriquement
surreal	ADJ	surréaliste
latex	PROPN	latex
substitute	NOUN	substituts
creighton	PROPN	creighton
etienne	NOUN	étienne
narrow	VERB	rétrécissement
defective	ADJ	défectueuse
huxley	PROPN	huxley
broom	PROPN	balais
dyson	VERB	dyson
erection	NOUN	érection
dun	PROPN	dun
bhopal	NOUN	bhopal
brutally	ADV	brutalement
falkland	VERB	malouines
stubb	NOUN	stubb
undead	NOUN	undead
aruba	PROPN	aruba
chevron	PROPN	chevron
culver	VERB	culver
clasp	VERB	fermoir
riviera	NOUN	riviera
manchuria	PROPN	mandchourie
contractual	ADJ	contractuelle
petar	PROPN	petar
bastion	NOUN	bastion
pear	VERB	poires
teal	ADV	turquoise
psychoanalysis	NOUN	psychanalyse
unofficially	ADV	officieusement
kibbutz	VERB	kibboutz
expansive	ADJ	expansive
aldrich	PROPN	aldrich
wildcat	PROPN	wildcat
lockwood	NOUN	lockwood
curran	PROPN	curran
kato	PROPN	kato
adolphe	NOUN	adolphe
maharaj	NOUN	maharaj
durant	ADJ	durant
tuba	PROPN	tuba
lutz	ADJ	lutz
hesitant	ADJ	hésitante
tre	PROPN	tre
supersonic	ADJ	supersonique
shek	PROPN	shek
utica	PROPN	utica
bark	VERB	aboyer
swanson	NOUN	swanson
mcneil	PROPN	mcneil
reactivate	VERB	réactivé
toast	NOUN	tartine
orb	VERB	orbe
duma	NOUN	duma
savanna	NOUN	savane
rounder	NOUN	rounds
mckee	PROPN	mckee
benefactor	NOUN	bienfaiteur
expiration	NOUN	expiration
blackwood	NOUN	blackwood
freighter	VERB	cargo
khalil	PROPN	khalil
sloane	NOUN	sloane
shutter	NOUN	volet
anc	PROPN	anc
sighting	NOUN	apparitions
voltaire	NOUN	voltaire
batista	PROPN	batista
kilogram	NOUN	kilogrammes
yoshida	NOUN	yoshida
marconi	NOUN	marconi
barbarian	NOUN	barbares
gower	NOUN	gower
roux	VERB	roux
forrester	NOUN	forrester
picard	NOUN	picard
sutra	NOUN	sutra
rooster	NOUN	coq
mangrove	VERB	mangroves
shoemaker	NOUN	cordonnier
decree	NOUN	décrets
poplar	ADJ	peuplier
takashi	PROPN	takashi
ola	PROPN	ola
embarrassed	ADJ	gênée
reptile	NOUN	reptiles
on	NOUN	on
pelham	PROPN	pelham
cavalier	NOUN	cavalier
interchangeable	ADJ	interchangeables
cellist	NOUN	violoncelliste
ver	NOUN	ver
autopsy	ADJ	autopsie
reis	PROPN	reis
lancer	NOUN	lancer
morrissey	PROPN	morrissey
reversible	ADJ	réversibles
sadness	NOUN	tristesse
objectively	ADV	objectivement
lobo	NOUN	lobo
disarmament	VERB	désarmement
hewlett	PROPN	hewlett
steppe	PROPN	steppes
mckinney	NOUN	mckinney
petr	NOUN	petr
flap	NOUN	clapet
leyland	NOUN	leyland
magma	NOUN	magma
plume	VERB	panache
esperanza	ADJ	esperanza
telford	NOUN	telford
sleeve	NOUN	manchons
sampler	NOUN	échantillonneur
rocker	NOUN	rocker
guan	PROPN	pénélope
sleepy	ADJ	sommeil
scotty	NOUN	scotty
blond	ADV	blonde
waldorf	PROPN	waldorf
outrage	VERB	indigné
sorbonne	NOUN	sorbonne
padilla	NOUN	padilla
wyndham	PROPN	wyndham
garibaldi	PROPN	garibaldi
ashby	NOUN	ashby
visual	NOUN	visuels
gaine	NOUN	gaine
futuristic	ADJ	futuriste
meteorite	VERB	météorite
tauru	NOUN	taureau
dix	PROPN	dix
magician	NOUN	magiciens
dunkirk	PROPN	dunkerque
riyadh	PROPN	riyad
walpole	PROPN	walpole
rei	VERB	rei
behead	VERB	décapité
validate	VERB	validées
jima	PROPN	jima
gunner	NOUN	artilleurs
melinda	PROPN	melinda
durango	NOUN	durango
latham	PROPN	latham
deane	NOUN	deane
volt	NOUN	volts
sponge	NOUN	éponges
goran	PROPN	goran
wrongdoe	VERB	méfaits
baptise	VERB	baptisés
sprague	NOUN	sprague
netflix	PROPN	netflix
wheel	VERB	wheel
quadruple	NOUN	quadruplé
bong	PROPN	bang
liza	PROPN	liza
hendrick	NOUN	hendrick
robb	VERB	robb
carousel	NOUN	manège
grossman	NOUN	grossman
fraternal	ADJ	fraternelle
xin	PROPN	xin
motivational	NOUN	motivant
rui	NOUN	rui
preacher	NOUN	prédicateurs
herr	NOUN	herr
juliette	NOUN	juliette
lander	PROPN	länder
ardenne	NOUN	ardenne
aladdin	VERB	aladdin
flamenco	PROPN	flamenco
har	VERB	har
suk	NOUN	suk
renee	NOUN	renée
franck	NOUN	franck
clique	PROPN	clique
adolfo	VERB	adolfo
astrophysic	NOUN	astrophysique
moffat	PROPN	moffat
dolan	VERB	dolan
delicious	ADJ	délicieuse
nanny	NOUN	nourrice
tabernacle	NOUN	tabernacle
ballast	NOUN	lest
fireplace	NOUN	cheminée
clinch	NOUN	clinch
westinghouse	PROPN	westinghouse
transporter	NOUN	transporteur
stain	NOUN	teinté
paddington	PROPN	paddington
piccolo	NOUN	piccolo
shinto	PROPN	shinto
con	NOUN	con
tay	NOUN	tay
pryor	NOUN	pryor
courageous	ADJ	courageux
salerno	ADJ	salerno
measurable	ADJ	quantifiable
stump	NOUN	souche
gild	VERB	dorée
archangel	NOUN	archange
alkaline	NOUN	alcalins
zone	VERB	zonage
gras	PROPN	gras
vigorously	ADV	vigoureusement
mill	VERB	fraisage
dwayne	PROPN	dwayne
toto	NOUN	toto
erase	NOUN	efface
ascot	NOUN	foulard
hilarious	ADJ	hilarant
pragmatic	ADJ	pragmatique
patriotism	NOUN	patriotisme
devonshire	VERB	devonshire
layton	PROPN	layton
conclusive	VERB	concluant
mathematically	ADV	mathématiquement
mobilize	VERB	mobilisées
pedestal	ADJ	piédestal
spoil	VERB	gâtés
kirkland	NOUN	kirkland
propellant	VERB	propulseur
cossack	VERB	cosaque
bulbs	PROPN	bulbes
modernity	NOUN	modernité
tracker	PROPN	traceur
mau	NOUN	mau
whitby	VERB	whitby
qian	PROPN	qian
inflate	VERB	gonflée
stalk	NOUN	tige
alligator	NOUN	alligators
terminator	PROPN	exterminateur
souvenir	NOUN	souvenir
photoshop	PROPN	photoshop
yeung	PROPN	yeung
fung	NOUN	fung
liao	PROPN	liao
kettering	NOUN	kettering
wabash	VERB	wabash
fairy	NOUN	fées
mediocre	NOUN	médiocres
fillmore	PROPN	fillmore
sapphire	NOUN	saphir
gianni	PROPN	gianni
hayley	PROPN	hayley
rowley	NOUN	rowley
ultrasound	VERB	ultrasons
marlene	PROPN	marlene
tarn	VERB	tarn
hasty	ADJ	hâtive
galilee	PROPN	galilée
reindeer	NOUN	rennes
carrington	PROPN	carrington
whitfield	PROPN	whitfield
zimmer	NOUN	zimmer
myle	NOUN	myle
cabbage	NOUN	chou
osbourne	NOUN	osbourne
brood	NOUN	couvée
oran	PROPN	oran
barn	NOUN	granges
mitt	NOUN	mitaine
dissatisfaction	NOUN	mécontentement
saviour	NOUN	sauveur
dismay	PROPN	désarroi
grower	NOUN	cultivateurs
cripple	VERB	infirme
lax	PROPN	lax
exhaustion	NOUN	épuisement
uncut	VERB	uncut
terri	NOUN	terri
optimum	ADJ	optimal
hebride	NOUN	hébrides
asbestos	NOUN	amiante
samara	VERB	samara
homosexual	NOUN	homosexuels
pillow	NOUN	oreiller
moro	PROPN	moro
gino	NOUN	gino
howie	PROPN	howie
stitch	VERB	suture
unfit	ADJ	impropres
dopamine	NOUN	dopamine
obscene	VERB	indécent
lyme	NOUN	lyme
gabriela	PROPN	gabriela
loren	PROPN	loren
invincible	ADJ	invincibles
excursion	NOUN	excursion
finlay	NOUN	finlay
bequeath	VERB	légué
breach	NOUN	violations
amaze	VERB	stupéfait
cosby	PROPN	cosby
uptown	VERB	uptown
challenger	NOUN	challenger
ultimatum	NOUN	ultimatum
unleashed	ADJ	déclenché
medallion	NOUN	médaillon
oda	VERB	apd
narayana	PROPN	narayana
outbreak	NOUN	épidémies
toxin	NOUN	toxine
sublime	ADV	sublimes
juniper	NOUN	juniper
sideways	ADV	latéralement
mongo	PROPN	mongo
ferenc	NOUN	ferenc
unequal	ADJ	inégal
salt	VERB	salé
enzo	NOUN	enzo
bea	PROPN	bea
bulgarian	NOUN	bulgares
odor	PROPN	odeurs
innate	VERB	inné
tolstoy	VERB	tolstoï
discontent	NOUN	mécontentement
lucifer	VERB	lucifer
rich	NOUN	richesse
tuck	NOUN	tuck
rembrandt	ADV	rembrandt
obsessive	NOUN	obsessionnel
starboard	NOUN	tribord
madeline	PROPN	madeline
camilla	NOUN	camilla
compressor	VERB	compresseur
dio	NOUN	dio
structurally	ADV	structurellement
insert	NOUN	insère
agitation	NOUN	agitation
persuasion	NOUN	persuasion
rune	NOUN	rune
ricci	NOUN	ricci
viability	NOUN	viabilité
seventy	NOUN	seventy
robyn	NOUN	robyn
yamada	PROPN	yamada
kam	PROPN	kam
respectful	ADJ	respectueux
abnormality	NOUN	anomalies
gdr	ADJ	rda
dewitt	VERB	dewitt
sharia	PROPN	charia
kearney	PROPN	kearney
drift	VERB	dérivants
hive	VERB	ruche
gemma	NOUN	gemma
bun	VERB	brioche
repulse	VERB	repoussé
perch	NOUN	perches
latent	NOUN	latentes
zenith	PROPN	zénith
canaan	NOUN	canaan
hastily	ADV	précipitamment
shorthand	NOUN	sténo
swell	VERB	enflure
mcmanus	ADJ	mcmanus
unlocked	ADJ	débloqués
naruto	ADJ	naruto
calle	PROPN	calle
asian	NOUN	asiatiques
spontaneously	ADV	spontanément
stocking	NOUN	bas
adriana	PROPN	adriana
fry	NOUN	frites
blink	NOUN	clin
shortcoming	NOUN	déficiences
stove	VERB	poêles
rustic	ADJ	rustique
yangtze	NOUN	yangtze
guevara	NOUN	guevara
volunteer	VERB	volontariat
catchy	VERB	accrocheur
nile	NOUN	nile
payroll	NOUN	paie
solitude	NOUN	solitude
obscurity	NOUN	obscurité
reliant	ADJ	reliant
stravinsky	NOUN	stravinsky
rebound	VERB	rebondir
entrench	VERB	ancrées
tangible	ADJ	tangibles
oratory	NOUN	oratoire
intriguing	ADJ	intrigante
babel	NOUN	babel
burrell	VERB	burrell
caine	VERB	caine
vaccination	NOUN	vaccins
horowitz	NOUN	horowitz
dimitri	NOUN	dimitri
addict	NOUN	drogué
xia	PROPN	xia
persist	NOUN	persiste
prowess	NOUN	prouesses
distract	NOUN	distraire
sendai	NOUN	sendai
hartmann	VERB	hartmann
hwa	PROPN	hwa
stabilize	VERB	stabiliser
tropic	NOUN	tropiques
tagore	NOUN	tagore
kenji	X	kenji
scarlett	PROPN	scarlett
grasshopper	VERB	sauterelle
yeon	NOUN	yeon
deter	NOUN	dissuader
dandy	ADJ	dandy
mcclellan	ADJ	mcclellan
enamel	PROPN	émail
magellan	PROPN	magellan
tit	NOUN	seins
juilliard	PROPN	juilliard
anil	PROPN	anil
thwart	VERB	contrecarré
gallant	NOUN	galant
terrell	NOUN	terrell
tycoon	NOUN	magnat
finley	PROPN	finley
elbe	NOUN	elbe
tod	NOUN	tod
loot	VERB	pillés
tula	PUNCT	toula
moby	PROPN	moby
bonner	NOUN	bonner
grease	NOUN	graisses
digby	PROPN	digby
furnishing	NOUN	ameublement
demonic	ADJ	démoniaque
signify	VERB	signifier
lick	PROPN	lèche
kombat	PROPN	kombat
begum	VERB	begum
excelsior	NOUN	excelsior
robber	VERB	braqueur
weinberg	NOUN	weinberg
rarity	NOUN	rareté
shipwreck	NOUN	épave
bypass	VERB	contourné
equitable	ADJ	équitable
yom	PROPN	yom
vodka	NOUN	vodka
zane	NOUN	zane
mantra	ADJ	mantra
angelina	NOUN	angelina
padre	PROPN	padre
mint	VERB	frappées
gangsta	PROPN	gangster
agile	ADJ	agiles
boast	VERB	vanté
hollis	VERB	hollis
emulate	ADJ	imiter
aga	NOUN	aga
sclerosis	NOUN	sclérose
susie	PROPN	susie
antique	VERB	antiquaire
appetite	PROPN	appétit
invaluable	ADJ	inestimables
landry	ADJ	landry
khale	VERB	khale
superfluous	ADJ	superflue
roar	VERB	rugissant
enlargement	NOUN	agrandissement
horner	PROPN	horner
devine	VERB	devine
gi	VERB	sig
timeless	NOUN	intemporel
pyrenee	NOUN	pyrénées
herbie	PROPN	herbie
hanuman	NOUN	hanuman
shower	NOUN	douches
jansen	PROPN	jansen
sober	ADJ	sobres
fundamental	NOUN	fondamentaux
tentacle	NOUN	tentacules
carlyle	PROPN	carlyle
liquidation	NOUN	liquidation
involuntary	ADJ	involontaire
burlesque	ADJ	burlesque
rehab	PROPN	désintoxication
parnell	VERB	parnell
monday	NOUN	lundi
volley	PROPN	salve
phnom	PROPN	phnom
haggard	PROPN	haggard
parr	PROPN	paro
duval	NOUN	duval
persuasive	ADJ	convaincante
oncology	NOUN	oncologie
siren	ADJ	sirènes
rajput	PROPN	rajput
washburn	VERB	washburn
hospice	NOUN	hospice
iodine	NOUN	iode
astonish	VERB	étonnant
pumpkin	NOUN	potiron
cynical	ADJ	cynique
onboard	PROPN	bord
orange	NOUN	orange
likeness	VERB	ressemblant
mechanically	ADV	mécaniquement
lakewood	NOUN	lakewood
cohn	VERB	cohn
menzie	NOUN	menzie
fong	PROPN	fong
ramesh	PROPN	ramesh
enlist	PROPN	enrôler
mccormack	VERB	mccormick
redd	VERB	redd
infirmary	NOUN	infirmerie
renegade	VERB	renégat
imaginative	ADJ	imaginatif
tac	PROPN	tac
greeting	NOUN	salutations
spaghetti	NOUN	spaghettis
covet	VERB	convoité
karan	PROPN	karan
warcraft	NOUN	warcraft
glastonbury	NOUN	glastonbury
relentless	NOUN	implacable
sion	NOUN	sion
climber	VERB	grimpeur
intensely	ADV	intensément
incarceration	NOUN	incarcération
slit	NOUN	fente
holistic	PROPN	holistique
mather	PROPN	mather
lerner	NOUN	lerner
andrade	VERB	andrade
ester	NOUN	ester
venomous	ADJ	venimeux
intestinal	ADJ	intestin
institutionalize	VERB	institutionnalisé
maude	VERB	maude
pastry	NOUN	pâtisseries
hangzhou	PROPN	hangzhou
defer	VERB	différés
sinha	NOUN	sinha
tori	VERB	tori
pong	NOUN	pong
stubborn	ADJ	borné
justine	PROPN	justine
alden	ADJ	alden
puma	ADJ	puma
bongo	PROPN	bongo
tinker	PROPN	bricoler
christen	VERB	baptisés
amarillo	ADV	amarillo
tess	NOUN	tess
polka	PROPN	polka
spalde	VERB	spalde
embargo	NOUN	blocus
pilar	ADJ	pilar
inefficient	PROPN	inefficacité
dryden	VERB	dryden
unnoticed	ADJ	inaperçue
sta	PROPN	sta
dada	PROPN	dada
horrify	VERB	horrifié
mitigate	VERB	atténuer
dwarf	VERB	nains
nel	PROPN	nel
korn	VERB	korn
nader	NOUN	nader
gaia	NOUN	gaia
grosvenor	NOUN	grosvenor
capacitor	NOUN	condensateur
monoxide	NOUN	monoxyde
recite	VERB	récité
mcnally	ADV	mcnally
comanche	PROPN	comanches
welt	VERB	welt
yuma	PROPN	yuma
inconsistency	NOUN	incohérence
falk	NOUN	falk
winnie	PROPN	winnie
dario	PROPN	dario
liv	PROPN	liv
kano	PROPN	kano
triton	PROPN	triton
palladium	NOUN	palladium
stonewall	ADJ	stonewall
silhouette	NOUN	silhouette
await	VERB	attendu
simon	NOUN	simon
mountaineer	VERB	alpinisme
impressionist	NOUN	impressionniste
heathrow	NOUN	heathrow
hobson	PROPN	hobson
cervante	VERB	cervante
alchemy	ADJ	alchimiste
tapestry	NOUN	tapisserie
yeh	PROPN	yeh
mantis	NOUN	mante
schroeder	ADJ	schröder
hoop	NOUN	cerceaux
pave	VERB	pavage
embryonic	ADJ	embryon
distal	NOUN	distale
hinder	NOUN	gêner
implausible	ADJ	invraisemblable
cessation	NOUN	cessation
conner	PROPN	conner
bieber	NOUN	bieber
epitaph	NOUN	épitaphe
inspect	VERB	inspectés
stratton	PROPN	stratton
saipan	PROPN	saipan
lobster	NOUN	homard
vikram	NOUN	vikram
logistic	ADJ	logistiques
rossini	NOUN	rossini
assent	NOUN	assentiment
sancho	NOUN	sancho
doppler	NOUN	doppler
gladly	ADV	volontiers
noise	VERB	bruits
martino	NOUN	martino
thunderbolt	NOUN	foudre
vomit	VERB	vomir
byzantium	VERB	byzance
gigi	PROPN	gigi
riccardo	NOUN	riccardo
informant	VERB	indic
felder	NOUN	felder
mahesh	PROPN	mahesh
anecdote	NOUN	anecdote
keene	PROPN	keene
encrypt	VERB	chiffrée
bow	NOUN	noeuds
loki	PROPN	loki
jacinto	PROPN	jacinto
cheerlead	VERB	cheerleader
prosper	VERB	prospérer
steinberg	PROPN	steinberg
suicidal	PROPN	suicidaires
retribution	NOUN	punition
harden	VERB	endurcis
may	NOUN	may
avian	PROPN	aviaire
turbulence	NOUN	turbulences
valdez	PROPN	valdez
mendelssohn	PROPN	mendelssohn
pritchard	VERB	pritchard
chore	NOUN	corvées
jaffa	PROPN	jaffas
surprise	VERB	surprise
ro	NOUN	ro
saber	PROPN	sabre
flo	PUNCT	flo
strickland	VERB	strickland
oate	NOUN	oate
mello	PROPN	mello
throttle	VERB	accélérateur
valentino	NOUN	valentino
largo	NOUN	largo
holman	PROPN	holman
nye	NOUN	nye
coimbatore	VERB	coimbatore
cougar	VERB	cougar
hickman	PROPN	hickman
ajay	NOUN	ajay
shogunate	VERB	shogunat
sweet	NOUN	sucreries
sink	NOUN	lavabos
stormy	PROPN	orageux
correctness	NOUN	exactitude
placebo	NOUN	placebo
patriarchal	PROPN	patriarcat
hamlin	NOUN	hamlin
hakim	PROPN	hakim
garter	NOUN	jarretière
prize	VERB	prisée
manslaughter	NOUN	homicide
moldavia	PROPN	moldavie
cremate	VERB	incinérés
siva	PROPN	siva
nightmare	NOUN	cauchemars
dat	VERB	dat
intrusion	NOUN	intrusions
lullaby	PROPN	berceuse
grievance	NOUN	griefs
orderly	ADV	ordonnée
brant	NOUN	brant
dina	PROPN	dina
witt	PROPN	witt
sunil	NOUN	sunil
clio	NOUN	clio
gaussian	PROPN	gaussien
skinny	ADJ	maigre
fitch	VERB	fitch
romanticism	NOUN	romantisme
boucher	ADJ	boucher
kari	PROPN	kari
dignitary	NOUN	dignitaires
eugenio	NOUN	eugenio
fisk	NOUN	fisk
buick	VERB	buick
mum	NOUN	maman
thug	NOUN	voyous
florentine	NOUN	florentine
entomologist	NOUN	entomologiste
amnesia	PROPN	amnésique
ordeal	NOUN	épreuve
hwang	PROPN	hwang
psyche	NOUN	psyché
manganese	PROPN	manganèse
ilya	VERB	ilya
gill	NOUN	branchies
serrano	VERB	serrano
vicksburg	NOUN	vicksburg
sena	PROPN	sena
saffron	PROPN	safran
nagy	NOUN	nagy
ecstasy	VERB	extase
wreath	NOUN	guirlande
warhead	NOUN	ogive
ruse	VERB	ruse
pivot	NOUN	pivoter
lament	NOUN	lamenter
jagger	PROPN	jagger
damp	VERB	humide
troubling	ADJ	troublant
entrepreneurial	ADJ	entrepreneuriale
footwear	NOUN	chaussure
hoyt	PROPN	hoyt
allergic	ADJ	allergiques
inertia	VERB	inertie
plumb	VERB	plomberie
georgi	NOUN	georgi
assimilate	VERB	assimilés
bela	PROPN	bela
cornelia	ADV	cornelia
dishonest	VERB	malhonnêtes
keenan	PROPN	keenan
facet	NOUN	facettes
forgery	NOUN	falsification
anonymity	NOUN	anonymat
gabe	PROPN	gabe
shelly	ADV	shelly
chand	VERB	chand
paranoia	NOUN	parano
deprivation	NOUN	privations
farmington	PROPN	farmington
bunt	VERB	bunt
baum	NOUN	baum
bateman	NOUN	bateman
disapproval	NOUN	désapprobation
blackmail	VERB	chantage
mikael	PROPN	mikael
mitigation	NOUN	atténuer
minuscule	ADJ	minuscule
attila	PROPN	attila
spy	VERB	espionner
ollie	PROPN	ollie
goya	NOUN	goya
mash	NOUN	mash
richly	ADV	richement
bruge	NOUN	bruge
woodruff	PROPN	woodruff
openness	NOUN	ouverture
couture	NOUN	couture
waitress	NOUN	serveuses
futile	PROPN	vaine
carrera	NOUN	carrera
moreau	PROPN	moreau
miserable	ADJ	misérables
sher	PROPN	sher
driscoll	NOUN	driscoll
loretta	NOUN	loretta
conspirator	NOUN	conspirateurs
conscientious	ADJ	consciencieux
knighthood	VERB	chevalerie
granger	NOUN	granger
paxton	PROPN	paxton
umberto	NOUN	umberto
gillette	PROPN	gillette
pokemon	VERB	pokémon
overlord	ADV	overlord
fascist	NOUN	fasciste
bessie	VERB	bessie
salomon	PROPN	salomon
hester	NOUN	hester
sama	NOUN	sama
joplin	PROPN	joplin
safeguard	PROPN	sauvegarde
skirt	NOUN	jupes
fertilizer	NOUN	fertilisants
adolescence	NOUN	adolescence
opaque	NOUN	opacité
sandman	NOUN	sandman
hue	NOUN	teinte
grassy	NOUN	herbeux
melancholy	ADJ	mélancolique
cor	NOUN	cdr
tat	VERB	tat
solemn	PROPN	solennel
wadsworth	NOUN	wadsworth
shimizu	VERB	shimizu
kristian	PROPN	kristian
strap	NOUN	courroie
chancery	NOUN	chancellerie
thigh	NOUN	cuisses
renounce	VERB	renoncé
polaris	PROPN	polaris
shrink	VERB	rétrécir
barbecue	PROPN	grillades
pauli	NOUN	pauli
biochemical	ADJ	biochimiques
reichstag	NOUN	reichstag
jfk	PROPN	jfk
electrode	NOUN	électrodes
montoya	NOUN	montoya
debatable	ADJ	discutables
jingle	PROPN	jingle
coronary	ADJ	coronaire
sidekick	NOUN	acolyte
vas	VERB	sav
sagar	VERB	sagar
thunderbird	PROPN	thunderbird
lesbian	NOUN	lesbiennes
devin	PROPN	devin
worsen	VERB	aggravé
sexton	PROPN	sexton
starle	VERB	starle
bowden	PROPN	bowden
paw	PROPN	patte
alvarado	PROPN	alvarado
gaze	VERB	regard
regret	NOUN	déplore
fearful	ADJ	peureux
indra	NOUN	indra
burnside	VERB	burnside
adversary	NOUN	adversaire
protract	VERB	prolongée
intuition	NOUN	intuitions
cctv	PROPN	cctv
luminous	ADJ	lumineuse
roommate	VERB	coloc
mayan	ADJ	mayas
blum	PROPN	blum
thayer	NOUN	thayer
overflow	NOUN	débordement
albright	ADJ	albright
negros	PROPN	negros
vinegar	NOUN	vinaigre
helene	VERB	hélène
elgar	ADJ	elgar
crichton	PROPN	crichton
rea	PROPN	rea
miraculous	ADJ	miraculeux
mott	PROPN	mott
lucian	PROPN	lucian
accustom	VERB	accoutumée
lucerne	PROPN	luzerne
bronson	NOUN	bronson
diy	PROPN	bricolage
mitra	PROPN	mitra
arnaud	PROPN	arnaud
pugh	NOUN	pugh
grunge	NOUN	grunge
calibre	PROPN	calibre
yee	NOUN	yee
aggravate	VERB	aggravée
season	VERB	chevronnés
magneto	VERB	magnéto
ravine	VERB	ravin
snp	PROPN	snp
capitalize	VERB	capitaliser
shakti	VERB	shakti
savior	PROPN	sauveur
sensational	ADJ	sensationnel
dae	NOUN	eda
finder	NOUN	finder
nuisance	NOUN	nuisances
antibiotic	ADJ	antibiotique
farce	NOUN	farce
scoop	VERB	scoop
retract	NOUN	rétracter
hoy	PROPN	hoy
publicist	NOUN	publiciste
surrealist	NOUN	surréaliste
belleville	PROPN	belleville
pretext	VERB	prétexte
kosher	PROPN	casher
gorgeous	ADJ	superbe
gurney	NOUN	civière
condemn	PROPN	condamner
celsius	NOUN	celsius
hobbie	VERB	hobbie
heisman	PROPN	heisman
rigg	NOUN	rigg
camino	NOUN	camino
grossly	ADV	grossièrement
antennae	NOUN	antennes
hardship	NOUN	sujétion
stalker	NOUN	harceleur
atv	PROPN	vtt
lukas	NOUN	lukas
pipe	VERB	tuyauterie
gleason	NOUN	gleason
shilling	NOUN	shilling
shaman	NOUN	chaman
lsd	PROPN	lsd
atrium	NOUN	atrium
nypd	PROPN	nypd
terrence	NOUN	terrence
misty	PROPN	misty
gian	PROPN	gian
pyotr	VERB	piotr
kyushu	NOUN	kyushu
grantham	PROPN	grantham
civilisation	NOUN	civilisation
sturm	PROPN	sturm
marston	PROPN	marston
borden	PROPN	borden
professionalism	NOUN	professionnalisme
svetlana	PROPN	svetlana
juliana	PROPN	juliana
reboot	VERB	redémarrage
leandro	NOUN	leandro
inertial	ADJ	inertie
pod	NOUN	gousses
outfield	VERB	outfield
mundane	VERB	banal
harman	NOUN	harman
id	NOUN	identifiants
billiard	NOUN	billard
conformity	NOUN	conformité
yup	ADV	yep
lymphoma	PROPN	lymphome
bogdan	PROPN	bogdan
envy	VERB	envier
girard	PROPN	girard
projector	NOUN	projecteur
loneliness	PROPN	solitude
melton	PROPN	melton
starch	NOUN	amidon
kessler	PROPN	kessler
patrice	NOUN	patrice
ashamed	ADJ	honteuse
awaken	VERB	éveille
fairview	NOUN	fairview
streak	VERB	stries
decreed	VERB	décrété
dreyfus	PROPN	dreyfus
ning	NOUN	ning
slaughter	VERB	massacrés
firefly	NOUN	lucioles
deceptive	VERB	trompeur
circumvent	NOUN	contourner
sonnet	NOUN	sonnet
gia	PROPN	gia
dispatch	NOUN	dépêches
dime	NOUN	centime
chisholm	NOUN	chisholm
matheson	NOUN	matheson
translucent	NOUN	translucide
malice	NOUN	méchanceté
sidewalk	NOUN	trottoir
mover	ADV	déménageur
dag	PROPN	dag
ephraim	NOUN	ephraim
smokey	NOUN	smokey
sire	VERB	engendré
avi	PROPN	avi
fugue	NOUN	fugue
shiraz	PROPN	shiraz
suggestive	ADJ	suggestif
vauxhall	NOUN	vauxhall
discipline	VERB	discipliné
matsumoto	PROPN	matsumoto
malignant	ADJ	malignes
hoboken	PROPN	hoboken
barbie	PROPN	barbie
conti	NOUN	conti
entourage	NOUN	entourage
chemically	ADV	chimiquement
murat	PROPN	murat
tectonic	NOUN	tectonique
fable	ADJ	fable
stooge	NOUN	stooge
alban	PROPN	alban
galleria	NOUN	galleria
profoundly	ADV	profondément
mato	NOUN	mato
brute	VERB	brute
overshadow	VERB	éclipsé
positive	NOUN	positif
scooter	NOUN	scooters
glaze	VERB	glacé
interconnect	VERB	interconnectés
shack	VERB	cabane
subterranean	PROPN	souterraine
raman	NOUN	raman
slack	NOUN	mou
mirror	VERB	reflété
chop	VERB	découpé
kelsey	PROPN	kelsey
gecko	PROPN	gecko
schmitt	VERB	schmitt
rocha	PROPN	rocha
daniele	PROPN	daniele
mcgovern	PROPN	mcgovern
cristian	PROPN	cristian
jacobsen	VERB	jacobsen
objectionable	ADJ	contestable
subaru	PROPN	subaru
raze	VERB	rasée
pip	ADV	pep
grail	NOUN	graal
barrymore	NOUN	barrymore
fergus	ADJ	fergus
spindle	NOUN	broche
heineken	VERB	heineken
smith	NOUN	smith
lehmann	PROPN	lehmann
cleavage	NOUN	décolleté
radford	NOUN	radford
disgusting	VERB	dégoûtant
bale	NOUN	bale
aiken	VERB	aiken
pepe	NOUN	pepe
deduction	NOUN	déduction
woolf	NOUN	woolf
edmund	NOUN	edmund
tear	VERB	déchirure
maxine	NOUN	maxime
lisp	VERB	lisp
tadeusz	PROPN	tadeusz
baseless	ADJ	infondées
pacheco	PROPN	pacheco
notoriously	ADV	notoirement
leech	NOUN	sangsue
oahu	NOUN	oahu
nitro	PROPN	nitroglycérine
stereotypical	ADJ	stéréotypées
cowell	VERB	cowell
aeroplane	NOUN	avion
kiple	VERB	kiple
hillman	PROPN	hillman
thorax	PROPN	thorax
iwo	PROPN	iwo
harlow	VERB	harlow
proposition	NOUN	proposition
midday	NOUN	midi
tribute	NOUN	hommages
zhong	PROPN	zhong
swine	PROPN	porcins
weinstein	VERB	weinstein
angelica	PROPN	angélique
stepmother	PROPN	marâtre
gange	NOUN	gange
adept	ADJ	adepte
ley	PROPN	ley
crocker	PROPN	crocker
butterfield	PROPN	butterfield
devlin	PROPN	devlin
keaton	PROPN	keaton
locust	NOUN	criquets
pharmacist	NOUN	pharmacien
lair	NOUN	tanière
huston	PROPN	huston
figueroa	NOUN	figueroa
macgregor	VERB	macgregor
greta	NOUN	greta
margot	PROPN	margot
bluff	NOUN	bluff
budd	PROPN	budd
infiltration	NOUN	infiltrer
mcgowan	X	mcgowan
anu	ADV	anu
fiddler	NOUN	violoniste
exert	VERB	exercée
dissident	NOUN	dissident
gaz	VERB	gaz
andromeda	PROPN	andromède
mould	AUX	moule
mauricio	VERB	mauricio
monique	NOUN	monique
vat	NOUN	tva
milner	PROPN	milner
nylon	NOUN	nylon
shogun	NOUN	shogun
wick	VERB	mèche
cyclop	NOUN	cyclope
mcclure	NOUN	mcclure
georgina	NOUN	georgina
roque	NOUN	roque
receipt	NOUN	reçus
alchemist	NOUN	alchimiste
recoil	NOUN	recul
pesticide	NOUN	pesticides
graphite	NOUN	graphite
mantua	PROPN	mantoue
lee	NOUN	lies
liberator	NOUN	libérateur
parchment	NOUN	parchemin
hinder	VERB	entravé
saturation	NOUN	saturation
kemal	PROPN	kemal
britt	PROPN	britt
miyazaki	PROPN	miyazaki
miki	NOUN	miki
paola	NOUN	paola
jive	PROPN	jive
alastair	NOUN	alastair
uav	ADJ	drone
mecha	PROPN	mecha
shun	NOUN	shun
reaper	NOUN	faucheuse
pneumatic	ADJ	pneumatique
mace	VERB	massue
hijack	VERB	détourné
pudde	VERB	boudin
quark	ADJ	quark
quintana	PROPN	quintana
bungalow	VERB	bungalow
elusive	ADJ	insaisissable
consciously	ADV	sciemment
nanotechnology	NOUN	nanotechnologies
bac	PROPN	bac
tiberius	ADJ	tibère
squirrel	VERB	écureuils
akita	NOUN	akita
duquesne	VERB	duquesne
hama	PROPN	hama
petrov	NOUN	petrov
bowle	NOUN	bowle
beauchamp	VERB	beauchamp
seinfeld	NOUN	seinfeld
oblivion	NOUN	oubli
noodle	NOUN	nouilles
charm	VERB	charmé
doomsday	NOUN	apocalyptique
treble	ADJ	aigu
braxton	PROPN	braxton
vin	PROPN	vin
esquire	NOUN	écuyer
eighty	NOUN	eighty
durand	VERB	durand
fitting	NOUN	raccords
waiter	NOUN	garçon
veil	VERB	voilée
malt	PROPN	malt
brandeis	PROPN	brandeis
click	NOUN	clics
socialite	ADJ	mondaine
pickett	PROPN	pickett
transplantation	NOUN	transplantation
meek	PROPN	meek
koi	NOUN	koi
surya	NOUN	surya
waterman	NOUN	waterman
dye	VERB	teintures
chatterjee	NOUN	chatterjee
kal	PROPN	kal
khrushchev	PROPN	khrouchtchev
roper	NOUN	roper
raza	PROPN	raza
ahmet	NOUN	ahmet
farah	PROPN	farah
eriksson	PROPN	eriksson
madam	NOUN	madame
mullen	VERB	mullen
midget	NOUN	nain
figaro	NOUN	figaro
bearded	ADJ	barbu
dearborn	PROPN	dearborn
zac	PROPN	zac
roswell	VERB	roswell
ignite	VERB	enflammé
hatton	NOUN	hatton
dangerously	ADV	dangereusement
dubrovnik	PROPN	dubrovnik
puja	PROPN	puja
pathological	ADJ	pathologiques
richelieu	NOUN	richelieu
rouse	NOUN	rouse
infiltrate	VERB	infiltrer
rectangle	VERB	rectangle
darfur	NOUN	darfour
lorne	VERB	lorne
zia	PROPN	zia
smear	NOUN	frottis
spartacus	VERB	spartacus
hardness	NOUN	dureté
mirren	NOUN	mirren
beginner	NOUN	débutant
bleach	NOUN	javel
millard	PROPN	millard
lina	PROPN	lina
stare	NOUN	stare
deb	VERB	deb
dowry	ADJ	dote
megatron	PROPN	megatron
overlook	NOUN	surplombe
meir	PROPN	meir
alder	PROPN	alder
waterhouse	PROPN	waterhouse
gambit	NOUN	gambit
ebenezer	NOUN	ebenezer
anomaly	NOUN	anomaly
dole	PROPN	dole
superstar	NOUN	superstar
conte	PROPN	conte
valentina	PROPN	valentina
spacious	ADJ	spacieux
concussion	NOUN	commotion
elise	VERB	élise
haze	NOUN	brumes
gutierrez	NOUN	gutiérrez
mysteriously	ADV	mystérieusement
synchronization	NOUN	synchronisation
renown	NOUN	renommée
marlowe	NOUN	marlowe
breech	NOUN	culasse
crunch	NOUN	crunch
holliday	NOUN	holliday
hypertension	NOUN	hypertension
pasta	PROPN	pâtes
crouch	VERB	crouch
banu	NOUN	banu
drexel	PROPN	drexel
untouched	ADJ	intact
disconnect	VERB	déconnecté
unsubstantiated	ADJ	infondées
vert	VERB	vert
sinaloa	PROPN	sinaloa
extradition	NOUN	extradition
truro	VERB	truro
pennington	PROPN	pennington
unconditional	ADJ	inconditionnelle
kool	PROPN	kool
immerse	VERB	immergé
delphi	VERB	delphi
sterile	ADJ	stériles
retina	NOUN	rétine
bess	NOUN	bess
luce	VERB	luce
stardust	NOUN	stardust
mishra	ADV	mishra
surfer	NOUN	surfeurs
fuente	NOUN	fuente
takeshi	PROPN	takeshi
flap	VERB	volets
burg	NOUN	burg
zoran	NOUN	zoran
belinda	PROPN	belinda
objectivity	NOUN	objectivité
wave	VERB	agitant
habitation	NOUN	habitation
blackstone	ADJ	blackstone
coney	NOUN	coney
syd	PROPN	syd
vlad	VERB	vlad
hawkeye	NOUN	hawkeye
golan	NOUN	golan
circumference	NOUN	circonférence
carmine	VERB	carmine
conveniently	ADV	commodément
borge	NOUN	borge
kirkpatrick	PROPN	kirkpatrick
collin	PROPN	collin
jack	NOUN	valets
fundamentalist	NOUN	fondamentaliste
steward	NOUN	steward
catalogue	VERB	répertorié
marlin	PROPN	marlin
definitively	ADV	définitivement
devastation	NOUN	ravages
leander	NOUN	leander
obelisk	NOUN	obélisque
yarn	VERB	fils
langford	NOUN	langford
knitting	NOUN	tricot
bartender	NOUN	barman
dial	VERB	numérotation
profile	VERB	profilé
gabriele	PROPN	gabriele
singularity	NOUN	singularité
legitimately	ADV	légitimement
playful	ADJ	ludique
thakur	VERB	thakur
rewrote	VERB	réécrit
vere	ADV	vere
gayle	NOUN	gayle
demetrius	VERB	demetrius
gopal	NOUN	gopal
mahoney	NOUN	mahoney
reinhold	VERB	reinhold
makoto	PROPN	makoto
steak	NOUN	steak
boomer	NOUN	boomer
duma	PUNCT	douma
garza	NOUN	garza
tonic	NOUN	tonique
rockin	NOUN	rockin
pelvic	ADJ	pelvienne
mormon	NOUN	mormon
disillusion	VERB	désabusé
velasco	PROPN	velasco
screw	NOUN	vis
kimura	PROPN	kimura
bennet	NOUN	bennet
setback	NOUN	revers
knapp	NOUN	knapp
joke	VERB	plaisante
brownsville	PROPN	brownsville
interviewer	NOUN	enquêteur
schuyler	NOUN	schuyler
appraisal	NOUN	appréciation
snowden	VERB	snowden
primal	ADJ	primitif
whisper	NOUN	murmure
hauptmann	PROPN	hauptmann
kar	PROPN	kar
aida	NOUN	aida
bette	PROPN	bette
are	NOUN	arès
transcontinental	ADJ	transcontinental
leblanc	VERB	leblanc
forage	NOUN	fourrages
unjust	ADJ	injuste
chameleon	NOUN	caméléon
evaporation	NOUN	évaporation
sandoval	NOUN	sandoval
discharge	NOUN	rejets
charlottesville	PROPN	charlottesville
mathis	PROPN	mathis
analyse	PROPN	analysent
mancini	NOUN	mancini
pang	PROPN	pang
siamese	PROPN	siamois
embroider	VERB	brodé
sei	VERB	sei
rajiv	PROPN	rajiv
haywood	NOUN	haywood
cheerful	ADJ	gaie
millet	PROPN	mil
vet	NOUN	véto
beckham	PROPN	beckham
wylie	NOUN	wylie
lemur	VERB	lémurien
henchman	NOUN	sbires
dis	PROPN	dis
calorie	NOUN	calorique
tame	ADV	apprivoiser
brecht	PROPN	brecht
spiny	ADJ	épineuse
harbin	NOUN	harbin
warmth	NOUN	chaleur
boleyn	ADV	boleyn
fawcett	NOUN	fawcett
disgrace	NOUN	disgrâce
ashram	VERB	ashram
arouse	VERB	suscité
celine	NOUN	céline
sphinx	VERB	sphinx
brigitte	PROPN	brigitte
disgust	VERB	dégoût
fluoride	NOUN	fluor
lovell	VERB	lovell
meteorologist	NOUN	météorologue
greenway	ADV	greenway
admire	NOUN	admirer
monologue	NOUN	monologue
weller	NOUN	weller
pandemic	ADJ	pandémique
kid	VERB	plaisante
pascual	ADJ	pascual
magee	PROPN	magee
symbolize	VERB	symbolise
quarrel	NOUN	querelle
aristocrat	PROPN	aristocrate
embroidery	NOUN	broderie
kami	PROPN	kami
plentiful	ADJ	abondante
cushe	VERB	cushe
decidedly	ADV	décidément
tyranny	NOUN	tyrannie
astrid	PROPN	astrid
alienate	VERB	aliéner
perrin	NOUN	perrin
mondo	PROPN	mondo
ballerina	PROPN	ballerine
jermaine	NOUN	jermaine
simms	NOUN	simms
ronaldo	PROPN	ronaldo
hye	NOUN	hye
conclave	NOUN	conclave
chevy	NOUN	chevy
lotte	VERB	lotte
cloister	NOUN	cloître
geiger	NOUN	geiger
daredevil	NOUN	daredevil
pacifist	NOUN	pacifiste
moser	PROPN	moser
purposely	ADV	délibérément
sagan	VERB	sagan
rooftop	VERB	toit
danilo	NOUN	danilo
autobot	NOUN	autobot
tendon	PROPN	tendon
degenerate	VERB	dégénéré
franca	NOUN	franca
templeton	PROPN	templeton
corcoran	PROPN	corcoran
erratic	ADJ	erratique
limbo	NOUN	limbes
fiercely	ADV	farouchement
stanhope	VERB	stanhope
arno	NOUN	arno
vigilante	VERB	justicier
acoustic	NOUN	acoustique
delegate	VERB	délégués
coltrane	NOUN	coltrane
thunderbird	NOUN	thunderbird
maldonado	PROPN	maldonado
baer	PROPN	baer
henchman	PROPN	sbire
deus	NOUN	deus
ritz	PROPN	ritz
diligence	NOUN	assiduité
piety	NOUN	piété
tambourine	NOUN	tambourin
hsu	PROPN	hsu
jug	NOUN	cruche
grizzly	PROPN	grizzly
amphibian	PROPN	amphibien
acknowledgement	NOUN	reconnaissance
adrienne	PROPN	adrienne
virtuoso	ADV	virtuose
karol	NOUN	karol
these	VERB	thèses
refute	VERB	réfuter
exempt	VERB	exonéré
pardon	VERB	pardonné
grandma	NOUN	mémé
cornet	NOUN	cornet
tompkin	NOUN	tompkin
brentwood	NOUN	brentwood
enlighten	VERB	éclairée
amplify	VERB	amplifié
playlist	NOUN	playlist
empathy	NOUN	empathie
sender	NOUN	expéditeur
topo	PROPN	topo
galactica	PROPN	galactica
fulfillment	NOUN	accomplissement
hawley	PROPN	hawley
rahim	VERB	rahim
monstrous	ADJ	monstrueuse
mervyn	PROPN	mervyn
koh	PROPN	koh
caribou	PROPN	caribou
niall	NOUN	niall
intellectually	ADV	intellectuellement
landscape	VERB	terrassement
bend	NOUN	virages
schoolboy	PROPN	écolier
coulter	NOUN	coulter
mcrae	NOUN	mcrae
macfarlane	NOUN	macfarlane
marburg	PROPN	marburg
nathalie	NOUN	nathalie
northumbria	PROPN	northumbrie
lakota	PROPN	lakota
bro	PROPN	frangin
blend	NOUN	mélanges
yew	VERB	if
misplace	VERB	déplacé
neurology	NOUN	neurologie
overlay	NOUN	superposition
drayton	PROPN	drayton
generosity	NOUN	générosité
rin	NOUN	rin
mock	VERB	moqueries
orchestration	NOUN	orchestration
bracelet	NOUN	bracelet
murad	PROPN	murad
acs	ADV	acs
extraordinarily	ADV	extraordinairement
mich	PROPN	mich
gilberto	PROPN	gilberto
medford	PROPN	medford
kenton	PROPN	kenton
dalek	VERB	daleks
fanfare	VERB	fanfare
seam	NOUN	filon
canine	VERB	canin
mak	PROPN	mak
himmler	NOUN	himmler
goth	NOUN	gothique
luthor	NOUN	luthor
petri	VERB	petri
chromium	NOUN	chrome
rajesh	VERB	rajesh
ire	PROPN	ire
rockland	NOUN	rockland
cabo	NOUN	cabo
gresham	PROPN	gresham
steen	NOUN	steen
tundra	VERB	toundra
bribe	NOUN	soudoyer
kita	X	kita
kwok	NOUN	kwok
indifferent	ADJ	indifférents
fink	VERB	fink
stapleton	PROPN	stapleton
enid	PROPN	enid
advantageous	ADJ	avantageux
goo	VERB	goo
oscillator	NOUN	oscillateur
monorail	NOUN	monorail
granny	NOUN	mémé
sumerian	PROPN	sumérien
fatherland	PROPN	patrie
miley	NOUN	miley
silverman	NOUN	silverman
krause	NOUN	krause
somer	NOUN	somer
dijon	NOUN	dijon
gilchrist	NOUN	gilchrist
unbalanced	ADJ	déséquilibre
irvin	NOUN	irvin
bianchi	PROPN	bianchi
duality	NOUN	dualité
refinement	PROPN	raffinement
quid	NOUN	quid
admirable	ADJ	admirables
isi	X	isi
sss	VERB	sss
suleiman	NOUN	suleiman
hummingbird	PROPN	colibri
scarcity	NOUN	rareté
ishikawa	NOUN	ishikawa
nomad	NOUN	nomades
plummer	PROPN	plummer
rupture	VERB	rompue
goode	VERB	goode
mullin	NOUN	mullin
ninety	NOUN	ninety
referral	NOUN	aiguillage
existential	ADJ	existentielle
atherton	PROPN	atherton
abort	VERB	avorté
visconti	PROPN	visconti
sane	VERB	sain
gully	ADV	ravin
orpheus	PROPN	orphée
assort	VERB	assortis
tardi	NOUN	tardi
negative	NOUN	négatifs
stairway	NOUN	escalier
bum	NOUN	clochard
sewell	VERB	sewell
kira	PROPN	kira
applause	NOUN	applaudis
anemia	NOUN	anémie
lila	PROPN	lila
ornament	ADJ	ornement
wilhelmina	PROPN	wilhelmina
serenade	NOUN	sérénade
diarrhea	NOUN	diarrhée
llewellyn	NOUN	llewellyn
timmy	ADJ	timmy
unfairly	ADV	injustement
tokens	PROPN	jetons
greedy	ADJ	gourmande
infer	VERB	déduire
shackleton	VERB	shackleton
dreamer	PROPN	rêveur
hajj	PROPN	hadj
bush	NOUN	buissons
quarantine	NOUN	quarantaine
boldly	ADV	hardiment
gol	NOUN	gol
fax	NOUN	télécopie
bondage	NOUN	esclavage
pineapple	NOUN	ananas
fen	NOUN	fen
utopian	ADJ	utopie
cui	NOUN	cui
careless	VERB	imprudente
rachael	PROPN	rachael
scissor	NOUN	ciseaux
heywood	PROPN	heywood
counsellor	NOUN	conseiller
cortez	NOUN	cortez
melodrama	NOUN	mélodrame
seeker	NOUN	sourcier
wordsworth	ADV	wordsworth
nada	PROPN	nada
shakespearean	ADJ	shakespearien
unwarranted	ADJ	injustifiées
shiv	PROPN	shiv
lombardi	PROPN	lombardi
alonzo	NOUN	alonzo
mulligan	VERB	mulligan
qasim	PROPN	qasim
melee	PROPN	mêlée
finn	VERB	finlandais
castor	NOUN	ricin
soar	VERB	flambée
swam	VERB	nagé
interruption	NOUN	interruptions
zhi	PROPN	zhi
succumb	VERB	succombé
underwear	NOUN	culottes
extremity	NOUN	extrémité
mahdi	PROPN	mahdi
steroid	NOUN	stéroïdes
heater	NOUN	radiateur
missy	ADJ	missy
motocross	PROPN	motocross
yehuda	NOUN	yehuda
discomfort	NOUN	gêne
spinner	NOUN	spinner
hyatt	PROPN	hyatt
bump	NOUN	bosses
manley	ADJ	manley
priya	PROPN	priya
mexican	NOUN	mexicains
cohesion	NOUN	cohésion
bottled	ADJ	embouteillée
galen	PROPN	galen
lind	VERB	lind
pervasive	ADJ	omniprésence
advertiser	NOUN	annonceurs
cirque	NOUN	cirque
bernadette	NOUN	bernadette
cpr	VERB	rcp
firewall	NOUN	firewall
simplistic	ADJ	simpliste
lupus	X	lupus
felice	NOUN	felice
schwarzenegger	NOUN	schwarzenegger
cough	NOUN	toux
mikey	NOUN	mikey
kennel	PROPN	chenil
nakajima	PROPN	nakajima
reappear	VERB	réapparu
verdun	X	verdun
occupancy	NOUN	occupation
kayak	NOUN	kayak
jos	PROPN	jos
lps	VERB	lps
mille	PROPN	mille
altman	PROPN	altman
nui	NUM	nui
neapolitan	PROPN	napolitaine
buffalo	NOUN	buffles
winkler	NOUN	winkler
urinary	ADJ	urinaire
johnnie	PROPN	johnnie
uniqueness	VERB	singularité
michal	PROPN	michal
extravagant	PROPN	extravagant
goliath	PROPN	goliath
landon	PROPN	landon
blind	VERB	aveuglé
upbeat	ADJ	optimiste
ibis	ADV	ibis
sickle	VERB	faucille
ordinarily	ADV	ordinairement
containment	NOUN	confinement
mccabe	VERB	mccabe
analyse	VERB	analysé
possessive	ADJ	possessif
barkley	NOUN	barkley
markov	NOUN	markov
bobo	PROPN	bobo
petrie	VERB	petrie
swann	PROPN	swann
plead	NOUN	plaider
minami	PROPN	minami
aegis	NOUN	égide
condensation	NOUN	condensation
picket	NOUN	piquet
derail	VERB	déraillé
wifi	NOUN	wifi
stork	NOUN	cigogne
furlong	PROPN	furlong
discredit	VERB	discréditer
sarcasm	NOUN	sarcasmes
electra	PROPN	electra
tho	X	tho
voss	NOUN	voss
milligan	PROPN	milligan
kandahar	PROPN	kandahar
unintentionally	ADV	involontairement
hostess	NOUN	hôtesses
sloppy	ADJ	bâclé
mekong	PROPN	mékong
stalingrad	NOUN	stalingrad
bree	NOUN	bree
timur	ADJ	timur
parrish	PROPN	parrish
mong	PROPN	mong
tabor	PROPN	tabor
willingly	ADV	volontiers
intolerance	NOUN	intolérance
imitate	VERB	imiter
honeycomb	VERB	alvéolaire
gaetano	NOUN	gaetano
babcock	PROPN	babcock
guillotine	NOUN	guillotine
mie	PROPN	mie
garnett	PROPN	garnett
immoral	ADJ	immorale
westbrook	VERB	westbrook
kor	PROPN	kor
dinah	PROPN	dinah
earthly	ADV	terrestre
overkill	NOUN	exagération
maa	VERB	maa
smythe	VERB	smythe
oss	PROPN	oss
predictive	NOUN	prédictive
nemo	PROPN	nemo
kabir	NOUN	kabir
jardine	PROPN	jardine
celeste	NOUN	céleste
apprehend	VERB	appréhendé
replicas	PROPN	répliques
tamar	PROPN	tamar
palsy	PROPN	paralysie
hen	NOUN	poules
samar	PROPN	samar
euclid	ADJ	euclide
enni	NOUN	enni
vinnie	PROPN	vinny
omer	NOUN	omer
disproportionate	VERB	disproportionnées
assortment	NOUN	assortiment
drank	VERB	bu
linus	NOUN	linus
justifie	NOUN	justifie
armageddon	PROPN	armageddon
refresh	VERB	rafraîchir
maury	PROPN	maury
sheehan	NOUN	sheehan
optimism	NOUN	optimiste
pershe	VERB	pershe
oppress	VERB	opprimés
weaver	NOUN	tisserands
vagina	PROPN	vagin
kieran	NOUN	kieran
cajun	PROPN	cajun
outsourcing	NOUN	délocalisation
seriousness	NOUN	sérieux
annihilation	NOUN	anéantissement
cpa	NOUN	cpa
chic	ADJ	chics
stag	NOUN	cerf
std	PROPN	mst
escobar	NOUN	escobar
parton	PROPN	parton
nikos	PROPN	nikos
brutus	PROPN	brutus
pooh	NOUN	ourson
hyperion	NOUN	hypérion
chechnya	PROPN	tchétchénie
winfrey	NOUN	winfrey
tully	ADV	tully
schofield	VERB	schofield
ide	ADJ	ide
rommel	PROPN	rommel
mosul	VERB	mossoul
flop	PROPN	flop
vidya	NOUN	vidya
uprising	NOUN	soulèvements
ezekiel	PROPN	ezekiel
merrick	ADJ	merrick
mogadishu	NOUN	mogadiscio
massacre	VERB	massacrés
provo	PROPN	provo
muay	VERB	muay
irma	NOUN	irma
ott	PROPN	ott
frenzy	NOUN	frénétique
handwriting	NOUN	ecriture
saad	PROPN	saad
knoll	NOUN	knoll
aguirre	ADJ	aguirre
atelier	PROPN	atelier
bernd	VERB	bernd
profanity	NOUN	jurons
imposition	NOUN	imposer
implant	ADJ	implants
kafka	VERB	kafka
stowe	NOUN	stowe
heist	NOUN	casse
congratulation	NOUN	félicitations
kwon	PROPN	kwon
hydroxide	ADV	hydroxyde
vent	NOUN	évents
gaspar	NOUN	gaspar
obligate	VERB	obligée
spicy	ADJ	piquant
whelan	PROPN	whelan
pathetic	ADJ	pathétique
thelma	NOUN	thelma
trotsky	NOUN	trotsky
hickey	PROPN	hickey
genevieve	VERB	geneviève
hegel	PROPN	hegel
confessor	NOUN	inquisitrice
kitten	VERB	chaton
discriminate	VERB	discriminer
estrella	NOUN	estrella
plug	NOUN	bouchons
oppenheimer	NOUN	oppenheimer
mya	ADV	mya
flavor	VERB	aromatisé
contingency	NOUN	éventualités
tennyson	NOUN	tennyson
silica	PROPN	silice
gorbachev	PROPN	gorbatchev
dread	NOUN	effroi
cheese	VERB	fromages
parapet	PROPN	parapet
sora	PROPN	sora
bara	PROPN	bara
planter	NOUN	planteurs
segal	PROPN	segal
thrill	VERB	palpitant
tutelage	NOUN	tutelle
boswell	VERB	boswell
joon	ADV	joon
leno	VERB	leno
tennant	NOUN	tennant
landi	NOUN	landi
khanna	PROPN	khanna
fragrance	NOUN	arôme
cider	NOUN	cidre
awa	PROPN	awa
mehdi	VERB	mehdi
net	VERB	compensées
serotonin	PROPN	sérotonine
stew	VERB	ragoût
eugenia	PROPN	eugenia
ero	VERB	ero
flaherty	NOUN	flaherty
giulia	PROPN	giulia
compound	VERB	aggravée
hardwood	NOUN	feuillus
unbroken	VERB	ininterrompue
pesos	NOUN	pesos
intestine	VERB	intestin
dao	VERB	dao
gent	NOUN	gand
dedicate	VERB	dédie
am	VERB	am
bet	NOUN	mises
amish	NOUN	amish
corfu	PROPN	corfou
admirer	NOUN	admirateur
rhinoceros	PROPN	rhinocéros
poke	PROPN	poke
vigil	NOUN	veillée
hade	VERB	hadès
dogma	VERB	dogme
zeal	NOUN	zèle
raspberry	VERB	framboise
misuse	VERB	abusé
gibbon	VERB	gibbon
spore	VERB	spores
snare	VERB	piège
depletion	NOUN	appauvrissement
yorktown	NOUN	yorktown
rental	NOUN	locations
acosta	ADV	acosta
eid	PROPN	aïd
counterpoint	NOUN	contrepoint
euthanasia	NOUN	euthanasie
dunk	VERB	dunk
tungsten	VERB	tungstène
greatness	NOUN	grandeur
belvedere	ADV	belvédère
unplugged	ADJ	débranché
wickham	PROPN	wickham
cooley	NOUN	cooley
bef	NOUN	bef
bounce	VERB	rebondir
ravage	VERB	ravagé
quill	NOUN	plume
assisi	ADP	assise
fireman	NOUN	pompier
civilize	VERB	civilisées
jayne	VERB	jayne
bedouin	PROPN	bédouins
faire	PROPN	faire
cordon	PROPN	cordon
alarm	VERB	alarmé
josie	PROPN	josie
wavy	VERB	ondulé
wikileak	NOUN	wikileak
intimacy	NOUN	intimité
jag	ADV	jag
mio	PROPN	mio
knut	PROPN	knut
dolby	NOUN	dolby
scrooge	NOUN	scrooge
pompey	NOUN	pompée
lancelot	NOUN	lancelot
slum	PROPN	taudis
sus	VERB	sus
calibration	NOUN	calibrage
paralyze	VERB	paralysés
harrogate	VERB	harrogate
penthouse	VERB	attique
afflict	VERB	affligé
vieira	PROPN	vieira
thunderstorm	NOUN	orages
lech	NOUN	lech
pai	NOUN	pai
olfactory	NOUN	olfactif
corbin	VERB	corbin
ammonium	NOUN	ammonium
dowle	VERB	dowle
eth	NOUN	eth
coo	NOUN	coo
paco	PROPN	paco
mutate	VERB	muté
schoolteacher	NOUN	instituteur
gay	NOUN	gay
symbolize	NOUN	symbolise
parishioner	NOUN	paroissiens
propagate	VERB	propager
asterisk	NOUN	astérisque
crackdown	NOUN	répression
cunne	VERB	rusé
alexey	PROPN	alexeï
peach	NOUN	pêches
wig	PROPN	perruque
distil	VERB	distillée
solstice	NOUN	solstice
adhesive	NOUN	adhésifs
subscribe	VERB	souscrire
dunham	PROPN	dunham
cyanide	NOUN	cyanure
polio	NOUN	poliomyélite
hitter	NOUN	frappeurs
xian	PROPN	xian
caspar	PROPN	caspar
caricature	NOUN	caricature
contour	ADJ	contour
personalize	VERB	personnalisé
ayer	NOUN	ayer
equip	PROPN	équiper
humiliation	NOUN	humiliations
provenance	NOUN	provenance
decisively	ADV	résolument
wither	NOUN	garrot
unjustified	ADJ	injustifiées
jennie	PROPN	jennie
imp	VERB	lutin
thebe	VERB	thèbes
implant	NOUN	implant
wiggin	NOUN	wiggin
viennese	VERB	viennois
keegan	PROPN	keegan
plate	VERB	plaqué
skateboard	VERB	skateboard
lorna	PROPN	lorna
koenig	PROPN	koenig
ralf	NOUN	ralf
jumbo	PROPN	jumbo
slander	VERB	calomnie
reel	NOUN	bobines
perpetrate	VERB	perpétrée
cale	NOUN	cale
anatoly	ADJ	anatoly
healey	PROPN	healey
disparity	NOUN	disparités
kangaroo	NOUN	kangourous
mou	PROPN	mémorandum
imran	PROPN	imran
jenner	NOUN	jenner
progeny	VERB	descendance
tilt	VERB	incliné
madsen	VERB	madsen
mancha	ADJ	mancha
jeffrie	NOUN	jeffrie
kiwi	NOUN	kiwis
uncanny	ADV	troublante
disobedience	NOUN	désobéissance
valery	NOUN	valery
aditya	PROPN	aditya
filip	NOUN	filip
brittle	VERB	cassant
recurrence	VERB	réapparition
windmill	NOUN	moulins
yosef	VERB	yosef
freedman	NOUN	freedman
foss	PROPN	foss
rancher	VERB	rancher
radiator	NOUN	radiateurs
repel	VERB	repoussés
cline	NOUN	cline
imbalance	NOUN	déséquilibre
blackbird	PROPN	merle
weldon	PROPN	weldon
visibly	ADV	visiblement
fonda	NOUN	fonda
fab	PROPN	fab
puccini	NOUN	puccini
atypical	ADJ	atypique
rudimentary	ADJ	rudimentaires
hiro	PROPN	hiro
bevan	PROPN	bevan
quail	NOUN	caille
extortion	NOUN	extorsion
salam	PROPN	salam
xie	PUNCT	xie
wil	PROPN	wil
remo	NOUN	remo
cameraman	NOUN	caméraman
nee	PROPN	nee
playa	NOUN	playa
neath	NOUN	neath
blocker	NOUN	bloquant
panhandle	NOUN	panhandle
coppola	PROPN	coppola
nadine	ADV	nadine
jani	NOUN	jani
furry	NOUN	poilu
rudi	PROPN	rudi
snapshot	NOUN	instantané
adnan	PROPN	adnan
shakedown	NOUN	extorsion
learner	NOUN	apprenant
satanic	ADJ	satanique
luckily	ADV	heureusement
lindbergh	PROPN	lindbergh
dessert	VERB	dessert
godavari	PROPN	godavari
elmo	NOUN	elmo
winifre	VERB	winifre
hypocrisy	NOUN	hypocrisie
spector	NOUN	spector
pim	NOUN	pim
hindustan	PROPN	hindustan
acp	PROPN	acp
reinhardt	ADJ	reinhardt
fuego	NOUN	fuego
num	ADJ	num
dope	NOUN	dope
sabina	NOUN	sabina
horribly	ADV	horriblement
villanueva	PROPN	villanueva
bane	NOUN	fléau
dump	NOUN	décharges
fleur	NOUN	fleur
corte	NOUN	corte
free	NOUN	libère
arya	NOUN	arya
essential	NOUN	essentiels
pushkin	PROPN	pouchkine
pantomime	ADJ	pantomime
an	NOUN	an
linton	PROPN	linton
unheard	ADJ	inouï
chatter	NOUN	bavardages
hossein	PROPN	hossein
conduit	NOUN	conduits
weiner	NOUN	weiner
strategist	NOUN	stratège
planetarium	NOUN	planétarium
romana	PROPN	romana
pemberton	PROPN	pemberton
ruskin	PROPN	ruskin
streisand	VERB	streisand
maloney	PROPN	maloney
misinformation	NOUN	désinformation
myra	PROPN	myra
fixation	NOUN	fixation
errol	NOUN	errol
overweight	ADJ	obèse
hacienda	PROPN	hacienda
alienation	NOUN	aliénation
gretchen	VERB	gretchen
beagle	NOUN	beagle
biscuit	VERB	biscuit
colossal	VERB	colossale
dum	PROPN	dum
kinney	PROPN	kinney
bruckner	PROPN	bruckner
wolfram	NOUN	wolfram
ibiza	VERB	ibiza
needy	ADJ	nécessiteux
awe	PROPN	crainte
tray	NOUN	plateau
ramadan	PROPN	ramadan
keye	NOUN	keye
manic	ADJ	maniaque
cement	VERB	cimenté
tulip	VERB	tulipes
aki	NOUN	aki
walmart	PROPN	walmart
intermediary	NOUN	intermédiaire
felicity	NOUN	félicité
petro	PROPN	petro
footpath	NOUN	sentier
woolly	ADV	laineux
irresponsible	ADJ	irresponsables
improbable	ADJ	invraisemblable
conroy	PROPN	conroy
miyagi	PROPN	miyagi
mcfadden	PROPN	mcfadden
robo	NOUN	robo
macaulay	NOUN	macaulay
unsatisfactory	ADJ	insatisfaisant
bayonne	PROPN	bayonne
mischief	PROPN	malice
leila	PROPN	leila
nonexistent	ADJ	inexistante
chanel	NOUN	chanel
ronan	PROPN	ronan
fruitful	ADJ	fructueux
biscuit	NOUN	biscuit
spock	NOUN	spock
fer	NOUN	fer
habea	NOUN	habea
speciality	NOUN	spécialité
clovis	VERB	clovis
jeanette	NOUN	jeanette
johansen	VERB	johansen
facsimile	ADJ	télécopie
estelle	PROPN	estelle
jie	PROPN	jie
kinder	PROPN	kinder
stock	VERB	approvisionné
kamakura	PROPN	kamakura
goodnight	NOUN	bonsoir
carrot	NOUN	carotte
summa	NOUN	summa
maia	PROPN	maia
skelton	PROPN	skelton
paley	PROPN	paley
leela	PROPN	leela
abilene	PROPN	abilene
iranian	NOUN	iraniens
primo	VERB	primo
pretender	NOUN	prétendant
minimalist	NOUN	minimaliste
albatross	NOUN	albatros
grandpa	NOUN	pépé
frazer	NOUN	frazer
rebuttal	NOUN	réfutation
ditch	VERB	fossés
jeffery	PROPN	jeffery
unusable	ADJ	inutilisable
ust	VERB	oust
vegan	VERB	végétalien
canoe	NOUN	canots
brenner	VERB	brenner
sticker	PROPN	autocollant
skirmish	NOUN	accrochages
whittaker	NOUN	whittaker
menus	PROPN	menus
gilman	NOUN	gilman
chilton	PROPN	chilton
herod	PROPN	hérode
rub	VERB	frotte
josephus	PROPN	josephus
incest	NOUN	inceste
intrigue	VERB	intrigué
sakai	NOUN	sakai
billionaire	VERB	milliardaires
gendarmerie	PROPN	gendarmerie
catechism	NOUN	catéchisme
avril	NOUN	avril
distraught	NOUN	désemparée
muppet	NOUN	muppet
genghis	PROPN	genghis
adventurous	ADJ	aventurier
mandalay	NOUN	mandalay
shao	PROPN	shao
hippie	VERB	hippies
agostino	NOUN	agostino
teri	PROPN	teri
downgrade	VERB	déclassés
sand	ADJ	sand
unrealistic	ADJ	irréalistes
preventative	ADJ	préventif
bock	NOUN	bock
agility	NOUN	agilité
calypso	NOUN	calypso
shakira	PROPN	shakira
conspire	VERB	conspirent
nausea	NOUN	nausées
mackintosh	PROPN	mackintosh
litchfield	VERB	litchfield
zhen	NOUN	zhen
woodbury	NOUN	woodbury
mane	VERB	crinière
concert	VERB	concertée
homelessness	VERB	itinérance
cosmo	PROPN	cosmo
tama	NOUN	tama
illiterate	ADJ	illettrés
leakage	NOUN	fuite
terrify	VERB	terrifié
bo	NOUN	bo
pollute	VERB	polluée
informer	NOUN	informateur
romain	VERB	romain
excuse	NOUN	excuse
mahogany	NOUN	acajou
chaco	PROPN	chaco
grotto	NOUN	grotte
sandro	PROPN	sandro
astral	NOUN	astral
secretion	NOUN	sécrétion
dragonfly	ADV	libellule
afar	ADV	afar
dowd	NOUN	dowd
paratrooper	NOUN	parachutistes
lata	VERB	lata
incense	NOUN	encens
agony	NOUN	agonie
aptitude	VERB	aptitudes
sutter	NOUN	sutter
einar	NOUN	einar
dawe	NOUN	dawe
descarte	VERB	descarte
figurine	NOUN	figurine
rerun	NOUN	rediffusions
thoracic	VERB	thoracique
jojo	ADJ	jojo
equinox	PROPN	equinox
urn	VERB	urne
hitch	PROPN	attelage
yeat	NOUN	yeat
nicki	PROPN	nicki
fief	NOUN	fief
tarot	NOUN	tarot
hug	PROPN	câlin
higg	VERB	higg
carta	PROPN	carta
iona	ADJ	iona
dooley	NOUN	dooley
uncle	VERB	oncles
beggar	ADJ	mendiant
whitworth	PROPN	whitworth
hank	NOUN	hank
tattoo	NOUN	tatouage
herschel	PROPN	herschel
testosterone	NOUN	testostérone
confrontational	ADJ	conflictuelle
ebony	PROPN	ébène
skeptic	NOUN	sceptiques
fyodor	NOUN	fiodor
tangle	VERB	emmêlé
magi	PROPN	mages
larissa	PROPN	larissa
samir	PROPN	samir
branco	PROPN	branco
corrective	VERB	correcteur
fortnight	ADJ	quinzaine
soak	VERB	trempée
sweep	NOUN	balaie
autistic	ADJ	autistes
allergy	PROPN	allergie
chinook	NOUN	chinook
medusa	VERB	méduse
balboa	PROPN	balboa
joss	PROPN	joss
shortcut	NOUN	raccourcis
overtly	ADV	ouvertement
ovation	NOUN	ovation
goofy	PROPN	dingo
hotchkiss	PROPN	hotchkiss
toei	ADV	toei
decompression	NOUN	décompression
blender	VERB	mixeur
kimi	PROPN	kimi
se	VERB	se
leprosy	NOUN	lépreux
porcupine	NOUN	porcupine
bugle	VERB	clairon
unintende	VERB	involontaire
compliment	VERB	complimenté
riot	VERB	émeute
catalog	VERB	catalogues
tipton	PROPN	tipton
pooja	NOUN	pooja
ovarian	PROPN	ovaire
gerd	NOUN	gerd
indifference	NOUN	indifférence
maeda	NOUN	maeda
mindset	NOUN	mentalité
payton	NOUN	payton
biggs	PUNCT	biggs
solicitor	NOUN	notaires
spectre	NOUN	spectre
harem	PROPN	harem
khartoum	PROPN	khartoum
proudly	ADV	fièrement
germ	NOUN	germe
baruch	ADJ	baruch
second	VERB	secondé
ven	VERB	ven
pyongyang	PROPN	pyongyang
stoker	PROPN	stoker
kiln	NOUN	four
long	VERB	désir
rake	VERB	râteau
dara	PROPN	dara
sita	NOUN	sita
amit	NOUN	amit
poseidon	PROPN	poséidon
revolt	VERB	révoltes
attica	PROPN	attique
tuttle	ADJ	tuttle
blythe	VERB	blythe
horrific	ADJ	horrible
fifty	NOUN	cinquantaine
puppeteer	NOUN	marionnettiste
mus	PROPN	mus
oversize	VERB	surdimensionné
hush	NOUN	chut
peril	NOUN	périls
halen	PROPN	halen
iyer	PROPN	iyer
adriano	NOUN	adriano
rumour	NOUN	rumeurs
clarion	NOUN	clarion
tonkin	PROPN	tonkin
metcalfe	VERB	metcalfe
aya	PROPN	aya
idris	PROPN	idriss
harwood	NOUN	harwood
sledge	PROPN	traîneau
rein	VERB	rein
humphrie	NOUN	humphrie
fetish	NOUN	fétichiste
wand	VERB	baguette
sparkle	VERB	étincelante
bhai	ADJ	bhai
mcallister	NOUN	mcallister
stationery	NOUN	papeterie
siren	NOUN	sirène
ziegler	PROPN	ziegler
gila	PROPN	gila
layman	NOUN	profane
computerize	VERB	informatisé
ramona	VERB	ramona
desai	VERB	desai
tillman	NOUN	tillman
priestly	ADV	sacerdotale
perseus	NOUN	persée
bombard	VERB	bombardée
jax	PROPN	jax
ferment	VERB	fermentées
environmentalist	NOUN	écologiste
hydrocarbon	NOUN	hydrocarbure
recount	NOUN	recomptage
verma	X	verma
vader	NOUN	vador
tuscan	ADV	toscane
watergate	VERB	watergate
punishable	ADJ	passible
molar	NOUN	molaire
precaution	NOUN	précautions
charisma	NOUN	charismatique
gentile	NOUN	gentile
connelly	ADV	connelly
cairn	ADJ	cairn
embrace	NOUN	englobe
caffeine	NOUN	caféine
unhealthy	ADJ	malsaine
hamish	VERB	hamish
amon	PROPN	amon
sore	ADV	douloureux
mallet	NOUN	maillet
moira	PROPN	moira
californian	NOUN	californienne
texan	ADJ	texan
chou	PROPN	chou
elvira	PROPN	elvira
overload	NOUN	surcharger
homeowner	NOUN	propriétaires
incubator	NOUN	incubateurs
kip	VERB	kip
festive	ADJ	festif
shivaji	NOUN	shivaji
farr	PROPN	farr
chernobyl	PROPN	tchernobyl
pore	VERB	pores
stefani	PROPN	stefani
curl	PROPN	enrouler
gunther	NOUN	gunther
polygamy	NOUN	polygamie
microorganism	NOUN	microorganismes
uranus	ADJ	uranus
vaginal	ADJ	vaginales
paulus	PROPN	paulus
knit	VERB	tricot
animosity	NOUN	animosité
frye	PROPN	frye
resilience	NOUN	résilience
faraday	NOUN	faraday
acrylic	NOUN	acrylique
dictate	NOUN	dicte
retrospect	VERB	rétrospective
wrigley	PROPN	wrigley
desk	NOUN	comptoirs
gaya	NOUN	gaya
outback	NOUN	outback
redman	NOUN	redman
taint	VERB	entaché
beresford	PROPN	beresford
aye	PROPN	aye
hindenburg	PROPN	hindenburg
sedgwick	VERB	sedgwick
austerity	NOUN	austérité
centaur	NOUN	centaure
adrien	NOUN	adrien
repatriation	NOUN	rapatriement
bora	PROPN	bora
piet	VERB	piet
sia	PROPN	sia
deform	VERB	déformée
playmate	PROPN	playmate
verbally	ADV	verbalement
grotesque	VERB	grotesque
delia	PROPN	délia
fernand	PROPN	fernand
excommunicate	VERB	excommunié
mercia	X	mercie
arra	NOUN	arra
lonnie	PROPN	lonnie
elegance	NOUN	élégance
wallpaper	NOUN	tapisserie
scottsdale	NOUN	scottsdale
atwood	NOUN	atwood
plywood	NOUN	contreplaqué
casket	NOUN	cercueil
lhasa	PROPN	lhassa
unreal	ADJ	irréel
lieberman	PROPN	lieberman
fractal	NOUN	fractale
bowel	VERB	intestin
kline	PROPN	kline
luv	PROPN	luv
caitlin	PROPN	caitlin
carlin	NOUN	carlin
cupid	NOUN	cupidon
zorn	VERB	zorn
seed	VERB	semis
samaritan	PROPN	samaritain
krishnan	PROPN	krishnan
jed	NOUN	jed
pup	VERB	chiot
bunker	NOUN	soutes
outcry	NOUN	tollé
beneficiary	NOUN	bénéficiaires
pom	PROPN	pom
tutor	VERB	tutorat
sensibility	NOUN	sensibilité
pfeiffer	PROPN	pfeiffer
rennie	PROPN	rennie
collectible	ADJ	collectionner
chapin	NOUN	chapin
desperation	NOUN	désespoir
caro	NOUN	caro
gauntlet	PROPN	gant
gob	NOUN	gob
woodford	PROPN	woodford
bigelow	VERB	bigelow
chappell	VERB	chappell
salty	ADJ	salé
slab	NOUN	dalles
frau	ADJ	frau
creepy	PROPN	glauque
cere	NOUN	cere
clough	VERB	clough
ard	VERB	ard
springboard	PROPN	tremplin
ayatollah	PROPN	ayatollah
rainier	PROPN	rainier
questionnaire	NOUN	questionnaire
seduce	VERB	séduire
duckworth	ADJ	duckworth
distrust	VERB	méfiance
tramp	VERB	clochard
fake	VERB	simulé
condominium	NOUN	copropriété
rack	NOUN	rayonnages
torrent	NOUN	torrents
hesitation	NOUN	hésitation
minaj	NOUN	minaj
soma	NOUN	soma
phrase	VERB	formulé
shabbat	VERB	shabbat
delano	VERB	delano
disposable	ADJ	jetables
outpatient	NOUN	ambulatoire
maris	PROPN	maris
adoration	NOUN	adoration
vasa	PROPN	vasa
homophobia	PROPN	homophobie
mayflower	ADV	mayflower
grundy	ADJ	grundy
technicolor	NOUN	technicolor
tariq	VERB	tariq
trawler	NOUN	chalutiers
branson	PROPN	branson
ormond	ADV	ormond
standby	VERB	veille
impromptu	PROPN	improvisé
filtration	NOUN	filtrage
oven	NOUN	fours
hemp	ADJ	chanvre
demolish	PROPN	démolir
vladivostok	NOUN	vladivostok
ruff	PROPN	ruff
liebe	PROPN	liebe
morten	VERB	morten
zara	PROPN	zara
headlight	NOUN	phares
bernice	PROPN	bernice
asu	PROPN	asu
bere	VERB	bere
musketeer	NOUN	mousquetaires
agnew	PROPN	agnew
midshipman	NOUN	aspirant
fork	VERB	fourchue
henriette	NOUN	henriette
banerjee	ADJ	banerjee
shay	PROPN	shay
yeo	NOUN	yeo
skeptic	ADJ	sceptique
chekhov	PROPN	tchekhov
vassar	PROPN	vassar
aldridge	NOUN	aldridge
mendel	PROPN	mendel
haider	NOUN	haider
repel	PROPN	repousse
fleece	ADV	toison
harlequin	NOUN	arlequin
mason	NOUN	maçons
duggan	PROPN	duggan
inge	VERB	inge
roast	VERB	torréfié
lantern	NOUN	lanternes
sucker	NOUN	suceur
shingle	VERB	bardeaux
jam	VERB	brouillage
maddox	PROPN	maddox
muhamme	VERB	mahomet
armin	ADJ	armin
newt	ADJ	triton
ebola	PROPN	ebola
hertz	NOUN	hertz
obi	VERB	obi
ayre	VERB	ayre
evoke	NOUN	évoquer
hop	VERB	hop
shiloh	PROPN	shiloh
embryos	PROPN	embryon
attest	PROPN	attester
fan	VERB	fan
tele	PROPN	tele
skit	NOUN	sketch
tidy	VERB	tidy
helpless	ADJ	impuissante
centrifugal	ADJ	centrifuge
subversive	NOUN	subversives
govern	NOUN	régit
argo	NOUN	argo
littleton	PROPN	littleton
dojo	ADV	dojo
roam	VERB	itinérance
gita	NOUN	gita
bolivar	PROPN	bolivar
brice	NOUN	brice
kirill	NOUN	cyrille
pasquale	PROPN	pasquale
morphine	NOUN	morphine
booty	PROPN	butin
chaucer	NOUN	chaucer
digger	PROPN	digger
rock	VERB	bascule
beni	NOUN	beni
doran	NOUN	doran
inert	ADJ	inerte
garnet	NOUN	garnet
wanderer	NOUN	vagabond
ahn	VERB	ahn
hardwick	NOUN	hardwick
autograph	NOUN	autographes
interrogate	VERB	interrogé
hiker	NOUN	randonneurs
hawke	NOUN	hawke
janu	NOUN	janu
engel	NOUN	engel
serpentine	VERB	serpentine
agua	PROPN	agua
phipps	PROPN	phipps
slice	NOUN	rondelles
artie	NOUN	artie
restore	NOUN	restaurations
nandi	NOUN	nandi
stanislav	PROPN	stanislav
preferential	ADJ	préférentiels
xing	PROPN	xing
terracotta	VERB	terracotta
silvery	NOUN	argenté
swahili	NOUN	swahili
hood	VERB	cagoulés
criss	VERB	criss
penance	NOUN	pénitence
paperwork	NOUN	paperasse
mandel	NOUN	mandel
goldie	VERB	goldie
gourmet	NOUN	gourmande
ord	NOUN	ord
purge	VERB	purgé
handmade	VERB	artisanale
buckland	PROPN	buckland
lucca	NOUN	lucca
bud	VERB	naissante
colton	PROPN	colton
curzon	VERB	curzon
landslide	VERB	glissements
aman	NOUN	aman
roo	PROPN	roo
patil	PROPN	patil
western	NOUN	western
malo	VERB	malo
epiphany	NOUN	épiphanie
colossus	NOUN	colosse
urgency	NOUN	urgent
dickey	NOUN	dickey
kana	PROPN	kana
metamorphosis	NOUN	métamorphose
martel	NOUN	martel
basra	PROPN	bassorah
chakra	PROPN	chakra
bouchard	ADV	bouchard
sho	NOUN	sho
kraus	PROPN	kraus
overton	NOUN	overton
omni	NOUN	omni
passover	PROPN	pâque
detonation	NOUN	détonation
portman	NOUN	portman
pap	NOUN	pap
knowingly	ADV	sciemment
sera	NOUN	sérums
intangible	ADJ	immatériels
addendum	ADV	additif
primus	NOUN	primus
hysteria	PROPN	hystérie
plethora	NOUN	pléthore
klux	PROPN	klux
greenpeace	NOUN	greenpeace
housekeep	VERB	ménage
cartilage	NOUN	cartilage
pratap	PROPN	pratap
aztec	NOUN	aztèques
bayard	PROPN	bayard
roulette	NOUN	roulette
emergent	ADJ	émergent
chau	NOUN	chau
gloss	VERB	brillant
kubrick	PROPN	kubrick
raya	NOUN	raya
mccullough	ADV	mccullough
reparation	NOUN	réparations
zapata	NUM	zapata
keat	NOUN	keat
peregrine	NOUN	peregrine
niki	PROPN	niki
centurion	NOUN	centurion
insure	VERB	assurée
mulberry	VERB	mulberry
alamos	PROPN	alamos
motorist	NOUN	automobilistes
halsey	PROPN	halsey
rosalind	VERB	rosalind
prudent	ADJ	prudente
incubation	NOUN	incubation
marvelous	ADJ	merveilleux
gpa	NOUN	amp
peckham	PROPN	peckham
maurizio	PROPN	maurizio
mink	NOUN	vison
sle	VERB	traîneau
sonja	PROPN	sonja
seok	NOUN	seok
moderation	NOUN	modération
janine	PROPN	janine
salah	PROPN	salah
cowley	NOUN	cowley
mackey	PROPN	mackey
thunderstorm	VERB	orage
giordano	PROPN	giordano
radiohead	NOUN	radiohead
discard	NOUN	jeter
monet	NOUN	monet
religiously	ADV	religieusement
usurp	VERB	usurper
triumphant	ADJ	triomphant
solaris	PROPN	solaris
oppressive	ADJ	oppression
ipo	VERB	ipo
kiefer	VERB	kiefer
ultraman	NOUN	ultraman
dung	PROPN	bouse
plo	PROPN	olp
clockwork	NOUN	clockwork
trail	VERB	traîné
bleu	NOUN	bleu
versatility	NOUN	polyvalence
bonham	PROPN	bonham
brunner	PROPN	brunner
kirov	PROPN	kirov
hamm	PROPN	hamm
cannonball	NOUN	boulet
installment	NOUN	versements
matador	PROPN	matador
plunder	VERB	pillés
gerardo	PROPN	gerardo
kershaw	PROPN	kershaw
improv	ADV	impro
kata	PROPN	kata
retinal	ADJ	rétinienne
rabin	PROPN	rabin
hora	PROPN	hora
sulu	PROPN	sulu
wildfire	NOUN	wildfire
abram	VERB	abram
clamp	VERB	pince
psychotic	ADJ	psychotiques
heartbreak	VERB	chagrin
innovator	NOUN	innovateur
suv	NOUN	suv
encircle	VERB	encerclé
compassionate	VERB	compassion
plough	NOUN	rabot
foucault	NOUN	foucault
sis	NOUN	sœur
wrongful	ADJ	injustifié
ulf	VERB	ulf
lichtenstein	PROPN	lichtenstein
reed	NOUN	roseaux
millimeter	NOUN	millimètres
arjuna	NOUN	arjuna
gopher	NOUN	gopher
pringle	NOUN	pringle
pere	ADV	pere
pimp	VERB	macs
housekeeper	NOUN	gouvernante
anthrax	NOUN	anthrax
pathologist	NOUN	pathologiste
tum	NOUN	tum
penrose	VERB	penrose
ute	PROPN	ute
langer	ADJ	langer
intimidate	ADJ	intimider
lupin	PROPN	lupin
eto	PROPN	eto
blaise	NOUN	blaise
misunderstanding	NOUN	malentendus
debussy	NOUN	debussy
capsule	NOUN	gélules
gerrard	PROPN	gerrard
strut	NOUN	strut
bainbridge	NOUN	bainbridge
jahan	PROPN	jahan
equine	PROPN	équine
tia	NOUN	tia
multiplex	PROPN	multiplex
agha	NOUN	agha
hijacking	NOUN	détournement
millie	VERB	millie
seduction	NOUN	séduire
saraswati	PROPN	saraswati
dealership	NOUN	concessionnaire
ridicule	NOUN	ridiculiser
valois	PROPN	valois
nicht	NOUN	nicht
mime	PROPN	mime
jinnah	PROPN	jinnah
loomis	PROPN	loomis
prerequisite	VERB	prérequis
bile	NOUN	bile
icy	NOUN	glacée
confucius	PROPN	confucius
kuo	PROPN	kuo
iggy	ADJ	iggy
wie	NOUN	wie
deo	NOUN	deo
renegade	NOUN	renégats
juror	NOUN	jurés
petrus	PROPN	petrus
graceful	ADJ	gracieux
emo	NOUN	emo
slum	NOUN	taudis
kiki	ADJ	kiki
dividend	VERB	dividendes
blackwater	NOUN	blackwater
whyte	NOUN	whyte
echelon	NOUN	échelon
bom	NOUN	bom
gastric	PROPN	gastrique
robby	PROPN	robby
gruber	NOUN	gruber
culture	VERB	cultivé
thirst	NOUN	soif
alfie	PROPN	alfie
hutchin	NOUN	hutchin
ounce	NOUN	once
winning	NOUN	gains
silt	NOUN	vase
ration	NOUN	rationnement
serene	NOUN	sereine
curie	PROPN	curie
dey	PROPN	dey
stagger	VERB	échelonnées
canaveral	ADJ	canaveral
conley	NOUN	conley
medicaid	PROPN	medicaid
beryl	PROPN	beryl
hopelessly	ADV	désespérément
huntley	NOUN	huntley
bb	VERB	bb
latimer	PROPN	latimer
trump	VERB	atouts
lazar	PROPN	lazare
jockeys	PROPN	jockeys
concubine	VERB	concubine
myron	PROPN	myron
yip	PROPN	yip
broome	ADJ	broome
sully	ADV	sully
marr	PROPN	marr
quixote	VERB	quichotte
tesco	PROPN	tesco
criminology	NOUN	criminologie
edvard	NOUN	edvard
selwyn	VERB	selwyn
cleo	PROPN	cleo
incompetence	NOUN	incompétent
caulfield	VERB	caulfield
totalitarian	PROPN	totalitaires
initiate	NOUN	initie
stylist	NOUN	styliste
ugo	ADJ	ugo
tahoe	X	tahoe
therese	NOUN	thérèse
pino	NOUN	pino
downturn	VERB	ralentissement
langdon	PROPN	langdon
binder	NOUN	classeur
sinus	NOUN	sinus
apostrophe	PROPN	apostrophe
mobster	NOUN	mafieux
buggy	ADJ	poussette
samuel	NOUN	samuel
empty	VERB	vidé
vane	NOUN	vane
rosetta	PROPN	rosetta
chaney	PROPN	chaney
untold	ADJ	indicible
spar	NOUN	spar
bayonet	NOUN	baïonnette
provocation	NOUN	provocations
tv	NOUN	télévisions
gauss	PROPN	gauss
amritsar	VERB	amritsar
fabrizio	PROPN	fabrice
brokerage	NOUN	courtage
richness	NOUN	richesse
faithfully	ADV	fidèlement
gillis	PROPN	gillis
garvey	NOUN	garvey
kon	PROPN	kon
seamus	VERB	seamus
snowboard	VERB	snowboard
kaya	PROPN	kaya
valour	PROPN	bravoure
phoenician	NOUN	phénicien
scramble	VERB	brouillés
parrot	NOUN	perroquets
winton	PROPN	winton
dissection	NOUN	dissection
anesthesia	PROPN	anesthésie
garrick	NOUN	garrick
carnage	NOUN	carnage
loader	VERB	chargeur
jovan	PROPN	jovan
goss	NOUN	goss
cranial	NOUN	crânien
grosse	NOUN	grosse
tse	X	tsé
gimmick	PROPN	gimmick
atf	VERB	atf
fahrenheit	VERB	fahrenheit
medically	ADV	médicalement
deactivate	VERB	désactivés
beasley	PROPN	beasley
magically	ADV	magiquement
stoner	NOUN	stoner
kaur	NOUN	kaur
skid	PROPN	dérapage
wim	PROPN	wim
turnaround	NOUN	redressement
ackerman	NOUN	ackerman
sybil	VERB	sybil
dorm	VERB	dortoir
bec	PROPN	bec
rondo	NOUN	rondo
margo	PROPN	margo
eiffel	NOUN	eiffel
leif	VERB	leif
hallway	ADJ	couloir
suzhou	NOUN	suzhou
marcin	NOUN	marcin
headache	NOUN	migraines
tot	NOUN	tot
barb	PROPN	barb
quintus	NOUN	quintus
seman	NOUN	sperme
recast	NOUN	refonte
scipio	NOUN	scipion
sycamore	NOUN	sycamore
proverb	NOUN	proverbes
chee	NOUN	chee
lager	NOUN	lager
liddell	PROPN	liddell
malek	NOUN	malek
redact	VERB	censuré
aron	PROPN	aron
pebble	NOUN	cailloux
inventive	VERB	inventif
castel	NOUN	castel
stalemate	VERB	impasse
thirdly	ADV	troisièmement
mcnair	NOUN	mcnair
respiration	NOUN	respiration
jekyll	PROPN	jekyll
marginalize	VERB	marginalisées
poitier	NOUN	poitier
harm	VERB	harm
clinically	ADV	cliniquement
affectionately	ADV	affectueusement
suzy	NOUN	suzy
krauss	VERB	krauss
chap	NOUN	chap
aussie	PROPN	australien
ncis	PROPN	ncis
rota	NOUN	rota
extinguish	VERB	éteinte
remy	VERB	rémy
nite	VERB	nite
icarus	NOUN	icare
declan	PROPN	declan
edouard	NOUN	édouard
todo	PROPN	todo
unison	NOUN	unisson
ayn	PROPN	ayn
jocelyn	PROPN	jocelyn
duplex	NOUN	duplex
jackpot	NOUN	cagnotte
compliment	NOUN	compliments
rephrase	NOUN	reformuler
rem	VERB	rem
bachchan	VERB	bachchan
incomprehensible	NOUN	incompréhensibles
materialism	NOUN	matérialisme
decode	VERB	décodage
inflatable	ADJ	gonflable
masquerade	NOUN	mascarade
leavenworth	NOUN	leavenworth
pleasantry	NOUN	plaisanteries
synaptic	NOUN	synaptique
rho	NOUN	rho
beecher	ADV	beecher
goto	NOUN	goto
protrude	VERB	saillantes
benghazi	VERB	benghazi
exquisite	VERB	exquis
fertilization	NOUN	fertilisation
mcnulty	NOUN	mcnulty
riff	VERB	riff
carrillo	PROPN	carrillo
canteen	VERB	gourde
rajan	NOUN	rajan
opal	PROPN	opal
uplift	VERB	soulèvement
unbelievable	ADJ	incroyable
disdain	NOUN	mépris
stressful	ADJ	stressante
whistle	VERB	siffler
judson	PROPN	judson
zeno	PROPN	zeno
lili	NOUN	lili
cassius	NOUN	cassius
bram	NOUN	bram
olsson	NOUN	olsson
enigmatic	ADJ	énigmatique
forman	NOUN	forman
hobbe	NOUN	hobbe
mercado	NOUN	mercado
giuliani	PROPN	giuliani
gott	PROPN	gott
peta	VERB	peta
obscenity	NOUN	obscénité
kean	PROPN	kean
zaire	NOUN	zaïre
prophetic	ADJ	prophétique
karlsson	NOUN	karlsson
spill	VERB	renversé
coronado	PROPN	coronado
saladin	NOUN	saladin
mold	VERB	façonné
pew	VERB	pew
el	NOUN	el
altercation	NOUN	altercation
obnoxious	ADJ	odieux
receptive	ADJ	réceptifs
storyteller	NOUN	conteur
mare	NOUN	juments
pinter	NOUN	pinter
everlaste	VERB	eternel
suitcase	NOUN	valise
ravel	NOUN	ravel
donny	ADJ	donny
peek	VERB	peek
vue	PROPN	evi
restitution	NOUN	restitution
pony	NOUN	poneys
refrigerator	NOUN	frigidaire
dove	VERB	colombes
pixar	PROPN	pixar
staff	VERB	effectifs
arafat	PROPN	arafat
humility	NOUN	humilité
jelena	PROPN	jelena
thursday	NOUN	jeudis
superstition	NOUN	superstitions
raccoon	NOUN	raton
sasaki	PROPN	sasaki
pao	PROPN	pao
southside	NOUN	southside
fodder	VERB	fourragère
kale	PROPN	chou
pebble	ADJ	cailloux
tweet	PROPN	tweeter
sarkar	NOUN	sarkar
lodi	PROPN	lodi
stubby	ADJ	stubby
folsom	NOUN	folsom
saito	PROPN	saito
fsa	PROPN	fsa
cumbersome	VERB	lourdeur
dysfunctional	ADJ	dysfonctionnement
milt	VERB	milt
idealism	NOUN	idéalisme
isaacs	PROPN	isaacs
cassini	NOUN	cassini
photosynthesis	NOUN	photosynthèse
forester	NOUN	forester
chiu	PROPN	chiu
relapse	NOUN	rechute
marquee	PROPN	marquee
mainframe	NOUN	mainframe
sonya	PROPN	sonia
adida	NOUN	adida
broaden	ADJ	élargir
fiasco	NOUN	fiasco
habitable	ADJ	habitable
stile	NOUN	stile
galley	NOUN	galère
peralta	PROPN	peralta
jodi	PROPN	jodi
gordy	NOUN	gordy
zero	NOUN	zéros
advert	NOUN	publicités
jacobi	PROPN	jacobi
kishore	PROPN	kishore
hearn	VERB	hearn
jovi	NOUN	jovi
erick	NOUN	erick
ralston	NOUN	ralston
murdock	VERB	murdock
juana	PROPN	juana
calmly	ADV	calmement
russel	NOUN	russel
porous	ADJ	poreux
selim	ADV	selim
concorde	PROPN	concorde
bogart	PROPN	bogart
roble	NOUN	roble
battlestar	NOUN	battlestar
kiran	PROPN	kiran
everglade	NOUN	everglade
zak	X	zak
skype	NOUN	skype
fece	NOUN	fèces
phinea	NOUN	phinea
pancho	NOUN	pancho
ledge	NOUN	rebord
janitor	NOUN	concierge
willow	NOUN	saules
mary	NOUN	mary
hogarth	NOUN	hogarth
sil	NOUN	sil
estrogen	VERB	œstrogènes
abrasive	VERB	abrasifs
accomplice	NOUN	complice
atonement	NOUN	expiation
dragan	ADJ	dragan
hwan	PROPN	hwan
bok	PROPN	bok
earp	PROPN	earp
iceberg	PROPN	icebergs
sigurd	ADJ	sigurd
westlake	NOUN	westlake
clown	NOUN	clown
primordial	NOUN	primordiale
ibsen	PROPN	ibsen
dodger	PROPN	dodgers
headless	NOUN	décapité
pinky	NOUN	pinky
stipe	NOUN	stipe
reflector	NOUN	réflecteur
jellyfish	PROPN	méduses
sosa	PROPN	sosa
groin	NOUN	aine
infest	VERB	infesté
betts	PROPN	betts
rosalie	PROPN	rosalie
vocation	NOUN	vocations
flamingo	PROPN	flamingo
remorse	NOUN	remords
phenomenal	ADJ	phénoménal
archivist	PROPN	archivistes
capone	NOUN	capone
abner	PROPN	abner
minstrel	NOUN	ménestrel
pouch	VERB	sachet
pyle	NOUN	pyle
degrade	PROPN	dégrader
sae	PROPN	sae
bitcoin	PROPN	bitcoin
xiu	PROPN	xiu
kofi	PROPN	kofi
moor	VERB	amarré
peroxide	VERB	peroxyde
predetermine	VERB	prédéterminés
tilly	ADV	tilly
starve	VERB	affamée
kelso	VERB	kelso
flor	NOUN	flor
aoki	PROPN	aoki
extremism	NOUN	extrémisme
rath	VERB	rath
resupply	ADV	réapprovisionnement
pressurize	VERB	pressurisée
nuit	VERB	nuit
gramophone	NOUN	gramophone
kendra	PROPN	kendra
hemorrhage	NOUN	hémorragie
vile	VERB	infâme
subtly	ADV	subtilement
shaggy	PROPN	sammy
burglary	NOUN	cambriolage
biker	NOUN	motard
ivar	NOUN	ivar
bluish	ADJ	bleuâtre
summation	NOUN	sommation
pamplona	VERB	pampelune
nik	PROPN	nik
willi	PROPN	willi
tip	VERB	basculement
armament	NOUN	armements
unethical	ADJ	immoral
blanket	NOUN	couvertures
rupee	NOUN	roupies
taro	NOUN	taro
wager	NOUN	gageure
pediatric	NOUN	pédiatrie
susanne	PROPN	susanne
misfortune	PROPN	malheurs
convolute	VERB	alambiquée
berlusconi	PROPN	berlusconi
allende	VERB	allende
majid	PROPN	majid
primrose	VERB	primrose
aristocrat	NOUN	aristocrates
jordi	PROPN	jordi
shrapnel	NOUN	éclats
rump	VERB	croupe
bellow	VERB	bellow
camper	NOUN	campeurs
obese	PROPN	obèse
booth	NOUN	cabines
transsexual	NOUN	transsexuel
aphrodite	VERB	aphrodite
tumour	NOUN	tumeurs
raga	VERB	raga
nantucket	NOUN	nantucket
intravenous	ADJ	intraveineuse
audit	VERB	vérifiés
torrance	NOUN	torrance
deduce	VERB	déduit
notary	PROPN	notaire
hustle	ADV	hustle
tierney	NOUN	tierney
toro	NOUN	toro
ragtime	NOUN	ragtime
arrogance	NOUN	arrogance
capri	NOUN	capri
hayashi	PROPN	hayashi
dang	PUNCT	dang
handwritten	VERB	manuscrite
foy	PROPN	foy
rong	PROPN	rong
felicia	PROPN	felicia
stride	ADJ	foulée
joaquim	PROPN	joaquim
uncontrolle	VERB	incontrôlée
magnetism	NOUN	magnétisme
cavern	VERB	caverne
kansai	PROPN	kansai
protestor	NOUN	manifestants
shave	VERB	rasée
ivanovich	VERB	ivanovitch
sandusky	NOUN	sandusky
aloysius	PROPN	aloysius
insomnia	VERB	insomnie
roddy	VERB	roddy
insensitive	ADJ	insensibles
lawmaker	NOUN	législateurs
rug	VERB	tapis
pendant	ADJ	pendentif
tessa	NOUN	tessa
parri	NOUN	parri
corn	VERB	corn
xuan	PROPN	xuan
sexism	NOUN	sexisme
mchugh	NOUN	mchugh
hotspot	NOUN	hotspot
hoo	PROPN	hoo
monsignor	NOUN	monseigneur
foxx	NOUN	foxx
raquel	PROPN	raquel
sticker	NOUN	autocollant
rein	NOUN	rênes
marlboro	PROPN	marlboro
weep	VERB	pleurant
yell	VERB	hurlements
neutrino	NOUN	neutrino
frightening	ADJ	effrayante
irritation	NOUN	irritations
timo	VERB	timo
chain	VERB	enchaîné
lolita	PROPN	lolita
rishi	PROPN	rishi
tora	PROPN	tora
dreadnought	ADJ	dreadnought
malfunction	NOUN	dysfonctionnement
coldplay	NOUN	coldplay
shlomo	VERB	shlomo
gallow	VERB	potence
murderous	ADJ	meurtrière
helga	PROPN	helga
breen	VERB	breen
gervais	PROPN	gervais
popcorn	NOUN	popcorn
overdrive	ADJ	overdrive
cortical	ADJ	corticale
wag	VERB	wag
buffett	PROPN	buffett
contemplate	VERB	envisagées
haste	NOUN	hâte
fatah	PROPN	fatah
buddy	NOUN	copains
cern	NOUN	cern
stylish	PROPN	élégant
eradicate	VERB	éradiquer
yolanda	PROPN	yolanda
rehabilitate	VERB	réhabilité
biologically	ADV	biologiquement
eradication	NOUN	éradication
ergo	NOUN	ergo
moulin	NOUN	moulin
sorcery	NOUN	sorcellerie
decepticon	NOUN	decepticon
janssen	PROPN	janssen
yau	NOUN	yau
incoherent	ADJ	incohérent
tivoli	NOUN	tivoli
takeda	X	takeda
bundy	ADJ	bundy
intertwine	VERB	entrelacés
philly	ADV	philadelphie
perfect	VERB	perfectionnée
davie	NOUN	davie
remodel	VERB	remodelage
lakeshore	PROPN	lakeshore
apron	PROPN	tablier
bookseller	PROPN	libraire
fenwick	PROPN	fenwick
gypsy	NOUN	tsigane
swollen	VERB	enflé
pussy	NOUN	minou
bitterly	ADV	amèrement
raton	PROPN	raton
butterworth	VERB	butterworth
prank	NOUN	farces
marcellus	PROPN	marcellus
lichen	PROPN	lichen
narnia	PROPN	narnia
steeple	ADJ	clocher
arrowhead	ADV	arrowhead
blaster	NOUN	blaster
shasta	PROPN	shasta
exploratory	ADJ	exploratoire
lawless	ADV	lawless
noam	PROPN	noam
toon	NOUN	toon
nang	PROPN	nang
acapulco	NOUN	acapulco
mathilde	ADV	mathilde
jeju	PROPN	jeju
repercussion	NOUN	répercussion
paternity	NOUN	paternité
burner	PROPN	brûleur
repress	VERB	refoulé
undecided	ADJ	indécis
lis	PROPN	lis
bubba	NOUN	bubba
hover	VERB	planant
beggar	NOUN	mendiants
trotter	NOUN	trotter
crucible	VERB	creuset
getaway	NOUN	escapade
sala	NOUN	sala
moriarty	NOUN	moriarty
detour	NOUN	détour
valeria	VERB	valeria
facelift	NOUN	lifting
decathlon	NOUN	décathlon
tommaso	PROPN	tommaso
armitage	NOUN	armitage
alle	PROPN	alle
cracker	NOUN	cracker
felton	NOUN	felton
caruso	PROPN	caruso
moratorium	NOUN	moratoire
hitman	PROPN	hitman
griswold	NOUN	griswold
othello	PROPN	othello
soe	PROPN	soe
donahue	PROPN	donahue
cray	NOUN	cray
dunlap	NOUN	dunlap
luger	PROPN	luger
superboy	PROPN	superboy
susannah	VERB	susannah
hallucination	NOUN	hallucinations
dato	VERB	dato
triplet	NOUN	triplés
indispensable	ADJ	indispensables
puppy	NOUN	chiots
newberry	VERB	newberry
marai	VERB	marai
dreadful	ADJ	affreux
anvil	NOUN	enclume
sturdy	ADJ	robustes
biden	PROPN	biden
santi	VERB	santi
intruder	NOUN	intrus
kauai	PROPN	kauai
sludge	NOUN	boues
frasier	NOUN	frasier
winona	PROPN	winona
mule	NOUN	mule
holbrook	PROPN	holbrook
laramie	NOUN	laramie
jetty	PROPN	jetée
radiology	NOUN	radiologie
doge	PROPN	doge
cadence	NOUN	cadence
csu	NOUN	csu
stab	NOUN	poignarde
deli	NOUN	deli
tsai	PROPN	tsai
cbi	ADV	cbi
molotov	NOUN	molotov
caballero	NOUN	caballero
affirm	ADJ	affirmer
interpol	NOUN	interpol
mayfair	NOUN	mayfair
attrition	NOUN	usure
rimini	VERB	rimini
centauri	NOUN	centauri
puberty	VERB	puberté
lymph	NOUN	lymphatiques
industrialize	VERB	industrialisés
persson	NOUN	persson
insulate	VERB	isolées
lala	PROPN	lala
rok	PROPN	rok
dividend	NOUN	dividendes
stahl	PROPN	stahl
nymph	NOUN	nymphe
aurelius	NOUN	aurelius
nerd	NOUN	geek
digestion	NOUN	digestion
palisade	NOUN	palisade
mod	NOUN	mod
daffy	ADV	daffy
teng	PROPN	teng
bab	PROPN	bab
powerless	NOUN	impuissante
jamboree	NOUN	jamboree
surpass	NOUN	surpasser
flamboyant	ADJ	flamboyant
bosworth	NOUN	bosworth
zola	NOUN	zola
sakamoto	PROPN	sakamoto
myung	PROPN	myung
justus	PROPN	justus
tsui	NOUN	tsui
placid	ADJ	placid
prognosis	VERB	pronostic
lender	NOUN	prêteurs
xue	PROPN	xue
cleary	ADJ	cleary
esposito	PROPN	esposito
grandiose	PROPN	grandioses
instinct	VERB	instinct
dilapidate	VERB	délabrés
satin	NOUN	satin
rafi	NOUN	rafi
nozzle	VERB	buse
hikaru	NOUN	hikaru
jeannie	PROPN	jeannie
irritate	VERB	agaçant
cordelia	NOUN	cordelia
stringer	PROPN	stringer
rigby	VERB	rigby
kee	PROPN	kee
detriment	NOUN	détriment
malnutrition	NOUN	dénutrition
ephemeral	ADJ	éphémères
hei	PROPN	hei
maki	PROPN	maki
tax	VERB	taxé
kirkwood	NOUN	kirkwood
rab	VERB	rab
acupuncture	NOUN	acupuncture
punisher	NOUN	punisher
tatum	NOUN	tatum
chopper	PROPN	hélico
buyout	VERB	rachat
bloom	VERB	floraison
nicolai	ADV	nikolaï
quigley	PROPN	quigley
leona	VERB	leona
pio	VERB	pio
lilian	PROPN	lilian
dilute	VERB	dilué
lobbyist	NOUN	lobbyiste
arif	NOUN	arif
discern	NOUN	discerner
homophobic	VERB	homophobe
veracity	NOUN	véracité
swain	PROPN	swain
tricycle	NOUN	tricycle
beatrix	VERB	beatrix
sanatorium	NOUN	sanatorium
blank	NOUN	ébauches
haim	VERB	haim
flak	NOUN	flak
simcoe	VERB	simcoe
coercion	NOUN	contrainte
bailiff	NOUN	huissier
infuse	VERB	infusé
trumbull	ADJ	trumbull
brunel	NOUN	brunel
competency	NOUN	compétence
disapprove	VERB	refusée
caltech	NOUN	caltech
sheath	NOUN	fourreau
jodie	PROPN	jodie
hypnosis	NOUN	hypnose
nome	VERB	nome
herrmann	PROPN	herrmann
cauldron	PROPN	chaudron
cushion	NOUN	coussins
khomeini	PROPN	khomeini
joni	PROPN	joni
rosso	NOUN	rosso
huan	PROPN	huan
darjeele	VERB	darjeele
lynch	VERB	lynchage
interrupt	NOUN	interruptions
additive	NOUN	additifs
colvin	PROPN	colvin
humiliate	VERB	humilié
kindle	VERB	kindle
greeley	PROPN	greeley
dermot	VERB	dermot
chia	PROPN	chia
sprawl	VERB	tentaculaire
lunatic	ADJ	lunatique
vitality	NOUN	vitalité
anus	ADV	anus
whittier	PROPN	whittier
koo	NOUN	koo
acropolis	PROPN	acropole
plunder	NOUN	pillage
hittite	PROPN	hittite
antonov	ADV	antonov
chill	VERB	réfrigération
kamikaze	NOUN	kamikazes
valparaiso	PROPN	valparaiso
turquoise	VERB	turquoise
rectify	VERB	rectifié
freshly	ADV	fraîchement
water	VERB	arrosage
severus	NOUN	severus
dobb	NOUN	dobb
gritty	ADJ	graveleux
aesthetically	ADV	esthétiquement
halliday	NOUN	halliday
camelot	NOUN	camelot
surrealism	NOUN	surréalisme
glamorous	ADJ	glamour
aomori	PROPN	aomori
shellfish	VERB	crustacés
jozef	PROPN	jozef
qureshi	PROPN	qureshi
francine	NOUN	francine
boom	VERB	essor
snell	NOUN	snell
darth	NOUN	dark
kohl	NOUN	kohl
barbra	PROPN	barbra
effigy	PROPN	effigie
normandie	PROPN	normandie
inbound	VERB	entrants
eskimo	VERB	esquimaux
sapiens	PROPN	sapiens
ukulele	PROPN	ukulélé
bremer	NOUN	bremer
harmonious	ADJ	harmonieuses
magenta	NOUN	magenta
acl	PROPN	acl
sincerity	NOUN	sincérité
guzman	NOUN	guzman
donner	NOUN	donner
wallet	NOUN	portefeuille
addam	NOUN	addam
pan	NOUN	casseroles
uterus	NOUN	utérus
cardiology	NOUN	cardiologie
metcalf	VERB	metcalf
rout	NOUN	déroute
waiver	VERB	renonciation
pumpkin	VERB	citrouilles
glitch	VERB	pépin
compulsive	ADJ	compulsif
brixton	PROPN	brixton
collagen	NOUN	collagène
campion	NOUN	campion
smallville	NOUN	smallville
curia	PROPN	curie
mano	NOUN	mano
combative	NOUN	combatif
filament	NOUN	filaments
deprive	ADJ	priver
corolla	NOUN	corolla
liquidity	NOUN	liquidités
dianne	PROPN	dianne
deliberation	NOUN	délibérations
regret	VERB	regretté
stillwater	VERB	stillwater
accountancy	NOUN	comptabilité
elmore	ADJ	elmore
ozzy	PROPN	ozzy
dutta	PROPN	dutta
degeneration	NOUN	dégénérescence
adamant	ADJ	inflexible
hobbit	NOUN	hobbit
haiku	PROPN	haïku
racket	NOUN	raquette
counteract	VERB	contrecarrer
intimidate	VERB	intimidant
mowbray	PROPN	mowbray
solicit	VERB	sollicitée
humiliating	ADJ	humiliante
arlen	ADJ	arlen
chantal	ADJ	chantal
blindly	ADV	aveuglément
quack	INTJ	charlatan
longhorn	VERB	longhorn
deepak	NOUN	deepak
ryo	NOUN	ryo
goh	PROPN	goh
nav	NOUN	nav
hippo	PROPN	hippopotame
maserati	NUM	maserati
bonfire	NOUN	bûcher
rangoon	NOUN	rangoon
antagonistic	ADJ	antagoniste
wray	NOUN	wray
mcenroe	PROPN	mcenroe
headphone	VERB	casques
womb	NOUN	utérus
reiterate	VERB	réitérer
executioner	NOUN	exécuteur
shaolin	NOUN	shaolin
autobot	VERB	autobot
curiously	ADV	curieusement
sibley	VERB	sibley
ridicule	VERB	ridiculisé
ginsberg	NOUN	ginsberg
divas	NOUN	divas
fibrosis	NOUN	fibrose
mellow	VERB	moelleux
hecht	PROPN	hecht
poughkeepsie	PROPN	poughkeepsie
xerox	PROPN	xerox
soriano	NOUN	soriano
stoney	PROPN	stoney
lucio	PROPN	lucio
incendiary	NOUN	incendiaire
hernando	NOUN	hernando
arr	PROPN	arr
bellini	VERB	bellini
oscar	VERB	oscar
egon	PROPN	egon
deduct	VERB	déduite
obituary	NOUN	nécrologies
sem	PROPN	sem
cur	PROPN	cur
saying	NOUN	proverbes
minion	NOUN	serviteurs
mchale	NOUN	mchale
glitter	NOUN	paillettes
stamina	NOUN	endurance
mol	PROPN	mol
svensson	PROPN	svensson
giuliano	NOUN	giuliano
reece	VERB	reece
uninterrupted	ADJ	ininterrompue
intrusive	ADJ	indiscret
yevgeny	VERB	yevgeny
dismal	ADJ	lugubre
octavian	PROPN	octave
nix	PROPN	nix
virtuous	ADJ	vertueux
eclipse	VERB	éclipsé
anecdote	VERB	anecdote
pascoe	VERB	pascoe
refrigeration	NOUN	réfrigération
virginity	NOUN	virginité
bianco	PROPN	bianco
graft	NOUN	greffon
noodle	VERB	nouilles
tack	VERB	tack
gestation	NOUN	gestation
elisha	PROPN	elisha
flax	PROPN	lin
disintegration	NOUN	désintégration
irreversible	ADJ	irréversible
healer	PROPN	guérisseur
kierkegaard	PROPN	kierkegaard
cotta	VERB	cotta
oat	NOUN	avoine
sheena	NOUN	sheena
pell	PROPN	pell
channe	VERB	channe
twa	NOUN	twa
thurman	PROPN	thurman
evert	VERB	evert
diligent	ADJ	diligente
bader	VERB	bader
ejection	NOUN	éjection
hanlon	NOUN	hanlon
naylor	NOUN	naylor
patagonia	PROPN	patagonie
mage	NOUN	mage
widower	NOUN	veuf
popper	NOUN	popper
chino	PROPN	chino
grainger	NOUN	grainger
parable	ADJ	parabole
mogul	PROPN	magnat
ichi	PROPN	ichi
implant	VERB	implantés
misconception	NOUN	malentendus
blasphemy	NOUN	blasphème
curtain	VERB	rideau
dickie	NOUN	dickie
hauser	PROPN	hauser
dodson	PROPN	dodson
floor	VERB	planchers
lothar	NOUN	lothar
fleshy	ADJ	charnue
broderick	PROPN	broderick
belfry	VERB	beffroi
zorro	PROPN	zorro
shorty	NOUN	shorty
radu	VERB	radu
softly	ADV	doucement
fanatic	ADJ	fanatique
nishi	PROPN	nishi
corrigan	PROPN	corrigan
plunkett	PROPN	plunkett
bonanza	PROPN	bonanza
pandey	PROPN	pandey
tigre	VERB	tigre
algonquin	PROPN	algonquin
postman	PROPN	facteur
lombardo	NOUN	lombardo
sage	NOUN	sage
micah	NOUN	micah
platonic	ADJ	platonique
buoyancy	NOUN	flottabilité
reverence	NOUN	révérence
kink	NOUN	kink
mah	NOUN	mah
exponentially	ADV	exponentiellement
tsang	PROPN	tsang
brilliance	NOUN	brillance
doolittle	PROPN	doolittle
nanda	ADV	nanda
clam	VERB	palourde
vee	ADV	vee
martyr	VERB	martyre
yogurt	NOUN	yaourts
sexist	NOUN	sexiste
kimmel	PROPN	kimmel
lauder	PROPN	lauder
bonaventure	NOUN	bonaventure
langston	PROPN	langston
tecumseh	PROPN	tecumseh
nicotine	NOUN	nicotine
arkham	PROPN	arkham
pasteur	NOUN	pasteur
recess	VERB	encastré
geronimo	VERB	geronimo
walcott	PROPN	walcott
majorca	PROPN	majorque
shinji	X	shinji
iraqis	PROPN	irakiens
buckle	VERB	boucle
discrepancy	NOUN	divergences
osiris	PROPN	osiris
daft	NOUN	daft
evil	VERB	maux
disgruntle	VERB	mécontent
recite	PROPN	réciter
roam	NOUN	errer
gilligan	NOUN	gilligan
adhd	NOUN	tdah
matty	NOUN	matty
recognisable	ADJ	reconnaissables
kermit	VERB	kermit
coburn	NOUN	coburn
purify	VERB	épurées
propel	PROPN	propulser
indecent	NOUN	indécent
modesto	NOUN	modesto
precede	NOUN	précède
amazingly	ADV	étonnamment
potion	NOUN	potion
ventricular	ADJ	ventricule
arlene	NOUN	arlene
rapture	NOUN	extase
sip	VERB	gorgée
veer	VERB	veer
appalling	ADJ	épouvantable
swastika	NOUN	svastika
mccallum	NOUN	mccallum
hinge	VERB	charnière
giancarlo	PROPN	giancarlo
vulture	NOUN	vautours
prerogative	ADJ	prérogative
delightful	ADJ	délicieuse
hamza	VERB	hamza
ioan	NOUN	ioan
janusz	PROPN	janusz
matisse	NOUN	matisse
ney	NOUN	ney
defiant	ADJ	provocateur
walid	VERB	walid
justifiable	ADJ	justifiable
rattlesnake	VERB	crotale
rockstar	NOUN	rockstar
inglewood	NOUN	inglewood
solitaire	NOUN	solitaire
himalaya	PROPN	himalaya
marisa	NOUN	marisa
kneel	VERB	agenouillé
totem	NOUN	totem
lovett	PROPN	lovett
jester	X	bouffon
jave	VERB	jave
clegg	PROPN	clegg
gora	PROPN	gora
benedetto	NOUN	benedetto
realty	PROPN	realty
sacrificial	ADJ	sacrificiel
unintentional	ADJ	involontaire
recitation	NOUN	récitation
tok	NOUN	tok
bohr	PROPN	bohr
yonker	VERB	yonker
sommer	NOUN	sommer
alias	NOUN	pseudonymes
mutilation	PROPN	mutilations
centimetre	NOUN	centimètres
westside	VERB	westside
taker	NOUN	preneur
pointy	ADJ	pointue
gaseous	ADJ	gazeuse
ticker	PROPN	palpitant
rel	PROPN	rel
crawl	VERB	ramper
waverly	ADV	waverly
unser	VERB	unser
pocahonta	NOUN	pocahonta
loon	VERB	loon
issa	PROPN	issa
toyama	PROPN	toyama
lomax	NOUN	lomax
meena	PROPN	meena
interlock	VERB	enclenchement
obstetric	NOUN	obstétrique
bequest	VERB	legs
schematic	ADJ	schématique
caterpillar	VERB	chenilles
kilogram	PROPN	kilogramme
rag	VERB	chiffons
pheasant	NOUN	faisan
applaud	VERB	applaudi
aha	ADV	aha
gee	NOUN	gee
polish	VERB	polir
hennessy	PROPN	hennessy
sushi	PROPN	sushis
scarf	PROPN	écharpe
prudence	NOUN	prudence
kippur	PROPN	kippour
sunglass	NOUN	lunettes
ballantine	NOUN	ballantine
yvette	NOUN	yvette
chime	VERB	carillon
cherbourg	NOUN	cherbourg
ria	PROPN	ria
vadim	PROPN	vadim
decoy	VERB	leurre
spreadsheet	NOUN	classeur
espinosa	PROPN	espinosa
lindley	NOUN	lindley
laine	NOUN	laine
marcy	PROPN	marcy
georgie	NOUN	georgie
jukebox	PROPN	juke
makeover	VERB	relooking
prost	X	prost
airy	NOUN	aéré
monika	PROPN	monika
hallam	PROPN	hallam
spitzer	NOUN	spitzer
rolex	NOUN	rolex
crucifix	VERB	crucifix
judea	PROPN	judée
lexus	PROPN	lexus
blondie	PROPN	blondie
maxime	NOUN	maxime
valkyrie	PROPN	valkyrie
tuff	NOUN	tuff
parabolic	ADJ	parabolique
skunk	NOUN	putois
wednesday	NOUN	mercredis
vasquez	PROPN	vasquez
insecure	VERB	insécurité
indeterminate	VERB	indéterminée
buffet	PROPN	buffet
zeeland	NOUN	zelande
oberst	NOUN	oberst
sylvain	VERB	sylvain
juicy	PROPN	juteuse
chas	PROPN	chas
fool	VERB	dupes
bakshi	PROPN	bakshi
unload	VERB	décharger
mahendra	NOUN	mahendra
tap	NOUN	robinets
reroute	VERB	redirigé
asymmetrical	ADJ	asymétrique
skillful	ADJ	habile
contraception	NOUN	contraceptifs
dachau	VERB	dachau
acme	PROPN	acme
hypnotic	ADJ	hypnotique
daisuke	PROPN	daisuke
entangle	VERB	empêtré
rationality	NOUN	rationalité
typhoid	NOUN	typhus
banter	NOUN	plaisanteries
proximal	ADJ	proximale
reactionary	ADJ	réactionnaire
poirot	ADV	poirot
grandeur	PROPN	grandeur
aortic	ADJ	aortique
unduly	ADV	indûment
gist	NOUN	gist
cocker	NOUN	cocker
paulina	NOUN	paulina
embodiment	ADJ	incarnation
reiner	NOUN	reiner
yakuza	NOUN	yakuzas
vail	NOUN	vail
sheryl	PROPN	sheryl
yugoslavian	PROPN	yougoslaves
briscoe	VERB	briscoe
poul	NOUN	poul
woodwork	NOUN	boiseries
jervis	PROPN	jervis
reap	VERB	faucher
treachery	NOUN	traîtrise
imperialist	NOUN	impérialistes
plaid	NOUN	plaid
klingon	PROPN	klingons
barnabas	PROPN	barnabas
kurtz	PROPN	kurtz
madan	ADJ	madan
cannibalism	NOUN	cannibalisme
goebbel	NOUN	goebbel
amalia	ADV	amélie
becket	NOUN	becket
roundhouse	VERB	roundhouse
sheik	NOUN	cheikh
astrological	ADJ	astrologique
valera	NOUN	valera
resurface	VERB	réapparu
aversion	NOUN	aversion
treacherous	ADJ	traître
stool	PROPN	tabouret
ranga	PROPN	ranga
scorsese	NOUN	scorsese
olof	NOUN	olof
irritated	ADJ	irrité
nomad	PROPN	nomade
filthy	ADJ	crasseux
haram	PROPN	haram
gorky	PROPN	gorky
kayak	VERB	canoë
romanov	PROPN	romanov
infidelity	NOUN	infidélité
colonize	VERB	colonisé
ise	NOUN	ise
dismissive	ADJ	dédaigneux
addictive	ADJ	dépendance
taco	NOUN	tacos
setter	PROPN	setter
buzzard	VERB	buse
oakwood	PROPN	oakwood
sitar	NOUN	sitar
jackal	PROPN	chacal
pinocchio	PROPN	pinocchio
tequila	PROPN	tequila
worthe	VERB	worthe
hedwig	PROPN	hedwig
detect	NOUN	détecte
cranston	PROPN	cranston
lenox	PROPN	lenox
lilac	PROPN	lilas
achille	PROPN	achille
cleft	NOUN	fendu
toussaint	NOUN	toussaint
pastel	PROPN	pastel
creamy	NOUN	crémeux
dillard	NOUN	dillard
flagstaff	NOUN	flagstaff
cavern	NOUN	cavernes
sentry	NOUN	sentinelle
comm	NOUN	comm
aspire	NOUN	aspirent
stomp	ADJ	piétiner
appleby	PROPN	appleby
brazilian	NOUN	brésiliens
mendez	PROPN	méndez
ansari	PROPN	ansari
cybertron	NOUN	cybertron
compatriot	NOUN	compatriote
hemlock	NOUN	hemlock
edie	VERB	edie
candice	NOUN	candice
nautilus	X	nautilus
redeemer	NOUN	rédempteur
choo	PROPN	tchou
unharmed	ADJ	indemne
ochoa	VERB	ochoa
ogre	NOUN	ogre
squat	NOUN	squat
flare	NOUN	fusées
magister	NOUN	ordonnateur
coop	VERB	coop
blurry	PROPN	flous
rivas	NOUN	rivas
smoker	NOUN	fumeurs
lenient	ADJ	indulgent
evo	PROPN	evo
wilmot	NOUN	wilmot
vir	NOUN	vir
mosquito	NOUN	moustiques
consensual	ADJ	consensuelle
condon	PROPN	condon
denham	PROPN	denham
snap	NOUN	snap
deteriorate	NOUN	détériorer
downside	VERB	inconvénient
jah	PROPN	jah
watermark	NOUN	filigrane
cremation	NOUN	crémation
bak	PROPN	bak
ashcroft	ADV	ashcroft
burley	NOUN	burley
phu	VERB	phu
boi	VERB	boi
arie	NOUN	bélier
shrek	ADV	shrek
wilma	NOUN	wilma
foil	VERB	déjoué
colette	VERB	colette
tien	PROPN	tien
pierson	PROPN	pierson
technologically	ADV	technologiquement
abercrombie	PROPN	abercrombie
bryson	PROPN	bryson
contrera	NOUN	contrera
miao	PROPN	miao
magda	NOUN	magda
flammable	ADJ	inflammable
tahir	PROPN	tahir
salter	PROPN	salter
shyam	NOUN	shyam
diabetic	ADJ	diabétique
tighten	VERB	resserré
starbuck	VERB	starbuck
relaunch	NOUN	relancer
alois	VERB	alois
dosage	NOUN	posologie
nostalgic	ADJ	nostalgie
renounce	NOUN	renoncer
gilliam	PROPN	gilliam
beowulf	PROPN	beowulf
veterinarian	PROPN	vétérinaire
frick	VERB	frick
gallup	PROPN	gallup
doodle	VERB	doodle
solano	NOUN	solano
kamil	PROPN	kamil
vinod	PROPN	vinod
diagnostic	NOUN	diagnostiques
proactive	PROPN	proactive
lauren	VERB	lauren
cannibal	ADJ	cannibale
grill	VERB	grillés
osmond	VERB	osmond
nitric	NOUN	nitrique
democratically	ADV	démocratiquement
merchandise	VERB	merchandise
antidote	VERB	antidote
disable	VERB	désactivation
popeye	NOUN	popeye
warranty	NOUN	garantie
overcrowd	VERB	surpopulation
debit	VERB	débit
prabhu	VERB	prabhu
methanol	NOUN	méthanol
jacky	PROPN	jacky
susana	PROPN	susana
nez	PROPN	nez
impede	VERB	entraver
chauhan	VERB	chauhan
marten	NOUN	marten
schoolmaster	VERB	instituteur
jethro	PROPN	jethro
hoa	VERB	hoa
bebop	PROPN	bebop
dekker	VERB	dekker
aclu	PROPN	aclu
tom	NOUN	tom
unavoidable	ADJ	inévitable
clueless	ADJ	paumé
confessional	ADJ	confessionnels
misdemeanor	NOUN	délit
kissinger	PROPN	kissinger
jamieson	PROPN	jamieson
schaefer	PROPN	schaefer
bode	ADJ	bode
ade	PROPN	ade
gait	PROPN	démarche
instantaneous	ADJ	instantané
noche	PROPN	noche
enforcer	NOUN	exécuteur
sag	PROPN	sag
ilan	PROPN	ilan
hop	NOUN	houblon
backhand	NOUN	revers
koji	PROPN	koji
daimyo	PROPN	daimyo
eminence	NOUN	éminence
lada	PROPN	lada
delusion	NOUN	illusion
callum	VERB	callum
gazelle	PROPN	gazelle
thaddeus	NOUN	thaddeus
veda	PROPN	veda
nin	PROPN	nin
marlow	ADJ	marlow
craze	NOUN	engouement
cuff	PROPN	manchette
shanti	PROPN	shanti
guardia	PROPN	guardia
pizarro	PROPN	pizarro
grouse	VERB	tétras
barnum	PROPN	barnum
bene	PROPN	bene
finney	PROPN	finney
toa	PROPN	toa
lifeboat	NOUN	canots
ridiculously	ADV	ridiculement
corinne	NOUN	corinne
conceivable	ADJ	concevable
gaunt	VERB	gaunt
busby	PROPN	busby
sputnik	PUNCT	spoutnik
bourgeoisie	NOUN	bourgeoisie
dalrymple	ADJ	dalrymple
priestess	ADJ	prêtresse
pease	NOUN	pease
silently	ADV	silencieusement
unknowingly	ADV	inconsciemment
scorpio	NOUN	scorpion
recuse	NOUN	récuser
counterproductive	ADJ	contreproductif
wiz	NOUN	wiz
azhar	ADJ	azhar
purgatory	NOUN	purgatoire
smuggler	NOUN	passeurs
accommodate	VERB	accommoder
descendent	VERB	descendants
carbohydrate	NOUN	glucides
needlessly	ADV	inutilement
beatriz	NOUN	beatriz
ramone	NOUN	ramone
nesbitt	PROPN	nesbitt
infusion	NOUN	perfusion
rattle	PROPN	hochet
hashimoto	NOUN	hashimoto
bloodshed	VERB	carnage
tarrant	NOUN	tarrant
intimately	ADV	intimement
nail	VERB	cloué
tui	NOUN	tui
speer	VERB	speer
footy	NOUN	footy
tuesday	NOUN	mardis
dickerson	PROPN	dickerson
aster	NOUN	aster
ripple	NOUN	ondulations
polarity	NOUN	polarité
blast	VERB	sablage
gannon	NOUN	gannon
morin	PROPN	morin
sightseeing	NOUN	vacance
halley	NOUN	halley
bracken	PROPN	bracken
lino	VERB	lino
seong	PROPN	seong
renaud	NOUN	renaud
fenway	ADJ	fenway
drc	PROPN	rdc
scatter	NOUN	dispersion
ddt	PROPN	ddt
archimede	NOUN	archimède
tania	PROPN	tania
corral	PROPN	corral
bigfoot	PROPN	yéti
shetty	ADV	shetty
snuff	NOUN	snuff
capella	PROPN	capella
bibi	NOUN	bibi
masculinity	NOUN	virilité
debtor	NOUN	débiteur
adrenaline	NOUN	adrénaline
aram	PROPN	aram
dominguez	PROPN	dominguez
exaggeration	NOUN	exagération
thane	NOUN	thane
communicate	NOUN	communique
horacio	VERB	horacio
pinot	NOUN	pinot
dip	VERB	trempage
lower	NOUN	abaisse
militarily	ADV	militairement
grimaldi	PROPN	grimaldi
rawling	NOUN	rawling
musk	PROPN	musc
omg	NOUN	omg
manipulative	ADJ	manipulatrice
buckn	ADJ	buckn
sith	PROPN	sith
zephyr	NOUN	zephyr
giraffe	PROPN	girafe
kaz	PROPN	kaz
hagan	PROPN	hagan
turntable	ADJ	platine
philo	NOUN	philo
amuse	VERB	amusée
mackie	NOUN	mackie
bumblebee	NOUN	bourdon
fedex	NOUN	fedex
barbosa	PROPN	barbosa
frisco	PROPN	frisco
goguryeo	VERB	goguryeo
seeger	PROPN	seeger
lorry	VERB	camion
fujita	PROPN	fujita
limousine	NOUN	limo
casually	ADV	négligemment
gondola	NOUN	gondole
rolfe	PROPN	rolfe
displeasure	NOUN	mécontentement
synergy	NOUN	synergie
riverdale	NOUN	riverdale
diss	NOUN	diss
comstock	NOUN	comstock
orthopedic	NOUN	orthopédie
cadiz	PROPN	cadix
brendon	NOUN	brendon
redefine	VERB	redéfini
chainsaw	PROPN	tronçonneuse
whirlwind	NOUN	tourbillon
relay	VERB	relayé
bog	NOUN	tourbières
ishmael	PROPN	ismaël
ingenious	ADJ	ingénieux
liar	NOUN	menteurs
valet	PROPN	voiturier
soledad	PROPN	soledad
evolve	NOUN	évolue
possum	NOUN	opossum
brando	VERB	brando
stupidity	NOUN	stupidité
disrespectful	ADJ	irrespectueux
munroe	PROPN	munroe
evoke	VERB	évoquée
romulus	NOUN	romulus
sprite	NOUN	sprite
rocca	VERB	rocca
mercier	ADV	mercier
standoff	PROPN	impasse
phobia	PROPN	phobies
payable	ADJ	exigibles
ta	NOUN	ta
gul	VERB	gul
amory	ADV	amory
karla	NOUN	karla
jag	VERB	jag
stitch	NOUN	suture
ghostly	ADV	fantomatique
oberon	PROPN	oberon
sow	VERB	truie
orally	ADV	oralement
deterrent	NOUN	dissuasion
lozano	VERB	lozano
braid	VERB	tresse
baa	PROPN	baa
wannabe	NOUN	wannabe
elasticity	NOUN	élasticité
unquestionably	ADV	indubitablement
ariane	ADJ	ariane
asad	PROPN	asad
whisper	VERB	murmure
adel	PROPN	adel
righteousness	NOUN	droiture
limp	VERB	molle
stately	ADJ	majestueuse
kino	NOUN	kino
groom	VERB	toilettage
marv	VERB	marv
amp	NOUN	ampères
boggs	PUNCT	boggs
dingle	VERB	dingle
denominator	NOUN	dénominateur
quaid	VERB	quaid
quantify	VERB	quantifier
kendal	PROPN	kendal
abstinence	NOUN	abstinence
salome	VERB	salomé
kya	PROPN	kya
disrespect	ADJ	irrespectueux
sucre	NOUN	sucre
clem	PROPN	clem
lytton	PROPN	lytton
kerosene	PROPN	kérosène
archeology	NOUN	archéologie
strangle	VERB	étranglée
inconvenience	NOUN	inconvénients
davide	PROPN	davide
prairie	NOUN	prairie
goryeo	NOUN	goryeo
schiff	NOUN	schiff
rhea	VERB	rhea
ranjit	NOUN	ranjit
noi	PROPN	noi
ame	VERB	ame
lynda	PROPN	lynda
lilith	PROPN	lilith
monti	VERB	monti
lira	PROPN	lires
garuda	NOUN	garuda
jef	PROPN	jef
harriman	NOUN	harriman
strongman	NOUN	strongman
psychosis	VERB	psychose
dodo	NOUN	dodo
confidentiality	NOUN	confidentialité
ramification	NOUN	ramification
booby	VERB	nigaud
condolence	NOUN	condoléances
snapper	ADJ	vivaneau
slime	NOUN	bave
peso	NOUN	pesos
odysseus	PROPN	ulysse
catapult	NOUN	catapulte
excalibur	PROPN	excalibur
dominik	PROPN	dominik
byer	NOUN	byer
preoccupy	VERB	préoccupé
druid	NOUN	druide
decency	NOUN	décence
vanishe	NOUN	disparaît
decimate	VERB	décimé
xun	PROPN	xun
sod	NOUN	gazon
holst	VERB	holst
donne	VERB	donne
honky	VERB	honky
symbolically	ADV	symboliquement
asif	NOUN	asif
gert	NOUN	gert
millimeter	VERB	millimètre
warlock	NOUN	sorcier
sophistication	NOUN	raffinement
irreplaceable	ADJ	irremplaçables
gon	VERB	gon
uber	NOUN	uber
nie	PROPN	nie
artois	NOUN	artois
colour	VERB	colorant
aslan	PROPN	aslan
ferret	VERB	furet
athos	PROPN	athos
sinner	NOUN	pécheurs
glynn	PROPN	glynn
cristiano	PROPN	cristiano
expend	VERB	dépensée
itinerant	ADJ	itinérante
shill	VERB	shill
eunice	NOUN	eunice
affirmation	NOUN	affirmation
adoni	NOUN	adoni
pristine	ADJ	immaculé
masterson	NOUN	masterson
talon	NOUN	talon
fingerprint	NOUN	empreintes
kuan	PROPN	kuan
naidu	ADJ	naidu
vick	VERB	vick
sensei	PROPN	sensei
geneticist	PROPN	généticien
serenity	NOUN	sérénité
shih	PROPN	shih
gypsum	VERB	gypse
stingray	VERB	raie
harvester	NOUN	moissonneuse
virgo	NOUN	vierge
ewan	PROPN	ewan
deceive	VERB	tromper
sneaky	ADJ	sournois
caron	NOUN	caron
phelan	NOUN	phelan
wingate	NOUN	wingate
whip	VERB	fouettée
clooney	NOUN	clooney
loup	NOUN	loup
zeke	PROPN	zeke
carmelo	PROPN	carmelo
sainsbury	VERB	sainsbury
bonneville	PROPN	bonneville
bastille	PROPN	bastille
rollin	PROPN	rollin
ratchet	NOUN	ratchet
rizzo	VERB	rizzo
endlessly	ADV	indéfiniment
matron	PROPN	matrone
katarina	PROPN	katarina
parvati	PROPN	parvati
oake	NOUN	oake
ski	NOUN	ski
eulogy	NOUN	éloge
cate	NOUN	cate
sugiyama	NOUN	sugiyama
braddock	ADJ	braddock
alhambra	NOUN	alhambra
upset	VERB	bouleversant
impulse	NOUN	impulsions
robeson	NOUN	robeson
shovel	NOUN	pelle
ingestion	NOUN	ingestion
legalize	VERB	légalisé
scandalous	ADJ	scandaleux
truthful	ADJ	véridiques
nuance	VERB	nuancé
tangy	ADJ	tanger
allie	NOUN	allie
tus	PROPN	tus
fairmont	NOUN	fairmont
krupp	PROPN	krupp
pompeii	NOUN	pompéi
sinner	PROPN	pécheur
horus	NOUN	horus
fournier	NOUN	fournier
musket	NOUN	mousquet
pledge	NOUN	promesses
reinstatement	NOUN	rétablissement
censure	NOUN	censurer
aloha	NOUN	aloha
kfc	NOUN	kfc
hiroyuki	PROPN	hiroyuki
shank	NOUN	shank
django	PROPN	django
meltdown	NOUN	débâcle
thornhill	VERB	thornhill
renard	PROPN	renard
oka	VERB	oka
roshan	VERB	roshan
enrich	PROPN	enrichir
interracial	ADJ	interracial
suture	NOUN	suture
cabernet	NOUN	cabernet
palme	NOUN	palme
sarcophagus	NOUN	sarcophage
aff	NUM	aff
matti	NOUN	matti
towel	VERB	serviettes
magpie	ADJ	pie
kiowa	PROPN	kiowa
zig	PROPN	zig
shopper	NOUN	acheteurs
shroud	NOUN	linceul
mite	NOUN	acariens
disturb	NOUN	déranger
cutting	NOUN	boutures
lachlan	NOUN	lachlan
roo	NOUN	roo
deflection	NOUN	déviation
propensity	NOUN	propension
mambo	NOUN	mambo
aquarius	NOUN	aquarius
howl	NOUN	hurlement
gulch	NOUN	gulch
vigilance	NOUN	vigilance
unlucky	ADJ	malchance
manoj	VERB	manoj
solidly	ADV	solidement
bead	PROPN	perle
dredge	VERB	dragage
bicker	VERB	chamailleries
saucer	NOUN	soucoupe
fannie	PROPN	fannie
randi	VERB	randi
minimise	NOUN	minimiser
contemplation	NOUN	contemplation
shinjuku	NOUN	shinjuku
olin	NOUN	olin
tomahawk	PROPN	tomahawk
matte	NOUN	matte
kinsey	NOUN	kinsey
nuke	PROPN	nuke
drawer	NOUN	dessinateur
sadat	NOUN	sadate
carbide	VERB	carbure
webcam	NOUN	webcam
schille	VERB	schille
rajah	PROPN	rajah
synthesize	NOUN	synthétiser
thong	PROPN	string
mica	PROPN	mica
vivaldi	NOUN	vivaldi
milburn	VERB	milburn
perseverance	NOUN	persévérance
popov	NOUN	popov
westerner	NOUN	occidentaux
prosthetic	ADJ	prothèse
nou	NOUN	nou
sofa	NOUN	canapé
seagull	NOUN	mouette
leviathan	NOUN	léviathan
gerrit	PROPN	gerrit
upheaval	NOUN	bouleversement
underdog	VERB	underdog
nanke	VERB	nankin
hemoglobin	NOUN	hémoglobine
modu	NOUN	modu
solidify	VERB	solidifiée
fagan	VERB	fagan
zis	NUM	zis
renata	NOUN	renata
spooky	ADJ	sinistre
joyful	ADJ	joyeuse
meticulous	ADJ	minutieuse
anya	PROPN	anya
sartre	NOUN	sartre
geary	ADJ	geary
totality	NOUN	totalité
wir	NOUN	wir
lebron	PROPN	lebron
tarantino	NOUN	tarantino
agitate	VERB	agitée
respondent	NOUN	répondant
limoge	NOUN	limoge
longfellow	NOUN	longfellow
levinson	NOUN	levinson
nava	PROPN	nava
gai	VERB	gai
hera	NOUN	hera
copernicus	NOUN	copernic
schindler	NOUN	schindler
pawnee	NOUN	pawnee
coffey	NOUN	coffey
maja	PROPN	maja
battersea	NOUN	battersea
manageable	ADJ	maniable
dulle	NOUN	dulle
oni	PROPN	oni
kohler	NOUN	kohler
automaton	PROPN	automate
hae	X	hae
waldron	PROPN	waldron
invader	PROPN	envahisseurs
rolando	PROPN	rolando
suri	PROPN	suri
liquidate	VERB	liquidés
defection	NOUN	désertion
chalice	NOUN	calice
niko	VERB	niko
oxen	PROPN	bœufs
precarious	ADJ	précaire
dyslexia	PROPN	dyslexie
beltway	NOUN	beltway
ferdinando	VERB	ferdinando
selina	PROPN	selina
pontus	PROPN	pontus
custodian	PROPN	dépositaire
bitterness	NOUN	amertume
cheerleader	NOUN	cheerleader
brine	NOUN	saumure
syphilis	ADJ	syphilis
microbe	NOUN	microbe
marsha	PROPN	marsha
coulson	PROPN	coulson
allotment	NOUN	adjudication
transfusion	NOUN	transfusions
munch	NOUN	munch
jakub	PROPN	jakub
trend	VERB	populaires
heston	PROPN	heston
closeness	NOUN	proximité
gruesome	ADJ	macabre
bucky	ADJ	bucky
watcher	NOUN	observatrice
rambo	PROPN	rambo
heng	PROPN	heng
haw	NOUN	haw
maddie	PROPN	maddie
crossfire	VERB	crossfire
charlene	NOUN	charlene
meister	NOUN	meister
commissar	VERB	commissaire
albin	ADJ	albin
balzac	PROPN	balzac
mcphee	NOUN	mcphee
lucid	VERB	lucidité
eight	NOUN	eight
fruitless	VERB	infructueuses
rainey	PROPN	rainey
guess	NOUN	suppositions
loy	PROPN	loy
buller	NOUN	buller
domini	VERB	domini
rapist	NOUN	violeur
wrong	NOUN	torts
lancia	PROPN	lancia
saliva	NOUN	salive
wooster	NOUN	wooster
krueger	VERB	krueger
soulful	ADJ	soulful
sprinkle	VERB	saupoudré
sodomy	NOUN	sodomie
irresistible	ADJ	irrésistible
latif	PROPN	latif
emmet	PROPN	emmet
kosta	NOUN	kosta
whitechapel	PROPN	whitechapel
carina	PROPN	carina
thaw	NOUN	dégel
baal	PROPN	baal
benne	VERB	benne
chum	NOUN	chum
cartman	NOUN	cartman
brilliantly	ADV	brillamment
slug	NOUN	limaces
lucinda	NOUN	lucinda
fsb	NOUN	fsb
foyer	PROPN	foyer
roost	VERB	roost
desi	VERB	desi
wisely	ADV	judicieusement
aroma	NOUN	arôme
sabbatical	ADJ	sabbatique
beaulieu	VERB	beaulieu
redford	PROPN	redford
appal	VERB	consterné
pelvis	PROPN	bassin
warbler	NOUN	warbler
pancake	VERB	crêpe
nazir	PROPN	nazir
stripper	PROPN	stripteaseuse
gad	PROPN	gad
crook	NOUN	escrocs
musashi	PROPN	musashi
mear	NOUN	mear
chairwoman	NOUN	présidente
materialize	VERB	matérialisée
woodhouse	PROPN	woodhouse
compel	PROPN	contraindre
supercar	NOUN	supercar
theodora	PROPN	theodora
bookshop	NOUN	librairie
aerodynamic	NOUN	aérodynamique
mattress	NOUN	matelas
gravitation	NOUN	gravitation
alibi	PROPN	alibis
crucify	VERB	crucifié
impossibility	NOUN	impossibilité
biddle	VERB	biddle
stiffness	VERB	raideur
krieger	PROPN	krieger
bouquet	NOUN	bouquets
fez	NOUN	fès
fdr	ADV	roosevelt
okada	PROPN	okada
gaylord	NOUN	gaylord
coon	NOUN	coon
leap	VERB	sautant
alarming	ADJ	alarmants
yost	ADV	yost
drago	NOUN	drago
incite	VERB	incitant
peri	VERB	péri
mansour	PROPN	mansour
modesty	NOUN	modestie
marathon	NOUN	marathon
petter	NOUN	petter
marseille	NOUN	marseille
lise	ADJ	lise
asi	NOUN	ise
whore	NOUN	pute
sterilization	NOUN	stériliser
elam	PROPN	elam
pickle	NOUN	cornichon
auerbach	VERB	auerbach
apparition	NOUN	apparition
coyle	NOUN	coyle
ntsb	VERB	ntsb
reload	ADV	rechargement
hatchet	NOUN	hache
pierrot	PROPN	pierrot
nola	PROPN	nola
yui	VERB	yui
stig	PROPN	stig
facet	PROPN	facette
mezzanine	PROPN	mezzanine
riordan	PROPN	riordan
nuance	NOUN	nuances
ferrell	VERB	ferrell
hilliard	PROPN	hilliard
cla	ADV	cia
lizzy	VERB	lizzy
bogie	PROPN	bogie
roadster	NOUN	roadster
diaphragm	PROPN	diaphragme
philippa	PROPN	philippa
unger	NOUN	unger
paddock	NOUN	enclos
misfit	NOUN	marginaux
emilie	PROPN	émilie
maneuver	VERB	manœuvre
etch	VERB	gravés
sie	PROPN	sie
winch	NOUN	treuil
necrosis	NOUN	nécrose
shrunk	NOUN	rétréci
loring	PROPN	loring
murakami	NOUN	murakami
whipple	NOUN	whipple
mckinnon	NOUN	mckinnon
penchant	NOUN	penchant
inhuman	VERB	inhumaines
juggle	VERB	jongler
kush	NOUN	kush
unwittingly	ADV	involontairement
workout	NOUN	entrainement
clientele	PROPN	clientèle
thi	VERB	thi
twig	NOUN	brindilles
secrete	VERB	sécrétée
borealis	PROPN	borealis
marquez	NOUN	marquez
margate	VERB	margate
teo	NOUN	teo
nick	NOUN	nick
blackjack	VERB	blackjack
depressive	VERB	dépressifs
stryker	NOUN	stryker
recon	PROPN	reconnaissances
falconer	NOUN	falconer
alva	PROPN	alva
ell	VERB	ell
benzene	PROPN	benzène
jem	PROPN	jem
porky	PROPN	porky
ehrlich	PROPN	ehrlich
speckle	VERB	moucheté
skate	NOUN	patins
disguise	NOUN	déguisements
onslow	ADJ	onslow
marissa	ADJ	marissa
jimenez	PROPN	jiménez
sadistic	ADJ	sadiques
radiate	VERB	rayonnant
stinson	NOUN	stinson
hustler	NOUN	arnaqueur
helper	NOUN	assistants
presidente	VERB	presidente
bowery	NOUN	bowery
juanita	PROPN	juanita
mademoiselle	PROPN	mademoiselle
noonan	PROPN	noonan
insightful	ADJ	perspicace
lynette	NOUN	lynette
orville	PROPN	orville
mortuary	NOUN	morgue
cellar	NOUN	caves
roof	VERB	toiture
leopoldo	PROPN	leopoldo
gauthi	ADJ	gauthi
condescend	VERB	condescendance
nap	NOUN	sieste
dodd	VERB	dodd
servitude	VERB	servitude
mordechai	PROPN	mordechai
perjury	NOUN	parjure
kao	PROPN	kao
youssef	NOUN	youssef
brow	VERB	front
kowalski	NOUN	kowalski
corby	NOUN	corby
kirsty	PROPN	kirsty
mischievous	ADJ	espiègle
cocoon	NOUN	cocon
esmeralda	NOUN	esmeralda
azalea	ADJ	azalea
cosimo	NOUN	cosimo
xenon	PROPN	xénon
inundate	VERB	inondés
habitual	ADJ	habituelle
saki	VERB	saki
schweitzer	PROPN	schweitzer
stone	VERB	défoncé
excommunication	NOUN	excommunication
lindy	PROPN	lindy
zap	PROPN	zap
mockery	INTJ	moquerie
redone	NOUN	refaite
bulky	ADJ	volumineux
detectable	ADJ	détectable
shad	PROPN	shad
jaeger	NOUN	jaeger
auspicious	ADJ	propice
modernize	VERB	moderniser
chimpanzee	NOUN	chimpanzés
bodywork	NOUN	carrosserie
doubly	ADV	doublement
riva	PROPN	riva
arcane	ADJ	arcane
mombasa	VERB	mombasa
sylvie	NOUN	sylvie
darin	NOUN	darin
cobain	NOUN	cobain
doc	NOUN	doc
toxicology	NOUN	toxicologiques
pellet	NOUN	granulés
suarez	PROPN	suarez
eldridge	VERB	eldridge
manon	PROPN	manon
motley	ADJ	motley
meera	NOUN	meera
innumerable	ADJ	innombrables
algernon	PROPN	algernon
spectrometer	NOUN	spectromètre
subversion	NOUN	subversion
illuminate	VERB	illuminer
outcast	NOUN	banni
rote	VERB	rote
lamb	NOUN	agneaux
laughlin	PROPN	laughlin
hud	PROPN	hud
circumstantial	ADJ	présomptions
seng	NOUN	seng
kyu	VERB	kyu
branko	NOUN	branko
mutt	NOUN	mutt
curse	NOUN	malédictions
montero	NOUN	montero
meningitis	PROPN	méningite
corman	NOUN	corman
showbiz	VERB	showbiz
repentance	NOUN	repentir
whitmore	NOUN	whitmore
gatwick	ADJ	gatwick
fey	PROPN	fey
restructure	NOUN	restructurer
winn	PROPN	winn
lapse	VERB	caduc
garnier	ADV	garnier
geller	NOUN	geller
vole	PROPN	vole
leanne	PROPN	leanne
ferocious	ADJ	féroce
pomeroy	VERB	pomeroy
cooney	PROPN	cooney
dehydration	NOUN	déshydratation
satoshi	PROPN	satoshi
destitute	VERB	démunis
cheque	NOUN	chèque
farnsworth	NOUN	farnsworth
trafficker	NOUN	trafiquants
matlock	NOUN	matlock
shima	PROPN	shima
cobra	NOUN	cobra
langton	PROPN	langton
obsidian	PROPN	obsidienne
eunuch	ADV	eunuque
dill	NOUN	dill
stow	PROPN	stow
nevermind	VERB	nevermind
lowery	NOUN	lowery
caius	NOUN	caius
hoskin	NOUN	hoskin
dona	ADV	dona
fright	ADV	frayeur
motherhood	NOUN	maternité
lefebvre	PROPN	lefebvre
rampart	NOUN	rempart
lettuce	VERB	laitues
micky	ADJ	micky
baine	NOUN	baine
impurity	NOUN	impuretés
tem	PROPN	tem
men	NOUN	men
hassle	PROPN	tracas
excellency	NOUN	excellence
putney	NOUN	putney
oyster	NOUN	huîtres
arousal	NOUN	excitation
tartan	PROPN	tartan
uproar	VERB	tollé
insecurity	NOUN	insécurité
nimrod	PROPN	nimrod
droplet	NOUN	gouttelettes
walrus	PROPN	morse
mutilate	VERB	mutilés
glare	VERB	flagrant
chauncey	NOUN	chauncey
lefty	PROPN	gaucher
smack	VERB	smack
testimonial	ADJ	témoignage
pollack	NOUN	pollack
schoolchildren	NOUN	écoliers
tawny	NOUN	tawny
whim	PRON	caprice
conveyor	VERB	transporteur
deadlock	VERB	impasse
hallelujah	PROPN	alléluia
beret	NOUN	béret
vestibule	VERB	vestibule
gibberish	PROPN	charabia
shockwave	VERB	shockwave
displease	VERB	mécontent
jacoby	PROPN	jacoby
angelic	ADJ	angélique
manta	NOUN	mante
wield	VERB	manier
unforgettable	ADJ	inoubliable
macabre	NOUN	macabre
mould	VERB	moulées
molloy	VERB	molloy
hijo	PROPN	hijo
painfully	ADV	douloureusement
scion	NOUN	scion
cristal	PROPN	cristal
beet	VERB	betterave
phan	NOUN	phan
tumultuous	ADJ	tumultueuse
inhalation	NOUN	inhalé
mindy	PROPN	mindy
acquittal	PROPN	acquittement
talisman	NOUN	talisman
kabuki	VERB	kabuki
rosewood	NOUN	rosewood
holger	NOUN	holger
incandescent	NOUN	incandescence
poignant	NOUN	poignant
rcmp	PROPN	grc
ogle	VERB	ogle
jackman	PROPN	jackman
waldemar	PROPN	waldemar
goff	PROPN	goff
hatcher	NOUN	hatcher
divination	NOUN	divination
solicit	PROPN	solliciter
alter	NOUN	altère
ayumi	PROPN	ayumi
rodman	NOUN	rodman
lindberg	PROPN	lindberg
sulfuric	ADJ	sulfurique
treehouse	VERB	treehouse
jillian	PROPN	jillian
vagrant	ADJ	vagabond
inexperience	NOUN	inexpérience
solis	PROPN	solis
ciara	PROPN	ciara
eloquent	ADJ	éloquente
parietal	ADJ	pariétal
danbury	NOUN	danbury
impatient	NOUN	impatients
dido	PROPN	dido
martine	NOUN	martine
whitlock	NOUN	whitlock
roxanne	NOUN	roxanne
thea	PROPN	thea
christo	NOUN	christo
hepatic	PROPN	hépatique
passionately	ADV	passionnément
cucumber	NOUN	concombre
ice	VERB	glaçage
helio	NOUN	helio
guang	PROPN	guang
redeem	VERB	racheter
lamborghini	VERB	lamborghini
hawe	NOUN	hawe
fingerprint	VERB	empreinte
izumi	PROPN	izumi
vai	VERB	vai
hin	VERB	hin
lula	ADV	lula
maniac	PROPN	maniaque
featherstone	ADJ	featherstone
lingerie	NOUN	lingerie
belligerent	ADJ	belliqueux
candace	VERB	candace
stumble	VERB	trébucher
beige	VERB	beige
dalmatian	PROPN	dalmatien
belcher	VERB	belcher
rain	VERB	pleut
iota	PROPN	iota
afghan	NOUN	afghan
immortal	NOUN	immortels
lavinia	PROPN	lavinia
rutledge	NOUN	rutledge
bionic	PROPN	bionique
hafiz	PROPN	hafiz
she	VERB	she
dol	NOUN	dol
supercomputer	NOUN	superordinateur
illogical	ADJ	illogique
retard	VERB	débile
mordecai	PROPN	mordecai
lightfoot	VERB	lightfoot
flavia	PROPN	flavia
snowboard	NOUN	snowboard
resolute	ADJ	résolue
zealous	ADJ	zélé
negotiator	NOUN	négociateur
haruka	PROPN	haruka
neve	VERB	neve
aretha	PROPN	aretha
silky	VERB	soyeux
tribeca	NOUN	tribeca
disorganize	VERB	désordonné
skateboard	ADJ	skate
rosette	NOUN	rosette
dietz	VERB	dietz
mortensen	VERB	mortensen
tiki	NOUN	tiki
duan	PROPN	duan
tron	X	tron
negra	NOUN	negra
chimpanzee	PROPN	chimpanzés
capra	ADJ	capra
masturbation	NOUN	masturber
mandi	VERB	mandi
putt	VERB	putt
rasmus	NOUN	rasmus
morel	NOUN	morel
crispin	NOUN	crispin
undetermined	ADJ	indéterminée
chauffeur	NOUN	chauffeur
ssh	PROPN	ssh
regalia	NOUN	regalia
schrader	NOUN	schrader
radium	NOUN	radium
sailboat	NOUN	voilier
disprove	VERB	réfuter
pitbull	PROPN	pitbull
sedition	NOUN	sédition
bacchus	PROPN	bacchus
collusion	NOUN	connivence
hattie	PROPN	hattie
huerta	PROPN	huerta
sade	NOUN	sade
rework	NOUN	retravailler
unworthy	ADJ	indigne
howl	VERB	hurler
osamu	NOUN	osamu
duvall	VERB	duvall
utensil	NOUN	ustensiles
sensual	ADJ	sensuel
despise	VERB	méprisé
gulag	PROPN	goulag
sforza	NOUN	sforza
karzai	VERB	karzai
haha	PROPN	haha
darnell	VERB	darnell
dionne	VERB	dionne
cris	NOUN	cris
clarissa	PROPN	clarissa
dulce	VERB	dulce
albino	NOUN	albinos
osvaldo	PROPN	osvaldo
inga	NOUN	inga
bighorn	VERB	bighorn
doreen	ADV	doreen
perpetuate	NOUN	perpétue
ghostbuster	NOUN	ghostbuster
touchstone	NOUN	touchstone
paramedic	NOUN	ambulancier
buda	NOUN	buda
hoi	ADV	hoi
narasimha	ADJ	narasimha
dax	PROPN	dax
pakistani	NOUN	pakistanais
nah	INTJ	nan
valdemar	PROPN	valdemar
kol	PROPN	kol
ukip	VERB	ukip
gretzky	PROPN	gretzky
confuse	NOUN	confond
lorca	PROPN	lorca
torchwood	NOUN	torchwood
enlistment	ADJ	enrôlement
rigor	VERB	rigueur
ration	VERB	rationnement
divya	VERB	divya
madhu	NOUN	madhu
acrobatic	ADJ	acrobatique
keita	NOUN	keita
decor	PROPN	décor
tic	ADJ	tic
cordoba	PROPN	cordoue
individuality	NOUN	individualité
squeak	NOUN	squeak
barak	PROPN	barak
minoru	PROPN	minoru
macho	VERB	macho
lun	PROPN	lun
pharrell	ADV	pharrell
laila	PROPN	laila
tiananman	NOUN	tiananman
cin	PROPN	cin
defy	ADJ	défier
drawback	NOUN	inconvénients
norwegian	NOUN	norvégiens
quark	NOUN	quark
sayer	NOUN	sayer
noh	NOUN	noh
posey	NOUN	posey
frantic	ADJ	frénétique
paloma	PROPN	paloma
moll	NOUN	moll
neri	PROPN	neri
hamster	PROPN	hamsters
biopsy	PROPN	biopsie
spiritually	ADV	spirituellement
bullion	NOUN	lingot
bare	VERB	bare
mug	PROPN	chope
lash	NOUN	fouet
distort	PROPN	fausser
wada	PROPN	ama
eldorado	NOUN	eldorado
gabby	NOUN	gabby
faro	NOUN	faro
mirko	PROPN	mirko
trimble	ADJ	trimble
chastity	NOUN	chasteté
asuka	PROPN	asuka
chivalry	VERB	chevalerie
fedora	PUNCT	fedora
mortem	PROPN	mortem
exalt	VERB	exalté
poach	VERB	braconnage
copious	ADJ	copieux
miyamoto	NOUN	miyamoto
coolant	NOUN	réfrigérant
sauce	NOUN	sauce
clutch	NOUN	griffes
bligh	VERB	bligh
gaby	PROPN	gaby
xander	PROPN	alex
rioter	NOUN	émeutiers
incursion	NOUN	incursion
cosmonaut	PROPN	cosmonaute
rhonda	PROPN	rhonda
menachem	NOUN	menachem
parakeet	NOUN	perruche
seaweed	VERB	algues
cyberspace	NOUN	cyberespace
jamison	NOUN	jamison
bran	PROPN	bran
cheer	VERB	acclamations
paragon	PROPN	paragon
stipulation	NOUN	stipulations
charing	PROPN	charing
yeltsin	NOUN	eltsine
nutcracker	PROPN	nutcracker
bridal	NOUN	nuptiale
headquarter	ADV	siège
sto	NUM	sto
clap	NOUN	applaudis
hermione	NOUN	hermione
deduce	NOUN	déduire
brunt	VERB	brunt
nong	PROPN	nong
bueno	VERB	bueno
solace	NOUN	consolation
sturgis	PROPN	sturgis
caravaggio	PROPN	caravage
regularity	NOUN	régularité
stonehenge	PROPN	stonehenge
mountbatten	VERB	mountbatten
renoir	PROPN	renoir
tweet	NOUN	tweet
beauregard	PROPN	beauregard
visualize	PROPN	visualiser
radioactivity	NOUN	radioactivité
lotto	ADJ	loto
lovejoy	VERB	lovejoy
frida	PROPN	frida
innocent	NOUN	innocent
affectionate	VERB	affectueuse
itt	PROPN	itt
ringer	VERB	ringer
camilo	NOUN	camilo
safeguard	NOUN	sauvegardes
extradite	VERB	extradé
gulliver	VERB	gulliver
warmly	ADV	chaudement
sitter	PROPN	sitter
showroom	NOUN	showroom
turpin	NOUN	turpin
rami	PROPN	rami
menstrual	ADJ	menstruel
delicacy	NOUN	délicatesse
napalm	NOUN	napalm
torment	VERB	tourments
tabasco	ADV	tabasco
pagan	NOUN	païens
hotline	PROPN	hotline
galleys	VERB	galères
mimic	NOUN	imite
brothel	NOUN	bordels
contour	NOUN	contour
standish	VERB	standish
mangrove	NOUN	mangrove
thiago	PROPN	thiago
margherita	PROPN	margherita
kiosk	PROPN	kiosques
repayment	NOUN	remboursement
christiane	NOUN	christiane
kemper	PROPN	kemper
gunter	NOUN	gunter
erm	PROPN	mce
rascal	PROPN	coquin
alcatraz	PROPN	alcatraz
bilal	PROPN	bilal
bagley	PROPN	bagley
ueda	ADJ	ueda
zim	NOUN	zim
repressive	ADJ	répressif
madge	VERB	madge
exclaim	VERB	exclaim
hummel	NOUN	hummel
darlene	NOUN	darlene
fateh	PROPN	fateh
ronny	NOUN	ronny
marten	VERB	marten
erotica	PROPN	érotisme
czech	VERB	tchèques
leaflet	PROPN	dépliant
baz	PROPN	baz
pinkerton	PROPN	pinkerton
heisenberg	PROPN	heisenberg
bloodline	NOUN	lignée
ikeda	NOUN	ikeda
seti	NOUN	seti
railing	NOUN	rampes
colonna	PROPN	colonna
pate	VERB	pâté
regenerate	VERB	régénérer
stuyvesant	NOUN	stuyvesant
bannister	NOUN	bannister
munson	PROPN	munson
dummy	NOUN	mannequins
mavis	PROPN	mavis
seer	PROPN	voyante
dci	VERB	icd
zahra	NOUN	zahra
silo	NOUN	silo
hula	NOUN	hula
kev	PROPN	kev
dilip	VERB	dilip
imre	PROPN	imre
nostra	PROPN	nostra
acidity	NOUN	acidité
caterina	PROPN	caterina
dresser	NOUN	commode
nene	NUM	nene
tzu	PROPN	tzu
superpower	NOUN	superpuissances
frampton	PROPN	frampton
defy	VERB	défiant
underhill	VERB	underhill
airman	NOUN	aviateur
masson	PROPN	masson
eyebrow	NOUN	sourcils
gambler	NOUN	parieurs
commoner	NOUN	roturier
sceptical	ADJ	sceptiques
davos	PROPN	davos
batten	VERB	batten
shaving	NOUN	rasage
billiard	PROPN	billard
fleury	ADV	fleury
cordial	ADJ	cordiale
aimee	NOUN	aimee
vasile	ADJ	vasile
foggy	ADJ	foggy
gillie	NOUN	gillie
harkness	NOUN	harkness
borgia	NOUN	borgia
pvc	NOUN	pvc
fleet	VERB	éphémère
proletarian	PROPN	prolétariat
electrician	PROPN	électricien
patio	NOUN	patio
worshipper	NOUN	adorateurs
sar	NOUN	sras
hoff	PROPN	hoff
baez	PROPN	baez
wacky	ADJ	farfelu
refund	VERB	rembourser
ronson	NOUN	ronson
manuela	PROPN	manuela
kama	PROPN	kama
risk	VERB	risquant
mouthpiece	NOUN	embouchure
caesar	NOUN	caesar
pryce	NOUN	pryce
imogen	PROPN	imogen
duque	VERB	duque
millimetre	NOUN	millimètre
metaphorical	ADJ	métaphorique
thankfully	ADV	heureusement
attenborough	NOUN	attenborough
trampoline	VERB	trampoline
wop	NOUN	macaroni
ploy	NOUN	stratagème
spooner	NOUN	spooner
crappy	ADJ	merdique
sacha	PROPN	sacha
hedley	NOUN	hedley
aloe	PROPN	aloe
frankel	NOUN	frankel
cielo	PROPN	cielo
ostrich	NOUN	autruche
germaine	NOUN	germaine
spleen	VERB	rate
dismay	VERB	consterné
reba	VERB	reba
measle	NOUN	rougeole
shingle	NOUN	zona
stetson	PROPN	stetson
aisha	PROPN	aisha
buoy	NOUN	bouée
layla	VERB	layla
psychologically	ADV	psychologiquement
embellish	VERB	embelli
mull	NOUN	mull
cetera	NOUN	cetera
coker	NOUN	coker
ragnar	PROPN	ragnar
collie	NOUN	collie
ange	VERB	ange
manhunt	VERB	manhunt
fosse	PROPN	fosse
jeb	PROPN	jeb
rossetti	NOUN	rossetti
chul	PROPN	chul
tilden	NOUN	tilden
anemone	NOUN	anémone
pinochet	ADV	pinochet
mee	PROPN	mee
loophole	NOUN	lacune
ump	ADJ	ump
lassen	PROPN	lassen
dossier	NOUN	dossier
shearing	PROPN	tondre
gedde	NOUN	gedde
flirt	VERB	flirter
camillo	PROPN	camillo
pawn	VERB	pions
hamill	NOUN	hamill
lament	VERB	déploré
tremblay	VERB	tremblay
barrow	NOUN	barrow
kagan	PROPN	kagan
rickey	PROPN	rickey
plumber	PROPN	plombier
rah	PROPN	rah
rowdy	PROPN	rowdy
astaire	VERB	astaire
savile	NOUN	savile
colorless	PROPN	incolore
elwood	NOUN	elwood
pancrea	NOUN	pancréas
hopi	VERB	hopi
opportunistic	ADJ	opportuniste
hayek	NOUN	hayek
amulet	NOUN	amulette
ambivalent	ADJ	ambivalente
belgian	NOUN	belges
ingest	VERB	ingéré
pixie	NOUN	pixie
kaoru	PROPN	kaoru
lovelace	PROPN	lovelace
elon	NOUN	elon
dun	VERB	dun
stewie	PROPN	stewie
alvaro	NOUN	alvaro
duct	NOUN	conduits
vern	VERB	vern
muerte	NOUN	muerte
norah	PROPN	norah
mongoose	VERB	mangouste
sik	ADJ	sik
ocular	ADJ	oculaire
balcony	NOUN	balcons
farnese	NOUN	farnèse
feather	VERB	plumes
hammer	VERB	martelé
agustin	VERB	agustin
exec	VERB	exec
overwhelm	NOUN	submerger
camus	VERB	camus
nuno	PROPN	nuno
harland	PROPN	harland
eleonora	PROPN	eleonora
slugger	NOUN	cogneur
brush	VERB	brossé
triumph	VERB	triomphe
interplanetary	ADJ	interplanétaire
momentarily	ADV	momentanément
evocative	ADJ	évocateur
yeoman	NOUN	yeoman
dignify	VERB	dignes
dou	X	dou
embodie	NOUN	incarne
fermat	NOUN	fermat
capricorn	PROPN	capricorne
excesse	VERB	excès
hypocritical	ADJ	hypocrites
inhabitant	VERB	habitant
baker	NOUN	boulangers
shibuya	NOUN	shibuya
decapitate	VERB	décapité
fawn	NOUN	fawn
flurry	VERB	rafale
cuban	NOUN	cubains
rodin	NOUN	rodin
disintegrate	VERB	désintégré
yoke	VERB	joug
slider	NOUN	curseur
spinoza	PROPN	spinoza
ota	PROPN	ota
discernible	ADJ	perceptible
scalp	PROPN	scalp
wilt	VERB	wilt
exclamation	NOUN	exclamation
scourge	VERB	fléau
haller	NOUN	haller
shou	PROPN	shou
campsite	NOUN	campement
retraction	NOUN	rétractation
bathtub	PROPN	baignoire
chesterton	PROPN	chesterton
nra	ADJ	arn
izzy	PROPN	izzy
shatner	PROPN	shatner
alm	NOUN	aumône
fragrant	NOUN	parfumées
barnaby	NOUN	barnaby
bookstore	NOUN	librairies
depository	NOUN	dépositaire
pilkington	PROPN	pilkington
mew	ADJ	mew
requisition	VERB	réquisitionné
rajeev	PROPN	rajeev
breastfeed	VERB	allaiter
vapour	VERB	vapeur
bobbie	VERB	bobbie
jett	PROPN	jett
sloth	VERB	paresse
troubadour	VERB	troubadour
holographic	ADJ	holographique
resilient	ADJ	résilience
jaan	PROPN	jaan
dorn	NOUN	dorn
amigo	NOUN	amigo
bossa	VERB	bossa
dui	PROPN	dui
verita	NOUN	verita
argon	PROPN	argon
volker	NOUN	volker
valli	PROPN	valli
dahlia	NOUN	dahlia
shimon	PROPN	shimon
nagai	NOUN	nagai
motherland	NOUN	patrie
bebe	NOUN	bebe
deference	NOUN	déférence
tutu	PROPN	tutu
loudspeaker	NOUN	enceintes
orsini	NOUN	orsini
kwong	NOUN	kwong
tangerine	VERB	mandarine
piss	VERB	pisser
winnebago	PROPN	winnebago
deceit	NOUN	tromperie
salih	PROPN	salih
cordova	VERB	cordoue
nis	PROPN	nei
abound	PROPN	abondent
amputation	NOUN	amputer
elkin	NOUN	elkin
hagar	NOUN	hagar
heretic	NOUN	hérétiques
damm	PROPN	damm
melanoma	VERB	mélanome
crump	NOUN	crump
diddy	VERB	diddy
udo	ADJ	udo
reflexe	VERB	réflexes
plankton	PROPN	plancton
mystique	NOUN	mystique
katharina	PROPN	katharina
loudon	PROPN	loudon
crabtree	NOUN	crabtree
overtake	VERB	dépassements
supercharge	VERB	suralimenté
stifle	VERB	étouffer
feline	PROPN	félin
mythic	ADJ	mythiques
swordsman	NOUN	épéiste
tuner	NOUN	tuner
hoe	NOUN	hoe
steph	NOUN	steph
galina	PROPN	galina
gotti	PROPN	gotti
astrologer	NOUN	astrologue
dimitris	PROPN	dimitris
nigger	NOUN	négro
adrenal	ADJ	surrénales
vivien	PROPN	vivien
chip	VERB	chip
basset	VERB	basset
bau	VERB	bau
mariam	PROPN	mariam
condom	NOUN	préservatif
starry	VERB	étoilée
onyx	NOUN	onyx
neuro	PROPN	neuro
calamity	NOUN	calamité
amador	NOUN	amador
penalize	VERB	pénalisés
dinghy	NOUN	canot
bras	NOUN	bras
bust	VERB	cassé
orca	NOUN	orca
chesney	PROPN	chesney
securely	ADV	solidement
flavius	NOUN	flavius
medea	NOUN	médée
fausto	PROPN	fausto
profane	NOUN	profanes
callaway	PROPN	callaway
bromide	ADV	bromure
kristine	VERB	kristine
deflect	VERB	dévié
bannon	PROPN	bannon
viscous	ADJ	visqueux
unoccupied	ADJ	inoccupées
airwave	NOUN	ondes
filth	NOUN	saleté
mailer	VERB	mailer
genovese	PROPN	genovese
quilt	NOUN	couette
trish	NOUN	trish
keiko	PROPN	keiko
importer	NOUN	importateurs
pharaoh	NOUN	pharaons
supergirl	NOUN	supergirl
congratulate	VERB	félicitée
reorganize	VERB	réorganiser
cygnus	VERB	cygnus
columbine	PROPN	columbine
seedling	NOUN	semis
birdie	PROPN	birdie
rigidity	NOUN	rigidités
endo	VERB	endo
donato	PROPN	donato
uterine	VERB	utérine
cortina	PROPN	cortina
ela	PROPN	ela
betroth	VERB	fiancés
enmity	NOUN	inimitié
propane	NOUN	propane
woodcock	NOUN	woodcock
delusional	ADJ	délirant
lajos	NOUN	lajos
sadiq	NOUN	sadiq
klondike	VERB	klondike
highlander	PROPN	highlander
bovine	PROPN	bovin
topper	NOUN	topper
brandi	NOUN	brandi
tan	VERB	bronzage
trapper	VERB	trappeur
sura	NOUN	sourate
strengthen	NOUN	renforce
pena	NOUN	pena
manoeuvre	NOUN	manœuvrer
rethink	VERB	repenser
dyke	NOUN	digues
rachmaninoff	VERB	rachmaninoff
daria	PROPN	daria
jafar	ADV	jafar
cede	VERB	céder
rochefort	VERB	rochefort
pussycat	PROPN	pussycat
dilation	NOUN	dilatation
kurosawa	PROPN	kurosawa
flake	NOUN	flocons
childress	ADJ	childress
hombre	VERB	hombre
telepathic	PROPN	télépathe
laughable	ADJ	risible
vinton	PROPN	vinton
vid	VERB	vid
cardigan	VERB	gilet
shukla	VERB	shukla
amal	NOUN	amal
fontainebleau	NOUN	fontainebleau
mallard	PROPN	mallard
ruble	NOUN	roubles
disbelief	NOUN	incrédulité
miramar	PROPN	miramar
intoxication	NOUN	ivresse
jeter	NOUN	jeter
botch	VERB	bâclé
isobel	PROPN	isabelle
amara	NOUN	amara
siri	PROPN	siri
harmonium	NOUN	harmonium
rhoda	PROPN	rhoda
dillinger	NOUN	dillinger
tactile	ADJ	tactiles
witherspoon	NOUN	witherspoon
kincaid	VERB	kincaid
wink	NOUN	clin
hinge	NOUN	charnière
chipmunk	NOUN	chipmunk
ect	VERB	ect
amitabh	ADV	amitabh
absurdity	NOUN	absurdité
itinerary	ADJ	itinéraire
carsten	VERB	carsten
desoto	NOUN	desoto
kingman	PROPN	kingman
incapacitate	VERB	inapte
bigotry	NOUN	fanatisme
virgin	NOUN	vierges
spiro	PROPN	spiro
tana	PROPN	tana
blueberry	NOUN	bleuets
matsui	NOUN	matsui
blob	PROPN	blob
cpt	VERB	cpt
cleaner	NOUN	nettoyeur
proteus	NOUN	proteus
sandler	NOUN	sandler
kwang	PROPN	kwang
drip	NOUN	goutte
tibor	NOUN	tibor
shameless	VERB	effronté
tireless	ADJ	inlassable
roadblock	NOUN	barrage
bottleneck	NOUN	bottleneck
contagious	ADJ	contagieuse
dinesh	ADJ	dinesh
believable	ADJ	crédible
whistle	NOUN	sifflets
luman	NOUN	luman
angst	NOUN	angoisse
tse	VERB	tse
wane	VERB	décroissante
asterix	VERB	astérix
whittle	VERB	whittle
execute	NOUN	exécute
pineda	NOUN	pineda
hyperbole	PROPN	hyperbole
rosale	VERB	rosale
complicity	NOUN	complicité
beal	ADJ	beal
baumann	PROPN	baumann
tandy	PROPN	tandy
bristow	ADJ	bristow
sten	VERB	sten
lotta	PROPN	lotta
flawless	NOUN	impeccable
bunk	PROPN	superposés
mito	PROPN	mito
orgasm	VERB	orgasmes
quicksilver	ADV	quicksilver
courteous	ADJ	courtois
angkor	PROPN	angkor
exonerate	VERB	exonéré
genital	NOUN	génitaux
krypton	PROPN	krypton
untenable	ADJ	insoutenable
tint	VERB	teinté
calibrate	VERB	calibré
morph	VERB	morph
fume	NOUN	fumées
prenatal	ADJ	prénatal
colm	PROPN	colm
diem	NOUN	diem
spaulde	VERB	spaulde
bhagat	PROPN	bhagat
gautam	VERB	gautam
corso	PROPN	corso
whistleblower	VERB	dénonciateur
pup	NOUN	chiots
shikoku	NOUN	shikoku
grub	NOUN	grub
lyra	PROPN	lyra
grace	VERB	grâces
corsican	PROPN	corse
disraeli	PROPN	disraeli
yaw	ADJ	lacet
koko	PROPN	koko
cystic	ADJ	kystique
mandala	PROPN	mandala
lasse	NOUN	lasse
lian	PROPN	lian
ellery	NOUN	ellery
maura	NOUN	maura
formality	NOUN	formalisme
marchand	VERB	marchand
shari	NOUN	shari
tripp	PROPN	tripp
ueno	VERB	ueno
underline	VERB	soulignés
sweetness	VERB	douceur
gracious	ADJ	gracieuse
tease	NOUN	taquiner
ophelia	INTJ	ophélie
coil	VERB	enroulé
manure	NOUN	fumiers
resist	NOUN	résiste
austere	NOUN	austère
rucker	PROPN	rucker
ramiro	PROPN	ramiro
dugan	PROPN	dugan
waterproof	PROPN	imperméable
cosgrove	VERB	cosgrove
lockdown	PROPN	confinement
misaki	PROPN	misaki
annuity	NOUN	rente
edema	NOUN	œdème
tiff	NOUN	tiff
mockingbird	ADV	moqueur
gabriella	PROPN	gabriella
neurologist	NOUN	neurologue
vigilant	ADJ	vigilants
crusher	PROPN	broyeur
gerda	PROPN	gerda
discord	PROPN	discorde
realisation	NOUN	réalisation
jacek	PROPN	jacek
bible	NOUN	bible
segundo	NOUN	segundo
celibacy	NOUN	célibat
slasher	NOUN	slasher
boredom	PROPN	ennui
fane	NOUN	fane
byrne	NOUN	byrne
slipper	NOUN	chaussons
mandible	NOUN	mandibule
tibetan	NOUN	tibétains
gutte	VERB	vidé
splendor	NOUN	splendeur
sotheby	PROPN	sotheby
paypal	NOUN	paypal
karina	PROPN	karina
lohan	PROPN	lohan
dominick	VERB	dominick
joystick	VERB	manette
dispensary	NOUN	dispensaire
madero	PROPN	madero
leclerc	PROPN	leclerc
mossad	PROPN	mossad
gisela	PROPN	gisela
octavia	PROPN	octavia
miraculously	ADV	miraculeusement
apo	X	apo
hayat	VERB	hayat
individualism	NOUN	individualisme
suction	NOUN	ventouse
darko	PROPN	darko
aker	NOUN	aker
gravely	ADV	gravement
carpentry	NOUN	menuiserie
reprimand	VERB	réprimandé
timid	ADJ	timide
repay	VERB	remboursée
hetman	NOUN	hetman
morgue	PROPN	morgue
kwai	PROPN	kwai
bed	VERB	couchage
symbiotic	PROPN	symbiose
moustache	NOUN	moustaches
ever	NOUN	ever
caprice	VERB	caprice
herder	NOUN	herder
fuzz	NOUN	fuzz
malloy	NOUN	malloy
barbershop	PROPN	barbier
haber	ADV	haber
dewar	ADJ	dewar
elba	PROPN	elbe
euphoria	NOUN	euphorie
styx	VERB	styx
eri	ADJ	eri
ovary	VERB	ovaire
diogo	VERB	diogo
stabilizer	VERB	stabilisateur
embezzlement	NOUN	soustraction
consent	VERB	consenti
tsu	NOUN	tsu
assessor	NOUN	évaluateur
teague	NOUN	teague
lander	NOUN	lander
schaeffer	VERB	schaeffer
niro	NOUN	niro
cru	PROPN	cru
fabrice	NOUN	fabrice
hoist	VERB	hissé
birdman	NOUN	birdman
perish	NOUN	périr
leek	NOUN	poireaux
bridger	PROPN	bridger
condom	PROPN	capote
kojima	PROPN	kojima
burglar	ADJ	cambrioleur
tibia	PROPN	tibia
broth	NOUN	bouillon
executor	NOUN	exécuteur
annihilate	VERB	anéantie
carcass	NOUN	carcasse
mida	NOUN	mida
groot	NOUN	groot
cosa	PROPN	cosa
duchamp	NOUN	duchamp
sympathizer	NOUN	sympathisants
tiara	VERB	tiare
spike	VERB	corsé
borrower	NOUN	emprunteurs
gimp	VERB	gimp
ohm	PROPN	ohm
rawl	VERB	rawl
wilkie	PROPN	wilkie
backstreet	NOUN	backstreet
kikuchi	PROPN	kikuchi
deafness	NOUN	surdité
lily	NOUN	lys
recharge	VERB	recharger
morbid	VERB	morbide
angelique	PROPN	angélique
buford	NOUN	buford
hanne	VERB	hanne
andrej	PROPN	andrej
indemnity	NOUN	indemnité
hargreave	NOUN	hargreave
nomura	NOUN	nomura
nid	PROPN	nid
costa	NOUN	costa
ammo	NOUN	munition
teleport	NOUN	téléporter
gluten	VERB	gluten
southerner	NOUN	sudistes
indulgence	NOUN	gourmandise
ridgeway	NOUN	ridgeway
sadden	VERB	attristé
calculate	NOUN	calcule
tet	NOUN	tet
decipher	ADV	déchiffrer
isabela	PROPN	isabela
abort	ADJ	abandonner
indebted	ADJ	endettés
arduous	ADJ	ardue
ultrasonic	ADJ	ultrasons
amo	NOUN	amo
scribe	NOUN	scribe
tenacious	ADJ	tenace
hun	NOUN	hun
infernal	ADJ	infernale
pall	VERB	pall
ruddy	VERB	ruddy
bonita	NOUN	bonita
immaterial	ADJ	immatériel
injure	NOUN	blesser
rena	PROPN	rena
havel	NOUN	havel
anaconda	PROPN	anaconda
mute	VERB	sourdine
trang	PROPN	trang
ismael	PROPN	ismaël
anjali	ADJ	anjali
cordero	NOUN	cordero
aspirin	NOUN	aspirine
lapd	PROPN	lapd
ruslan	PROPN	ruslan
amphetamine	NOUN	amphétamine
cashier	NOUN	caissière
triple	VERB	triplé
niklas	PROPN	niklas
idealistic	ADJ	idéaliste
gravy	PROPN	sauce
tantric	NOUN	tantrique
analyzer	PROPN	analyseur
euphemism	NOUN	euphémisme
deen	VERB	deen
iguana	PROPN	iguane
naka	VERB	naka
scrub	NOUN	blouse
delinquent	ADJ	délinquant
eastside	ADV	eastside
kilpatrick	PROPN	kilpatrick
grocer	NOUN	épicier
legrand	VERB	legrand
giza	NOUN	gizeh
satya	PROPN	satya
countryman	NOUN	compatriotes
spire	NOUN	spire
halliwell	VERB	halliwell
hysterical	ADJ	hystérique
tragically	ADV	tragiquement
torrey	NOUN	torrey
taming	NOUN	apprivoiser
brie	PROPN	brie
kitten	NOUN	chatons
rove	PROPN	rove
farid	NOUN	farid
bedtime	NOUN	coucher
starfleet	PROPN	starfleet
driveway	NOUN	allée
yulia	NOUN	ioulia
vigor	VERB	vigueur
mea	PROPN	mea
dolce	X	dolce
infestation	NOUN	infestation
neutralize	VERB	neutraliser
specter	NOUN	spectre
drape	VERB	drapé
vishal	PROPN	vishal
houdini	NOUN	houdini
jaffe	PROPN	jaffe
lemonade	VERB	limonade
deirdre	PROPN	deirdre
reardon	PROPN	reardon
godard	PROPN	godard
fudge	VERB	caramel
moya	PROPN	moya
pittman	NOUN	pittman
gauguin	VERB	gauguin
examiner	NOUN	examinateurs
chant	VERB	scandé
urquhart	ADJ	urquhart
visceral	ADJ	viscérale
femur	NOUN	fémur
sio	ADJ	sio
eldon	NOUN	eldon
tomlin	PROPN	tomlin
trek	VERB	randonnées
vegetative	ADJ	végétative
herrick	VERB	herrick
amundsen	PROPN	amundsen
leonora	PROPN	leonora
jeannette	PROPN	jeannette
capua	NOUN	capoue
momo	ADJ	momo
stimulate	NOUN	stimule
ebb	PROPN	reflux
magnification	NOUN	grossissement
foster	NOUN	favorise
clam	NOUN	palourdes
poli	NOUN	poli
fructose	NOUN	fructose
avenge	VERB	vengé
mila	NOUN	mila
ecstatic	ADJ	extatique
gianluca	PROPN	gianluca
perch	VERB	perché
inman	PROPN	inman
shigeru	PROPN	shigeru
disrupt	NOUN	perturbe
kidnapper	NOUN	ravisseurs
bachman	PROPN	bachman
hideyoshi	PROPN	hideyoshi
perforate	VERB	perforation
worsley	NOUN	worsley
sentinel	NOUN	sentinelles
andi	PROPN	andi
ostend	VERB	ostende
shekhar	PROPN	shekhar
umbilical	ADJ	ombilical
reprisal	NOUN	représailles
carburetor	NOUN	carburateur
lem	ADV	lem
wafer	VERB	hostie
solon	NOUN	solon
calloway	PROPN	calloway
kom	VERB	kom
soybean	NOUN	soya
plow	VERB	charrue
danforth	NOUN	danforth
denounce	NOUN	dénonce
underprivilege	VERB	défavorisés
tou	PROPN	tou
receptionist	NOUN	réceptionniste
meer	NOUN	meer
ariadne	PROPN	ariane
slay	NOUN	assassiner
ju	VERB	ju
wonderfully	ADV	merveilleusement
prickly	ADV	épineux
goody	NOUN	goody
retrograde	VERB	rétrograde
braithwaite	VERB	braithwaite
muffin	PROPN	muffins
heretic	ADJ	hérétiques
fervent	NOUN	fervents
doon	NOUN	doon
emissary	NOUN	émissaire
shameful	ADJ	honteuse
dali	PROPN	dali
sorceress	VERB	sorcière
alyssa	PROPN	alyssa
tyrannosaurus	NOUN	tyrannosaurus
narcissus	NOUN	narcisse
rohit	VERB	rohit
thankful	ADJ	reconnaissant
atta	PROPN	atta
deluge	NOUN	déluge
ingenuity	NOUN	ingéniosité
brezhnev	NOUN	brejnev
turban	NOUN	turban
atrophy	NOUN	atrophie
chuan	PROPN	chuan
deuce	VERB	deuce
jeon	PROPN	jeon
tasty	NOUN	savoureuses
disarm	VERB	désarmé
vinny	NOUN	vinny
leng	PROPN	leng
kidman	PROPN	kidman
rescuer	NOUN	sauveteurs
inanimate	VERB	inanimés
heartfelt	VERB	sincère
nobunaga	NOUN	nobunaga
goon	NOUN	goon
marti	PROPN	marti
scathing	ADJ	cinglant
renton	PROPN	renton
messi	PROPN	messi
hideo	VERB	hideo
flannery	NOUN	flannery
artistically	ADV	artistiquement
playmate	NOUN	playmate
sakurai	NOUN	sakurai
jazzy	PROPN	jazzy
level	VERB	nivellement
bushy	ADJ	bushy
watermelon	NOUN	pastèque
ziggy	ADJ	ziggy
pinewood	NOUN	pinewood
responder	NOUN	répondeurs
mussel	NOUN	moules
hibiscus	VERB	hibiscus
sweater	NOUN	pull
tick	NOUN	tiques
generously	ADV	généreusement
earmark	VERB	affectées
beckman	PROPN	beckman
piggy	PROPN	cochon
grip	VERB	saisissant
yule	NOUN	yule
grigory	ADJ	grigori
jani	PROPN	jani
hormonal	ADJ	hormonale
michaela	PROPN	michaela
tuxedo	NOUN	smoking
flicker	PROPN	clignote
phonograph	NOUN	phonographe
montmartre	PROPN	montmartre
apathy	ADJ	apathie
flemme	VERB	flemme
mcclain	VERB	mcclain
hibbert	NOUN	hibbert
boarder	NOUN	pensionnaires
nia	PROPN	nia
lifeguard	PROPN	sauveteur
decorator	NOUN	décorateur
hur	PROPN	hur
paintball	VERB	paintball
dic	ADJ	dic
iga	PROPN	iga
gucci	NOUN	gucci
morita	NOUN	morita
moreland	VERB	moreland
freezer	NOUN	congélateur
espresso	PROPN	expresso
reassignment	NOUN	réaffectation
ivana	PROPN	ivana
kodiak	PROPN	kodiak
merv	PROPN	merv
sefton	PROPN	sefton
diwan	PROPN	diwan
lash	VERB	cils
tetsuya	NOUN	tetsuya
corrie	NOUN	corrie
flavio	NOUN	flavio
butcher	NOUN	bouchers
leonida	VERB	léonidas
sinan	PROPN	sinan
tumble	VERB	tumble
grissom	NOUN	grissom
mimic	VERB	imitant
pickford	NOUN	pickford
ethereal	ADJ	ethereal
topless	NOUN	topless
timeout	NOUN	délai
ariana	PROPN	ariana
kearn	NOUN	kearn
lundy	ADJ	lundy
sideshow	NOUN	sideshow
fortescue	NOUN	fortescue
tracer	NOUN	traceur
pint	NOUN	pinte
sprawl	NOUN	étalement
rebate	VERB	rabais
cripple	PROPN	infirme
osgood	ADV	osgood
inept	PROPN	inepte
quarter	VERB	écartelé
transplant	VERB	transplanté
gaspard	NOUN	gaspard
drinker	NOUN	buveur
exhausting	ADJ	fatiguant
shayne	PROPN	shayne
barksdale	NOUN	barksdale
mulholland	NOUN	mulholland
govinda	PROPN	govinda
zag	VERB	zag
halloran	NOUN	halloran
lupe	PROPN	lupe
darien	PROPN	darien
galt	VERB	galt
deliverance	NOUN	délivrance
malevolent	ADJ	malveillante
biloxi	NOUN	biloxi
barium	NOUN	baryum
negligent	ADJ	négligent
recycle	NOUN	recyclage
unwise	ADJ	imprudent
hitomi	NOUN	hitomi
sinful	ADJ	pécheur
unstoppable	ADJ	imparable
fernanda	PROPN	fernanda
childcare	NOUN	puériculture
stillman	PROPN	stillman
tupac	NOUN	tupac
twister	NOUN	tornade
gust	ADV	rafale
prada	NOUN	prada
kyo	PROPN	kyo
plantagenet	NOUN	plantagenet
subconscious	ADJ	subconscient
presto	NOUN	presto
hairstyle	PROPN	coiffure
wick	NOUN	mèches
undeniable	ADJ	indéniable
mako	PROPN	mako
raft	VERB	raft
crematorium	NOUN	crématorium
poo	VERB	crotte
goggle	NOUN	lunettes
valhalla	NOUN	valhalla
goku	PROPN	goku
foresight	NOUN	prospective
golde	VERB	golde
dov	PROPN	dov
uncompromise	VERB	intransigeante
connery	NOUN	connery
hem	PROPN	ourlet
hatch	NOUN	trappes
aristide	NOUN	aristide
cee	PROPN	cee
henk	PROPN	henk
chimera	NOUN	chimère
khaki	PROPN	kaki
cataract	VERB	cataracte
mucus	NOUN	mucus
cleaver	NOUN	cleaver
aviva	VERB	aviva
guardianship	NOUN	tutelle
sportsmanship	NOUN	sportivité
deepen	VERB	approfondir
governess	VERB	gouvernante
hein	PROPN	hein
manoeuvre	VERB	manœuvres
confidant	PROPN	confident
naik	NOUN	naik
contraband	VERB	contrebande
hairless	NOUN	imberbe
attractiveness	NOUN	attractivité
pontoon	NOUN	ponton
malhotra	ADJ	malhotra
racketeering	NOUN	racket
exhume	VERB	exhumé
abundantly	ADV	abondamment
chatsworth	NOUN	chatsworth
euston	PROPN	euston
nao	PROPN	nao
miura	NOUN	miura
towne	PROPN	towne
hideous	ADJ	hideux
lice	NOUN	poux
zuma	NOUN	zuma
loop	VERB	loop
sunbeam	VERB	sunbeam
bihari	PROPN	bihari
dissonance	NOUN	dissonance
eriksen	PROPN	eriksen
jesper	PROPN	jesper
unsettle	VERB	perturbé
fibonacci	PROPN	fibonacci
morrell	VERB	morrell
rabie	NOUN	rage
baffle	VERB	perplexe
shipwreck	VERB	naufragés
gogol	NOUN	gogol
juarez	PROPN	juarez
toho	NOUN	toho
buffer	NOUN	tampons
krebs	PROPN	krebs
telepathy	ADJ	télépathie
cp	NOUN	cp
mauser	NOUN	mauser
stockwell	VERB	stockwell
bennie	PROPN	bennie
moyer	PROPN	moyer
toma	PROPN	toma
yamashita	NOUN	yamashita
custard	NOUN	flan
ajit	PROPN	ajit
mccord	NOUN	mccord
silicone	NOUN	silicone
eiji	VERB	eiji
perce	NOUN	perce
sharpness	NOUN	netteté
alcoholic	NOUN	alcooliques
metzger	ADV	metzger
galapago	NOUN	galapago
whitey	PROPN	whitey
masahiro	PROPN	masahiro
gory	NOUN	sanglants
whimsical	ADJ	fantaisiste
lapland	NOUN	laponie
machiavelli	PROPN	machiavel
scofield	NOUN	scofield
categorically	ADV	catégoriquement
fluffy	PROPN	moelleux
shank	VERB	jarret
quinlan	NOUN	quinlan
tester	NOUN	testeur
tendulkar	PROPN	tendulkar
revolutionize	VERB	révolutionné
firebird	PROPN	firebird
vermeer	VERB	vermeer
proletariat	NOUN	prolétariat
impala	NOUN	impala
paulson	ADJ	paulson
liston	PROPN	liston
tranquility	NOUN	tranquillité
decoder	NOUN	décodeur
glorify	VERB	glorifié
christa	PROPN	christa
hearsay	VERB	ouï
ewell	NOUN	ewell
ber	NOUN	ber
antichrist	NOUN	antéchrist
peco	NOUN	peco
ishii	PROPN	ishii
raffaele	PROPN	raffaele
swap	NOUN	swap
gaffney	NOUN	gaffney
elinor	NOUN	elinor
crate	NOUN	caisse
overload	VERB	surchargé
rove	VERB	itinérant
saban	PROPN	saban
monolith	VERB	monolithe
delirium	NOUN	délire
meehan	VERB	meehan
escapee	NOUN	évadés
murchison	ADV	murchison
pharma	VERB	pharma
buttock	NOUN	fesse
semper	NOUN	semper
ando	VERB	ando
delilah	PROPN	delilah
pilate	PROPN	pilate
lyell	VERB	lyell
blume	VERB	blume
huggin	VERB	huggin
yum	VERB	miam
porno	NOUN	porno
joubert	PROPN	joubert
hom	X	hom
natalya	NOUN	natalia
lollipop	VERB	sucette
mmm	VERB	mmm
muldoon	NOUN	muldoon
manassa	NOUN	manassa
koala	PROPN	koala
kenan	PROPN	kenan
scrabble	ADJ	scrabble
posterity	NOUN	postérité
hau	PROPN	hau
draco	PROPN	drago
rollo	VERB	rollo
donatello	PROPN	donatello
falsify	VERB	falsifié
apprehension	NOUN	appréhension
hell	VERB	enfers
tusk	NOUN	tusk
hyung	PROPN	hyung
cedar	VERB	cèdres
cleverly	ADV	habilement
filing	NOUN	dépôts
firestorm	NOUN	firestorm
undermine	NOUN	sape
horde	NOUN	horde
rasa	VERB	rasa
harpoon	NOUN	harpon
swede	NOUN	suédois
tosca	PROPN	tosca
daemon	NOUN	démon
stoddard	ADV	stoddard
garret	NOUN	garret
ccs	NOUN	ccs
gauti	ADJ	gauti
vivek	VERB	vivek
iverson	PROPN	iverson
allergy	NOUN	allergie
tere	ADV	tere
livia	PROPN	livia
minotaur	INTJ	minotaure
cade	NOUN	cade
suzie	NOUN	suzie
leto	VERB	leto
unfaithful	ADJ	infidèles
impersonation	NOUN	imitation
decode	PROPN	décodage
katana	PROPN	katana
narcotic	ADJ	narcotiques
agrippa	PROPN	agrippa
amicable	ADJ	amiable
bronco	PROPN	bronco
atwater	PROPN	atwater
rusk	ADJ	rusk
aru	ADJ	aru
kazuo	PROPN	kazuo
pile	VERB	empilés
blackie	PROPN	blackie
peep	NOUN	peep
mover	NOUN	déménageurs
loom	VERB	imminente
remission	NOUN	rémission
grigg	NOUN	grigg
affleck	NOUN	affleck
amma	PROPN	amma
stepan	PROPN	stepan
intrepid	ADJ	intrépide
patrik	NOUN	patrik
backer	NOUN	backer
carrion	NOUN	carrion
revolver	NOUN	revolver
trot	VERB	trot
crease	NOUN	pli
marat	NOUN	marat
caligula	PROPN	caligula
dor	NOUN	dor
freda	PROPN	freda
asgard	VERB	asgard
lifeline	NOUN	lifeline
grinder	NOUN	broyeur
pelt	ADV	pelt
mikko	NOUN	mikko
lick	VERB	lécher
yardley	PROPN	yardley
siro	NOUN	siro
kandi	VERB	kandi
varga	PROPN	varga
woodman	NOUN	woodman
dialysis	NOUN	dialyse
authorisation	NOUN	autorisation
anguish	PROPN	angoisse
moussa	PROPN	moussa
trina	PROPN	trina
nagel	NOUN	nagel
polyester	NOUN	polyester
biotech	PROPN	biotechnologie
ewa	PROPN	ewa
denim	PROPN	denim
suitor	NOUN	prétendant
everyman	PROPN	everyman
paladin	VERB	paladin
valerius	NOUN	valerius
shredder	NOUN	broyeur
bang	VERB	frange
deviate	VERB	déviant
hyacinth	ADJ	jacinthe
narita	NOUN	narita
bambi	NOUN	bambi
git	PROPN	git
slam	VERB	claqué
grier	NOUN	grier
ullman	NOUN	ullman
heathen	ADV	païen
theseus	NOUN	thésée
kyoko	PROPN	kyoko
redfern	PROPN	redfern
nubian	PROPN	nubien
squatter	NOUN	squatters
hutch	VERB	hutch
stud	NOUN	goujons
mizuki	NOUN	mizuki
dissolve	NOUN	dissout
impediment	NOUN	empêchement
posner	NOUN	posner
satsuma	PROPN	satsuma
envelop	VERB	enveloppé
salvo	NOUN	salve
briefcase	NOUN	mallette
staircase	NOUN	escaliers
rightfully	ADV	légitimement
caramel	NOUN	caramels
bribe	VERB	soudoyé
plexus	NOUN	plexus
jenson	PROPN	jensen
pretense	NOUN	prétexte
keppel	NOUN	keppel
clemency	NOUN	clémence
bloated	ADJ	gonflé
oto	PROPN	oto
meghan	PROPN	meghan
cramp	VERB	exigu
dishonesty	NOUN	malhonnêteté
inseparable	ADJ	indissociable
jurisdictional	ADJ	juridictionnelles
ulcer	NOUN	ulcères
elvin	PROPN	elvin
strawberry	NOUN	fraises
innocuous	ADJ	inoffensif
ingeborg	PROPN	ingeborg
mayhew	VERB	mayhew
wilshire	NOUN	wilshire
enron	PROPN	enron
haven	NOUN	haven
ganz	ADJ	ganz
usman	NOUN	usman
lipton	PROPN	lipton
fondly	ADV	affectueusement
pym	PROPN	pym
kenichi	PROPN	kenichi
tezuka	PROPN	tezuka
stuntman	NOUN	cascadeur
trisha	VERB	trisha
subhash	NOUN	subhash
beehive	NOUN	ruche
cram	NOUN	cram
bubblegum	VERB	bubblegum
curley	NOUN	curley
clausen	VERB	clausen
jiao	PROPN	jiao
ufos	ADV	ovnis
rhett	NOUN	rhett
skywalker	NOUN	skywalker
fluently	ADV	couramment
remuneration	NOUN	rémunérations
prospector	NOUN	prospecteur
cyst	NOUN	kyste
dispensation	NOUN	dispense
unclean	ADJ	impur
ove	VERB	ove
ach	VERB	ach
radon	PROPN	radon
biff	NOUN	biff
flirt	NOUN	flirter
syrian	NOUN	syriens
gilroy	VERB	gilroy
aneurysm	PROPN	anévrisme
rafter	NOUN	chevrons
crick	NOUN	crick
droid	VERB	droïde
crumb	ADJ	miettes
thoreau	NOUN	thoreau
geisha	VERB	geisha
zandt	X	zandt
torrential	ADJ	torrentielles
bash	VERB	dénigrement
mikado	PROPN	mikado
murthy	ADJ	murthy
rumi	VERB	rumi
marrakech	NOUN	marrakech
assailant	NOUN	agresseur
asperger	X	asperger
loo	NOUN	loo
clementine	NOUN	clémentines
milanese	NOUN	milanais
ficus	NOUN	ficus
thule	VERB	thulé
debacle	NOUN	débâcle
andro	NOUN	andro
mariposa	PROPN	mariposa
kasper	NOUN	kasper
odell	VERB	odell
icu	PROPN	uti
falstaff	ADV	falstaff
portia	NOUN	portia
tease	VERB	taquiner
pat	NOUN	pat
anni	PROPN	anni
harada	PROPN	harada
dhs	VERB	dhs
gutter	NOUN	gouttière
aquaman	NOUN	aquaman
wicker	PROPN	osier
finalise	VERB	finalisés
keeler	NOUN	keeler
discreet	VERB	discret
takeo	PROPN	takeo
hoyle	PROPN	hoyle
loveless	VERB	loveless
errant	NOUN	errant
glaser	PROPN	glaser
gabor	NOUN	gabor
cranberry	PROPN	canneberges
mutton	PROPN	mouton
meticulously	ADV	minutieusement
depp	PROPN	depp
rizzoli	VERB	rizzoli
frail	VERB	fragile
biometric	ADJ	biométrique
palo	NOUN	palo
zwei	NOUN	zwei
mamma	PROPN	mamma
pavlov	VERB	pavlov
starkey	NOUN	starkey
pda	VERB	pda
coexistence	NOUN	cohabitation
dass	NOUN	dass
gamboa	PROPN	gamboa
slaughterhouse	VERB	abattoir
sheraton	PROPN	sheraton
dissuade	VERB	dissuader
tattooed	VERB	tatoué
scaffold	NOUN	échafaud
exxon	PROPN	exxon
fanciful	ADJ	fantaisiste
stretcher	ADV	civière
steadfast	ADJ	inébranlable
spicer	NOUN	spicer
thirsty	ADJ	assoiffé
margery	NOUN	margery
zoey	PROPN	zoey
adaptable	ADJ	adaptabilité
pedophile	NOUN	pédophile
fiske	PROPN	fiske
ivanhoe	ADJ	ivanhoé
mummy	NOUN	momies
loco	NOUN	loco
girdle	NOUN	gaine
payback	NOUN	revanche
hundredth	ADJ	centième
nella	PROPN	nella
corrosive	ADJ	corrosives
lorena	PROPN	lorena
precipitate	VERB	précipité
geyser	PROPN	geyser
suraj	ADJ	suraj
cornea	NOUN	cornée
golem	NOUN	golem
seagull	VERB	mouettes
steppe	NOUN	steppe
demille	PROPN	demille
adama	PROPN	adama
farber	NOUN	farber
joakim	PROPN	joakim
sek	VERB	sek
lennie	PROPN	lennie
taunt	VERB	narguer
wexler	NOUN	wexler
slocum	NOUN	slocum
gonzo	NOUN	gonzo
vengeful	ADJ	vengeur
etta	PROPN	etta
purvis	PUNCT	purvis
fukuda	NOUN	fukuda
hairdresser	VERB	coiffeur
methamphetamine	NOUN	méthamphétamine
wraith	VERB	wraith
duel	NOUN	duel
stagnant	ADJ	stagne
corroborate	VERB	corroboré
huai	PROPN	huai
court	VERB	courtiser
coerce	VERB	forcé
ewe	PROPN	brebis
akiko	PROPN	akiko
communicator	NOUN	communicateur
bittersweet	VERB	amer
ieyasu	PROPN	ieyasu
dryer	PROPN	séchoir
woodley	NOUN	woodley
twitch	VERB	twitch
darpa	PROPN	darpa
remi	PROPN	rémi
tiago	NOUN	tiago
gosle	VERB	gosle
ettore	NOUN	ettore
noriega	PROPN	noriega
nance	NOUN	nance
sauron	NOUN	sauron
sweetwater	NOUN	sweetwater
ronin	PROPN	ronin
puncture	PROPN	ponction
verity	NOUN	verity
malin	PROPN	malin
glue	VERB	collées
agnieszka	PROPN	agnieszka
opry	PUNCT	opry
lillie	NOUN	lillie
godmother	NOUN	marraine
madoff	NOUN	madoff
fema	PROPN	fema
sharkey	NOUN	sharkey
annabel	PROPN	annabelle
disgrace	VERB	déshonoré
beset	VERB	assaillent
gooch	NOUN	gooch
gilgamesh	VERB	gilgamesh
impostor	NOUN	imposteur
enquirer	NOUN	enquirer
layne	PROPN	layne
brinkley	PROPN	brinkley
tiresome	VERB	fatiguant
yer	NOUN	yer
symptomatic	ADJ	symptomatique
reimbursement	NOUN	remboursement
fecal	ADJ	fécale
flake	VERB	flocon
corwin	PROPN	corwin
boko	NOUN	boko
fiance	NOUN	fiancé
tabloid	NOUN	tabloïds
farrow	NOUN	farrow
circle	VERB	encerclé
schafer	NOUN	schafer
priceless	ADJ	inestimable
gant	NOUN	gant
abnormally	ADV	anormalement
headgear	VERB	coiffures
rakesh	NOUN	rakesh
haircut	VERB	coupe
puerta	PROPN	puerta
hellman	NOUN	hellman
cuatro	NOUN	cuatro
hiss	VERB	sifflement
studebaker	NOUN	studebaker
slag	ADV	laitier
seeley	NOUN	seeley
dah	PROPN	dah
volkov	NOUN	volkov
bayside	ADV	bayside
purdy	VERB	purdy
ginny	PROPN	ginny
paw	NOUN	pattes
convene	NOUN	convoque
inez	NOUN	inez
trudy	VERB	trudy
hippodrome	NOUN	hippodrome
intrigue	NOUN	intrigue
luster	NOUN	lustre
crozier	NOUN	crozier
yann	PROPN	yann
infarction	NOUN	infarctus
nakano	NOUN	nakano
agora	PROPN	agora
midori	NOUN	midori
steed	VERB	steed
roundup	ADJ	roundup
impunity	NOUN	impunité
peder	NOUN	peder
mcclintock	NOUN	mcclintock
xenia	PROPN	xenia
jonathon	PROPN	jonathon
ominous	ADJ	sinistre
apu	PROPN	apu
nsc	PROPN	cns
helmand	PROPN	helmand
starscream	VERB	starscream
tenderness	NOUN	tendresse
infertility	NOUN	stérilité
perilous	ADJ	périlleuse
aurelio	NOUN	aurelio
chirac	NOUN	chirac
shre	VERB	once
yama	NOUN	yama
antagonism	NOUN	antagonisme
cog	NOUN	rouage
daunt	VERB	redoutables
misha	PROPN	misha
pirelli	PROPN	pirelli
navel	NOUN	nombril
kilimanjaro	NOUN	kilimandjaro
taggart	NOUN	taggart
macintyre	PROPN	macintyre
herpe	NOUN	herpès
hack	NOUN	hack
shatter	NOUN	briser
rehearse	VERB	répété
simi	PROPN	simi
rafferty	NOUN	rafferty
fleck	VERB	fleck
grasshopper	NOUN	sauterelles
hobo	NOUN	clochard
yoshino	NOUN	yoshino
desertion	NOUN	désertion
barricade	NOUN	barricade
motta	PROPN	motta
oren	NOUN	oren
confine	NOUN	confiner
bettina	PROPN	bettina
glock	VERB	glock
disarm	NOUN	désarmer
scrape	VERB	gratter
camper	PROPN	caravane
septic	ADJ	septique
gloomy	ADJ	lugubre
pluck	VERB	cueilli
eda	PROPN	eda
kinsella	NOUN	kinsella
beak	NOUN	becs
crossbow	NOUN	arbalète
intestine	NOUN	intestin
briar	ADJ	briar
typhus	PROPN	typhus
lassie	PROPN	lassie
roommate	NOUN	colocs
gandalf	VERB	gandalf
scheme	VERB	comploter
falcone	NOUN	falcone
fearsome	ADJ	redoutable
exorcist	NOUN	exorciste
vero	PROPN	vero
ahmadi	PROPN	ahmadi
yannick	PROPN	yannick
ashworth	NOUN	ashworth
danver	NOUN	danver
todo	VERB	todo
mang	PROPN	mang
kilmer	PROPN	kilmer
harker	NOUN	harker
mukesh	ADJ	mukesh
charly	ADV	charly
joyner	NOUN	joyner
bengt	NOUN	bengt
catacomb	NOUN	catacombes
foyle	PROPN	foyle
ninjas	PROPN	ninjas
emiliano	NOUN	emiliano
aerosol	VERB	aérosol
scarab	NOUN	scarabée
opposite	NOUN	contraires
killian	PROPN	killian
buzzer	NOUN	buzzer
wayward	ADJ	wayward
pippin	NOUN	pippin
pacemaker	NOUN	stimulateur
neanderthal	NOUN	neandertal
firehouse	NOUN	caserne
wetter	NOUN	wetter
sprout	PROPN	sprout
laminate	VERB	feuilleté
grunt	VERB	grognement
neely	ADV	neely
ender	PROPN	ender
peacemaker	NOUN	pacificateur
shard	NOUN	éclats
aberration	NOUN	aberrations
disarray	NOUN	désarroi
kayla	NOUN	kayla
valerio	PROPN	valerio
quiero	NOUN	quiero
cherry	NOUN	cerises
yucca	VERB	yucca
eloquence	NOUN	éloquence
parley	PROPN	pourparlers
parachute	NOUN	parachute
amputate	VERB	amputé
francisca	PROPN	francisca
arn	VERB	arn
kaori	NOUN	kaori
geordie	NOUN	geordie
sisterhood	NOUN	sororité
hideki	PROPN	hideki
giselle	PROPN	giselle
meeker	NOUN	meeker
understudy	NOUN	doublure
congresswoman	NOUN	députée
saleem	PROPN	saleem
impeccable	ADJ	irréprochable
joy	VERB	joies
mitzvah	PROPN	mitzvah
seductive	VERB	séduisant
jingle	NOUN	jingle
toda	PROPN	toda
anselmo	NOUN	anselmo
carruther	NOUN	carruther
gallop	PROPN	galop
lido	VERB	lido
fridge	VERB	frigidaire
psychoanalyst	NOUN	psychanalyste
sook	NOUN	sook
microfilm	NOUN	microfilm
pulsar	PROPN	pulsar
angelus	PROPN	angelus
dupree	VERB	dupree
coexist	VERB	coexister
sinbad	NOUN	sinbad
pessimistic	NOUN	pessimisme
lubrication	NOUN	lubrification
drei	NOUN	drei
alessandra	NOUN	alessandra
aoyama	NOUN	aoyama
coachella	PROPN	coachella
quinton	PROPN	quinton
inexplicably	ADV	inexplicablement
contraceptive	NOUN	contraceptifs
petal	ADJ	pétale
talia	NOUN	talia
rasheed	VERB	rasheed
crassus	PROPN	crassus
teodoro	NOUN	teodoro
cusp	PROPN	orée
kerouac	NOUN	kerouac
fiancee	NOUN	fiancée
strom	PROPN	strom
flatter	VERB	flatte
tunic	NOUN	tunique
alle	VERB	alle
epicenter	NOUN	épicentre
manet	NOUN	manet
egbert	PROPN	egbert
jabbar	PROPN	jabbar
disembark	VERB	débarqué
ugh	NOUN	beurk
rina	NOUN	rina
rationally	ADV	rationnellement
hoof	ADJ	sabot
mistresse	VERB	maîtresses
authenticate	VERB	authentifier
evangeline	NOUN	evangeline
moonshine	PROPN	moonshine
hikari	PROPN	hikari
morehouse	VERB	morehouse
sheba	PROPN	sheba
zeng	PROPN	zeng
tatyana	PROPN	tatiana
overheat	VERB	surchauffe
dreyer	PROPN	dreyer
trickster	NOUN	trickster
invest	NOUN	investit
armadillo	INTJ	tatou
barter	NOUN	troc
kath	PROPN	kath
gander	NOUN	gander
glenda	PROPN	glenda
astrophysicist	NOUN	astrophysicien
unsustainable	ADJ	insoutenable
koto	PROPN	koto
nimbus	PROPN	nimbus
scaffold	VERB	échafaudage
dennison	PROPN	dennison
unparalleled	ADJ	incomparable
megumi	NOUN	megumi
zafar	ADV	zafar
mad	NOUN	mad
yeong	NOUN	yeong
hangman	PROPN	bourreau
vibrate	VERB	vibrer
alisa	PROPN	alisa
asante	NOUN	asante
cockney	NOUN	cockney
biarritz	PROPN	biarritz
technicality	NOUN	technicité
unruly	ADJ	indisciplinés
tabitha	PROPN	tabitha
bedside	NOUN	chevet
termite	VERB	termites
glare	NOUN	éblouissement
parsley	NOUN	persil
tugboat	VERB	remorqueur
meryl	NOUN	meryl
whit	NOUN	whit
drab	NOUN	terne
dior	NOUN	dior
chiara	X	chiara
tricia	PROPN	tricia
nostril	NOUN	narines
balan	NOUN	balan
caper	NOUN	câpres
hyena	NOUN	hyène
hibernation	NOUN	hibernation
amazonian	PROPN	amazonie
pylon	NOUN	pylônes
astute	VERB	astucieux
spoon	NOUN	cuillères
powerpoint	NOUN	powerpoint
flavour	VERB	aromatisés
krakow	PROPN	cracovie
stinger	PROPN	dard
blackadder	NOUN	blackadder
maddy	ADJ	maddy
homeopathic	ADJ	homéopathiques
yelena	INTJ	elena
farragut	NOUN	farragut
gipsy	PROPN	tsigane
wishbone	NOUN	wishbone
babbitt	PROPN	babbitt
thrombosis	NOUN	thrombose
stallone	VERB	stallone
crayfish	VERB	écrevisses
siobhan	NOUN	siobhan
vixen	NOUN	vixen
dressing	NOUN	pansements
tut	ADJ	tut
milo	NOUN	milo
darrow	NOUN	darrow
savage	NOUN	sauvages
claudette	NOUN	claudette
deathly	ADV	mortellement
yakov	VERB	yakov
perverse	VERB	pervers
cocteau	NOUN	cocteau
elixir	NOUN	élixir
steffen	VERB	steffen
cana	PROPN	cana
penicillin	NOUN	pénicilline
niu	ADV	niu
binge	NOUN	frénésie
lukewarm	VERB	tiède
gagnon	NOUN	gagnon
agamemnon	NOUN	agamemnon
vittoria	PROPN	vittoria
tint	NOUN	teinte
telethon	NOUN	téléthon
yash	NOUN	yash
motorbike	PROPN	motocyclette
derange	VERB	dérangée
refrigerate	VERB	réfrigérés
frantz	NOUN	frantz
inquisitor	NOUN	inquisiteur
pickle	VERB	marinés
corrado	PROPN	corrado
ventricle	NOUN	ventricule
pari	PROPN	pari
coughlin	PROPN	coughlin
yoshi	PROPN	yoshi
lumbar	PROPN	lombaires
crippling	ADJ	paralysant
fellini	NOUN	fellini
dazzle	VERB	éblouissante
disintereste	VERB	désintéressée
ako	PROPN	ako
flagg	NOUN	flagg
finchley	NOUN	finchley
crib	PROPN	berceau
pero	NOUN	pero
coupon	NOUN	coupons
cluny	PROPN	cluny
hus	PROPN	hus
alina	NOUN	alina
woe	NOUN	malheurs
handout	NOUN	aumône
polanski	ADV	polanski
flask	PROPN	flasque
belli	PROPN	belli
coogan	VERB	coogan
roan	PROPN	roan
sanctity	NOUN	sainteté
caravan	NOUN	caravanes
scavenger	PROPN	charognard
boson	PROPN	boson
mackerel	NOUN	maquereau
ishida	PROPN	ishida
unscrupulous	ADJ	scrupules
kravitz	PROPN	kravitz
bodhisattva	PROPN	bodhisattva
tosh	ADV	tosh
hajime	NOUN	hajime
prendergast	NOUN	prendergast
coworker	NOUN	collaborateurs
cochise	NOUN	cochise
judi	PROPN	judi
prodigal	ADJ	prodigue
kanda	PROPN	kanda
meth	PROPN	méthamphétamine
orcs	PROPN	orques
tofu	PROPN	tofu
innuendo	NOUN	insinuations
veneer	VERB	placage
montezuma	PROPN	montezuma
skoda	NOUN	skoda
georgiana	PROPN	georgiana
carefree	NOUN	insouciante
pensioner	NOUN	retraités
lyre	PROPN	lyre
roebuck	NOUN	roebuck
discreetly	ADV	discrètement
vagabond	NOUN	vagabond
montauk	ADJ	montauk
giovanna	PROPN	giovanna
orbison	PROPN	orbison
carnivore	NOUN	carnivore
tru	NOUN	tru
placenta	PROPN	placenta
dingo	PROPN	dingo
tarmac	PROPN	tarmac
chardonnay	NOUN	chardonnay
huckleberry	PROPN	huckleberry
descendent	NOUN	descendant
drug	VERB	drogué
sharpen	VERB	aiguisé
kaleidoscope	VERB	kaléidoscope
impulsive	ADJ	impulsif
kailash	PROPN	kailash
barracuda	ADJ	barracuda
jamil	PROPN	jamil
windermere	ADV	windermere
hellfire	PROPN	hellfire
crenshaw	NOUN	crenshaw
feeney	NOUN	feeney
manna	NOUN	manne
uso	NOUN	uso
rim	NOUN	jantes
deville	PROPN	deville
tetra	NOUN	tetra
mustache	NOUN	moustache
uncontrollable	ADJ	incontrôlable
santosh	ADJ	santosh
teak	VERB	teck
sieve	ADV	tamis
dvorak	PROPN	dvorak
spinach	NOUN	épinards
phuket	NOUN	phuket
spiral	NOUN	spirales
ge	VERB	ge
gogo	X	gogo
yasmin	VERB	yasmine
chit	NOUN	chit
saloon	NOUN	saloon
ner	PROPN	ner
gaynor	NOUN	gaynor
naoki	PROPN	naoki
seu	NOUN	seu
trespass	VERB	intrusions
peppermint	NOUN	menthe
rimmer	PROPN	rimmer
consummate	VERB	consommé
machete	NOUN	machette
tinsley	NOUN	tinsley
brainiac	NOUN	brainiac
dartmoor	NOUN	dartmoor
nugget	VERB	pépite
unbreakable	ADJ	indestructible
alfalfa	NOUN	luzerne
bystander	NOUN	passants
modestly	ADV	modestement
toki	NOUN	toki
jochen	PROPN	jochen
madigan	VERB	madigan
telemetry	NOUN	télémétrie
macao	PROPN	macao
bagpipe	NOUN	cornemuse
alejandra	PROPN	alejandra
aku	NOUN	aku
mishima	PROPN	mishima
snub	PROPN	retroussé
claudine	NOUN	claudine
calico	PROPN	calico
caustic	ADJ	caustique
burnout	NOUN	burnout
kazuya	PROPN	kazuya
junkie	PROPN	junkie
shaker	NOUN	shaker
yuji	PROPN	yuji
mainware	VERB	mainware
beretta	PROPN	beretta
intolerable	ADJ	intolérable
kenshin	NOUN	kenshin
cleanliness	NOUN	propreté
dispense	VERB	dispenser
boney	NOUN	boney
hasegawa	PROPN	hasegawa
theron	PROPN	theron
bogota	PROPN	bogota
emmanuelle	NOUN	emmanuelle
disorderly	ADV	désordonnée
tiller	NOUN	tiller
lurk	VERB	rôder
minna	PROPN	minna
origami	PROPN	origami
cyndi	VERB	cyndi
sono	NOUN	sono
kagawa	PROPN	kagawa
baudelaire	VERB	baudelaire
forfeiture	NOUN	confiscation
informant	NOUN	informateurs
callie	PROPN	callie
terrance	NOUN	terrance
sparkle	PROPN	étincelle
chaka	PROPN	chaka
formaldehyde	NOUN	formaldéhyde
bannerman	NOUN	bannerman
subtract	VERB	soustraction
snoopy	VERB	snoopy
commendable	ADJ	méritoire
whoop	NOUN	oups
longstreet	ADJ	longstreet
marwan	PROPN	marwan
tomo	NOUN	tomo
serfs	PROPN	serfs
gilda	NOUN	gilda
royston	PROPN	royston
kareem	ADV	kareem
spitz	VERB	spitz
kui	PROPN	kui
grumpy	ADJ	grognon
bernhardt	NOUN	bernhardt
lesse	VERB	lesse
cryogenic	ADJ	cryogéniques
catheter	VERB	cathéter
smog	NOUN	smog
stagg	PROPN	stagg
mungo	PROPN	mungo
zan	PROPN	zan
tarantula	NOUN	tarentule
ssi	PROPN	ssi
pit	VERB	piqûres
warfield	NOUN	warfield
jacqui	NOUN	jacqui
yalta	NOUN	yalta
staine	NOUN	staine
pantry	NOUN	cellier
bodine	PROPN	bodine
cherie	PROPN	cherie
atmosphere	VERB	atmosphères
ozzie	NOUN	ozzie
springtime	NOUN	printemps
elitist	NOUN	élitiste
maw	NOUN	maw
adela	PROPN	adela
devo	NOUN	devo
porridge	NOUN	porridge
geeta	NOUN	geeta
wellman	NOUN	wellman
mam	NOUN	mam
greenleaf	NOUN	greenleaf
brava	PROPN	brava
tasha	PROPN	tasha
impasse	PROPN	impasse
petrovich	VERB	petrovich
kendo	PROPN	kendo
ano	PROPN	ano
justo	PROPN	justo
stoic	ADJ	stoïque
marianna	PROPN	marianna
cathcart	VERB	cathcart
scum	PROPN	ordure
obstruct	VERB	entravé
blakely	ADV	blakely
flack	NOUN	flack
circulatory	ADJ	circulatoire
litt	VERB	litt
coomb	NOUN	coomb
ze	VERB	ze
bento	PROPN	bento
audacity	NOUN	audace
larue	ADJ	larue
menace	VERB	menaçante
shirin	VERB	shirin
cvs	PROPN	cvs
chitty	ADV	chitty
elbow	VERB	coudes
hyo	PROPN	hyo
mim	PROPN	mim
iridium	NOUN	iridium
desolation	NOUN	désolation
tamura	NOUN	tamura
vive	NOUN	vive
frisbee	PROPN	frisbee
dagmar	PROPN	dagmar
epoxy	NOUN	époxy
yume	PROPN	yume
clouded	ADJ	obscurci
spaniel	PROPN	épagneul
kaspar	NOUN	kaspar
fiore	NOUN	fiore
hospitalization	NOUN	hospitalisation
bonny	PROPN	bonny
yukio	NOUN	yukio
foal	NOUN	poulain
barricade	VERB	barricade
yiu	PROPN	yiu
veena	NOUN	veena
reread	NOUN	relire
applaud	PROPN	applaudis
eff	PROPN	fep
cagney	NOUN	cagney
anorexia	PROPN	anorexie
biscayne	PROPN	biscayne
bouncer	VERB	videur
gagarin	NOUN	gagarine
rejoice	VERB	réjouir
hunchback	NOUN	bossu
ease	VERB	assouplissement
runaway	NOUN	fugitifs
marika	PROPN	marika
bruise	VERB	meurtri
scanlon	NOUN	scanlon
adjourn	VERB	ajourné
gato	NOUN	gato
muncie	ADJ	muncie
masato	PROPN	masato
chrissie	NOUN	chrissie
prolong	PROPN	prolonger
maryam	NOUN	maryam
arnie	PROPN	arnie
xiong	PROPN	xiong
disassemble	VERB	démonté
rekha	PROPN	rekha
gabi	NOUN	gabi
dimaggio	NOUN	dimaggio
bleacher	NOUN	gradins
banishment	NOUN	bannissement
kiyoshi	PROPN	kiyoshi
earhart	VERB	earhart
bugatti	PROPN	bugatti
kondo	PROPN	kondo
peril	VERB	périls
suede	VERB	daim
cargill	PROPN	cargill
jee	PROPN	jee
boden	ADJ	boden
tenacity	NOUN	ténacité
reenactment	NOUN	reconstitution
complainant	VERB	requérant
martian	NOUN	martiens
bastian	PROPN	bastian
rambler	NOUN	rambler
endicott	PROPN	endicott
silverware	VERB	argenterie
waylon	NOUN	waylon
neurosurgery	NOUN	neurochirurgie
chae	NOUN	chae
symbiosis	NOUN	symbiose
seon	PROPN	seon
spat	VERB	craché
seraphim	PROPN	seraphim
grime	ADV	crasse
acrobat	NOUN	acrobate
chalet	ADJ	chalet
moretti	PROPN	moretti
ocd	PROPN	toc
hani	NOUN	hani
unreadable	ADJ	illisible
notte	VERB	notte
perpetuity	NOUN	perpétuité
exorcism	NOUN	exorcisme
imelda	VERB	imelda
assailant	VERB	assaillants
colley	PROPN	colley
sub	NOUN	remplaçants
beulah	VERB	beulah
chisel	NOUN	burin
carton	PROPN	carton
laguardia	NOUN	laguardia
spyware	NOUN	spyware
noxious	ADJ	nocive
ayrton	PROPN	ayrton
chancellery	NOUN	chancellerie
petrify	VERB	pétrifié
mundy	VERB	mundy
freund	NOUN	freund
deanna	PROPN	deanna
latour	VERB	latour
rona	NOUN	rona
kilo	PROPN	kilo
sleigh	PROPN	traîneau
foxy	VERB	foxy
puddle	NOUN	flaque
haskin	NOUN	haskin
cheat	NOUN	triche
voorhee	NOUN	voorhee
levon	PROPN	levon
dram	VERB	dram
rosebud	NOUN	rosebud
cautiously	ADV	prudemment
fishy	ADJ	louche
miyuki	NOUN	miyuki
bravely	ADV	courageusement
torch	VERB	torch
yana	PROPN	yana
glade	VERB	clairière
carmela	PROPN	carmela
hammett	PROPN	hammett
credo	NOUN	credo
kelp	NOUN	varech
leyden	VERB	leyden
mower	NOUN	faucheuse
unchecked	ADJ	incontrôlée
ite	PROPN	ite
pho	PUNCT	pho
hateful	ADJ	haineux
eisenstein	PROPN	eisenstein
kamala	PROPN	kamala
condo	VERB	copropriété
octavio	PROPN	octavio
marple	NOUN	marple
sandal	NOUN	sandales
brodsky	PROPN	brodsky
withdrawal	NOUN	retraits
hollister	NOUN	hollister
vigilante	NOUN	justiciers
galvin	NOUN	galvin
bla	NOUN	bla
irfan	PROPN	irfan
olde	PROPN	olde
bbq	NOUN	barbecue
stiller	ADV	stiller
earring	NOUN	boucles
timmin	NOUN	timmin
stink	VERB	puanteur
asexual	ADJ	asexuée
toru	PROPN	toru
instructive	ADJ	instructif
unchallenged	ADJ	incontesté
cristobal	PROPN	cristobal
lacroix	PROPN	lacroix
boynton	PROPN	boynton
koran	PROPN	coran
deviant	PROPN	déviant
admissible	ADJ	recevables
hourglass	VERB	sablier
pusan	PROPN	pusan
kure	NOUN	kure
lundgren	PROPN	lundgren
pappa	NOUN	pappa
nuy	NOUN	nuy
wormhole	NOUN	vortex
revel	NOUN	revel
cracow	NOUN	cracovie
plush	VERB	peluche
jinx	NOUN	poisse
aiden	ADV	aiden
annabelle	ADV	annabelle
dysentery	NOUN	dysenterie
mortal	NOUN	mortels
whiteside	NOUN	whiteside
bunyan	PROPN	bunyan
observant	ADJ	observatrice
trill	NOUN	trill
pra	PROPN	pra
salinger	PROPN	salinger
linde	ADJ	linde
incision	NOUN	incision
gauls	ADJ	gaulois
octavius	NOUN	octavius
kerrigan	PROPN	kerrigan
rumsfeld	PROPN	rumsfeld
panic	VERB	paniqué
garvin	PROPN	garvin
fret	VERB	frette
respite	NOUN	répit
janie	PROPN	janie
sark	NOUN	sark
armchair	NOUN	fauteuil
asshole	PROPN	connard
bradfield	PROPN	bradfield
baek	NOUN	baek
leviticus	PROPN	lévitique
machination	NOUN	machination
antimatter	NOUN	antimatière
viv	NOUN	viv
melba	PROPN	melba
simba	ADJ	simba
ogawa	VERB	ogawa
haverford	NOUN	haverford
disengage	VERB	désengager
maclaren	PROPN	maclaren
choke	VERB	étouffement
reston	NOUN	reston
meine	NOUN	meine
hollander	NOUN	hollander
krista	PROPN	krista
iman	NOUN	iman
transcendent	NOUN	transcendant
macdougall	NOUN	macdougall
zohar	NOUN	zohar
invade	NOUN	envahit
carnation	NOUN	œillet
vial	NOUN	fiole
swenson	NOUN	swenson
thad	PROPN	thad
herbivore	VERB	herbivore
semple	ADJ	semple
hajji	PROPN	hadji
mullet	NOUN	mulet
eso	NOUN	eso
taran	NOUN	taran
throwback	ADV	retour
more	NOUN	mœurs
whack	VERB	buter
lull	VERB	accalmie
hildegard	PROPN	hildegard
dagger	NOUN	poignards
lighten	VERB	alléger
proust	ADV	proust
superstitious	ADJ	superstitieux
indentation	NOUN	indentation
amaya	PROPN	amaya
takao	NOUN	takao
nurture	VERB	entretenue
kuroda	PROPN	kuroda
jog	VERB	jog
akshay	PROPN	akshay
sodom	PROPN	sodome
nutmeg	NOUN	muscade
boe	VERB	boe
guano	PROPN	guano
hologram	VERB	hologramme
crusoe	PROPN	crusoe
illuminati	PROPN	illuminati
ludovic	VERB	ludovic
wrangler	NOUN	wrangler
figurine	ADJ	figurine
negotiable	ADJ	négociable
yeti	NOUN	yéti
sauna	PROPN	saunas
cic	PROPN	cic
fryer	NOUN	fryer
retaliate	VERB	riposter
mccauley	NOUN	mccauley
bullard	NOUN	bullard
cordell	PROPN	cordell
macneil	NOUN	macneil
diner	NOUN	diner
decompose	VERB	décomposé
siddharth	VERB	siddharth
cockroach	NOUN	cafards
pretentious	ADJ	prétentieuse
swordfish	PROPN	espadon
poco	NOUN	poco
koda	PROPN	koda
sbk	PROPN	sbk
shove	VERB	fourrer
priyanka	PROPN	priyanka
crain	NOUN	crain
daedalus	X	dédale
aly	X	aly
hightower	NOUN	hightower
incarnate	VERB	incarner
masaki	NOUN	masaki
prospero	NOUN	prospero
perpetually	ADV	perpétuellement
huw	NOUN	huw
capitan	PROPN	capitan
thackeray	ADJ	thackeray
starbuck	NOUN	starbuck
janne	PROPN	janne
asparagus	VERB	asperge
babyface	NOUN	babyface
channel	VERB	canalisé
fang	NOUN	crocs
sacristy	ADJ	sacristie
fanatical	ADJ	fanatique
manolo	ADJ	manolo
bolo	PROPN	bolo
lasso	NOUN	lasso
applegate	VERB	applegate
candlelight	NOUN	chandelles
braden	ADJ	braden
miri	VERB	miri
cypher	PROPN	cypher
cece	PROPN	cece
insistent	ADJ	insistant
southall	VERB	southall
thruster	NOUN	propulseurs
sense	VERB	senti
dipper	NOUN	ourse
marg	PROPN	marg
weevil	NOUN	weevil
gsa	PROPN	gsa
vesta	PROPN	vesta
groovy	NOUN	groovy
stasis	NOUN	stase
turkey	NOUN	dindons
dreamer	NOUN	rêveurs
armani	ADJ	armani
mommy	NOUN	maman
donut	NOUN	beignets
dcs	ADV	dcs
uneducated	ADJ	inculte
anatole	NOUN	anatole
sancti	VERB	sancti
nipple	NOUN	mamelon
sou	VERB	sou
ferrous	ADJ	ferreux
banshee	NOUN	banshee
koizumi	PROPN	koizumi
manhood	NOUN	virilité
eminently	ADV	éminemment
linder	PROPN	linder
beaker	NOUN	bécher
splice	NOUN	raccord
kanazawa	PROPN	kanazawa
rickard	NOUN	rickard
buckwheat	ADJ	sarrasin
gourd	PROPN	gourde
fluctuate	VERB	fluctue
broccoli	NOUN	brocoli
millicent	NOUN	millicent
kampf	NOUN	kampf
saddle	NOUN	selles
moderate	NOUN	modérés
triangulation	NOUN	triangulation
auntie	NOUN	tatie
checkmate	VERB	echec
whisker	NOUN	moustaches
transcend	VERB	transcendent
admittance	NOUN	admission
fawke	NOUN	fawke
promos	PROPN	promos
thang	PROPN	thang
fess	NOUN	fess
shona	ADJ	shona
oxnard	ADV	oxnard
tycho	NOUN	tycho
infraction	NOUN	infraction
budweiser	PROPN	budweiser
paulie	NOUN	paulie
quintessential	ADJ	quintessence
scorch	VERB	brûlée
redefine	NOUN	redéfinir
capote	VERB	capote
keri	PROPN	keri
comer	NOUN	comer
didi	PROPN	didi
sacco	NOUN	sacco
shred	VERB	râpé
ichikawa	PROPN	ichikawa
bigot	PROPN	sectaire
sienna	PROPN	sienne
renner	NOUN	renner
cady	ADJ	cady
kuk	VERB	kuk
zora	PROPN	zora
seiji	VERB	seiji
assertive	ADJ	affirmée
cohort	NOUN	cohortes
adversity	NOUN	adversité
cacti	ADV	cactus
sti	NOUN	sti
zander	NOUN	zander
azusa	PROPN	azusa
kidnapping	NOUN	enlèvements
halford	NOUN	halford
astray	INTJ	égarés
neel	VERB	neel
chitra	X	chitra
saya	NOUN	saya
nuri	PROPN	nuri
ona	PROPN	ona
lita	PROPN	lita
aggie	NOUN	aggie
bobcat	ADJ	lynx
derail	NOUN	dérailler
memento	PROPN	souvenir
colosseum	NOUN	colisée
dissect	VERB	disséqué
julianne	PROPN	julianne
serrate	VERB	dentelée
kruse	PROPN	kruse
urchin	VERB	oursin
seuss	NOUN	seuss
promiscuous	ADJ	promiscuité
askew	PROPN	askew
laxmi	NOUN	laxmi
complexion	NOUN	teint
bev	PROPN	bev
yuko	PROPN	yuko
ziegfeld	PUNCT	ziegfeld
strang	PROPN	strang
acne	PROPN	acné
liege	NOUN	liège
tov	PROPN	tov
scorn	VERB	mépris
cartel	VERB	ententes
roseanne	PROPN	roseanne
gatorade	PROPN	gatorade
undeniably	ADV	indéniablement
dislocation	NOUN	dislocation
soften	VERB	adoucir
cybernetic	ADJ	cybernétique
ribbentrop	VERB	ribbentrop
alabaster	NOUN	albâtre
janko	PROPN	janko
nakagawa	PROPN	nakagawa
stun	NOUN	paralysant
bouvier	NOUN	bouvier
vivienne	PROPN	vivienne
yorker	NOUN	yorkais
cem	PROPN	cem
iceman	NOUN	iceman
paganini	PROPN	paganini
conchita	NOUN	conchita
youngblood	NOUN	youngblood
jal	PROPN	jal
fedor	NOUN	fedor
ido	PROPN	ido
nox	NOUN	nox
rinaldo	VERB	rinaldo
physiotherapy	NOUN	physiothérapie
reclusive	ADJ	reclus
harun	NOUN	harun
petitioner	NOUN	pétitionnaires
parasol	NOUN	ombrelle
rashad	VERB	rashad
baekje	NOUN	baekje
dandelion	NOUN	pissenlit
benji	X	benji
emp	NOUN	emp
drunkenness	NOUN	ivresse
hooke	NOUN	hooke
yamazaki	NOUN	yamazaki
unsung	PROPN	unsung
genji	PROPN	genji
buccaneer	VERB	boucanier
donut	ADV	beignet
unholy	ADJ	impie
rosita	PROPN	rosita
nikhil	PROPN	nikhil
lactose	VERB	lactose
sor	NOUN	sor
scented	VERB	parfumé
aggressor	PROPN	agresseur
molasse	VERB	mélasse
paradoxical	PROPN	paradoxale
sorrento	PROPN	sorrente
piranha	NOUN	piranha
pater	NOUN	pater
hypoxia	NOUN	hypoxie
oreste	VERB	oreste
xanadu	PROPN	xanadu
govind	VERB	govind
radek	PROPN	radek
shiner	NOUN	shiner
skylark	ADJ	skylark
mustapha	NOUN	mustapha
champa	NOUN	champa
orc	INTJ	orcs
trapp	NOUN	trapp
distasteful	ADJ	déplaisante
whirlpool	ADJ	tourbillon
sameer	ADJ	sameer
rumba	NOUN	rumba
bem	PROPN	bem
daze	VERB	étourdi
chlorophyll	NOUN	chlorophylle
tavern	NOUN	tavernes
nani	PROPN	nani
indignation	NOUN	indignation
bjorn	NOUN	bjorn
huygen	VERB	huygen
croquet	VERB	croquet
cutie	NOUN	mignonne
prodigious	ADJ	prodigieuse
patchwork	NOUN	patchwork
ozawa	PROPN	ozawa
willful	ADJ	obstinée
delinquency	NOUN	délinquance
prioritize	VERB	privilégier
draconian	ADJ	draconienne
intolerant	ADJ	intolérants
knud	VERB	knud
aorta	PROPN	aorte
ravana	PROPN	ravana
jaco	PROPN	jaco
fredrick	VERB	fredrick
finnegan	PROPN	finnegan
adeline	VERB	adeline
impersonal	ADJ	impersonnel
masa	PROPN	masa
dian	PROPN	dian
selene	NOUN	selene
amaro	NOUN	amaro
cinco	PROPN	cinco
wilmer	NOUN	wilmer
miho	VERB	miho
incessant	ADJ	incessante
zigzag	NOUN	zigzag
servo	VERB	asservissement
itch	VERB	prurit
keck	PROPN	keck
grievous	ADJ	grievous
chanda	PROPN	chanda
marquise	NOUN	marquise
freya	NOUN	freya
claro	NOUN	claro
scarface	NOUN	scarface
ichiro	PROPN	ichiro
despicable	ADJ	abject
bulldozer	NOUN	bulldozer
humpback	NOUN	bossu
thermometer	NOUN	thermomètre
aslam	VERB	aslam
schopenhauer	VERB	schopenhauer
miliband	VERB	miliband
bridle	PROPN	bride
extravaganza	NOUN	extravaganza
propriety	NOUN	bienséance
ife	NOUN	ife
beep	PROPN	bip
speck	VERB	speck
aileen	NUM	aileen
gehrig	NOUN	gehrig
suman	NOUN	suman
vindictive	ADJ	rancunier
catwoman	NOUN	catwoman
gor	VERB	gor
bada	PROPN	bada
ganja	NOUN	ganja
incriminate	VERB	compromettant
pubic	ADJ	pubienne
avert	VERB	évitée
deserter	NOUN	déserteurs
huck	PROPN	huck
rudeness	NOUN	grossièreté
hansson	PROPN	hansson
indestructible	ADJ	indestructible
caregiver	NOUN	soignant
abra	VERB	abra
masala	NOUN	masala
miz	PROPN	miz
byung	PROPN	byung
berta	PROPN	berta
chat	NOUN	discussions
quayle	NOUN	quayle
goblet	VERB	gobelet
alo	NOUN	alo
mms	NOUN	mms
psychopathic	PROPN	psychopathe
occipital	NOUN	occipital
eller	NOUN	eller
travolta	NOUN	travolta
warrick	PROPN	warrick
ketchup	NOUN	ketchup
defuse	VERB	désamorcer
laziness	INTJ	paresse
midge	NOUN	midge
flagrant	NOUN	flagrants
altruism	NOUN	altruiste
patiently	ADV	patiemment
counterfeit	VERB	contrefaçons
conklin	PROPN	conklin
marcella	PROPN	marcella
christo	PROPN	christo
helge	NOUN	helge
mayweather	NUM	mayweather
haru	VERB	haru
tremor	NOUN	tremblement
miro	PROPN	miro
takagi	NOUN	takagi
krieg	PROPN	krieg
unbearable	ADJ	insoutenable
decadent	NOUN	décadent
kkk	NOUN	kkk
esophagus	ADJ	œsophage
aline	NOUN	aline
malpractice	NOUN	négligences
damnation	NOUN	damnation
pulley	PROPN	poulie
bristle	NOUN	soies
mayday	NOUN	sos
kono	PROPN	kono
apricot	PROPN	abricot
toyo	NOUN	toyo
eamonn	PROPN	eamonn
hamada	PROPN	hamada
thc	NOUN	thc
mccready	PROPN	mccready
indio	NOUN	indio
kristy	PROPN	kristy
dixit	NOUN	dixit
hypothetically	ADV	hypothétiquement
extinguish	PROPN	éteindre
dixieland	VERB	dixieland
mamoru	PROPN	mamoru
oscillate	VERB	oscillant
stopover	NOUN	escale
winkle	NOUN	winkle
salmonella	NOUN	salmonelles
conquistador	NOUN	conquistador
buchenwald	PROPN	buchenwald
succulent	NOUN	succulent
evasive	ADJ	évasif
compulsion	NOUN	contrainte
shiro	PROPN	shiro
morey	PROPN	morey
changer	NOUN	changeur
antiquate	VERB	archaïque
decorum	NOUN	décorum
gat	NOUN	gat
leonor	NOUN	leonor
covertly	ADV	secrètement
subvert	VERB	subvertir
hangout	VERB	repaire
badland	NOUN	badland
recluse	NOUN	reclus
suu	NOUN	suu
lennart	PROPN	lennart
anoint	VERB	oint
unintereste	VERB	inintéressant
huo	PROPN	huo
lode	NOUN	lode
ursus	NOUN	ursus
anja	VERB	anja
subtlety	NOUN	subtilité
flashlight	NOUN	torche
rafe	ADJ	rafe
drifter	PROPN	vagabond
kel	VERB	kel
josefa	PROPN	josefa
strode	PROPN	strode
simona	ADJ	simona
frosty	PROPN	frosty
repulse	NOUN	repulse
filipe	NOUN	filipe
petros	PROPN	petros
garber	VERB	garber
acker	NOUN	acker
woon	NOUN	woon
shaka	ADV	shaka
cob	NOUN	épi
prospectus	NOUN	prospectus
dread	VERB	redoutable
claes	NOUN	claes
wasteful	ADJ	gaspillage
streep	VERB	streep
gemstone	VERB	gemmes
shunt	VERB	dérivation
eamon	PROPN	eamon
geri	ADJ	geri
stanfield	PROPN	stanfield
exclusivity	NOUN	exclusivité
germ	VERB	germes
unforeseen	PROPN	imprévues
dick	NOUN	bites
yousef	VERB	yousef
bombard	PROPN	bombarder
atsushi	PROPN	atsushi
powerfully	ADV	puissamment
forcible	ADJ	forcé
unsolicite	VERB	spontanées
sparky	ADJ	sparky
tyrannical	ADJ	tyrannique
montparnasse	PROPN	montparnasse
stasi	NOUN	stasi
never	NOUN	never
narcissistic	ADJ	narcissique
hilde	NOUN	hilde
hollingsworth	VERB	hollingsworth
mariachi	PROPN	mariachi
dich	PROPN	dich
bernini	NOUN	bernini
dislocate	VERB	démis
facilitator	NOUN	facilitateur
taka	NOUN	taka
hiroki	PROPN	hiroki
selfless	ADJ	altruiste
demotion	NOUN	rétrogradation
marla	NOUN	marla
bonsai	PROPN	bonsaï
yeager	NOUN	yeager
shuster	NOUN	shuster
momentary	ADJ	momentanée
zipper	X	braguette
norad	PROPN	norad
wer	NOUN	wer
mastercard	PROPN	mastercard
jig	ADV	jig
divorce	VERB	divorcer
clot	NOUN	caillot
nacho	NOUN	nacho
esta	PROPN	esta
prius	NOUN	prius
preoccupation	NOUN	préoccupation
hino	NOUN	hino
crewman	NOUN	matelot
gab	VERB	gab
deprive	VERB	priver
steely	ADV	steely
femininity	NOUN	féminité
concubine	NOUN	concubine
gascoigne	NOUN	gascoigne
choe	NOUN	choe
crandall	NOUN	crandall
dex	NOUN	dex
boz	NOUN	boz
sabotage	VERB	saboté
llama	PROPN	lama
rudra	PROPN	rudra
cheong	NOUN	cheong
graff	NOUN	graff
tso	PROPN	tso
toth	NOUN	toth
cupboard	NOUN	armoire
gennaro	NOUN	gennaro
lavery	NOUN	lavery
quantico	PROPN	quantico
hock	NOUN	jarret
rabid	VERB	enragée
futility	NOUN	futilité
fishman	NOUN	fishman
randal	ADJ	randal
tartar	VERB	tartare
smurf	NOUN	schtroumpfs
salma	NOUN	salma
bothwell	NOUN	bothwell
shazam	VERB	shazam
jud	PROPN	jud
qiang	VERB	qiang
surgically	ADV	chirurgicalement
decadence	NOUN	décadence
conga	NOUN	conga
winehouse	VERB	winehouse
kee	NOUN	kee
ori	VERB	ori
lum	ADJ	lum
he	VERB	he
kasey	NOUN	kasey
cowardice	NOUN	lâcheté
periscope	NOUN	périscope
sneaker	NOUN	baskets
heckler	NOUN	heckler
dolph	ADJ	dolph
prat	PROPN	prat
tirelessly	ADV	inlassablement
hone	VERB	aiguisé
punk	VERB	voyous
breathtake	VERB	souffle
gorgon	PROPN	gorgone
spectacularly	ADV	spectaculairement
lucretia	NOUN	lucretia
fissure	NOUN	fissure
shifter	ADJ	métamorphe
carotid	PROPN	carotide
matsudaira	PROPN	matsudaira
sotto	NOUN	sotto
degas	PROPN	degas
ferraris	PROPN	ferraris
stalag	PROPN	stalag
downer	NOUN	downer
viagra	PROPN	viagra
deuterium	NOUN	deutérium
eternally	ADV	éternellement
brownie	PROPN	brownies
amina	PROPN	amina
tamer	ADV	tamer
invent	NOUN	invente
chandelier	NOUN	lustre
hyuk	NOUN	hyuk
chipmunk	PROPN	écureuil
zoot	NOUN	zot
koichi	PROPN	koichi
mattias	PROPN	mattias
itchy	ADJ	démange
arai	VERB	arai
extramarital	ADJ	extraconjugale
yuk	PROPN	yuk
prune	NOUN	pruneaux
oily	ADV	grasse
marrakesh	VERB	marrakech
becca	PROPN	becca
tupp	ADJ	tupp
irena	PROPN	irena
maksim	NOUN	maksim
arabella	NOUN	arabella
ballistic	NOUN	balistique
seiya	PROPN	seiya
overcome	NOUN	surmonte
intergalactic	ADJ	intergalactique
resound	VERB	retentissant
migraine	NOUN	migraines
grohl	NOUN	grohl
toughness	NOUN	ténacité
soot	NOUN	suie
brea	PROPN	brea
mami	PROPN	mami
irv	NOUN	irv
hippie	NOUN	hippie
unsatisfie	VERB	insatisfait
carne	VERB	carne
hillbilly	ADV	plouc
ula	PROPN	ula
hap	ADV	hap
maradona	PROPN	maradona
eloise	ADV	eloise
teapot	NOUN	théière
shard	VERB	éclat
adorn	VERB	ornent
haunt	NOUN	hante
honorably	ADV	honorablement
booking	NOUN	réservations
prescribing	NOUN	prescrire
escalator	NOUN	escalator
raine	NOUN	raine
kashi	PROPN	kashi
disinformation	NOUN	désinformation
shim	PROPN	shim
personify	VERB	personnifié
boot	VERB	démarré
dinar	PROPN	dinars
steadman	NOUN	steadman
legalize	NOUN	légaliser
gregson	PROPN	gregson
gam	NOUN	gam
hak	PROPN	hak
escher	ADV	escher
nika	NOUN	nika
lacquer	PROPN	laque
mestre	NOUN	mestre
smooth	VERB	lissage
yuka	ADJ	yuka
heffernan	PROPN	heffernan
rika	PROPN	rika
orlov	NOUN	orlov
recep	VERB	recep
crowder	NOUN	crowder
abe	VERB	abe
wook	NOUN	wook
tanja	NOUN	tanja
halstead	VERB	halstead
encephalitis	NOUN	encéphalite
exterminate	VERB	exterminer
raisin	NOUN	raisins
farsi	NOUN	farsi
krusty	NOUN	krusty
limitless	NOUN	illimitées
humbly	ADV	humblement
childlike	ADJ	enfantine
ponderosa	PROPN	ponderosa
beecham	PROPN	beecham
bulkhead	NOUN	cloison
preposterous	ADJ	grotesque
bulger	PROPN	bulger
charon	NOUN	charon
lingo	NOUN	jargon
monogamous	ADJ	monogamie
lora	PROPN	lora
leash	VERB	laisses
cot	NOUN	berceau
tyrell	VERB	tyrell
longo	PROPN	longo
thorny	ADJ	épineuse
escalante	VERB	escalante
trespassing	NOUN	intrusion
willa	NOUN	willa
condenser	PROPN	condensateur
corleone	ADJ	corleone
headset	NOUN	casque
diction	NOUN	diction
topaz	NOUN	topaz
moron	NOUN	abruti
tutti	PROPN	tutti
fallow	ADJ	jachère
shampoo	NOUN	shampoing
shimla	NOUN	shimla
oar	VERB	rame
regroup	PROPN	regrouper
rogan	PROPN	rogan
savant	NOUN	savant
keyhole	NOUN	serrure
hanger	PROPN	cintre
barbaric	ADJ	barbare
eleni	ADJ	eleni
beavis	PROPN	beavis
amedeo	NOUN	amedeo
recline	VERB	inclinables
corky	VERB	corky
amply	ADV	amplement
rawlin	NOUN	rawlin
splendour	NOUN	splendeur
schoolgirl	ADJ	écolière
abdicate	VERB	abdiquer
radiance	NOUN	éclat
rube	NOUN	rube
fogarty	NOUN	fogarty
impassable	ADJ	impraticables
dens	VERB	dens
plume	NOUN	plume
evaporate	VERB	évaporé
gretel	NOUN	gretel
impenetrable	ADJ	impénétrable
karloff	NOUN	karloff
inaction	NOUN	inaction
bicarbonate	VERB	bicarbonate
trask	PROPN	trask
eben	PROPN	eben
lackey	NOUN	larbin
hondo	PROPN	hondo
halal	NOUN	halal
greasy	NOUN	grasse
pauly	ADV	pauly
mischa	PROPN	mischa
feller	NOUN	feller
skim	VERB	écrémage
hazzard	NOUN	hazzard
skeet	VERB	skeet
ilona	VERB	ilona
chubby	PROPN	chubby
sinestro	PROPN	sinestro
devious	ADJ	sournois
langham	PROPN	langham
unconditionally	ADV	inconditionnelle
secrete	NOUN	sécrètent
well	VERB	well
camila	NOUN	camila
pancake	NOUN	crêpes
mattie	PROPN	mattie
toothpaste	NOUN	dentifrice
allenby	PROPN	allenby
impregnated	ADJ	imprégnés
arvind	NOUN	arvind
anesthetic	ADJ	anesthésique
plumb	NOUN	plumb
camaro	NOUN	camaro
bolero	NOUN	bolero
luk	PROPN	luk
fatale	NOUN	fatale
stavro	VERB	stavro
inexplicable	ADJ	inexplicable
outburst	NOUN	débordements
intermission	NOUN	entracte
paparazzi	NOUN	paparazzi
lass	NOUN	lass
blitzkrieg	NOUN	blitzkrieg
rebekah	PROPN	rebekah
lauri	NOUN	lauri
mannequin	PROPN	mannequin
nevin	NOUN	nevin
bana	PROPN	bana
trendy	ADJ	branchées
gto	NOUN	gto
ayesha	PROPN	ayesha
copacabana	VERB	copacabana
deadwood	NOUN	deadwood
melodramatic	ADJ	mélodramatique
bewitch	VERB	ensorcelé
mollie	NOUN	mollie
wilkerson	NOUN	wilkerson
birgit	VERB	birgit
starfire	NOUN	starfire
hydrochloric	PROPN	chlorhydrique
roslyn	PROPN	roslyn
hug	NOUN	câlins
ulla	NOUN	ulla
lassiter	ADV	lassiter
antidepressant	NOUN	antidépresseurs
darkseid	NOUN	darkseid
wolcott	PROPN	wolcott
slap	NOUN	gifle
milly	ADV	milly
unjustly	ADV	injustement
stratosphere	NOUN	stratosphère
peg	VERB	chevilles
gore	VERB	gore
pippa	NOUN	pippa
arora	ADV	arora
freudian	PROPN	freudien
nss	PROPN	nss
effendi	VERB	effendi
mullah	PROPN	mollah
nishimura	NOUN	nishimura
pomegranate	VERB	grenade
pompous	ADJ	pompeux
hutu	PROPN	hutus
rushmore	VERB	rushmore
comatose	NOUN	comateux
laszlo	ADJ	laszlo
gelatin	NOUN	gélatine
chilli	PROPN	piment
assange	VERB	assange
abou	PROPN	abou
gaeta	NOUN	gaeta
hatter	ADV	chapelier
matsuda	PROPN	matsuda
nude	NOUN	nus
krug	PROPN	krug
yon	VERB	yon
gout	PROPN	goutte
impound	VERB	confisqué
antisocial	ADJ	antisocial
lahiri	ADV	lahiri
slattery	NOUN	slattery
liqueur	PROPN	liqueurs
atticus	VERB	atticus
bally	ADV	bally
yay	NOUN	youpi
eichmann	PROPN	eichmann
five	NOUN	five
sweepstake	NOUN	loterie
gatsby	VERB	gatsby
vermillion	NOUN	vermillion
millington	PROPN	millington
juli	NOUN	juli
cleave	NOUN	cleave
edgardo	NOUN	edgardo
witten	VERB	witten
cleese	ADJ	cleese
emerald	NOUN	émeraudes
aurelia	PROPN	aurelia
repulsive	ADJ	répugnant
mulcahy	ADV	mulcahy
swagger	NOUN	swagger
binocular	VERB	jumelles
pillsbury	NOUN	pillsbury
mamie	NOUN	mamie
vel	NOUN	vel
cistern	PROPN	citerne
kell	PROPN	kell
handcuff	NOUN	menottes
wretche	VERB	misérable
upholstery	NOUN	rembourrage
undamaged	ADJ	intact
amrita	PROPN	amrita
synapsis	NOUN	synapsis
cleanly	ADV	proprement
flashpoint	NOUN	flashpoint
bullseye	NOUN	bullseye
mem	PROPN	mem
marmaduke	NOUN	marmaduke
blunder	VERB	bourde
blind	NOUN	rideaux
clary	ADJ	clary
cancerous	ADJ	cancéreux
yutaka	PROPN	yutaka
backup	NOUN	sauvegardes
clave	VERB	clave
morello	VERB	morello
barstow	NOUN	barstow
cavanaugh	NOUN	cavanaugh
hernia	PROPN	hernie
courtesan	PROPN	courtisane
odette	NOUN	odette
craddock	NOUN	craddock
hasta	NOUN	hasta
inflame	VERB	enflammée
bosley	NOUN	bosley
kilgore	PROPN	kilgore
shingo	PROPN	shingo
hospitalise	VERB	hospitalisé
pon	NOUN	pon
sasuke	ADV	sasuke
sorenson	NOUN	sorenson
magnusson	NOUN	magnusson
jenk	NOUN	jenk
steffi	PROPN	steffi
toaster	VERB	toaster
jami	PROPN	jami
cirrhosis	NOUN	cirrhose
stimulant	VERB	stimulants
malfunction	VERB	dysfonctionnement
overcast	ADJ	couvert
gaiety	NOUN	gaieté
tendon	NOUN	tendon
pogo	PROPN	pogo
neurotic	ADJ	névrose
gwyneth	NOUN	gwyneth
affliction	NOUN	affliction
gio	PROPN	gio
waffle	NOUN	gaufres
primeval	NOUN	primitif
pheromone	NOUN	phéromones
transgression	NOUN	transgression
chop	NOUN	côtelettes
juggernaut	PROPN	juggernaut
whalen	VERB	whalen
laverne	VERB	laverne
robespierre	VERB	robespierre
flashy	ADJ	flashy
graze	PROPN	paître
brackett	PROPN	brackett
lolo	NOUN	lolo
cheddar	NOUN	cheddar
meteor	NOUN	météorites
kryptonite	VERB	kryptonite
harish	NOUN	harish
charcot	NOUN	charcot
dory	ADJ	doris
raglan	PROPN	raglan
solver	VERB	solveur
wozniak	NOUN	wozniak
luxor	PROPN	luxor
sidecar	VERB	side
bistro	VERB	bistrot
raina	PROPN	raina
krono	VERB	krono
bahar	ADJ	bahar
sanitarium	NOUN	sanatorium
sano	NOUN	sano
catwalk	NOUN	passerelle
probationary	ADJ	probatoire
maye	NOUN	maye
umi	PROPN	umi
edi	PROPN	edi
doraemon	PROPN	doraemon
hardwicke	PROPN	hardwicke
taunt	NOUN	narguer
massoud	ADJ	massoud
valerian	PROPN	valerian
tino	NOUN	tino
wolfman	PROPN	wolfman
fateful	ADJ	fatidique
mehra	PROPN	mehra
seema	PROPN	seema
stedman	NOUN	stedman
unintelligible	ADJ	inintelligible
hypothermia	NOUN	hypothermie
dena	PROPN	dena
panda	VERB	panda
rinaldi	PROPN	rinaldi
kelli	PROPN	kelli
invisibility	NOUN	invisibilité
tatsuya	VERB	tatsuya
warlike	ADJ	belliqueux
delirious	ADJ	délirante
consumerism	PROPN	consumérisme
reiko	NOUN	reiko
annika	NOUN	annika
fierro	PROPN	fierro
polaroid	PROPN	polaroid
calderon	NOUN	calderon
antti	PROPN	antti
gmo	VERB	ogm
savory	ADJ	savoureux
milli	PROPN	milli
garbo	PROPN	garbo
idyllic	ADJ	idyllique
cannibal	NOUN	cannibales
lalo	PROPN	lalo
pil	PROPN	esp
traviata	VERB	traviata
obedient	NOUN	obéissant
anka	VERB	anka
katerina	NOUN	katerina
quagmire	NOUN	bourbier
taku	PROPN	taku
ilse	ADV	ilse
primitive	NOUN	primitive
steer	NOUN	boeufs
terje	PROPN	terje
ane	NOUN	ane
kenner	NOUN	kenner
munk	VERB	munk
retriever	PROPN	retriever
incognito	PROPN	incognito
sherpa	VERB	sherpa
tailor	VERB	couture
taz	NOUN	taz
millisecond	NOUN	millisecondes
erna	NOUN	erna
latch	VERB	serrure
nestle	VERB	niché
ovary	NOUN	ovaire
mech	NOUN	mech
anubis	PROPN	anubis
stroll	NOUN	promenade
branca	PROPN	branca
pta	VERB	pta
cyrano	PROPN	cyrano
perplex	VERB	perplexes
precautionary	ADJ	précaution
demarco	NOUN	demarco
given	NOUN	given
yancey	NOUN	yancey
cylon	NOUN	cylons
bosh	ADV	bosh
inferiority	NOUN	infériorité
stoller	NOUN	stoller
goldfinger	NOUN	goldfinger
toshio	NOUN	toshio
timbuktu	PROPN	tombouctou
rayyan	PROPN	rayyan
perrier	NOUN	perrier
johnathan	PROPN	johnathan
hyeon	NOUN	hyeon
mulan	ADJ	mulan
xena	PROPN	xena
saran	PROPN	saran
margie	NOUN	margie
swivel	VERB	pivoter
farouk	ADV	farouk
xerxes	PROPN	xerxès
eno	NOUN	eno
washer	NOUN	rondelle
poon	NOUN	poon
dependable	ADJ	fiable
preliminary	NOUN	préliminaires
cecily	ADV	cecily
axl	PROPN	axl
rundown	VERB	dégradés
disfigure	VERB	défiguré
dexterity	NOUN	dextérité
birger	NOUN	birger
rothman	PROPN	rothman
size	VERB	calibrage
merciful	ADJ	miséricordieux
masterful	ADJ	magistral
morgenstern	ADJ	morgenstern
seger	NOUN	seger
pcp	PROPN	pcp
gauri	PROPN	gauri
juma	PROPN	juma
leda	NOUN	leda
beard	NOUN	barbes
marmalade	NOUN	confiture
operandi	NOUN	operandi
minato	PROPN	minato
consuelo	PROPN	consuelo
armoury	NOUN	armurerie
fogg	NOUN	fogg
improvise	NOUN	improviser
wiccan	NOUN	wiccan
pervert	VERB	perverse
sepp	ADJ	sepp
meow	VERB	miaou
manilow	ADJ	manilow
karsten	VERB	karsten
hardworke	VERB	assidu
shone	VERB	brillé
wort	NOUN	moût
bergerac	ADJ	bergerac
lug	VERB	lug
evie	NOUN	evie
vertebra	NOUN	vertèbre
mould	NOUN	moules
smither	NOUN	smither
karna	PROPN	karna
noda	PROPN	noda
inger	NOUN	inger
cantrell	NOUN	cantrell
unrequited	PROPN	unilatéraux
miu	PROPN	mui
crawler	NOUN	crawler
paulette	PROPN	paulette
matson	NOUN	matson
machi	PROPN	machi
mather	NOUN	mather
rigoletto	NOUN	rigoletto
duk	VERB	duk
infallible	ADJ	infaillible
stutter	VERB	bégaiement
breakthrough	NOUN	percées
squaw	NOUN	squaw
thano	NOUN	thano
marbella	NOUN	marbella
libra	VERB	balance
bleach	VERB	blanchiment
kimble	ADJ	kimble
durrell	VERB	durrell
skim	PROPN	écrémé
morgana	PROPN	morgane
castellano	NOUN	castellano
nami	PROPN	nami
tracker	NOUN	traqueurs
finesse	PROPN	finesse
inhale	VERB	inhalé
reconnect	VERB	reconnecter
trapeze	VERB	trapèze
lenore	VERB	lenore
glaucoma	PROPN	glaucome
scone	NOUN	scone
daydream	NOUN	rêverie
lorry	NOUN	camions
cava	NOUN	cava
infantile	VERB	puéril
hansel	NOUN	hansel
frieda	X	frieda
repent	NOUN	repentir
downton	NOUN	downton
sigrid	VERB	sigrid
shibata	NOUN	shibata
barca	VERB	barça
miserably	ADV	misérablement
goetz	VERB	goetz
litany	NOUN	litanie
proverbial	ADJ	proverbial
memorize	VERB	mémoriser
marvel	NOUN	merveilles
calm	VERB	apaisant
demean	VERB	humiliant
profess	ADJ	professer
pound	VERB	pilonné
doggett	PROPN	doggett
millionth	ADJ	millionième
hsiao	PROPN	hsiao
gingerbread	VERB	gingerbread
mosby	NOUN	mosby
hydraulic	NOUN	hydraulique
masterchef	PROPN	masterchef
ruan	PROPN	ruan
oar	NOUN	rames
madly	ADV	follement
kamp	PROPN	kamp
septum	PROPN	septum
delo	NOUN	delo
barnacle	NOUN	barnacle
uli	PROPN	uli
straighten	VERB	redressé
femoral	ADJ	fémorale
marchetti	PROPN	marchetti
transponder	NOUN	transpondeur
myrna	PROPN	myrna
damme	PROPN	damme
scuffle	NOUN	bagarre
melina	PROPN	melina
pontiff	VERB	pontife
kimchi	PROPN	kimchi
khun	PROPN	khun
gwendolyn	PROPN	gwendolyn
sweeten	VERB	sucrés
mistrust	NOUN	méfiance
seb	VERB	seb
matchbox	NOUN	matchbox
worf	NOUN	worf
mistreat	VERB	maltraitée
jarrod	PROPN	jarrod
nitrous	ADJ	nitreux
attentive	ADJ	attentionné
ural	NOUN	oural
spiritualist	NOUN	spirite
detergent	NOUN	détergent
lightness	NOUN	légèreté
leper	PROPN	lépreux
haj	PROPN	haj
pediatrician	NOUN	pédiatre
isolde	PROPN	isolde
janelle	PROPN	janelle
fol	VERB	fol
satoru	PROPN	satoru
iago	PROPN	iago
anker	NOUN	anker
ronda	NOUN	ronda
audacious	ADJ	audacieuse
holtz	PROPN	holtz
mercilessly	ADV	impitoyablement
tire	VERB	fatigant
hardman	NOUN	hardman
instill	NOUN	inculquer
voucher	NOUN	bons
syringe	VERB	seringue
amethyst	NOUN	améthyste
schizophrenic	ADJ	schizophrène
nieve	NOUN	nieve
arnett	PROPN	arnett
adore	VERB	adorer
mumtaz	NOUN	mumtaz
dru	PROPN	dru
sabu	VERB	sabu
quasar	VERB	quasar
cough	VERB	toux
ashlee	PROPN	ashlee
deniz	NOUN	deniz
virulent	NOUN	virulente
caliente	VERB	caliente
lasky	NOUN	lasky
connoisseur	PROPN	connaisseur
safa	PROPN	safa
concealment	NOUN	dissimulation
dobie	VERB	dobie
riker	NOUN	riker
ernestine	NOUN	ernestine
tourette	NOUN	tourette
ayodhya	PROPN	ayodhya
orhan	PROPN	orhan
haris	NOUN	haris
prentiss	VERB	prentiss
delacroix	PROPN	delacroix
greenery	PROPN	verdure
porgy	PROPN	porgy
bracknell	VERB	bracknell
snow	VERB	neiges
dengue	NOUN	dengue
hel	PROPN	hel
copperfield	VERB	copperfield
claret	VERB	claret
enright	ADJ	enright
lint	VERB	lint
kiko	PROPN	kiko
ponzi	PROPN	ponzi
cognac	PROPN	cognac
tachibana	PROPN	tachibana
qiao	NOUN	qiao
junkyard	PROPN	dépotoir
redhead	VERB	rousses
carlotta	PROPN	carlotta
roslin	PROPN	roslin
wham	PROPN	wham
doughnut	PROPN	donut
tutsi	PROPN	tutsis
negativity	NOUN	négativité
tani	NOUN	tani
groucho	NOUN	groucho
toyotomi	NOUN	toyotomi
ess	INTJ	sse
bendix	NOUN	bendix
malachi	PROPN	malachi
waxy	NOUN	cireux
bizarro	VERB	bizarro
nim	PROPN	nim
bodhi	VERB	bodhi
dizziness	NOUN	vertige
blush	NOUN	rougir
tiffin	NOUN	tiffin
metaphorically	ADV	métaphoriquement
yasin	NOUN	yasin
matsumura	ADV	matsumura
sultana	PROPN	sultana
precocious	ADJ	précoce
siphon	ADJ	siphon
moni	VERB	moni
tamaki	NOUN	tamaki
sepsis	NOUN	septicémie
quaint	VERB	pittoresque
shuttle	NOUN	navettes
impale	VERB	empalé
vali	PROPN	vali
uday	NOUN	uday
gracia	PROPN	gracia
bollock	NOUN	couilles
atrocious	ADJ	atroce
tickle	NOUN	chatouille
sada	PROPN	sada
grapefruit	NOUN	pamplemousses
apothecary	ADJ	apothicaire
sohn	PROPN	sohn
salgado	PROPN	salgado
aum	NOUN	aum
keng	PROPN	keng
mok	NOUN	mok
pelosi	NOUN	pelosi
leia	NOUN	leia
fanatic	NOUN	fanatiques
resonate	VERB	résonner
pacino	VERB	pacino
lucrezia	PROPN	lucrezia
hogwart	NOUN	poudlard
yai	PROPN	yai
underline	NOUN	souligne
orgy	NOUN	orgie
loathe	VERB	dégoût
mucous	ADJ	mucus
sema	PROPN	sema
motionless	NOUN	immobile
sookie	NOUN	sookie
submersible	ADJ	immergées
cleve	VERB	cleve
compost	NOUN	compostage
soong	PROPN	soong
parthenon	PROPN	parthénon
gnome	NOUN	nains
reykjavik	NOUN	reykjavik
cherish	PROPN	chéris
epi	NOUN	épi
unload	NOUN	décharger
brantley	PROPN	brantley
mariko	NOUN	mariko
gerson	PROPN	gerson
chica	PROPN	chica
centipede	NOUN	centipede
ghoul	PROPN	goule
rollercoaster	NOUN	rollercoaster
swell	NOUN	gonfle
tri	NOUN	tri
hoot	NOUN	rigolo
floris	NOUN	floris
scimitar	NOUN	scimitar
grapple	PROPN	grappin
nutritious	ADJ	nourrissant
mermaid	NOUN	sirènes
kovacs	PROPN	kovacs
artis	NOUN	artis
dori	NOUN	dori
tact	ADV	tact
takumi	VERB	takumi
songbird	PROPN	songbird
tyra	VERB	tyra
kroll	PROPN	kroll
rosanna	NOUN	rosanna
vecchio	PROPN	vecchio
enslavement	NOUN	esclavage
zsa	PROPN	zsa
roz	PROPN	roz
ikea	PROPN	ikea
omi	NOUN	omi
cheol	NOUN	cheol
spud	NOUN	spud
picker	NOUN	cueilleurs
malick	PROPN	malick
cheeky	ADJ	effronté
sian	PROPN	sian
hjalmar	PROPN	hjalmar
wolsey	NOUN	wolsey
acetone	NOUN	acétone
testicle	NOUN	testicules
couplet	PROPN	couplet
chaff	NOUN	ivraie
snowflake	VERB	flocon
gatekeeper	NOUN	portier
clap	VERB	applaudir
reincarnate	VERB	réincarné
babysitter	NOUN	garderies
redo	PROPN	rétablir
dayal	ADV	dayal
marcela	PROPN	marcela
mahjong	ADJ	mahjong
legible	ADJ	lisible
effie	NOUN	effie
tetris	NOUN	tetris
yvan	NOUN	yvan
restorative	ADJ	réparatrice
gallop	VERB	galop
hefner	NOUN	hefner
liquefy	VERB	liquéfié
taki	PROPN	taki
dien	NOUN	dien
bap	PROPN	bap
garson	NOUN	garson
epileptic	ADJ	épileptique
misa	NOUN	misa
jeeve	NOUN	jeeve
queenie	VERB	queenie
lope	VERB	lope
matias	PROPN	matias
mita	PROPN	mita
tomcat	NOUN	tomcat
bruise	NOUN	bleus
mccloud	PROPN	mccloud
epps	PROPN	epps
webby	PROPN	webby
yank	NOUN	yankees
freaky	PROPN	bizarre
poppin	VERB	poppin
aishwarya	PROPN	aishwarya
woolworth	ADJ	woolworth
blimp	PROPN	dirigeable
mensa	PROPN	mensa
kau	NOUN	uae
merciless	PROPN	impitoyable
sagittarius	NOUN	sagittaire
web	VERB	sangles
baboon	NOUN	babouin
mukhtar	NOUN	mukhtar
hailey	PROPN	hailey
verna	PROPN	verna
rubik	PROPN	rubik
barman	PROPN	barman
antigone	NOUN	antigone
unplanne	VERB	imprévue
mino	NOUN	mino
merlot	NOUN	merlot
garrido	VERB	garrido
inflexible	ADJ	inflexible
impure	NOUN	impur
nona	ADJ	nona
immorality	NOUN	immoralité
bollinger	NOUN	bollinger
cabeza	PROPN	cabeza
koe	PROPN	koe
eame	NOUN	eame
semyon	NOUN	semyon
virginie	VERB	virginie
kazuki	NOUN	kazuki
amjad	PROPN	amjad
avocado	VERB	avocat
exuberant	ADJ	exubérante
swirl	VERB	tourbillonnant
whine	VERB	pleurnicher
takayama	PROPN	takayama
strindberg	PROPN	strindberg
nazim	X	nazim
shaver	NOUN	rasoir
resale	NOUN	revente
triad	NOUN	triades
creeper	VERB	creeper
jenn	PROPN	jenn
skillfully	ADV	habilement
thermonuclear	PROPN	thermonucléaire
jenni	PROPN	jenni
lek	NOUN	lek
torsten	VERB	torsten
kroger	PROPN	kroger
rectum	NOUN	rectum
okamoto	PROPN	okamoto
anakin	PROPN	anakin
implosion	NOUN	implosion
minnelli	PROPN	minnelli
continuance	NOUN	continuation
swindle	NOUN	escroquer
rubicon	NOUN	rubicon
deere	VERB	deere
alda	PROPN	alda
rascal	NOUN	coquins
dash	VERB	fringant
jolson	PROPN	jolson
leniency	NOUN	indulgence
vinay	NOUN	vinay
saw	NOUN	scies
pleasantly	ADV	agréablement
fromm	NOUN	fromm
gordo	NOUN	gordo
mati	NOUN	mati
airbag	VERB	airbag
shimmer	NOUN	shimmer
aja	PROPN	aja
vuitton	PROPN	vuitton
cynicism	NOUN	cynisme
cooperate	NOUN	coopère
cozy	NOUN	douillet
bushido	NOUN	bushido
kavita	PROPN	kavita
maga	NOUN	maga
prejudicial	ADJ	préjudiciable
riddick	VERB	riddick
shashi	PROPN	shashi
jas	PROPN	jas
durst	NOUN	durst
matterhorn	VERB	matterhorn
papi	NOUN	papi
nogale	NOUN	nogale
inhumane	ADJ	inhumaines
jemima	NOUN	jemima
sarcastically	ADV	sarcastique
repulsion	NOUN	répulsion
putter	NOUN	putter
hypothalamus	PROPN	hypothalamus
lexi	PROPN	lexi
cheesy	NOUN	ringard
magus	ADJ	magus
embolism	NOUN	embolie
jackal	NOUN	chacals
watertight	NOUN	étanches
zucker	PROPN	zucker
pathos	NOUN	pathos
stockman	NOUN	stockman
suffragette	PROPN	suffragette
tyr	NOUN	tyr
pettigrew	VERB	pettigrew
wart	NOUN	verrues
reachable	ADJ	joignable
imaginable	ADJ	imaginables
kaneko	VERB	kaneko
inefficiency	NOUN	inefficacité
vico	PROPN	vico
eventful	ADJ	mouvementé
politeness	NOUN	politesse
capoeira	VERB	capoeira
piney	NOUN	piney
magog	PROPN	magog
valen	NOUN	valen
shaquille	PROPN	shaquille
heydrich	PROPN	heydrich
flatbush	NOUN	flatbush
emporium	VERB	emporium
pattaya	NOUN	pattaya
crave	VERB	envie
fop	VERB	fop
bmo	NOUN	bmo
fae	NOUN	fae
chasm	NOUN	gouffre
gordie	PROPN	gordie
subpoena	NOUN	assignation
aldous	ADJ	aldous
sassy	ADJ	impertinent
yvon	NOUN	yvon
minibus	PROPN	minibus
batgirl	NOUN	batgirl
noa	PROPN	noa
unlawfully	ADV	illégalement
nighthawk	NOUN	nighthawk
resentful	ADJ	ressentiment
abbie	PROPN	abbie
yoda	NOUN	yoda
cliche	NOUN	cliché
mame	PROPN	mame
lidia	PROPN	lidia
mobley	PROPN	mobley
watchmaker	NOUN	horloger
gayatri	ADJ	gayatri
blouse	NOUN	chemisier
sylar	VERB	sylar
rickman	NOUN	rickman
seduce	NOUN	séduit
lira	NOUN	lires
solicitation	NOUN	sollicitation
veronika	NOUN	veronika
marga	VERB	marga
taboo	NOUN	tabous
gargoyle	NOUN	gargouille
fergie	PROPN	fergie
susumu	PROPN	susumu
voldemort	NOUN	voldemort
selfridge	VERB	selfridge
wiggle	VERB	remue
belate	VERB	tardive
alsatian	PROPN	alsacien
wile	NOUN	wile
ferraro	VERB	ferraro
thin	VERB	amincissement
flipper	NOUN	palmes
seize	NOUN	saisit
vuk	PROPN	vuk
akane	VERB	akane
aardvark	PROPN	aardvark
methodical	ADJ	méthodique
emt	PROPN	ambulancier
dilate	VERB	dilatées
brunette	VERB	brunes
stinger	NOUN	stinger
fenner	NOUN	fenner
akiyama	PROPN	akiyama
leh	NOUN	leh
messer	NOUN	messer
jeet	VERB	jeet
reassure	VERB	rassurer
fain	NOUN	fain
diaper	NOUN	couche
ung	NOUN	ung
iam	PROPN	iam
morgen	NOUN	morgen
kirkman	PROPN	kirkman
abomination	NOUN	abomination
rectal	VERB	rectale
immobile	ADJ	immobiles
stax	VERB	stax
feliz	NOUN	feliz
handkerchief	NOUN	mouchoir
miko	NOUN	miko
traumatize	VERB	traumatisé
rearrange	VERB	réorganiser
hose	NOUN	flexibles
castellan	PROPN	castellan
alaric	ADJ	alaric
gyro	NOUN	gyro
nt	NOUN	nt
candlestick	VERB	chandelier
tuan	PROPN	tuan
veal	ADJ	veau
nitin	PROPN	nitin
wilber	PROPN	wilber
ahh	PROPN	ahh
permafrost	VERB	pergélisol
srt	NOUN	srt
emphysema	PROPN	emphysème
roughness	NOUN	rugosité
egil	NOUN	egil
ivanova	PROPN	ivanova
tiber	VERB	tibre
hectic	ADJ	trépidante
skilful	ADJ	habile
pix	PROPN	pix
olden	VERB	olden
willingham	PROPN	willingham
batty	PROPN	batty
elly	ADV	elly
dominus	PROPN	dominus
stephane	NOUN	stephane
hitoshi	PROPN	hitoshi
danica	PROPN	danica
neff	PROPN	neff
despise	NOUN	mépriser
flamingo	NOUN	flamants
satyr	NOUN	satyre
prawn	NOUN	crevette
tol	PROPN	tol
ack	VERB	ack
pearly	ADV	pearly
rothstein	NOUN	rothstein
radley	PROPN	radley
bebo	NOUN	bebo
platter	NOUN	assiette
jessup	PROPN	jessup
procure	VERB	proxénétisme
laure	PROPN	laure
untouchable	ADJ	intouchable
violetta	VERB	violetta
zhan	PROPN	zhan
jussi	PROPN	jussi
boku	NOUN	boku
monahan	PROPN	monahan
robocop	NOUN	robocop
kellerman	PROPN	kellerman
stine	VERB	stine
snape	NOUN	rogue
hor	NOUN	hor
bedlam	VERB	bedlam
astonishment	NOUN	étonnement
skylight	NOUN	lucarne
hunch	VERB	intuition
submissive	PROPN	soumise
pillage	VERB	pillé
evita	PROPN	evita
criminally	ADV	pénalement
gord	NOUN	gord
cunt	NOUN	connasse
fifi	NOUN	fifi
brag	VERB	vanter
subliminal	ADJ	subliminal
trickery	NOUN	supercherie
pitfall	NOUN	pièges
blonde	NOUN	blonde
wig	NOUN	perruques
kora	PROPN	kora
impersonate	PROPN	incarner
dreamland	PROPN	dreamland
sprout	NOUN	germes
insemination	NOUN	insémination
plantain	NOUN	plantain
slurry	NOUN	lisier
moti	PROPN	moti
sherri	PROPN	sherri
paraphernalia	NOUN	attirail
cantwell	NOUN	cantwell
unexplored	ADJ	inexplorées
mose	VERB	mose
indisputable	ADJ	incontestable
lamia	NOUN	lamia
breezy	PROPN	breezy
darrin	NOUN	darrin
rayne	NOUN	rayne
insecticide	ADV	insecticide
kleist	NOUN	kleist
pita	NOUN	pita
clarice	NOUN	clarice
mcveigh	VERB	mcveigh
anderton	PROPN	anderton
tseng	PROPN	tseng
callisto	NOUN	callisto
tribulation	NOUN	tribulation
testicular	ADJ	testicule
rimbaud	NOUN	rimbaud
reprimand	NOUN	réprimande
valente	VERB	valente
ricochet	VERB	ricochet
kook	VERB	kook
neverland	ADV	neverland
fervor	NOUN	ferveur
matter	VERB	importait
fallin	NUM	fallin
pacer	NOUN	pacer
dollhouse	NOUN	dollhouse
faraway	ADV	lointaine
mingo	PROPN	mingo
emf	PROPN	cem
marlo	VERB	marlo
intercept	NOUN	intercepte
supposition	NOUN	suppositions
ashleigh	VERB	ashleigh
banyan	PROPN	banyan
cannery	NOUN	conserverie
mandrake	VERB	mandrake
jezebel	NOUN	jézabel
innkeeper	ADV	aubergiste
spoke	NOUN	rayons
ferb	PROPN	ferb
menstruation	NOUN	menstruation
blindfold	VERB	bandés
passable	ADJ	passable
neruda	NOUN	neruda
amenhotep	NOUN	amenhotep
rep	NOUN	représentants
damper	NOUN	amortisseur
barometer	NOUN	baromètre
mitchum	PROPN	mitchum
squat	VERB	accroupi
legitimize	VERB	légitimer
copulation	NOUN	copulation
scar	VERB	cicatrisation
riser	NOUN	riser
olly	ADV	olly
geriatric	PROPN	gériatrique
tangle	NOUN	enchevêtrement
frederick	NOUN	frederick
komodo	NOUN	komodo
ciro	PROPN	ciro
ansel	NOUN	ansel
blister	NOUN	plaquette
deductive	ADJ	déductif
resuscitation	NOUN	réanimation
juha	PROPN	juha
crescendo	PROPN	crescendo
columbo	NOUN	columbo
dispel	VERB	dissiper
woolsey	ADJ	woolsey
morelli	PROPN	morelli
blacken	VERB	noirci
platelet	VERB	plaquettes
frodo	NOUN	frodon
creme	NOUN	creme
dorm	NOUN	dortoirs
bein	PROPN	bein
captivate	VERB	captivante
humerus	NOUN	humérus
spacey	NOUN	spacey
stanislaw	NOUN	stanislaw
dmz	PROPN	dmz
freshness	NOUN	fraîcheur
override	VERB	outrepasse
heil	PROPN	heil
pug	NOUN	pug
pallet	VERB	palette
chamois	NOUN	chamois
seder	VERB	seder
tio	NOUN	tio
dicaprio	NOUN	dicaprio
erlich	VERB	erlich
bombshell	VERB	bombshell
garfunkel	NOUN	garfunkel
lard	NOUN	saindoux
cert	NOUN	cert
salve	VERB	pommade
ahem	NOUN	ahem
galactus	PROPN	galactus
showman	NOUN	showman
mizuno	PROPN	mizuno
brockman	PROPN	brockman
fro	PROPN	bof
jiro	NOUN	jiro
omnipotent	NOUN	omnipotent
daisy	NOUN	marguerites
sobriety	NOUN	sobriété
fabien	PROPN	fabien
farhad	VERB	farhad
incurable	VERB	incurable
furiously	ADV	furieusement
arapaho	PROPN	arapaho
enterprise	VERB	entreprenant
fon	PROPN	fon
opa	NOUN	opa
sting	VERB	piqué
delphine	PROPN	delphine
merriman	PROPN	merriman
cra	INTJ	arc
carat	PROPN	carats
hakeem	VERB	hakeem
nutter	NOUN	nutter
criminality	NOUN	criminalité
remus	NOUN	remus
onassis	NOUN	onassis
sunnyvale	NOUN	sunnyvale
viggo	VERB	viggo
franky	ADJ	franky
efendi	VERB	efendi
papaya	PROPN	papaye
dispossess	VERB	dépossédés
maar	X	maar
mui	PUNCT	mui
hayakawa	PROPN	hayakawa
lupo	PROPN	lupo
alana	PROPN	alana
apnea	VERB	apnée
pickwick	VERB	pickwick
caddy	VERB	caddy
saxena	VERB	saxena
rupaul	NOUN	rupaul
axelrod	PROPN	axelrod
dougie	NOUN	dougie
usagi	ADJ	usagi
mayberry	VERB	mayberry
drifter	NOUN	drifter
sona	ADJ	sona
juke	PROPN	juke
unequivocal	ADJ	équivoque
hattori	PROPN	hattori
luciana	PROPN	luciana
balthazar	NOUN	balthazar
tonto	PROPN	tonto
lain	VERB	lain
wallenberg	PROPN	wallenberg
goodson	NOUN	goodson
varnish	NOUN	vernis
flog	VERB	flagellation
deformity	NOUN	difformité
hoodoo	ADJ	hoodoo
scat	NOUN	excréments
hayworth	NOUN	hayworth
traci	NOUN	traci
aleister	VERB	aleister
barone	NOUN	barone
girth	ADV	circonférence
unmatched	ADJ	inégalé
mahone	NOUN	mahone
crustacean	VERB	crustacés
hrt	VERB	ths
hornblower	NOUN	hornblower
sixer	NOUN	sixer
milk	VERB	traire
aiko	PROPN	aiko
cull	NOUN	abattages
poop	NOUN	crotte
blot	NOUN	blot
debs	NOUN	debs
miyako	NOUN	miyako
karpov	NOUN	karpov
ostia	PROPN	ostie
cosplay	NOUN	cosplay
rayburn	VERB	rayburn
flange	NOUN	bride
ese	PROPN	ese
kinky	PROPN	perverse
osteoporosis	NOUN	ostéoporose
versace	NOUN	versace
embarrass	NOUN	embarrasser
maxie	NOUN	maxie
modulator	NOUN	modulateur
tsuyoshi	PROPN	tsuyoshi
vesuvius	NOUN	vésuve
tunney	NOUN	tunney
treadwell	ADJ	treadwell
deon	NOUN	deon
fart	ADJ	pet
tubman	NOUN	tubman
imperfection	NOUN	imperfections
lubricant	NOUN	lubrifiants
unmistakable	ADJ	indubitable
coq	PROPN	coq
recruiter	NOUN	recruteur
thyme	NOUN	thym
cleanse	NOUN	nettoyer
marigold	PROPN	marigold
jefferie	NOUN	jefferie
risa	NOUN	risa
abscess	VERB	abcès
daycare	NOUN	garderie
handcuff	VERB	menotté
hasten	PROPN	hâter
plunge	VERB	plongeant
hark	PROPN	hark
slingshot	ADJ	fronde
martell	NOUN	martell
bitch	NOUN	salopes
nip	NOUN	nip
ramu	VERB	ramu
quirk	NOUN	bizarreries
watery	ADJ	aqueuse
heung	PROPN	heung
rind	NOUN	croûte
troublemaker	NOUN	agitateur
cann	PROPN	cann
hindley	PROPN	hindley
flop	NOUN	flop
cyberman	NOUN	cyberman
handyman	PROPN	bricoleur
absolution	NOUN	absolution
graft	VERB	greffe
lilo	ADJ	lilo
osten	VERB	osten
vik	VERB	vik
sidewinder	NOUN	sidewinder
baran	PROPN	baran
kidder	PROPN	kidder
bellman	NOUN	bellman
camellia	PROPN	camellia
rawhide	NOUN	rawhide
carpentier	NOUN	carpentier
maddalena	PROPN	maddalena
dottie	PROPN	dottie
caster	NOUN	caster
gangnam	PROPN	gangnam
nita	PROPN	nita
prez	NOUN	prez
yuichi	ADV	yuichi
wilco	PROPN	wilco
pina	NOUN	pina
velez	NOUN	velez
corbyn	NOUN	corbyn
dude	NOUN	mecs
poodle	VERB	caniche
digest	VERB	digéré
hoshi	PROPN	hoshi
kimono	PROPN	kimono
swamp	VERB	débordé
biodegradable	ADJ	biodégradables
soundwave	VERB	soundwave
vibrato	PROPN	vibrato
geraldo	PROPN	geraldo
krystal	ADJ	krystal
ember	PROPN	braise
puncture	VERB	perforé
yuna	PROPN	yuna
glade	NOUN	glade
saheb	VERB	saheb
pontius	NOUN	ponce
enchantment	NOUN	enchantement
tubby	PROPN	tubby
chucky	ADJ	chucky
cayenne	NOUN	cayenne
cramp	NOUN	crampes
arkady	NOUN	arkady
kimber	X	kimber
bren	NOUN	bren
rosina	PROPN	rosina
yusuke	NOUN	yusuke
maisie	PROPN	maisie
degenerative	ADJ	dégénératives
mush	NOUN	bouillie
desecration	NOUN	profanation
allure	NOUN	allure
milligram	NOUN	milligrammes
lieber	PROPN	lieber
nichol	NOUN	nichol
maraud	ADJ	maraudeur
chaste	VERB	chaste
narcissism	NOUN	narcissisme
nunez	NOUN	nunez
gormley	ADV	gormley
screech	NOUN	screech
danko	PROPN	danko
lorde	PROPN	lorde
treblinka	PROPN	treblinka
zou	NOUN	zou
cort	NOUN	cort
gomer	NOUN	gomer
ruckus	PROPN	grabuge
kanto	PROPN	kanto
dismember	VERB	démembré
floss	VERB	floss
caplan	PROPN	caplan
halil	NOUN	halil
letitia	PROPN	letitia
unspoken	VERB	tacite
overpopulation	NOUN	surpopulation
yusef	NOUN	yusef
disgraceful	ADJ	scandaleux
banal	ADJ	banales
hooligan	NOUN	vandales
avalanche	NOUN	avalanche
overflow	VERB	débordant
fulcrum	VERB	fulcrum
sofie	NOUN	sofie
hammerhead	PROPN	hammerhead
martinelli	PROPN	martinelli
mensch	VERB	mensch
slut	PROPN	salope
hackman	PROPN	hackman
flounder	NOUN	flet
fairground	NOUN	forains
ambrosia	PROPN	ambrosia
burdett	PROPN	burdett
hijab	PROPN	hijab
burner	NOUN	brûleur
darla	NOUN	darla
indecisive	ADJ	indécis
jog	PROPN	jogging
kree	PROPN	kree
kaj	NOUN	kaj
grunwald	ADJ	grunwald
mcginni	NOUN	mcginni
resnick	VERB	resnick
fujii	NOUN	fuji
buoy	VERB	bouées
hick	PROPN	plouc
hum	VERB	bourdonnement
tarnish	VERB	ternie
cat	VERB	cat
bixby	NOUN	bixby
flutter	NOUN	flutter
pentagram	NOUN	pentagramme
brianna	PROPN	brianna
kou	PROPN	kou
joiner	VERB	menuisier
laborious	ADJ	laborieuse
widener	NOUN	widener
mistletoe	PROPN	gui
craigslist	NOUN	craigslist
broussard	NOUN	broussard
hydration	NOUN	hydratation
acorns	PROPN	glands
quicken	VERB	quicken
tropicana	PROPN	tropicana
azuma	VERB	azuma
grandview	NOUN	grandview
layoff	NOUN	licenciements
postponement	NOUN	report
breathless	VERB	essoufflé
puffy	ADJ	bouffi
remarry	NOUN	remarier
expendable	ADJ	remplaçable
trucker	NOUN	camionneurs
redneck	NOUN	plouc
hubbell	NOUN	hubbell
yasuda	VERB	yasuda
hamster	NOUN	hamster
insidious	ADJ	insidieux
erectus	NOUN	erectus
fandango	PROPN	fandango
margrethe	NOUN	margrethe
bimbo	PROPN	bimbo
infatuation	NOUN	engouement
svend	NOUN	svend
reade	NOUN	reade
carola	PROPN	carola
xylophone	NOUN	xylophone
perla	PROPN	perla
tempus	X	tempus
spender	VERB	spender
larynx	NOUN	larynx
choy	NOUN	choy
tegan	PROPN	tegan
discos	PROPN	discothèques
katja	NOUN	katja
snipe	NOUN	snipe
healer	NOUN	guérisseurs
imprison	NOUN	emprisonner
cuesta	PROPN	cuesta
ejaculation	NOUN	éjaculation
caveman	PROPN	caveman
winchell	PROPN	winchell
dob	NUM	dob
tolerable	ADJ	tolérable
singularly	ADV	singulièrement
ine	NOUN	ine
oli	ADV	oli
galvanize	VERB	galvanisé
bayliss	VERB	bayliss
elegantly	ADV	élégamment
rie	PROPN	rie
brophy	NOUN	brophy
bagwell	PROPN	bagwell
devour	NOUN	dévorer
maple	VERB	maple
araki	VERB	araki
shadow	VERB	ombré
regrettable	ADJ	regrettables
mirai	PROPN	mirai
char	VERB	carbonisé
hoof	NOUN	sabots
glitter	VERB	étincelante
bax	NOUN	bax
organically	ADV	organiquement
neha	NOUN	neha
stopper	NOUN	bouchon
oso	VERB	oso
blossom	VERB	épanouie
mangle	VERB	mutilé
instantaneously	ADV	instantanément
cutlery	NOUN	couverts
surpasse	NOUN	surpasse
phoebus	NOUN	phœbus
pendragon	PROPN	pendragon
leer	NOUN	leer
hortense	NOUN	hortense
towel	NOUN	serviettes
chui	PROPN	chui
fir	NOUN	sapins
munoz	X	munoz
snowmobile	VERB	motoneige
lapointe	VERB	lapointe
benevolence	NOUN	bienveillance
civic	NOUN	civisme
gush	PROPN	gush
diller	ADJ	diller
maquis	NOUN	maquis
addie	VERB	addie
gyroscope	VERB	gyroscope
brazen	NOUN	effronté
behemoth	VERB	behemoth
arrear	NOUN	arriéré
sebastien	PROPN	sebastien
canine	NOUN	canine
driftwood	NOUN	driftwood
hampton	NOUN	hampton
dunhill	ADV	dunhill
mayu	NOUN	mayu
hakan	PROPN	hakan
mannix	NOUN	mannix
hedda	NOUN	hedda
vigour	ADJ	vigueur
imi	PROPN	imi
kenta	PROPN	kenta
psychotherapist	NOUN	psychothérapeute
odour	VERB	odeurs
thurgood	NOUN	thurgood
jasmin	PROPN	jasmin
bossy	ADJ	autoritaire
georgette	PROPN	georgette
dany	NOUN	dany
kardashian	PROPN	kardashian
sop	PROPN	sop
tua	NOUN	tua
ransack	VERB	saccagé
kido	PROPN	kido
geun	PROPN	geun
amok	ADV	amok
tweety	NOUN	tweety
refuel	VERB	ravitailler
strobe	NOUN	strobe
keung	PROPN	keung
comfort	VERB	réconfortant
bookmark	NOUN	signet
notte	NOUN	notte
arman	NOUN	arman
fixer	PROPN	redresseur
calla	NOUN	calla
mastodon	PROPN	mastodon
cashew	VERB	cajou
excel	NOUN	excelle
daya	NOUN	daya
benitez	PROPN	benitez
alternator	NOUN	alternateur
hurriedly	ADV	précipitamment
wormwood	NOUN	absinthe
darken	VERB	darken
gertrud	PROPN	gertrud
pillow	VERB	oreiller
haruna	NOUN	haruna
deauville	PROPN	deauville
grogan	VERB	grogan
manoel	PROPN	manoel
seki	PROPN	seki
rogelio	NOUN	rogelio
hammock	NOUN	hamac
vermin	NOUN	vermine
sissy	NOUN	sissy
monotonous	ADJ	monotone
kalle	PROPN	kalle
ciao	PROPN	ciao
gash	NOUN	entaille
jessop	NOUN	jessop
classy	ADJ	classe
detach	PROPN	détacher
bewilder	VERB	perplexe
imposter	ADV	imposteur
krupa	NOUN	krupa
complicate	NOUN	complique
miya	VERB	miya
limo	VERB	limousine
blister	VERB	cloques
kalahari	PROPN	kalahari
toddler	NOUN	bambins
conlon	NOUN	conlon
jeffer	NOUN	jeffer
idealist	NOUN	idéaliste
crabb	PROPN	crabb
bongo	NOUN	bongo
notepad	PROPN	notepad
omicron	PROPN	omicron
gbs	NOUN	abg
endear	VERB	attachant
arnott	PROPN	arnott
timmon	NOUN	timmon
shoddy	ADV	bâclé
tarek	NOUN	tarek
takuya	NOUN	takuya
bouillon	PROPN	bouillon
admirably	ADV	admirablement
ambience	NOUN	ambiance
rebuke	VERB	réprimande
fincher	ADV	fincher
denzel	NOUN	denzel
meek	NOUN	meek
aggressiveness	VERB	agressivité
speculator	NOUN	spéculateurs
heinous	ADJ	odieux
petticoat	NOUN	jupon
saracen	NOUN	sarrasin
marnie	PROPN	marnie
janeway	NOUN	janeway
sharman	NOUN	sharman
spout	NOUN	bec
arianna	PROPN	arianna
nena	PROPN	nena
lorelei	NOUN	lorelei
polyp	NOUN	polypes
scudder	NOUN	scudder
sporty	NOUN	sportive
gault	VERB	gault
follicle	NOUN	follicules
marcelino	NOUN	marcelino
vibrate	NOUN	vibrer
prithvi	NOUN	prithvi
celery	NOUN	céleri
stent	NOUN	stent
thais	ADP	thaïlandais
shimada	PROPN	shimada
kirin	NOUN	kirin
christer	NOUN	christer
insurmountable	ADJ	insurmontables
intracranial	NOUN	intracrânienne
krantz	PROPN	krantz
eyelid	NOUN	paupières
artful	ADJ	artful
zina	PROPN	zina
gerhardt	NOUN	gerhardt
griff	VERB	griff
solder	VERB	soudure
nepotism	NOUN	népotisme
debby	PROPN	debby
shana	PROPN	shana
yano	NOUN	yano
weave	NOUN	tisse
katya	PROPN	katia
provoke	NOUN	provoque
tremble	VERB	tremblante
mince	VERB	hachée
liliana	PROPN	liliana
chol	PROPN	chol
bade	NOUN	bade
pruitt	ADV	pruitt
velma	NOUN	véra
tomboy	ADV	tomboy
clean	NOUN	nettoie
noriko	ADJ	noriko
ingmar	PROPN	ingmar
landline	VERB	fixe
camaraderie	VERB	camaraderie
paralyse	VERB	paralysés
monotone	NOUN	monotone
poi	PROPN	poi
riki	PROPN	riki
unsound	ADJ	malsaines
knightley	NOUN	knightley
shel	PROPN	shel
pisce	NOUN	poissons
gump	NOUN	gump
reintroduce	VERB	réintroduire
collette	NOUN	collette
vegetarian	NOUN	végétariens
photogenic	ADJ	photogénique
matrimonial	NOUN	matrimoniale
dbs	VERB	dbs
encroach	VERB	envahissant
olli	VERB	olli
ooo	VERB	ooo
delfino	NOUN	delfino
lottie	ADJ	lottie
quimby	PROPN	quimby
succumb	NOUN	succomber
corkscrew	VERB	corkscrew
rancid	NOUN	rance
gracefully	ADV	gracieusement
hargrove	VERB	hargrove
ivf	PROPN	fiv
danton	NOUN	danton
chimp	NOUN	chimpanzé
stoop	VERB	perron
magnify	VERB	grossissant
dreamy	ADJ	rêveur
pavarotti	PROPN	pavarotti
pikachu	NOUN	pikachu
glick	VERB	glick
ramble	ADJ	ramble
reload	VERB	rechargement
sandalwood	NOUN	santal
antare	NOUN	antare
eddington	PROPN	eddington
ratan	PROPN	ratan
savio	NOUN	savio
vamp	NOUN	vampire
alyson	NOUN	alyson
menopause	PROPN	ménopause
otaku	PROPN	otaku
payson	VERB	payson
beatle	VERB	beatles
dispatcher	ADV	expéditeur
receptacle	NOUN	réceptacle
carnal	ADJ	charnel
cuddy	PROPN	cuddy
small	NOUN	small
screwdriver	PROPN	tournevis
headlight	VERB	phares
cuff	NOUN	manchettes
fairway	INTJ	chenal
udon	ADJ	udon
shep	NOUN	shep
ego	NOUN	ego
refreshment	NOUN	rafraîchissement
pelle	PROPN	pelle
ill	VERB	maux
bloomingdale	VERB	bloomingdale
jeweler	NOUN	bijoutier
instigator	NOUN	instigateur
pool	VERB	regroupé
cowl	VERB	cowl
mahi	PROPN	mahi
greenspan	PROPN	greenspan
lathrop	PROPN	lathrop
bodie	VERB	bodie
constipation	NOUN	constipation
briefing	NOUN	exposés
scepter	NOUN	sceptre
tojo	NOUN	tojo
haze	VERB	bizutage
yoshio	PROPN	yoshio
snatch	VERB	arraché
devour	VERB	dévoré
gobi	PROPN	gobi
galore	NOUN	galore
calliope	NOUN	calliope
backfire	VERB	backfire
aldrin	NOUN	aldrin
keypad	NOUN	clavier
bluebell	NOUN	bluebell
geranium	NOUN	géranium
ahoy	ADV	ohé
eckhart	NOUN	eckhart
sedative	NOUN	sédatif
katia	NOUN	katia
avram	NOUN	avram
arvid	PROPN	arvid
cardiologist	PROPN	cardiologue
toner	NOUN	toner
fujimoto	NOUN	fujimoto
eyelid	ADJ	paupière
keeley	PROPN	keeley
grudge	NOUN	rancunes
toh	NOUN	toh
oxy	PROPN	oxy
sumptuous	ADJ	somptueuses
doorman	NOUN	portier
topple	NOUN	renverser
cull	VERB	abattage
castration	NOUN	castration
drexler	NOUN	drexler
paterno	NOUN	paterno
zaki	PROPN	zaki
scurvy	NOUN	scorbut
tomoko	PROPN	tomoko
yucatan	PROPN	yucatan
oma	PROPN	oma
hummer	PROPN	hummer
helse	VERB	helse
natsume	NOUN	natsume
kotoko	PROPN	kotoko
junko	ADJ	junko
rowena	VERB	rowena
newgate	ADJ	newgate
horvath	NOUN	horvath
beet	NOUN	betterave
tsung	PROPN	tsung
mab	PROPN	ccm
permanence	NOUN	permanence
mireille	PROPN	mireille
blackness	NOUN	noirceur
solemnly	ADV	solennellement
calum	PROPN	calum
unisex	NOUN	unisexe
poppy	NOUN	pavot
colson	NOUN	colson
sekai	VERB	sekai
altruistic	ADJ	altruiste
oksana	PROPN	oksana
stencil	VERB	pochoir
taut	PROPN	taut
oshima	PROPN	oshima
bilbo	PROPN	bilbon
gyu	VERB	gyu
beto	VERB	beto
respectability	NOUN	respectabilité
shawl	NOUN	châle
hallway	VERB	couloirs
vickie	NOUN	vickie
wingman	PROPN	ailier
deplorable	ADJ	déplorable
jeweller	NOUN	bijoutier
abernathy	ADJ	abernathy
amparo	NOUN	amparo
gatle	VERB	gatle
vod	PROPN	vod
kaul	NOUN	kaul
stabilise	VERB	stabilisées
vanquish	VERB	vaincu
fulfilment	NOUN	accomplissement
barba	NOUN	barba
terran	NOUN	terrien
bronchitis	VERB	bronchite
gah	PROPN	gah
kunal	PROPN	kunal
logger	NOUN	bûcherons
hoard	VERB	thésaurisation
nisha	PROPN	nisha
spyder	NOUN	spyder
reynaldo	NOUN	reynaldo
bab	NOUN	bab
gorski	VERB	gorski
agata	PROPN	agata
grisham	PROPN	grisham
incestuous	ADJ	incestueux
sprinkler	PROPN	arroseur
charade	NOUN	mascarade
franklyn	PROPN	franklyn
faithless	VERB	infidèle
klara	PROPN	klara
secretarial	ADJ	secrétaires
slava	PROPN	slava
eagerness	NOUN	empressement
macklin	NOUN	macklin
kadir	PROPN	kadir
chappelle	PROPN	chappelle
dissociative	ADJ	dissociatif
wataru	NOUN	wataru
angelika	PROPN	angelika
neurosurgeon	NOUN	neurochirurgien
asim	NOUN	asim
footwork	NOUN	footwork
phat	PROPN	phat
testes	VERB	testicules
murata	PROPN	murata
rukh	PROPN	rukh
silvana	PROPN	silvana
henshaw	NOUN	henshaw
milla	NOUN	milla
yim	NUM	yim
wholesaler	NOUN	grossistes
kawai	PROPN	kawai
ruthlessly	ADV	impitoyablement
intensifie	NOUN	intensifie
frere	ADV	frere
flowery	NOUN	fleuri
gantry	NOUN	portique
allo	PROPN	allo
boldness	VERB	audace
ble	VERB	ble
sayaka	NOUN	sayaka
erle	VERB	erle
sleazy	ADJ	sordide
rook	NOUN	rook
keisuke	PROPN	keisuke
toshi	PROPN	toshi
cousteau	NOUN	cousteau
glassware	VERB	verrerie
drugstore	NOUN	drugstore
nen	VERB	nen
saver	NOUN	épargnant
taub	PROPN	taub
josefina	PROPN	josefina
appeasement	NOUN	apaisement
infamy	ADJ	infamie
abominable	ADJ	abominables
nag	VERB	lancinante
izu	PROPN	izu
indigent	ADJ	indigents
disown	VERB	renié
seamstress	NOUN	couturière
marshmallow	VERB	guimauve
ovulation	NOUN	ovulation
pm	NOUN	pm
ozaki	PROPN	ozaki
bumpy	PROPN	mouvementé
ino	VERB	ino
lemoine	NOUN	lemoine
mutter	NOUN	mutter
meldrum	NOUN	meldrum
skydive	VERB	parachutisme
materialistic	ADJ	matérialiste
tsunamis	PROPN	tsunamis
sharps	PROPN	sharps
instinctive	NOUN	instinctivement
cashmere	ADV	cachemire
daz	VERB	daz
szabo	VERB	szabo
caviar	NOUN	caviar
ghraib	NOUN	ghraib
bingley	PROPN	bingley
gleb	NOUN	gleb
anaesthesia	PROPN	anesthésie
shinichi	PROPN	shinichi
buttercup	VERB	buttercup
gazebo	PROPN	belvédère
suzi	PROPN	suzi
ghee	PROPN	ghee
fizz	ADJ	fizz
pacify	VERB	pacifier
iib	VERB	iib
hiromi	NOUN	hiromi
corset	VERB	corset
clitoris	PROPN	clitoris
karp	PROPN	karp
effeminate	VERB	efféminé
mcgarry	NOUN	mcgarry
vino	VERB	vino
akari	NOUN	akari
trachea	PROPN	trachée
baskerville	PROPN	baskerville
marciano	PROPN	marciano
plough	VERB	labour
circuse	VERB	cirques
zidane	NOUN	zidane
rebus	NOUN	rebus
addy	PROPN	addy
vaca	PROPN	vaca
ifs	VERB	ifs
siddhartha	PROPN	siddhartha
foxtrot	ADV	foxtrot
harv	NOUN	harv
globetrotter	NOUN	globetrotter
mayonnaise	NOUN	mayonnaise
isha	ADJ	isha
vena	NOUN	vena
cobbler	NOUN	cordonnier
unconsciously	ADV	inconsciemment
sixpence	NOUN	sixpence
anathema	NOUN	anathème
leni	PROPN	leni
grendel	PROPN	grendel
homesick	PROPN	nostalgique
pox	VERB	variole
trixie	ADV	trixie
albertine	NOUN	albertine
hypocrite	NOUN	hypocrite
capp	PROPN	capp
burris	PROPN	burris
bly	ADV	bly
arriba	PROPN	arriba
hooray	PROPN	hourra
mayumi	NOUN	mayumi
veranda	NOUN	véranda
shenanigan	NOUN	manigances
wad	VERB	wad
sak	NOUN	sak
mccluskey	PROPN	mccluskey
nagata	PROPN	nagata
grigori	NOUN	grigori
brooch	PROPN	broche
danby	NOUN	danby
rian	PROPN	rian
boaz	PROPN	boaz
quatermass	NOUN	quatermass
slanderous	ADJ	calomnieuses
tubbs	NOUN	tubbs
naoko	PROPN	naoko
pinker	NOUN	pinker
dede	VERB	dede
ouch	PROPN	aie
wall	VERB	wall
crafty	INTJ	rusé
symbiote	VERB	symbiote
seaworld	NOUN	seaworld
shrink	NOUN	psys
bratton	PROPN	bratton
camry	VERB	camry
vanda	NOUN	vanda
dad	VERB	papas
bambino	PROPN	bambino
blackbeard	ADV	blackbeard
gotcha	NOUN	pigé
billingsley	PROPN	billingsley
botticelli	NOUN	botticelli
chute	NOUN	parachutes
stubbornly	ADV	obstinément
kaze	NOUN	kaze
trample	VERB	piétiné
koen	PROPN	koen
gouda	NOUN	gouda
pah	PROPN	hap
lumberjack	NOUN	bûcheron
mauve	NOUN	mauve
eggplant	NOUN	aubergine
kati	NOUN	kati
guilde	NOUN	florins
maliciously	ADV	malicieusement
hercule	ADJ	hercule
horny	NOUN	excité
lugosi	NOUN	lugosi
hoshino	NOUN	hoshino
unthinkable	ADJ	impensable
sniff	NOUN	sniff
pitkin	NOUN	pitkin
koga	NOUN	koga
kubo	PROPN	kubo
minecraft	NOUN	minecraft
nanette	PROPN	nanette
hearty	ADJ	copieux
kirsch	PROPN	kirsch
maniac	NOUN	maniaques
involuntarily	ADV	involontairement
starfighter	NOUN	starfighter
buckle	NOUN	boucles
cooker	NOUN	cuisinière
asano	NOUN	asano
tobey	VERB	tobey
tuco	NOUN	tuco
sethi	NOUN	sethi
boost	NOUN	stimule
nettle	ADJ	ortie
bun	NOUN	brioches
cryer	PROPN	cryer
trawl	VERB	chalut
abacus	NOUN	abacus
lapis	VERB	lapis
newhouse	VERB	newhouse
suave	NOUN	suave
psychopath	NOUN	psychopathe
mignon	NOUN	mignon
neeson	NOUN	neeson
quint	NOUN	quint
adachi	PROPN	adachi
hickok	PROPN	hickok
dumpling	NOUN	boulettes
eyebrow	VERB	sourcil
gib	PROPN	gib
tosa	PROPN	tosa
shruti	PROPN	shruti
bullfighte	VERB	corrida
grazia	NOUN	grazia
mythbuster	NOUN	mythbuster
hughie	NOUN	hughie
wegener	PROPN	wegener
heartbreake	VERB	bouleversant
kristi	PROPN	kristi
vig	PROPN	vig
inca	VERB	inca
fullness	VERB	plénitude
reinvent	VERB	réinventé
stradivarius	PROPN	stradivarius
asami	PROPN	asami
showa	PROPN	showa
michiko	PROPN	michiko
orly	ADV	orly
subatomic	ADJ	subatomique
pirate	VERB	piratés
yummy	ADV	miam
tmz	NOUN	tmz
jago	PROPN	jago
rut	PROPN	rut
mikkel	VERB	mikkel
vilma	NOUN	vilma
jeanie	PROPN	jeanie
baldur	VERB	baldur
saskia	NOUN	saskia
mamba	NOUN	mamba
kink	PROPN	perversion
shinobu	NOUN	shinobu
hiroko	PROPN	hiroko
prim	ADJ	prim
amalfi	VERB	amalfi
culpa	VERB	culpa
bukowski	PROPN	bukowski
stark	NOUN	stark
thibault	NOUN	thibault
paraffin	PROPN	paraffine
bobbi	VERB	bobbi
hol	NOUN	hol
multitaske	VERB	multitâche
marthe	ADV	marthe
masao	NOUN	masao
tallulah	PROPN	tallulah
brogan	VERB	brogan
nerdy	ADJ	ringard
discern	VERB	discerner
eurydice	NOUN	eurydice
samaritan	NOUN	samaritains
violeta	NOUN	violeta
gru	VERB	gru
tye	PROPN	tye
ragnarok	VERB	ragnarok
goro	PROPN	goro
ball	VERB	ball
paulinho	PROPN	paulinho
bloomer	NOUN	bloomer
lop	VERB	lop
dumbledore	VERB	dumbledore
locket	NOUN	médaillon
wrong	VERB	lésés
intendant	NOUN	intendant
ulrike	ADV	ulrike
curd	NOUN	caillé
starlet	NOUN	starlette
eko	PROPN	eko
sawa	PROPN	sawa
sze	NOUN	sze
shephard	PROPN	shephard
ngai	VERB	ngai
kitsch	PROPN	kitsch
hse	VERB	hse
janette	NOUN	janette
insanely	ADV	follement
hadron	PROPN	hadron
wesson	NOUN	wesson
swirl	NOUN	tourbillon
crystallize	VERB	cristallisé
longworth	NOUN	longworth
incomparable	ADJ	incomparables
graciously	ADV	gracieusement
ichigo	PROPN	ichigo
scanlan	PROPN	scanlan
bim	NOUN	bim
ishtar	NOUN	ishtar
ruger	NOUN	ruger
myriam	PROPN	myriam
cyborgs	NOUN	cyborgs
tachycardia	NOUN	tachycardie
savitri	VERB	savitri
erectile	ADJ	érectile
skeeter	ADV	skeeter
tonya	PROPN	tonya
titi	PROPN	titi
tomi	NOUN	tomi
ransome	VERB	ransome
augie	NOUN	augie
britta	NOUN	britta
buzz	VERB	bourdonnement
gioia	NOUN	gioia
incontinence	NOUN	incontinence
bangle	NOUN	bracelets
foretold	NOUN	prédit
sanada	PROPN	sanada
ahab	PROPN	achab
wuthere	VERB	wuthere
digg	NOUN	digg
blink	VERB	clignotant
copycat	NOUN	imitateur
wilf	PROPN	wilf
chaperone	NOUN	chaperon
reflux	NOUN	reflux
feisty	PROPN	fougueuse
crumble	ADJ	crumble
tengo	X	tengo
sarge	VERB	sergent
lhc	NOUN	lhc
sunburst	NOUN	sunburst
haggerty	NOUN	haggerty
shizuka	VERB	shizuka
lene	NOUN	lene
giraffe	NOUN	girafes
gung	NOUN	gung
friendliness	PROPN	amabilité
lani	PROPN	lani
sisko	ADV	sisko
charmaine	NOUN	charmaine
wor	PROPN	wor
elina	NOUN	elina
jaye	PROPN	jaye
arkwright	VERB	arkwright
wail	VERB	lamentations
sarin	NOUN	sarin
strasser	PROPN	strasser
rick	VERB	rick
toot	VERB	toot
zoltan	PROPN	zoltan
dicky	ADJ	dicky
godot	NOUN	godot
diphtheria	NOUN	diphtérie
intricacy	NOUN	subtilités
concha	PROPN	concha
junkie	NOUN	junkie
weem	NOUN	weem
liana	PROPN	liana
inbreed	VERB	consanguin
deepa	VERB	deepa
leticia	PROPN	leticia
plum	NOUN	pruneaux
raff	NOUN	raff
krill	NOUN	krill
hater	NOUN	haineux
kevlar	ADJ	kevlar
denby	VERB	denby
shania	PROPN	shania
shimmy	NOUN	shimmy
dnr	PROPN	npr
keg	PROPN	fût
kraken	VERB	kraken
mcfly	ADV	mcfly
bodega	ADJ	bodega
luan	PROPN	luan
instalment	NOUN	tranche
fragility	NOUN	fragilité
bazooka	VERB	bazooka
perceptive	ADJ	perspicace
doktor	NOUN	doktor
dally	ADV	dally
dour	NOUN	dour
nisa	PROPN	nisa
sanya	PROPN	sanya
gua	ADV	gua
toshiko	NOUN	toshiko
windfall	PROPN	aubaine
hayato	PROPN	hayato
datsun	PROPN	datsun
bjarne	NOUN	bjarne
frostbite	PROPN	engelures
northerner	NOUN	nordistes
chaz	NOUN	chaz
odor	NOUN	odeurs
normality	NOUN	normalité
strangle	NOUN	étrangler
bohm	PROPN	bohm
nostradamus	NOUN	nostradamus
testimonial	NOUN	témoignages
lida	PROPN	lida
tight	NOUN	collants
bandage	NOUN	pansements
sandi	VERB	sandi
bru	NOUN	bru
juni	ADJ	juni
lecter	PROPN	lecter
vcr	NOUN	magnétoscope
lewd	ADJ	lubrique
cilla	NOUN	cilla
intelligently	ADV	intelligemment
zest	NOUN	zeste
rinse	NOUN	rinçage
tote	VERB	fourre
amano	PROPN	amano
septimus	PROPN	septimus
montaigne	PROPN	montaigne
acrobatic	NOUN	acrobaties
socialize	VERB	socialisation
ludmila	PROPN	ludmila
topsy	VERB	topsy
komsomol	PROPN	komsomol
gremlin	PROPN	gremlin
uriel	PROPN	uriel
yangzhou	NOUN	yangzhou
orifice	NOUN	orifice
instinctively	ADV	instinctivement
scottie	ADJ	scottie
taser	NOUN	taser
hannigan	VERB	hannigan
cronkite	NOUN	cronkite
scrappy	ADJ	scrappy
rejuvenation	NOUN	rajeunissement
wafer	NOUN	wafer
katrin	PROPN	katrin
roku	NOUN	roku
hofer	VERB	hofer
rikki	PROPN	rikki
gudrun	PROPN	gudrun
abrasion	NOUN	abrasion
alka	PROPN	alka
dabney	PROPN	dabney
menorah	PROPN	menorah
tali	PROPN	tali
tamayo	VERB	tamayo
mangal	PROPN	mangal
meisner	ADJ	meisner
womanizer	NOUN	womanizer
pernicious	ADJ	pernicieux
hurtful	ADJ	blessant
sindhu	NOUN	sindhu
taffy	NOUN	taffy
dissension	NOUN	discorde
julieta	NOUN	julieta
elin	NOUN	elin
billet	NOUN	billettes
centrifuge	PROPN	centrifugation
bubonic	NOUN	bubonique
bolingbroke	VERB	bolingbroke
prue	ADJ	prue
nimble	ADJ	agile
shiba	ADJ	shiba
marisol	NOUN	marisol
tine	NOUN	tine
akai	PROPN	akai
natsu	NOUN	natsu
guinevere	NOUN	guenièvre
spontaneity	NOUN	spontanéité
opulent	NOUN	opulente
frobisher	NOUN	frobisher
mcnab	NOUN	mcnab
manipulator	NOUN	manipulatrice
voight	VERB	voight
nikolaj	PROPN	nikolaj
lesbo	NOUN	lesbo
yokoyama	PROPN	yokoyama
truffaut	NOUN	truffaut
jeep	NOUN	jeep
maron	NOUN	maron
lingam	PROPN	lingam
seiko	NOUN	seiko
chloroform	NOUN	chloroforme
jule	VERB	jule
basilio	VERB	basilio
ferocity	NOUN	férocité
yossi	PROPN	yossi
ass	NOUN	ânes
sheela	PROPN	sheela
sistine	VERB	sixtine
belen	VERB	belen
telegram	NOUN	télégrammes
assunta	VERB	assunta
detonate	VERB	détonant
leyla	NOUN	leyla
litton	PROPN	litton
traynor	NOUN	traynor
prosthesis	NOUN	prothèses
sandrine	NOUN	sandrine
blasphemous	ADJ	blasphématoire
stomp	VERB	piétiner
allyson	PROPN	allyson
yul	NOUN	yul
bolin	PROPN	bolin
khe	PROPN	khe
viki	VERB	viki
yolo	PROPN	yolo
inadequacy	NOUN	inadéquation
agrippina	PROPN	agrippina
jade	VERB	blasé
dez	PROPN	dez
forgave	VERB	pardonnés
jib	NOUN	foc
klinger	NOUN	klinger
seacr	ADJ	seacr
evian	ADJ	evian
mcbain	VERB	mcbain
rorschach	NOUN	rorschach
ventriloquist	NOUN	ventriloque
masayuki	PROPN	masayuki
vicomte	PROPN	vicomte
appendicitis	NOUN	appendicite
danson	NOUN	danson
concoct	VERB	concocté
bi	ADJ	bi
takada	NOUN	takada
mccrae	VERB	mccrae
toast	VERB	grillé
pessimism	NOUN	pessimisme
sallie	PROPN	sallie
imai	NOUN	imai
croc	ADJ	croco
panini	VERB	panini
pervert	PROPN	perverse
jurek	PROPN	jurek
palomino	NOUN	palomino
aggrieve	VERB	lésé
goodfellow	VERB	goodfellow
nae	VERB	nae
truscott	PROPN	truscott
macaroni	PROPN	macaronis
frill	NOUN	fioritures
innovate	VERB	innove
milena	NOUN	milena
berk	NOUN	berk
sweetheart	VERB	chéries
dandridge	VERB	dandridge
probst	VERB	probst
scavenger	NOUN	charognards
oldman	PROPN	oldman
penetrate	NOUN	pénètre
cardiomyopathy	ADJ	cardiomyopathie
ide	NOUN	ide
loder	PROPN	loder
skylar	ADJ	skylar
hairstyle	NOUN	coiffures
akio	NOUN	akio
campanella	NOUN	campanella
rupa	NOUN	rupa
romy	VERB	romy
gigolo	ADV	gigolo
jip	PROPN	jip
patronize	VERB	condescendance
mcluhan	PROPN	mcluhan
hellcat	NOUN	hellcat
lamarr	NOUN	lamarr
dribble	VERB	dribble
drina	NOUN	drina
fitter	NOUN	installateur
phobia	NOUN	phobies
scull	VERB	scull
valenti	NOUN	valenti
donaghy	NOUN	donaghy
sandor	NOUN	sandor
consign	VERB	expédiés
pyre	PROPN	bûcher
mire	NOUN	bourbier
autograph	VERB	dédicacé
sisi	VERB	sisi
toot	NOUN	toot
prob	PROPN	prob
aberrant	NOUN	aberrant
sunita	NOUN	sunita
deport	NOUN	expulser
selfishness	NOUN	égoïsme
jacobo	PROPN	jacobo
matsu	PROPN	matsu
kilt	VERB	kilt
sasquatch	VERB	yéti
hearse	NOUN	corbillard
rovere	NOUN	rovere
cipriano	PROPN	cipriano
conjure	NOUN	conjure
canter	NOUN	canter
orla	NOUN	orla
humpty	ADV	humpty
psoriasis	NOUN	psoriasis
inigo	VERB	inigo
asta	PROPN	asta
bozo	PROPN	bozo
morpheus	PROPN	morpheus
guppy	PROPN	guppy
docile	ADJ	docile
optimist	PROPN	optimiste
cataract	NOUN	cataracte
sergeyevich	NOUN	sergueïevitch
lally	ADV	lally
emancipate	VERB	émancipé
clanton	PROPN	clanton
unconsciousness	ADJ	inconscience
maruti	NOUN	maruti
tarnish	ADJ	ternir
kass	NOUN	kass
poacher	NOUN	braconniers
bonito	NOUN	bonito
loca	VERB	loca
wyler	NOUN	wyler
wholesaler	PROPN	grossiste
coerce	NOUN	contraindre
dragnet	NOUN	dragnet
sinkhole	NOUN	gouffre
energon	PROPN	energon
zita	NOUN	zita
contagion	NOUN	contagion
hydrate	VERB	hydrater
sheri	ADJ	sheri
hallucinogenic	ADJ	hallucinogènes
loosen	VERB	desserrer
commandeer	VERB	réquisitionné
unchange	VERB	immuable
portobello	ADJ	portobello
isao	PROPN	isao
marit	NOUN	marit
gere	VERB	gere
omniscient	NOUN	omniscient
rachid	VERB	rachid
aizu	PROPN	aizu
oki	NOUN	oki
igloo	ADJ	igloo
spit	NOUN	crache
limehouse	NOUN	limehouse
shilpa	ADJ	shilpa
elysium	NOUN	elysium
whirl	PROPN	tourbillon
malaga	VERB	malaga
cadaver	NOUN	cadavre
soothe	VERB	apaisant
thrall	NOUN	thrall
simian	PROPN	simian
redline	NOUN	redline
kebab	PROPN	kebab
whoopi	PROPN	whoopi
painless	ADJ	indolore
pani	ADJ	pani
putty	PROPN	mastic
zambrano	PROPN	zambrano
earthy	ADJ	terreux
ezequiel	PROPN	ezequiel
aniston	PROPN	aniston
carmody	NOUN	carmody
pandemonium	NOUN	pandemonium
avanti	VERB	avanti
odile	ADV	odile
nyssa	ADJ	nyssa
anabel	VERB	anabel
envious	ADJ	envieux
riaz	PROPN	riaz
sawdust	VERB	sciure
lemmy	PROPN	lemmy
berkowitz	PROPN	berkowitz
arlo	PROPN	arlo
ember	NOUN	braise
alcazar	NOUN	alcazar
irradiate	VERB	irradié
geir	ADJ	geir
nagi	PROPN	nagi
adem	VERB	adem
skyler	NOUN	skyler
tadashi	PROPN	tadashi
joker	NOUN	joker
mcd	VERB	mcd
seaver	PROPN	seaver
masha	PROPN	macha
boar	NOUN	sangliers
trawl	NOUN	chalut
detonator	NOUN	détonateurs
indoctrination	NOUN	endoctrinement
understatement	NOUN	euphémisme
impress	NOUN	impressionne
salami	PROPN	saucisson
karr	NOUN	karr
chard	ADV	chard
dougal	ADJ	dougal
darnley	NOUN	darnley
voy	VERB	voy
steinmetz	ADV	steinmetz
cadmus	VERB	cadmus
mintz	PROPN	mintz
rivet	VERB	captivant
hennessey	ADJ	hennessey
vlado	PROPN	vlado
warm	NOUN	réchauffe
ecg	PROPN	ecg
achim	NOUN	achim
yah	NOUN	yah
doh	PROPN	doh
blossoming	NOUN	floraison
neiman	PROPN	neiman
glo	PROPN	glo
ultron	NOUN	ultron
sussman	NOUN	sussman
bloodhound	VERB	limier
hyperspace	NOUN	hyperespace
swipe	NOUN	piquer
kristoffer	NOUN	kristoffer
nev	PROPN	nev
poltergeist	NOUN	poltergeist
bruner	NOUN	bruner
hoke	PROPN	hoke
suki	X	suki
cuttlefish	PROPN	seiche
pika	PROPN	pika
insubordination	NOUN	insubordination
mildew	NOUN	moisissure
toga	NOUN	toge
wirt	VERB	wirt
hemorrhagic	ADJ	hémorragiques
chuen	NOUN	chuen
zeb	VERB	zeb
suvs	NOUN	vus
riesle	VERB	riesle
merman	PROPN	merman
murmur	PROPN	murmure
eee	NOUN	eee
cynic	ADJ	cynique
nando	VERB	nando
sonu	NOUN	sonu
mailman	NOUN	facteur
plunger	NOUN	piston
cocky	PROPN	arrogant
insinuation	NOUN	insinuation
turpentine	VERB	térébenthine
ere	VERB	ere
serling	NOUN	serling
donati	PROPN	donati
inoperable	ADJ	inopérable
nono	X	nono
tsutomu	VERB	tsutomu
kaos	PROPN	kaos
indulgent	VERB	indulgente
margit	PROPN	margit
kerri	NOUN	kerri
decently	ADV	décemment
diabolical	ADJ	diaboliques
zito	NOUN	zito
toil	NOUN	labeur
repellent	NOUN	repoussant
yayoi	NOUN	yayoi
deductible	ADJ	franchise
thar	NOUN	thar
schnabel	PROPN	schnabel
cicely	ADV	cicely
microchip	NOUN	microprocesseur
walken	ADJ	walken
desiree	NOUN	désirée
mowgli	NOUN	mowgli
beltran	PROPN	beltran
womanhood	NOUN	féminité
manju	PROPN	manju
pungent	ADJ	piquant
passe	NOUN	passe
ble	ADJ	ble
candi	VERB	candi
estella	NOUN	estella
bookkeepe	VERB	comptabilité
mdma	PROPN	mdma
triage	NOUN	triage
decryption	NOUN	décryptage
sensuality	NOUN	sensualité
nobuo	PROPN	nobuo
chechens	PROPN	tchétchènes
gilly	ADV	gilly
arsenio	PROPN	arsenio
manda	NOUN	manda
korra	NOUN	korra
lilli	PROPN	lilli
dunphy	NOUN	dunphy
boylan	VERB	boylan
godly	ADV	pieux
haa	NOUN	haa
inconceivable	ADJ	inconcevable
coley	NOUN	coley
tarr	PROPN	tarr
noelle	PROPN	noelle
farrah	PROPN	farrah
maz	NOUN	maz
ctu	PROPN	ctu
daan	PROPN	daan
ubu	NOUN	ubu
gerbil	PROPN	gerbille
bogey	PROPN	bogey
sania	PROPN	sania
corelli	VERB	corelli
complicit	NOUN	complice
dima	PROPN	dima
mag	NOUN	mag
cus	NOUN	cus
kha	PROPN	kha
laz	ADJ	laz
kash	NOUN	kash
penner	NOUN	penner
telephone	VERB	téléphoné
lansky	PROPN	lansky
inari	PROPN	inari
bamba	NOUN	bamba
indelible	ADJ	indélébile
ferment	PROPN	ferment
ng	NOUN	ng
maeve	VERB	maeve
cuzco	PROPN	cuzco
courier	VERB	coursiers
condiment	NOUN	condiment
ke	VERB	ke
oberoi	NOUN	oberoi
stipulate	NOUN	stipuler
colter	NOUN	colter
clog	VERB	colmatage
ruda	NOUN	ruda
rudely	ADV	grossièrement
maggot	VERB	larve
tatsumi	PROPN	tatsumi
hetty	PROPN	hetty
puckett	PROPN	puckett
hypo	NOUN	hypoglycémie
leftover	NOUN	restes
concierge	NOUN	conciergerie
hairspray	VERB	laque
keiichi	PROPN	keiichi
clot	VERB	coagulation
biggie	NOUN	biggie
rhubarb	VERB	rhubarbe
painstaking	ADJ	laborieux
guerilla	NOUN	guérilleros
carabinieri	PROPN	carabiniers
vac	ADJ	vac
mette	PROPN	mette
babi	NOUN	babi
bookshelf	PRON	étagère
superbly	ADV	superbement
francais	PROPN	francais
peel	VERB	épluché
ryoko	VERB	ryoko
navin	NOUN	navin
ballinger	NOUN	ballinger
edwina	PROPN	edwina
etty	ADV	etty
palpable	ADJ	palpable
brainstorm	NOUN	brainstorm
soraya	PROPN	soraya
pressman	NOUN	pressman
kiley	PROPN	kiley
tabby	NOUN	tabby
terrorize	VERB	terrorisée
kimiko	PROPN	kimiko
solange	PROPN	solange
carelessly	ADV	négligemment
beleaguer	VERB	assiégée
kyra	PROPN	kyra
celina	NOUN	celina
expedite	VERB	accéléré
bumble	ADJ	bumble
satomi	NOUN	satomi
valjean	VERB	valjean
karnak	PROPN	karnak
surety	NOUN	caution
pariah	PROPN	paria
yukari	PROPN	yukari
berle	PROPN	berle
bod	VERB	dbo
irreparable	ADJ	irréparable
pera	NOUN	pera
mow	VERB	tondre
except	VERB	exemptées
bic	ADJ	bic
lando	VERB	lando
ulrik	VERB	ulrik
solana	PROPN	solana
pantie	NOUN	culottes
debutante	NOUN	débutante
saverio	NOUN	saverio
manfredi	PROPN	manfredi
santini	NOUN	santini
sordid	VERB	sordide
chrissy	VERB	chrissy
cmdr	NOUN	cmdr
espen	VERB	espen
transpose	VERB	transposer
stabilise	PROPN	stabiliser
drunkard	NOUN	ivrogne
sdi	X	ids
fanaticism	NOUN	fanatisme
cranium	NOUN	crâne
mathur	PROPN	mathur
polonium	NOUN	polonium
espada	PROPN	espada
irritable	ADJ	irritable
boop	NOUN	boop
carlito	PROPN	carlito
ducky	ADJ	ducky
burrito	PROPN	burrito
zweig	NOUN	zweig
zenon	PROPN	zenon
gullible	ADJ	crédule
sprain	VERB	entorse
dreyfuss	ADJ	dreyfuss
hittite	VERB	hittite
skateboard	NOUN	skateboard
ravage	NOUN	ravager
oye	VERB	oye
seltzer	NOUN	seltzer
ryuji	PROPN	ryuji
collard	PROPN	collard
pillaging	NOUN	pillage
moana	PROPN	moana
thurber	NOUN	thurber
buckshot	PROPN	chevrotine
mclane	NOUN	mclane
wahoo	PROPN	wahoo
betrothal	PROPN	fiançailles
castiel	VERB	castiel
cecile	VERB	cécile
mump	NOUN	oreillons
tami	PROPN	tami
calmer	PROPN	calmer
ortho	PROPN	ortho
kaitlyn	PROPN	kaitlyn
ventilator	NOUN	respirateur
dupe	VERB	dupé
blane	VERB	blane
laroche	PROPN	laroche
clove	VERB	gousse
invoice	PROPN	facture
carelessness	NOUN	insouciance
obey	NOUN	obéit
connally	ADV	connally
malachy	NOUN	malachy
helmer	NOUN	helmer
psychic	NOUN	médiums
inadmissible	ADJ	irrecevabilité
tortilla	NOUN	tortillas
predisposition	NOUN	prédisposition
slat	NOUN	lattes
mitzi	VERB	mitzi
duster	NOUN	duster
menendez	PROPN	menendez
brubaker	NOUN	brubaker
saori	NOUN	saori
crotch	NOUN	entrejambe
spotter	NOUN	guetteur
vanni	PROPN	vanni
texte	VERB	textos
indomitable	ADJ	indomptable
wrinkle	VERB	froissé
adorable	ADJ	adorables
costner	NOUN	costner
urethra	VERB	urètre
malleable	ADJ	malléable
marcelle	NOUN	marcelle
anaesthetic	ADJ	anesthésique
geno	NOUN	geno
goren	NOUN	goren
pip	NOUN	pépins
swank	PROPN	swank
forger	NOUN	faussaire
hippy	ADJ	hippie
loin	VERB	longe
cruickshank	VERB	cruickshank
geum	NOUN	geum
steakhouse	PROPN	steakhouse
hori	ADV	hori
mariel	ADJ	mariel
walnut	NOUN	noix
macgyver	PROPN	macgyver
vil	ADJ	vil
gendarme	VERB	gendarme
dimas	PROPN	dimas
animus	NOUN	animus
dink	VERB	dink
gracia	NOUN	gracia
mew	NOUN	mew
vallarta	PROPN	vallarta
quince	NOUN	quince
mascara	PROPN	mascara
juju	NOUN	juju
grout	NOUN	coulis
deceitful	ADJ	fourbe
sudoku	PROPN	sudoku
adlai	PROPN	adlai
rivet	NOUN	rivet
streamer	NOUN	serpentins
shabana	PROPN	shabana
nagisa	PROPN	nagisa
joana	PROPN	joana
makino	NOUN	makino
insatiable	ADJ	insatiable
joao	PROPN	joao
maul	NOUN	maul
barris	PROPN	barris
dunkin	PROPN	dunkin
conundrum	NOUN	énigme
domicile	VERB	domicile
lovingly	ADV	amoureusement
nigga	PROPN	négro
ginza	NOUN	ginza
be	NOUN	be
harness	VERB	attelé
nakai	ADV	nakai
inoculation	NOUN	inoculation
wrinkle	NOUN	rides
fakir	VERB	fakir
morell	PROPN	morell
strangler	NOUN	étrangleur
spivey	VERB	spivey
joann	PROPN	joann
poindexter	NOUN	poindexter
burie	NOUN	enterre
teflon	VERB	téflon
triceratop	NOUN	triceratop
airtight	NOUN	hermétique
bastien	PROPN	bastien
nassar	ADJ	nassar
scylla	NOUN	scylla
sass	VERB	sass
convalescent	NOUN	convalescent
polygraph	PROPN	polygraphe
convulsion	NOUN	convulsion
uzi	PROPN	uzi
pasa	NOUN	pasa
claud	NOUN	claud
helle	PROPN	helle
harmonize	VERB	harmoniser
doable	ADJ	faisable
emre	PROPN	emre
shoji	PROPN	shoji
tadpole	NOUN	têtard
petey	PROPN	petey
quicksand	VERB	quicksand
tactically	ADV	tactiquement
premeditate	VERB	prémédité
kwak	PROPN	kwak
brotherly	ADV	fraternel
galahad	VERB	galahad
inhospitable	ADJ	inhospitalier
immutable	ADJ	immuable
loong	PROPN	loong
labor	VERB	laborieuse
natsumi	PROPN	natsumi
lissa	PROPN	lissa
bardo	ADJ	bardo
perversion	NOUN	perversion
hiker	PROPN	randonneurs
masako	ADJ	masako
hisashi	PROPN	hisashi
prime	VERB	amorcé
cutlass	VERB	cutlass
strato	NOUN	strato
naoto	NOUN	naoto
unseemly	ADV	inconvenant
crispy	NOUN	croustillant
althea	PROPN	althea
camorra	NOUN	camorra
inextricably	ADV	inextricablement
snare	NOUN	pièges
fusco	PROPN	fusco
repress	NOUN	réprimer
crutche	VERB	béquilles
leonie	PROPN	leonie
gdansk	PROPN	gdansk
sasa	PROPN	sasa
ishihara	PROPN	ishihara
tulip	NOUN	tulipes
coriander	NOUN	coriandre
modigliani	ADJ	modigliani
tropez	NOUN	tropez
emmeline	NOUN	emmeline
infidel	NOUN	infidèles
voicemail	PROPN	vocale
simo	NOUN	simo
tame	VERB	apprivoisé
kuni	PROPN	kuni
ogata	NOUN	ogata
ghul	NOUN	ghul
rawdon	PROPN	rawdon
jono	PROPN	jono
microcosm	PROPN	microcosme
hoffa	PROPN	hoffa
sedation	NOUN	sédation
whey	VERB	lactosérum
helmsman	NOUN	timonier
jez	NOUN	jez
coolness	PROPN	fraîcheur
roti	NOUN	roti
manifest	VERB	manifestant
eraser	NOUN	gomme
stillwell	PROPN	stillwell
lioness	NOUN	lionne
stabilizer	NOUN	stabilisateurs
parkman	NOUN	parkman
unrelenting	ADJ	implacable
zanuck	VERB	zanuck
shum	ADJ	shum
laurel	NOUN	lauriers
marceau	NOUN	marceau
mitsuru	NOUN	mitsuru
napster	NOUN	napster
immemorial	ADJ	immémorial
rekindle	NOUN	raviver
kitano	PROPN	kitano
indecency	NOUN	indécence
diorama	NOUN	diorama
boarder	PROPN	pensionnaire
bouncy	NOUN	gonflable
gallifrey	PROPN	gallifrey
paprika	NOUN	paprika
recklessly	ADV	imprudemment
lelouch	ADJ	lelouch
sequester	VERB	séquestré
monogamy	NOUN	monogamie
sado	VERB	sado
rosamund	NOUN	rosamund
gusto	PROPN	gusto
kaka	PROPN	kaka
epcot	NOUN	epcot
phallus	NOUN	phallus
kneel	NOUN	agenouiller
libido	NOUN	libido
omen	NOUN	présages
drax	NOUN	drax
fett	PROPN	fett
sachiko	NOUN	sachiko
schon	PROPN	schon
abalone	PROPN	abalone
bacall	PROPN	bacall
switchboard	NOUN	standard
ligature	NOUN	ligature
haemorrhage	NOUN	hémorragie
stimulant	NOUN	stimulant
promiscuity	NOUN	promiscuité
obstetrician	PROPN	obstétricien
hurrah	PROPN	hourra
jammer	NOUN	jammer
mattia	NOUN	mattia
katsura	PROPN	katsura
delbert	VERB	delbert
nanna	PROPN	nanna
docker	NOUN	docker
asakura	ADV	asakura
impolite	ADJ	impoli
molto	NOUN	molto
newsome	VERB	newsome
alli	PROPN	alli
leukaemia	VERB	leucémie
outrun	VERB	distancer
toya	NOUN	toya
capricious	ADJ	capricieux
blunder	NOUN	bévues
chartreuse	NOUN	chartreuse
sore	NOUN	plaies
littlejohn	PROPN	littlejohn
hippos	PROPN	hippopotames
ingrain	VERB	enracinée
pensioner	PROPN	retraité
jumble	ADJ	fouillis
noboru	NOUN	noboru
jap	PROPN	jap
santino	VERB	santino
acetylene	PROPN	acétylène
casing	NOUN	douilles
capa	VERB	capa
joffrey	NOUN	joffrey
bullwinkle	NOUN	bullwinkle
kudo	PROPN	kudo
jeri	PROPN	jeri
metronome	VERB	métronome
mango	NOUN	mangues
hombre	NOUN	hombre
cheri	ADJ	cheri
resection	NOUN	résection
adaptability	NOUN	adaptabilité
pasolini	NOUN	pasolini
oatmeal	ADJ	gruau
meditate	NOUN	méditer
pinkie	PROPN	pinky
lawlessness	VERB	anarchie
tailgate	VERB	hayon
norval	NOUN	norval
pestilence	NOUN	peste
pel	PROPN	pel
airbag	PROPN	airbags
janina	PROPN	janina
electrolyte	NOUN	électrolytes
kaga	NOUN	kaga
camcorder	NOUN	caméscope
ruthie	PROPN	ruthie
wart	ADJ	verrue
venereal	NOUN	vénériennes
rafa	PROPN	rafa
tasteless	ADJ	insipide
shiver	NOUN	frissons
holler	VERB	holler
electrocute	VERB	électrocuté
kaneda	PROPN	kaneda
olle	NOUN	olle
yoshiko	VERB	yoshiko
cranford	PROPN	cranford
khai	PROPN	khai
inedible	ADJ	immangeable
changeable	ADJ	changeant
cranky	ADJ	grincheux
neurosis	NOUN	névrose
zod	PROPN	zod
soren	PROPN	soren
strangulation	NOUN	étranglement
machu	PROPN	machu
pujol	NOUN	pujol
margarine	VERB	margarine
latte	NOUN	latte
lindo	NOUN	lindo
kak	PROPN	kak
gramercy	NOUN	gramercy
fet	PROPN	fet
thermostat	VERB	thermostat
shauna	VERB	shauna
ashura	NOUN	ashura
crone	NOUN	crone
hoss	ADJ	hoss
pollux	NOUN	pollux
sanctify	VERB	sanctifié
dud	PROPN	dud
pallet	NOUN	palettes
spassky	PROPN	spassky
wonka	NOUN	wonka
temperamental	ADJ	capricieux
stinky	ADJ	puant
keitel	NOUN	keitel
sinead	VERB	sinead
lafleur	VERB	lafleur
senile	NOUN	sénile
yoyo	NUM	yoyo
circumcise	VERB	circoncis
fein	PROPN	fein
prosthetic	NOUN	prothèses
hipster	VERB	hipster
abject	VERB	abjecte
insinuate	VERB	insinuer
edelstein	PROPN	edelstein
kif	PROPN	kif
skinhead	VERB	skinheads
tetanus	VERB	tétanos
bardot	NOUN	bardot
takuma	NOUN	takuma
fruity	NOUN	fruité
rox	PROPN	rox
spanky	ADJ	spanky
mucho	NOUN	mucho
thallium	VERB	thallium
ringtone	ADJ	sonnerie
extravagance	NOUN	extravagance
hehe	ADV	hihi
hardcastle	PROPN	hardcastle
carb	ADJ	glucides
heitor	NOUN	heitor
excavator	NOUN	pelles
spellman	NOUN	spellman
kir	PROPN	kir
parka	NOUN	parka
dahmer	PROPN	dahmer
abysmal	ADJ	épouvantables
lafferty	NOUN	lafferty
kazuma	PROPN	kazuma
disembark	NOUN	débarquer
taguchi	VERB	taguchi
reynard	PROPN	reynard
turnip	NOUN	navet
shiver	VERB	frisson
dado	NOUN	dado
barret	VERB	barret
frit	VERB	frit
jaundice	NOUN	jaunisse
plimpton	PROPN	plimpton
spangler	NOUN	spangler
suffocation	NOUN	étouffement
scallop	VERB	pétoncles
carlota	PROPN	carlota
kokoro	PROPN	kokoro
midsomer	NOUN	midsomer
grated	ADJ	râpé
davina	NOUN	davina
hanne	ADJ	hanne
injector	NOUN	injecteur
pillage	NOUN	piller
godiva	NOUN	godiva
reprehensible	ADJ	répréhensibles
domo	VERB	domo
jessy	NOUN	jessy
knot	VERB	noué
clotilde	PROPN	clotilde
hermaphrodite	PROPN	hermaphrodite
sternum	NOUN	sternum
sajid	VERB	sajid
urination	NOUN	miction
kuki	PROPN	kuki
roadie	PROPN	roadie
rheumatism	NOUN	rhumatismes
sunnydale	PROPN	sunnydale
agathe	ADV	agathe
coax	ADV	coaxial
pritchett	PROPN	pritchett
ico	PROPN	ico
coachman	NOUN	cocher
lohengrin	PROPN	lohengrin
pimp	NOUN	proxénètes
premonition	NOUN	prémonition
kryptonian	PROPN	kryptonien
civilise	VERB	civilisées
leche	PROPN	leche
talli	NOUN	talli
pepa	NOUN	pepa
esme	PROPN	esme
djinn	PROPN	djinn
illuminate	NOUN	illumine
scientologist	ADJ	scientologue
refill	NOUN	recharge
tattoo	VERB	tatouage
artisanal	ADJ	artisanale
zoya	X	zoya
affront	NOUN	affront
hyperactive	ADJ	hyperactif
lumpy	ADJ	lumpy
otsuka	VERB	otsuka
chinchilla	NOUN	chinchilla
excrement	VERB	excréments
uesugi	VERB	uesugi
madhuri	PROPN	madhuri
tarik	PROPN	tarik
baton	NOUN	matraques
zedd	NOUN	zedd
mcginty	NOUN	mcginty
kerstin	PROPN	kerstin
heparin	NOUN	héparine
fido	VERB	fido
overcoat	NOUN	pardessus
angina	PROPN	angine
ointment	ADJ	pommade
feroz	NOUN	feroz
cath	NOUN	cath
spellbound	VERB	spellbound
laetitia	NOUN	laetitia
vulcan	NOUN	vulcains
bicep	NOUN	bicep
denzil	PROPN	denzil
gaucho	NOUN	gaucho
nima	NUM	nima
florist	NOUN	fleuriste
pitiful	ADJ	pitoyable
nob	PROPN	nob
claridge	NOUN	claridge
navidad	PROPN	navidad
heartbreaker	VERB	heartbreaker
mediocrity	NOUN	médiocrité
allegra	PROPN	allegra
gervase	NOUN	gervase
ricki	PROPN	ricki
flattery	NOUN	flatterie
valde	VERB	valde
akagi	NOUN	akagi
rekindle	VERB	ravivé
bast	NOUN	bast
tub	NOUN	baignoires
tico	PROPN	tico
curl	NOUN	boucles
sdl	PROPN	sdl
pizzeria	PROPN	pizzeria
mimosa	PROPN	mimosa
aerobics	NOUN	aérobic
puyo	NOUN	puyo
alisha	NOUN	alisha
hibernate	VERB	hibernation
drusilla	NOUN	drusilla
boudreau	NOUN	boudreau
tucci	ADJ	tucci
mancuso	PROPN	mancuso
epinephrine	NOUN	adrénaline
keira	PROPN	keira
incessantly	ADV	incessamment
doren	PROPN	doren
babysitte	VERB	gardiennage
oyama	NOUN	oyama
culpepper	NOUN	culpepper
pansy	ADJ	tapette
macduff	NOUN	macduff
jinn	VERB	djinns
satchel	PROPN	sacoche
perri	NOUN	perri
scarve	VERB	foulards
sarita	PROPN	sarita
fag	INTJ	pédé
kilroy	VERB	kilroy
maggot	NOUN	asticots
ackroyd	PROPN	ackroyd
medellin	NOUN	medellin
uninhabitable	ADJ	inhabitable
mosca	NOUN	mosca
hanging	NOUN	pendaisons
unwavere	VERB	inébranlable
dumpster	PROPN	benne
slimy	PROPN	visqueux
slipstream	PROPN	hyperespace
reddick	VERB	reddick
suga	PROPN	suga
harpo	NOUN	harpo
danner	NOUN	danner
rog	VERB	rog
haruhi	VERB	haruhi
encino	NOUN	encino
harrigan	PROPN	harrigan
foolishness	NOUN	sottise
nobis	X	nobis
loaf	NOUN	miches
sayid	NOUN	sayid
zuckerberg	PROPN	zuckerberg
firecracker	NOUN	pétard
sociable	ADJ	sociable
devouring	ADJ	dévorant
durian	PROPN	durian
haughty	VERB	hautaine
yanni	PROPN	yanni
giorno	PROPN	giorno
antiseptic	ADJ	antiseptique
costanza	PROPN	costanza
tereza	PROPN	tereza
dumbo	PROPN	dumbo
lexie	VERB	lexie
kenzo	NOUN	kenzo
codeine	NOUN	codéine
surfboard	PROPN	planche
earthworm	VERB	earthworm
hatun	NOUN	hatun
alai	PROPN	alai
delinquent	VERB	délinquants
wombat	VERB	wombat
extort	NOUN	extorquer
laney	PROPN	laney
corner	VERB	virages
refocus	PROPN	recentrer
schnell	VERB	schnell
bunche	NOUN	grappes
rattle	VERB	cliquetis
ziva	PROPN	ziva
evi	VERB	evi
corinna	PROPN	corinna
olmedo	NOUN	olmedo
varner	NOUN	varner
dehydrate	VERB	déshydratée
mcavoy	NOUN	mcavoy
waikiki	PROPN	waikiki
motorcade	NOUN	cortège
tommie	PROPN	tommie
demente	VERB	dément
seedy	ADJ	miteux
graciela	PROPN	graciela
sanna	PROPN	sanna
suh	PROPN	suh
leann	PROPN	leann
indecision	NOUN	indécision
touchy	ADJ	susceptible
unscheduled	ADJ	imprévue
reassurance	NOUN	rassurer
kasi	NOUN	kasi
jeopardize	VERB	compromettre
splinter	NOUN	éclats
ambiance	NOUN	ambiance
roop	NOUN	roop
maruyama	PROPN	maruyama
wisteria	PROPN	wisteria
impatience	NOUN	impatience
groundhog	NOUN	marmotte
eyeglass	NOUN	lunettes
hirata	NOUN	hirata
ara	NOUN	ara
cardio	NOUN	cardio
prowl	NOUN	rôder
graziano	VERB	graziano
walkie	NOUN	talkie
shota	PROPN	shota
castrate	VERB	castré
shackle	NOUN	carcan
dashwood	NOUN	dashwood
lafitte	NOUN	lafitte
stefania	PROPN	stefania
repugnant	ADJ	répugnant
weng	PROPN	weng
mug	NOUN	tasses
irrigate	VERB	irriguer
kanna	PROPN	kanna
ferrante	NOUN	ferrante
jace	ADJ	jace
radovan	PROPN	radovan
sterilize	VERB	stérilisés
worrisome	ADJ	inquiétant
tenzin	VERB	tenzin
nadja	PROPN	nadja
gratis	NOUN	gratis
spotless	VERB	impeccable
rance	NOUN	rance
playbook	VERB	playbook
extinguisher	NOUN	extincteur
gremlin	NOUN	gremlin
grappa	PROPN	grappa
stuckey	PROPN	stuckey
sardine	NOUN	sardines
saudi	NOUN	saoudiens
reproach	VERB	reproche
impotent	NOUN	impuissante
tetsuo	VERB	tetsuo
madoka	NOUN	madoka
destabilize	VERB	déstabiliser
malina	PROPN	malina
speakeasy	PROPN	speakeasy
shadwell	VERB	shadwell
infidel	PROPN	infidèle
irrevocably	ADV	irrévocablement
electrocution	NOUN	électrocution
immobilize	VERB	immobilisé
amoral	ADJ	amoral
whim	NOUN	caprices
indivisible	ADJ	indivisibles
corny	VERB	corny
children	NOUN	enfants
hinkle	NOUN	hinkle
decontamination	NOUN	dépollution
dishwasher	NOUN	plongeur
foreskin	PROPN	prépuce
exhilarate	VERB	exaltant
appa	NOUN	appa
devereaux	ADJ	devereaux
faint	VERB	évanouissement
ghoul	NOUN	goules
apathetic	ADJ	apathique
rino	VERB	rino
cruelly	ADV	cruellement
zin	VERB	zin
liane	ADJ	liane
izumo	PROPN	izumo
haggis	ADV	haggis
metin	NOUN	metin
bartlet	NOUN	bartlet
arty	PROPN	arty
worship	NOUN	vénère
bereavement	NOUN	deuil
cheerfully	ADV	allègrement
vala	PROPN	vala
brunson	PROPN	brunson
lob	ADV	lob
malkovich	PROPN	malkovich
pompadour	NOUN	pompadour
lauryn	PROPN	lauryn
gangrene	NOUN	gangrène
piercing	NOUN	piercing
bama	NOUN	bama
zooming	NOUN	zoomer
ostracize	VERB	ostracisme
shahrukh	PROPN	shahrukh
pissarro	NOUN	pissarro
kms	PROPN	kms
bormann	PROPN	bormann
asphyxiation	NOUN	asphyxie
ravan	PROPN	ravan
heroic	NOUN	héroïsme
posture	VERB	gesticulations
basta	PROPN	basta
isamu	ADJ	isamu
naz	PROPN	naz
ruby	NOUN	rubis
jano	NOUN	jano
caputo	VERB	caputo
decoy	NOUN	leurres
nazca	PROPN	nazca
profiler	NOUN	profiler
banger	NOUN	banger
vespa	VERB	vespa
disobey	VERB	désobéir
hongkong	PROPN	hongkong
omnipresent	NOUN	omniprésence
yoshiki	ADJ	yoshiki
philistines	PROPN	philistins
beluga	PROPN	béluga
marly	ADV	marly
diya	PROPN	diya
ozu	NOUN	ozu
reverie	PROPN	rêverie
rackham	PROPN	rackham
fela	PROPN	fela
unveil	PROPN	dévoile
treme	NOUN	treme
lighter	NOUN	briquets
impotence	NOUN	impuissance
charmer	NOUN	charmeur
lanny	PROPN	lanny
desperado	VERB	desperado
sugita	PROPN	sugita
buttermilk	NOUN	babeurre
python	NOUN	python
leprechaun	ADJ	lutin
reassess	NOUN	réévaluer
juve	PROPN	juve
elspeth	VERB	elspeth
stauffenberg	PROPN	stauffenberg
brunch	NOUN	brunch
dislodge	VERB	délogé
reuven	ADV	reuven
ojai	PROPN	ojai
boycott	VERB	boycotter
marita	X	marita
subsidize	VERB	subventionner
kosh	PROPN	kosh
ryland	VERB	ryland
tillie	PROPN	tillie
stroll	VERB	flâner
vanya	PROPN	vanya
moz	VERB	moz
transmutation	NOUN	transmutation
greendale	NOUN	greendale
pauley	NOUN	pauley
frederico	PROPN	frederico
cask	NOUN	fûts
tripe	NOUN	tripes
sanh	VERB	sanh
bresson	PROPN	bresson
spoonful	ADJ	cuillerée
fingering	NOUN	doigté
bix	PROPN	bix
jabez	PROPN	jabez
kray	PROPN	kray
flaubert	VERB	flaubert
bugsy	NOUN	bugsy
alexi	NOUN	alexi
stiletto	NOUN	stiletto
meatball	NOUN	boulettes
zev	NOUN	zev
vaccinate	VERB	vacciné
perfectionist	NOUN	perfectionniste
rejuvenate	VERB	rajeuni
parisian	NOUN	parisiens
lodz	NOUN	lodz
critter	NOUN	créatures
sultry	NOUN	sensuel
doa	PROPN	doa
koontz	PROPN	koontz
rahm	NOUN	rahm
balm	PROPN	baume
inevitability	NOUN	fatalité
sansa	PROPN	sansa
shyness	VERB	timidité
buzzard	NOUN	buses
rust	VERB	rouillée
dinky	ADJ	dinky
dropping	NOUN	déjections
lox	PROPN	lox
typist	NOUN	dactylo
absolve	VERB	pardonné
aah	PROPN	aah
wpc	PROPN	wpc
nozomi	NOUN	nozomi
indignant	NOUN	indigné
bronte	VERB	bronte
pounce	NOUN	bondir
golda	NOUN	golda
decrypt	ADV	décrypter
disconcert	VERB	déconcertant
madi	NOUN	madi
bindu	NOUN	bindu
priam	PROPN	priam
evander	NOUN	evander
salud	NOUN	salud
morty	NOUN	morty
sprout	VERB	germination
sontag	NOUN	sontag
stink	NOUN	pue
gape	VERB	béant
mingle	PROPN	mêler
prager	PROPN	prager
tinker	VERB	bricoler
pajama	X	pyjama
sphincter	ADV	sphincter
frost	VERB	givré
nol	ADV	nol
adage	NOUN	adage
pus	PROPN	pus
brumby	NOUN	brumby
badass	VERB	dur
saro	NOUN	saro
incinerator	NOUN	incinérateurs
soame	NOUN	soame
polina	NOUN	polina
disagreeable	ADJ	désagréable
attache	VERB	attache
macha	PROPN	macha
reimburse	VERB	remboursées
birdy	VERB	birdy
incantation	NOUN	incantation
dilbert	NOUN	dilbert
cuz	ADP	cousin
paltrow	PROPN	paltrow
gro	VERB	gro
lentil	NOUN	lentilles
hella	PROPN	hella
picchu	PROPN	picchu
boba	NOUN	boba
fuchsia	NOUN	fuchsia
lah	PROPN	lah
aurore	ADV	aurore
clipboard	PROPN	planchette
yoru	PROPN	yoru
lemming	NOUN	lemming
piglet	NOUN	porcelet
touche	NOUN	touche
deke	ADJ	deke
delicately	ADV	délicatement
fertiliser	NOUN	engrais
henna	PROPN	henné
astonishingly	ADV	étonnamment
nari	PROPN	nari
spank	VERB	fessée
kinoshita	X	kinoshita
barnyard	NOUN	barnyard
beyonce	NOUN	beyoncé
wawa	PROPN	wawa
frugal	PROPN	économe
jamey	PROPN	jamey
sculpt	PROPN	sculpter
masaru	NOUN	masaru
tincture	NOUN	teinture
elke	ADV	elke
jurgen	PROPN	jurgen
bunsen	VERB	bunsen
armband	ADP	brassard
kawamura	PROPN	kawamura
lali	PROPN	lali
pogue	NOUN	pogue
conny	PROPN	conny
vivi	NOUN	vivi
cash	VERB	encaissé
bubbly	ADV	pétillante
chatty	PROPN	bavarde
mogen	VERB	mogen
belladonna	PROPN	belladonna
ginseng	PROPN	ginseng
yori	NOUN	yori
pajama	NOUN	pyjamas
cavaliere	NOUN	cavaliere
welder	NOUN	soudeur
pyro	NOUN	pyro
quasimodo	NOUN	quasimodo
exorbitant	ADJ	exorbitants
jabba	PROPN	jabba
niobe	NOUN	niobe
wax	VERB	épilation
tash	NOUN	tash
quiver	NOUN	carquois
icarly	ADV	icarly
suma	NOUN	suma
trash	VERB	saccagé
fatma	PROPN	fatma
bork	NOUN	bork
cranberry	NOUN	canneberges
dudu	NOUN	dudu
montez	NOUN	montez
throb	VERB	lancinante
seep	NOUN	suintements
underpant	NOUN	caleçon
violette	NOUN	violette
calamitie	VERB	calamités
fed	NOUN	fédéraux
swayze	VERB	swayze
kuro	NOUN	kuro
hologram	NOUN	hologrammes
sentimentality	NOUN	sentimentalité
shinobi	PROPN	shinobi
omo	ADJ	omo
invulnerable	ADJ	invulnérable
handlebar	NOUN	guidon
narcisse	NOUN	narcisse
carstair	NOUN	carstair
obstinate	VERB	obstiné
sayonara	VERB	sayonara
soya	PROPN	soja
mung	PROPN	mung
tch	VERB	tch
beamer	NOUN	beamer
anise	NOUN	anis
bartleby	NOUN	bartleby
joong	PROPN	joong
westley	PROPN	westley
nettie	PROPN	nettie
doughnut	NOUN	donuts
tetsu	NOUN	tetsu
nicklas	PROPN	nicklas
infirm	VERB	infirmes
paedophile	NOUN	pédophile
baywatch	VERB	baywatch
sneeze	VERB	éternuer
kenna	PROPN	kenna
hygienic	ADJ	hygiéniques
yearbook	VERB	annuaires
dalia	VERB	dalia
roark	NOUN	roark
synchro	NOUN	synchro
noob	PROPN	noob
baltar	PROPN	baltar
ramse	NOUN	ramsès
meditate	VERB	méditer
mochizuki	NOUN	mochizuki
cloak	VERB	occulté
spaceman	PROPN	spaceman
courtland	VERB	courtland
trimmer	NOUN	trimmer
buckman	PROPN	buckman
tarp	VERB	bâche
oktoberf	ADJ	oktoberf
reshape	NOUN	remodeler
spiller	NOUN	spiller
idiocy	PROPN	idiotie
pok	NOUN	pok
orm	NOUN	orm
takeru	PROPN	takeru
lapel	NOUN	revers
retard	NOUN	retardé
disloyalty	NOUN	déloyauté
mortgage	VERB	hypothéqué
crunchy	ADJ	croustillant
crumb	NOUN	miettes
hiccup	NOUN	hoquet
dismemberment	NOUN	mutilation
kuno	PROPN	kuno
cupcake	NOUN	cupcake
sone	ADJ	sone
banksy	NOUN	banksy
mig	NOUN	mig
consignment	NOUN	consignation
impregnable	ADJ	imprenable
joule	NOUN	joule
faruk	PROPN	faruk
plumber	NOUN	plombiers
gallbladder	NOUN	vésicule
faece	NOUN	fèces
brownie	VERB	brownie
hardball	PROPN	hardball
scrotum	NOUN	scrotum
saku	NOUN	saku
gacy	NOUN	gacy
wagstaff	PROPN	wagstaff
bijou	PROPN	bijou
unbelievably	ADV	incroyablement
stutter	NOUN	bégaiement
baggy	PROPN	baggy
whirling	NOUN	tourneurs
softness	VERB	douceur
doppelganger	ADV	sosie
voracious	ADJ	vorace
nomi	ADJ	nomi
bulge	VERB	gonflement
vanna	NOUN	vanna
penitent	PROPN	pénitent
rickie	VERB	rickie
muskrat	PROPN	muskrat
smelly	ADV	puant
skynet	NOUN	skynet
florin	NOUN	florin
argentinean	NOUN	argentins
elli	PROPN	elli
berthier	NOUN	berthier
tolerate	NOUN	tolère
beate	VERB	beate
witter	PROPN	witter
natsuki	PROPN	natsuki
elysian	PROPN	elysian
gringo	PROPN	gringo
beal	NOUN	beal
tassel	VERB	tassel
superheate	VERB	surchauffée
fatherhood	NOUN	paternité
fracke	VERB	fracturation
kasim	NOUN	kasim
santorini	VERB	santorin
extractor	NOUN	extracteur
extrapolate	VERB	extrapoler
markos	PROPN	markos
twine	NOUN	ficelle
munna	PROPN	munna
beam	VERB	téléporté
serf	VERB	serf
profiting	ADJ	profitant
gregoire	NOUN	gregoire
conover	PROPN	conover
malaise	NOUN	malaises
yike	VERB	beurk
tapioca	PROPN	tapioca
chiaki	PROPN	chiaki
eczema	PROPN	eczéma
barbarism	PROPN	barbarie
jaz	PROPN	jaz
gizmo	NOUN	gizmo
akashi	PROPN	akashi
looter	NOUN	pillards
dermatologist	NOUN	dermatologue
ascendant	ADJ	ascendant
ripen	VERB	mûrir
flynt	NOUN	flynt
machin	VERB	machin
enslave	VERB	asservir
carli	NOUN	carli
moan	VERB	gémir
pretzel	PROPN	bretzel
panna	NOUN	panna
tuo	NOUN	tuo
bloodthirsty	ADJ	sanguinaire
clamp	NOUN	pinces
desecrate	VERB	profané
refund	NOUN	remboursements
supermassive	ADJ	supermassif
erol	VERB	erol
yael	PROPN	yael
peddler	NOUN	colporteur
nikko	PROPN	nikko
selfie	PROPN	selfie
savin	PROPN	savin
hadji	VERB	hadji
naru	PROPN	naru
hubris	PROPN	orgueil
depositor	NOUN	déposants
halvorsen	PROPN	halvorsen
tamale	NOUN	tamale
econ	NOUN	econ
tsuchiya	VERB	tsuchiya
daniella	PROPN	daniella
hooliganism	NOUN	hooliganisme
habla	NOUN	habla
awol	NOUN	déserté
mocha	NOUN	moka
unspeakable	ADJ	indicible
paro	NOUN	paro
atone	NOUN	expier
saeki	PROPN	saeki
cadfael	PROPN	cadfael
tapas	PROPN	tapas
stench	NOUN	puanteur
bleed	NOUN	saigne
chutney	PROPN	chutney
monger	NUM	monger
ebba	NOUN	ebba
perfecto	PROPN	perfecto
backgammon	PROPN	backgammon
breeze	VERB	brise
roxie	PROPN	roxie
gynecologist	NOUN	gynécologue
tanto	ADV	tanto
minivan	PROPN	fourgonnette
bluth	NOUN	bluth
gertie	VERB	gertie
milf	PROPN	milf
duce	VERB	duce
gunderson	NOUN	gunderson
stewardess	ADJ	hôtesse
brinkman	NOUN	brinkman
elissa	VERB	elissa
duras	PROPN	duras
sedona	PROPN	sedona
blinky	ADJ	blinky
foetus	NOUN	fœtus
fado	PROPN	fado
rafiq	NOUN	rafiq
geyser	NOUN	geyser
ducat	NOUN	ducat
milkman	NOUN	laitier
morland	PROPN	morland
systolic	ADJ	systolique
ignite	NOUN	enflamme
nori	PROPN	nori
intercom	VERB	interphone
carmelita	NOUN	carmelita
hershel	PROPN	hershel
weed	VERB	désherbage
godson	PROPN	filleul
freckle	NOUN	rousseur
keanu	NOUN	keanu
solveig	NOUN	solveig
rutger	NOUN	rutger
skillet	PROPN	poêle
tigger	NOUN	tigrou
delorean	NOUN	delorean
undetectable	ADJ	indétectable
amira	PROPN	amira
stool	NOUN	tabouret
doss	VERB	doss
growl	VERB	grognement
muy	PROPN	muy
safekeepe	VERB	gardiennage
dorca	NOUN	dorca
benidorm	NOUN	benidorm
takako	VERB	takako
interrogator	NOUN	interrogateur
nakanishi	PROPN	nakanishi
maigret	PROPN	maigret
spasm	NOUN	spasmes
cutty	ADJ	cutty
exuberance	NOUN	exubérance
gianna	PROPN	gianna
jatin	NOUN	jatin
ayako	PROPN	ayako
yuu	PROPN	yuu
sombrero	NOUN	sombrero
fabiola	PROPN	fabiola
tremaine	VERB	tremaine
bloody	VERB	ensanglanté
burk	ADJ	burk
unbeatable	ADJ	imbattable
bisbee	NOUN	bisbee
spiritus	PROPN	spiritus
dictation	NOUN	dictée
grata	VERB	grata
bolus	PROPN	bolus
club	VERB	club
arvo	PROPN	arvo
pulley	NOUN	poulies
michi	PROPN	michi
crochet	PROPN	crochet
prowler	NOUN	rôdeur
miwa	PROPN	miwa
magoo	VERB	magoo
dorfman	NOUN	dorfman
spratt	PROPN	spratt
mckeever	NOUN	mckeever
malory	NOUN	malory
chagas	PROPN	chagas
ingot	NOUN	lingots
keener	PROPN	keener
marigny	NOUN	marigny
saboteur	NOUN	saboteur
hermano	NOUN	hermano
helter	VERB	helter
ele	NOUN	ele
tolliver	VERB	tolliver
esparza	PROPN	esparza
bagel	PROPN	bagel
escrow	VERB	séquestre
coldly	ADV	froidement
isadora	PROPN	isadora
norrie	PROPN	norrie
yanni	NOUN	yanni
kanan	PROPN	kanan
ugliness	ADJ	laideur
rationalize	VERB	rationaliser
subterfuge	NOUN	subterfuge
odie	PROPN	odie
ringleader	NOUN	meneur
yoshimura	NOUN	yoshimura
alleluia	PROPN	alleluia
romulan	VERB	romulien
nak	PROPN	nak
gumball	NOUN	gumball
kotaro	NOUN	kotaro
stonebridge	NOUN	stonebridge
jaclyn	PROPN	jaclyn
cartouche	PROPN	cartouche
alena	PROPN	alena
hairdresser	NOUN	coiffeurs
charlatan	NOUN	charlatan
liquidate	ADJ	liquider
avni	NOUN	avni
growl	NOUN	grognement
riza	VERB	riza
chacha	PROPN	chacha
henny	PROPN	henny
ludo	VERB	ludo
saw	VERB	sciage
newsstand	PROPN	kiosque
harrod	NOUN	harrod
predispose	VERB	prédisposés
airlock	NOUN	sas
frenzy	VERB	frénétique
herc	NOUN	herc
werther	ADJ	werther
nelle	PROPN	nelle
rabble	ADJ	racaille
yasuo	PROPN	yasuo
bonk	NOUN	bonk
kilo	NOUN	kilo
sagara	NOUN	sagara
repaint	NOUN	repeindre
parkour	VERB	parkour
scorpius	NOUN	scorpius
striptease	NOUN	strip
absorbent	VERB	absorbant
malia	NOUN	malia
brigand	VERB	brigand
fallback	NOUN	repli
piri	PROPN	piri
caprica	PROPN	caprica
frigid	ADJ	frigide
lill	PROPN	lill
barmaid	VERB	serveuse
mikami	PROPN	mikami
arrhythmia	VERB	arythmie
dependant	ADJ	dépendant
guesswork	NOUN	conjectures
signor	VERB	signor
hanyang	PROPN	hanyang
cheech	NOUN	cheech
stef	PROPN	stef
collarbone	NOUN	clavicule
entwine	VERB	entrelacés
atsuko	X	atsuko
ake	NOUN	ake
redness	NOUN	rougeurs
dok	NOUN	dok
positivity	NOUN	positivité
bellagio	NOUN	bellagio
chandni	NOUN	chandni
darrel	NOUN	darrel
paralytic	ADJ	paralysant
corroboration	NOUN	corroboré
pram	PROPN	poussette
racy	NOUN	osé
griselda	PROPN	griselda
ftl	NOUN	ftl
disloyal	ADJ	déloyale
scuttle	NOUN	saborder
innocently	ADV	innocemment
pucci	PROPN	pucci
joanie	PROPN	joanie
cowgirl	NOUN	cowgirl
badri	PROPN	badri
hodgin	VERB	hodgin
sift	VERB	criblage
niamh	PROPN	niamh
confetti	PROPN	confettis
kaminsky	NOUN	kaminsky
rocksteady	PROPN	rocksteady
higuchi	VERB	higuchi
squander	VERB	gaspillé
revenant	PROPN	revenant
strap	VERB	cerclage
gumbo	NOUN	gumbo
fazio	PROPN	fazio
rane	VERB	rane
glinda	PROPN	glinda
anju	PROPN	anju
yami	ADV	yami
kayo	VERB	kayo
shack	NOUN	cabanes
injurious	ADJ	préjudiciable
menelaus	PROPN	ménélas
merlyn	ADV	merlyn
inescapable	ADJ	inéluctable
quench	NOUN	étancher
eagleton	PROPN	eagleton
talkative	VERB	bavarde
guk	VERB	guk
topping	NOUN	garnitures
lisi	ADV	lisi
vada	PROPN	vada
congrat	NOUN	bravo
gas	VERB	gazé
chewbacca	NOUN	chewbacca
nosferatu	VERB	nosferatu
quinine	NOUN	quinine
wisp	VERB	wisp
seurat	PROPN	seurat
rossum	PROPN	rossum
fletch	VERB	fletch
hedvig	NOUN	hedvig
magnificence	NOUN	magnificence
pepi	NOUN	pepi
extradite	PROPN	extrader
phill	NOUN	phill
dolittle	NOUN	dolittle
phlox	PROPN	phlox
comanche	NOUN	comanche
uptight	ADJ	coincée
jetta	PROPN	jetta
skelter	NOUN	skelter
urinate	NOUN	uriner
wickedness	NOUN	méchanceté
bunga	NOUN	bunga
claymore	ADV	claymore
heathen	VERB	païens
scrupulous	ADJ	scrupuleuse
pet	VERB	caresser
audra	PROPN	audra
flannel	NOUN	flanelle
smug	PROPN	suffisant
troma	VERB	troma
jolene	PROPN	jolene
marcie	VERB	marcie
cag	PROPN	cag
peacekeeper	NOUN	pacificateur
subconsciously	ADV	inconsciemment
grunt	NOUN	grogne
mope	VERB	cyclomoteur
vogler	NOUN	vogler
reva	PROPN	reva
akatsuki	ADV	akatsuki
wand	NOUN	baguettes
turgut	PROPN	turgut
marja	NOUN	marja
lito	PROPN	lito
nog	NOUN	nog
thankless	ADJ	ingrat
milhouse	VERB	milhouse
rosalia	NOUN	rosalia
manticore	PROPN	manticore
jairo	PROPN	jairo
ranbir	NOUN	ranbir
klimt	VERB	klimt
corday	PROPN	corday
hypnotize	VERB	hypnotisé
chuckie	VERB	chuckie
unforgive	VERB	impitoyable
breck	NOUN	breck
shitty	ADJ	merdique
eggman	NOUN	eggman
jada	PROPN	jada
transvestite	ADJ	travestis
irrevocable	ADJ	irrévocable
leper	NOUN	lépreux
shiina	PROPN	shiina
guna	NOUN	guna
creel	VERB	creel
vegeta	NOUN	vegeta
passageway	NOUN	passages
nitrate	NOUN	nitrate
satsuki	VERB	satsuki
formica	PROPN	formica
dakin	NOUN	dakin
lindstrom	PROPN	lindstrom
mobius	NOUN	mobius
iru	PROPN	iru
deluca	PROPN	deluca
aunty	ADV	tatie
kasuga	PROPN	kasuga
godless	NOUN	impie
truffle	PROPN	truffes
procreation	NOUN	procréation
stenographer	PROPN	sténographe
forklift	NOUN	élévateur
disorientation	NOUN	désorientation
blt	PROPN	blt
nicolette	PROPN	nicolette
disorient	VERB	désorienté
trine	NOUN	trine
cancun	PROPN	cancun
tartarus	NOUN	tartare
unrestraine	VERB	effrénée
preming	ADJ	preming
signora	PROPN	signora
shoo	VERB	shoo
igarashi	PROPN	igarashi
garrity	NOUN	garrity
gra	VERB	gra
horoscope	NOUN	horoscope
orin	NOUN	orin
kagami	PROPN	kagami
aang	PROPN	aang
goemon	ADJ	goemon
leena	NOUN	leena
mamiya	NOUN	mamiya
lts	PROPN	lts
fie	NOUN	fie
probert	PROPN	probert
mulch	PROPN	paillis
philby	PROPN	philby
malika	NOUN	malika
yam	NOUN	ignames
jovial	PROPN	jovial
banzai	NOUN	banzai
padlock	NOUN	cadenas
shalimar	PROPN	shalimar
indu	NOUN	indu
pe	VERB	pe
kaji	PROPN	kaji
peyote	VERB	peyotl
velvety	NOUN	veloutée
belden	ADJ	belden
adina	NOUN	adina
launchpad	PROPN	launchpad
nudist	PROPN	nudiste
noreen	NOUN	noreen
julianna	PROPN	julianna
gasket	NOUN	joint
fagin	VERB	fagin
kawashima	PROPN	kawashima
tesoro	PROPN	tesoro
sigh	VERB	soupire
highsmith	PROPN	highsmith
grinch	NOUN	grinch
tranquillity	NOUN	tranquillité
edelweiss	VERB	edelweiss
ouyang	PROPN	ouyang
odious	ADJ	odieux
cutout	NOUN	découpe
citroen	NOUN	citroën
budgie	NOUN	budgie
larrabee	PROPN	larrabee
preache	NOUN	prêche
boorman	NOUN	boorman
hallie	NOUN	hallie
ocho	NOUN	ocho
kyla	VERB	kyla
michio	PROPN	michio
raffi	VERB	raffi
motorbike	NOUN	motocyclettes
nostril	VERB	narines
snook	NOUN	snook
grisly	ADV	macabre
kumiko	VERB	kumiko
sapphire	VERB	saphirs
slacker	NOUN	fainéant
savagely	ADV	sauvagement
depravity	NOUN	perversion
vinicius	NOUN	vinicius
tgs	VERB	tgs
urinate	VERB	uriner
grit	NOUN	gruau
kazuhiko	PROPN	kazuhiko
dib	NOUN	dib
labia	PROPN	lèvres
foolishly	ADV	bêtement
twiggy	ADJ	twiggy
iceberg	NOUN	iceberg
willpower	NOUN	volonté
skippy	ADJ	skippy
kamiya	PROPN	kamiya
discoloration	NOUN	décoloration
berserker	NOUN	berserker
naina	PROPN	naina
sidonia	NOUN	sidonia
woong	PROPN	woong
bachelorette	NOUN	bachelorette
frigg	ADJ	frigg
mirjana	PROPN	mirjana
lik	PROPN	lik
kazama	PROPN	kazama
ead	ADV	ead
dupe	PROPN	duper
lube	VERB	lubrifiant
chon	NOUN	chon
grimlock	NOUN	grimlock
chrono	NOUN	chrono
undress	ADJ	déshabiller
deandre	PROPN	deandre
lemond	NOUN	lemond
pawel	ADJ	pawel
jugular	ADJ	jugulaire
ikebukuro	PROPN	ikebukuro
lustig	NOUN	lustig
berenson	PROPN	berenson
birgitta	NOUN	birgitta
heathcliff	PROPN	heathcliff
invoice	NOUN	factures
radish	PROPN	radis
iron	VERB	repasser
hernan	PROPN	hernan
kersey	NOUN	kersey
danziger	PROPN	danziger
opiate	VERB	opiacés
kawada	PROPN	kawada
lowenstein	PROPN	lowenstein
colic	NOUN	coliques
gir	VERB	gir
cori	PROPN	cori
psychosomatic	ADJ	psychosomatique
alluring	ADJ	séduisante
unsightly	ADV	disgracieux
akiba	PROPN	akiba
handcraft	VERB	artisanal
suzette	NOUN	suzette
mordre	VERB	mordre
meacham	PROPN	meacham
dumple	VERB	boulette
painkiller	NOUN	analgésiques
deena	VERB	deena
yuriko	NOUN	yuriko
scoundrel	PROPN	scélérat
flirtation	NOUN	flirt
tig	NOUN	tig
burglar	NOUN	cambrioleurs
tashi	PROPN	tashi
kavanaugh	VERB	kavanaugh
latrines	PROPN	latrines
jubal	ADJ	jubal
kismet	VERB	kismet
forcep	VERB	forcep
trafficker	PROPN	trafiquant
escapade	NOUN	escapade
studious	ADJ	studieux
electrician	NOUN	électriciens
mertz	PROPN	mertz
quincey	PROPN	quincey
juri	PROPN	juri
noma	VERB	noma
chyna	PROPN	chyna
isak	PROPN	isak
villette	NOUN	villette
winstone	NOUN	winstone
delore	VERB	dolores
shaven	ADV	rasé
lenka	NOUN	lenka
samy	ADJ	samy
sapna	NOUN	sapna
seagal	ADJ	seagal
stubbornness	NOUN	obstination
stamper	NOUN	stamper
aficionado	NOUN	aficionado
yukiko	VERB	yukiko
garwood	NOUN	garwood
napkin	NOUN	serviette
conjugal	NOUN	conjugales
robie	NOUN	robie
raffle	AUX	tombola
tada	PROPN	tada
jeanine	NOUN	jeanine
suwa	PROPN	suwa
maren	PROPN	maren
kelton	PROPN	kelton
vamo	NOUN	vamo
doghouse	NOUN	niche
raspberry	NOUN	framboises
clairvoyant	PROPN	clairvoyant
bip	PROPN	pif
choon	NOUN	choon
gellar	ADJ	gellar
snorkel	NOUN	tuba
pez	NOUN	pez
dapper	ADV	dapper
precipice	NOUN	précipice
lookalike	VERB	sosie
mili	NOUN	mili
scratchy	NOUN	scratchy
intercede	VERB	intercéder
kloss	ADJ	kloss
regress	VERB	régresser
haneda	PROPN	haneda
bivouac	VERB	bivouac
unravel	VERB	défaisant
kathie	VERB	kathie
tanz	PROPN	tanz
doggy	PROPN	toutou
uther	ADJ	uther
daren	PROPN	daren
quad	VERB	quad
musketeer	PROPN	mousquetaire
jaden	PROPN	jaden
helplessness	NOUN	impuissance
untie	VERB	défait
tacos	PROPN	tacos
clo	VERB	clo
frightful	ADJ	effroyable
kaku	PROPN	kaku
crib	NOUN	berceaux
houseman	NOUN	houseman
eek	VERB	eek
wobbly	ADV	bancal
chika	PROPN	chika
nuh	ADV	noé
jailer	NOUN	geôlier
sambar	ADJ	sambar
emitter	NOUN	émetteurs
preservative	NOUN	conservateurs
shapeshifter	NOUN	métamorphe
tomoe	NOUN	tomoe
neela	PROPN	neela
susi	PROPN	susi
constrictor	NOUN	constrictor
nuria	PROPN	nuria
tita	PROPN	tita
numbness	NOUN	engourdissement
trix	VERB	trix
renaldo	NOUN	renaldo
keisha	PROPN	keisha
dainty	NOUN	délicate
rydell	VERB	rydell
accentuate	NOUN	accentuent
nutritionist	NOUN	nutritionniste
yoichi	VERB	yoichi
hedy	PROPN	hedy
starburst	PROPN	combustion
klingon	NOUN	klingon
bob	NOUN	bob
fickle	ADJ	volage
gook	NOUN	bridé
tachyon	NOUN	tachyon
jobless	ADJ	chômeur
alcide	NOUN	alcide
serendipity	NOUN	sérendipité
snob	NOUN	snob
kusanagi	PROPN	kusanagi
artichoke	VERB	artichaut
colombian	NOUN	colombiens
andie	VERB	andie
istvan	PROPN	istvan
gonad	NOUN	gonades
devore	ADV	devore
tancredi	VERB	tancredi
wilk	PROPN	wilk
nuptial	ADJ	nuptiale
sike	NOUN	sike
methadone	NOUN	méthadone
anushka	NOUN	anushka
tyrion	NOUN	tyrion
relive	VERB	revivre
unbridle	VERB	effrénée
shintaro	ADJ	shintaro
marseillaise	NOUN	marseillaise
shira	NOUN	shira
sudo	VERB	sudo
krang	PROPN	krang
siv	ADV	siv
kuba	PROPN	kuba
whist	NOUN	whist
catatonic	NOUN	catatonique
burkhardt	NOUN	burkhardt
tatsuo	PROPN	tatsuo
supple	NOUN	souples
gowan	PROPN	gowan
shue	NOUN	shue
halibut	PROPN	flétan
coma	NOUN	coma
firmness	NOUN	fermeté
shoko	PROPN	shoko
kaede	NOUN	kaede
saboteur	PROPN	saboteur
hallo	PROPN	hallo
teacup	VERB	tasse
recklessness	NOUN	imprudence
peron	NOUN	peron
cheesecake	NOUN	cheesecake
grable	ADJ	grable
davro	NOUN	davro
hobbit	VERB	hobbit
gena	NOUN	gena
hockney	PROPN	hockney
lupita	PROPN	lupita
numero	NOUN	numero
houlihan	PROPN	houlihan
megazord	NOUN	megazord
sveta	NOUN	sveta
punky	ADJ	punky
lorelai	NOUN	lorelai
suleyman	PROPN	suleyman
hasselhoff	PROPN	hasselhoff
gauze	NOUN	gaze
minx	NOUN	minx
barden	VERB	barden
liberace	PROPN	liberace
mathilda	PROPN	mathilda
overestimated	ADJ	surestimé
diarrhoea	NOUN	diarrhée
mima	NOUN	mima
fete	NOUN	fete
lotion	NOUN	lotion
pinhead	NOUN	pinhead
megaphone	NOUN	mégaphone
draupadi	NOUN	draupadi
droid	NOUN	droïdes
threesome	VERB	trio
crutch	VERB	béquilles
wok	NOUN	wok
handpicke	VERB	triés
locksmith	PROPN	serrurier
concretely	ADV	concrètement
sweetener	NOUN	édulcorant
tibb	NOUN	tibb
fennel	NOUN	fenouil
arsonist	NOUN	incendiaire
elroy	VERB	elroy
ouija	VERB	ouija
eiko	NOUN	eiko
suze	NOUN	suze
dishonor	NOUN	déshonneur
headband	NOUN	bandeau
adelina	NOUN	adelina
cumin	NOUN	cumin
peep	VERB	épier
philomena	NOUN	philomena
painkiller	VERB	calmant
gomorrah	PROPN	gomorrhe
sob	VERB	sanglots
bulimia	NOUN	boulimie
kanako	PROPN	kanako
caiman	PROPN	caïman
awning	ADJ	auvent
ballin	NOUN	ballin
kazumi	PROPN	kazumi
bruiser	NOUN	bruiser
coward	NOUN	lâches
chihiro	PROPN	chihiro
paralegal	PROPN	juriste
flaky	NOUN	feuilletée
shere	ADV	shere
lightbulb	NOUN	ampoule
truffle	VERB	truffes
carpe	PROPN	carpe
dribble	ADJ	dribbler
comandante	NOUN	comandante
afghani	ADJ	afghans
marky	PROPN	marky
tenfold	ADV	décuplé
kage	NOUN	kage
gohan	PROPN	gohan
rosey	NOUN	rosey
detox	NOUN	désintoxication
turlough	ADV	turlough
wean	VERB	sevrés
inhale	NOUN	inspirez
pyjama	NOUN	pyjama
yugo	PROPN	yugo
crayon	NOUN	crayon
arcee	NOUN	arcee
silencer	NOUN	silencieux
burly	ADV	burly
exhumation	NOUN	exhumer
hanger	NOUN	cintres
bub	PROPN	bub
tej	X	tej
anette	NOUN	anette
stackhouse	ADV	stackhouse
flex	VERB	flexion
repairman	NOUN	réparateur
ulise	VERB	ulise
smother	VERB	étouffée
fornication	NOUN	fornication
doctor	VERB	trafiqué
savi	VERB	savi
valkyrie	NOUN	valkyrie
erkki	ADJ	erkki
misato	PROPN	misato
malle	PROPN	malle
ferret	NOUN	furet
faye	VERB	faye
kipper	NOUN	kipper
alcove	VERB	alcôve
paltry	NOUN	dérisoire
falter	VERB	chancelante
senta	VERB	senta
slay	VERB	tue
shylock	NOUN	shylock
broyle	NOUN	broyle
fillet	PROPN	filet
soba	PROPN	soba
houseboat	NOUN	péniche
janey	PROPN	janey
deprave	VERB	dépravé
teemu	ADV	teemu
iscariot	NOUN	iscariote
tilda	NOUN	tilda
algo	ADV	algo
wack	NOUN	wack
chopstick	NOUN	baguettes
gollum	PROPN	gollum
dinar	NOUN	dinar
shingen	PROPN	shingen
karine	NOUN	karine
kennel	NOUN	chenil
yelp	VERB	yelp
muto	NOUN	muto
gekko	VERB	gekko
redecorate	VERB	redécoré
mannion	NOUN	mannion
lumiere	ADV	lumiere
fauntleroy	ADJ	fauntleroy
mook	PROPN	mook
snug	VERB	douillet
scalpel	PROPN	scalpel
brokeback	VERB	brokeback
corrine	NOUN	corrine
catharsis	NOUN	catharsis
kingsbridge	VERB	kingsbridge
hashish	NOUN	haschich
tyree	VERB	tyree
ichabod	ADV	ichabod
marinate	VERB	mariné
shush	NOUN	chut
humble	VERB	humilié
arvin	NOUN	arvin
alby	PROPN	alby
crisp	NOUN	chips
nyx	PROPN	nyx
sadism	NOUN	sadisme
sterility	NOUN	stérilité
cosette	NOUN	cosette
yancy	NOUN	yancy
aksel	NOUN	aksel
dufresne	VERB	dufresne
untapped	ADJ	inexploité
iwaki	PROPN	iwaki
momoko	VERB	momoko
basha	PROPN	basha
nishida	PROPN	nishida
chuy	PROPN	chuy
unreachable	ADJ	inaccessible
argh	PROPN	argh
kimmy	PROPN	kimmy
nanami	PROPN	nanami
fairyland	NOUN	fairyland
pyo	PROPN	pyo
sleepwalk	VERB	somnambule
dumpty	ADJ	dumpty
caitlyn	PROPN	caitlyn
kenobi	PROPN	kenobi
nyborg	PROPN	nyborg
jailbreak	NOUN	jailbreak
complacency	NOUN	suffisance
crevice	NOUN	crevasse
jedediah	PROPN	jedediah
evermore	VERB	evermore
zelena	X	zelena
pedrosa	VERB	pedrosa
adio	NOUN	adio
implacable	ADJ	implacable
watashi	NOUN	watashi
mobilise	NOUN	mobiliser
diggle	VERB	diggle
mousetrap	NOUN	souricière
valiantly	ADV	vaillamment
gavel	NOUN	marteau
embalm	VERB	embaumement
gamera	VERB	gamera
dodgeball	VERB	dodgeball
guarantor	NOUN	garants
okey	PROPN	okey
lela	ADV	lela
rollie	PROPN	rollie
malfeasance	NOUN	malversations
hsiang	PROPN	hsiang
sumi	PROPN	sumi
scoundrel	NOUN	crapules
billa	NOUN	billa
opportunist	NOUN	opportuniste
mitsuo	PROPN	mitsuo
estevez	VERB	estevez
saucy	PROPN	coquine
yoghurt	NOUN	yaourts
girardi	PROPN	girardi
cosima	PROPN	cosima
decibel	NOUN	décibels
burbage	NOUN	burbage
phoney	NOUN	bidon
methodically	ADV	méthodiquement
shinagawa	PROPN	shinagawa
seaqu	ADJ	seaqu
serengeti	PROPN	serengeti
hic	ADJ	hic
gossamer	NOUN	gossamer
babette	NOUN	babette
dcp	VERB	dcp
walkman	ADJ	walkman
roadkill	NOUN	roadkill
bungle	NOUN	bungle
tin	VERB	tin
miso	NOUN	miso
tullius	PROPN	tullius
toffee	NOUN	caramels
footloose	VERB	footloose
unpunished	ADJ	impunis
faggot	NOUN	pédé
crip	NOUN	crip
solly	ADV	solly
grouchy	NOUN	grincheux
giddy	PROPN	étourdi
keo	PROPN	keo
stooge	PROPN	larbin
dunston	PROPN	dunston
bando	NOUN	bando
moloch	PROPN	moloch
scrub	VERB	frotté
merrily	ADV	gaiement
radiologist	NOUN	radiologue
mannequin	NOUN	mannequin
particulate	NOUN	particules
otomo	VERB	otomo
fortuitous	ADJ	fortuit
debauchery	NOUN	débauche
lisette	PROPN	lisette
kagome	VERB	kagome
deok	NOUN	deok
clea	VERB	clea
tic	NOUN	tic
telex	PROPN	télex
weightless	ADJ	apesanteur
mcconaughey	NOUN	mcconaughey
mitsuko	PROPN	mitsuko
linc	PROPN	linc
ume	VERB	ume
ayla	NOUN	ayla
doodle	NOUN	doodle
deduct	NOUN	déduire
borman	NOUN	borman
resell	VERB	revendre
biometric	NOUN	biométrique
tootsie	NOUN	tootsie
paracelsus	PROPN	paracelsus
stealthy	ADJ	furtif
liftoff	NOUN	décollage
waltz	VERB	valser
chessboard	PROPN	échiquier
oil	VERB	huilé
volkoff	NOUN	volkoff
grimoire	ADJ	grimoire
rainmaker	NOUN	rainmaker
wheelbarrow	VERB	brouette
legionnaire	NOUN	légionnaire
swinger	NOUN	échangiste
weatherby	VERB	weatherby
bhola	NOUN	bhola
virginal	ADJ	virginal
mousse	NOUN	mousse
katniss	VERB	katniss
wallflower	PROPN	wallflower
muff	NOUN	muff
unsteady	ADJ	fébrile
soapy	ADJ	soapy
tremble	NOUN	tremblent
ddd	PROPN	ddd
mctavish	NOUN	mctavish
syne	VERB	syne
multitude	NOUN	multitude
vietcong	PROPN	vietcong
overestimate	NOUN	surestimer
overall	NOUN	salopette
manabu	NOUN	manabu
sayuri	PROPN	sayuri
kuen	PROPN	kuen
excruciating	ADJ	atroce
nobita	PROPN	nobita
fester	PROPN	fétide
thrifty	ADJ	économes
destabilizing	ADJ	déstabiliser
dake	VERB	dake
butane	NOUN	butane
fume	PROPN	fumées
merc	PROPN	merc
ilana	PROPN	ilana
wigwam	ADJ	wigwam
storybrooke	PROPN	storybrooke
cissy	NOUN	cissy
photocopy	NOUN	photocopies
brita	PROPN	brita
balder	NOUN	balder
infuriate	VERB	exaspérant
yoni	NOUN	yoni
marceline	NOUN	marceline
hola	PROPN	hola
carpet	VERB	moquette
mifune	NOUN	mifune
eren	PROPN	eren
holster	ADV	étui
nucky	PROPN	nucky
usher	NOUN	huissiers
presumptuous	ADJ	présomptueux
broach	VERB	aborder
bri	PROPN	bri
adrianna	PROPN	adrianna
broom	NOUN	balais
nihal	PROPN	nihal
opportune	PROPN	opportune
garnish	ADJ	garniture
owari	PROPN	owari
neary	ADJ	neary
youn	PROPN	youn
minty	NOUN	menthe
velcro	PROPN	velcro
aggressor	NOUN	agresseurs
howser	PROPN	howser
vial	VERB	fioles
torben	PROPN	torben
anthea	PROPN	anthea
kaitlin	PROPN	kaitlin
dropout	NOUN	abandons
estela	PROPN	estela
chlamydia	PROPN	chlamydia
lethargy	NOUN	léthargie
elated	ADJ	exalté
letty	PROPN	letty
gwang	PROPN	gwang
ulna	ADJ	cubitus
apron	NOUN	tablier
palle	NOUN	palle
sap	NOUN	sape
svr	VERB	svr
opiate	NOUN	opiacés
bonzo	NOUN	bonzo
pushpa	NOUN	pushpa
takano	NOUN	takano
deuce	NOUN	deuce
idle	VERB	ralenti
styrofoam	NOUN	polystyrène
clog	NOUN	sabots
dmv	PROPN	dmv
shifty	ADJ	sournois
patrizia	NOUN	patrizia
beatnik	NOUN	beatnik
schematic	NOUN	schémas
cletus	NOUN	cletus
cuervo	PROPN	cuervo
rittenhouse	NOUN	rittenhouse
monotony	NOUN	monotonie
nervousness	NOUN	nervosité
petrovna	NOUN	petrovna
javi	PROPN	javi
unimaginable	ADJ	inimaginables
blissful	ADJ	bienheureux
pokey	ADJ	pokey
cecilie	NOUN	cecilie
gmos	PROPN	ogm
heya	NOUN	heya
sune	PROPN	sune
kerem	PROPN	kerem
accost	VERB	accosté
pander	VERB	proxénétisme
aino	NOUN	aino
selleck	NOUN	selleck
charlatan	PROPN	charlatan
cordially	ADV	cordialement
delicatessen	VERB	charcuterie
ketamine	VERB	kétamine
mcquaid	VERB	mcquaid
boozer	NOUN	boozer
heroically	ADV	héroïquement
ramada	PROPN	ramada
moos	VERB	moos
batcave	VERB	batcave
raji	NOUN	raji
hairdresse	VERB	coiffure
hellish	PROPN	infernale
torment	NOUN	tourments
prudhoe	NOUN	prudhoe
masai	VERB	masai
coolie	PROPN	coolie
sav	VERB	sav
fok	NOUN	fok
liliane	NOUN	liliane
plier	NOUN	pince
adjournment	NOUN	ajournement
potty	ADV	pot
unpredictability	NOUN	imprévisibilité
katsu	PROPN	katsu
brannigan	PROPN	brannigan
tux	X	tux
cantina	NOUN	cantina
swerve	VERB	dévier
varda	PROPN	varda
chosun	NOUN	chosun
vincente	VERB	vincente
unsanitary	ADJ	insalubre
rhoade	VERB	rhoade
schoolgirl	NOUN	écolières
venison	NOUN	chevreuil
scoliosis	NOUN	scoliose
gisele	PROPN	gisele
montecito	PROPN	montecito
booby	NOUN	seins
arisa	NOUN	arisa
bigamy	ADV	bigamie
neb	NOUN	nab
runabout	PROPN	runabout
trauma	NOUN	traumatismes
maribel	PROPN	maribel
littlest	NOUN	littlest
fervour	NOUN	ferveur
lisbeth	ADJ	lisbeth
stargazer	PROPN	stargazer
euphoric	PROPN	euphorie
suffocate	VERB	étouffé
torrence	NOUN	torrence
deegan	VERB	deegan
outmoded	ADJ	démodé
electroshock	NOUN	électrochocs
oligarch	NOUN	oligarques
tammi	PROPN	tammi
succubus	NOUN	succube
vaporize	VERB	vaporisé
inexcusable	ADJ	inexcusable
tingle	ADJ	tingle
dryer	NOUN	séchoirs
perrine	NOUN	perrine
maryann	PROPN	maryann
exhale	NOUN	expirer
spiderman	NOUN	spiderman
velociraptor	NOUN	velociraptor
maim	VERB	estropié
wimsey	NOUN	wimsey
pooch	NOUN	pooch
mycroft	ADJ	mycroft
jessi	PROPN	jessi
maiko	PROPN	maiko
footman	PROPN	laquais
roly	PROPN	roly
toshiro	PROPN	toshiro
homie	PROPN	homer
jeppe	PROPN	jeppe
doorbell	VERB	sonnette
lawnmower	VERB	tondeuse
snafu	PROPN	snafu
mcbeal	ADJ	mcbeal
hinata	PROPN	hinata
haywire	NOUN	haywire
sgc	PROPN	sgc
topher	NOUN	topher
surly	ADV	maussade
dismount	NOUN	démonter
pert	PROPN	pert
devdas	PROPN	devdas
sadako	PROPN	sadako
lannister	VERB	lannister
verena	PROPN	verena
karmic	ADJ	karma
malvina	PROPN	malvina
wasabi	NOUN	wasabi
splash	NOUN	éclaboussures
narco	PROPN	narco
tonio	VERB	tonio
aphrodisiac	NOUN	aphrodisiaque
shinsengumi	PROPN	shinsengumi
genaro	NOUN	genaro
clank	NOUN	clank
aramis	PROPN	aramis
catalano	PROPN	catalano
madder	NOUN	garance
mayan	NOUN	mayas
loath	NOUN	répugne
smitty	ADJ	smitty
jumpsuit	NOUN	combinaison
keno	VERB	keno
stranglehold	VERB	mainmise
thora	NOUN	thora
cosy	NOUN	douillet
biro	PROPN	biro
effusion	NOUN	épanchement
tano	ADV	tano
stuffy	ADJ	étouffant
nobby	PROPN	nobby
lolly	ADV	sucette
eriko	NOUN	eriko
darian	PROPN	darian
seahawk	VERB	seahawk
mork	NOUN	mork
ngan	PROPN	ngan
borat	NOUN	borat
tan	NOUN	tan
karamazov	VERB	karamazov
burak	PROPN	burak
liddy	PROPN	liddy
wheelhouse	NOUN	timonerie
wallet	VERB	portefeuilles
shamelessly	ADV	honteusement
okuda	NOUN	okuda
synchronicity	NOUN	synchronicité
rdx	VERB	rdx
rrr	NOUN	rrr
josette	PROPN	josette
disbar	VERB	radié
stil	PROPN	stil
kolchak	NOUN	kolchak
batmobile	ADJ	batmobile
smut	NOUN	obscénités
necktie	NOUN	cravate
whammy	NOUN	whammy
thoughtless	VERB	irréfléchie
gendarme	NOUN	gendarme
boob	NOUN	seins
puke	NOUN	vomir
farage	NOUN	farage
juggle	NOUN	jongler
sondra	PROPN	sondra
shiori	NOUN	shiori
salute	VERB	salué
provocateur	PROPN	provocateur
monocle	NOUN	monocle
creeper	NOUN	creeper
riggin	VERB	riggin
licorice	PROPN	réglisse
sear	PROPN	sear
storeroom	NOUN	cellier
loverboy	NOUN	loverboy
mariette	NOUN	mariette
shindo	NOUN	shindo
malka	PROPN	malka
indict	NOUN	inculper
overrate	VERB	surestimé
luci	PROPN	luci
taichi	NOUN	taichi
mince	NOUN	mince
shuichi	PROPN	shuichi
sag	VERB	affaissement
mengele	PROPN	mengele
betsey	NOUN	betsey
dustbin	PROPN	poubelle
implore	VERB	implorer
vanquish	NOUN	vaincre
shackle	VERB	enchaîné
even	NOUN	even
shinigami	PROPN	shinigami
biohazard	PROPN	biohazard
yeol	NOUN	yeol
monstrosity	NOUN	monstruosité
amaru	NOUN	amaru
dishonorable	ADJ	déshonorant
tsubaki	NOUN	tsubaki
affable	ADJ	affable
bookie	NOUN	bookmaker
offal	NOUN	abats
baggin	NOUN	sacquet
marci	NOUN	marci
livid	ADJ	livide
lemme	VERB	lemme
snot	ADV	morve
juanito	PROPN	juanito
hava	PROPN	hava
demetri	ADJ	demetri
shoop	NOUN	shoop
yuta	ADJ	yuta
xiangyang	PROPN	xiangyang
tamsin	PROPN	tamsin
syrinx	NOUN	seringues
incinerate	VERB	incinérés
danni	PROPN	danni
reevaluate	NOUN	réévaluer
francie	NOUN	francie
restlessness	NOUN	nervosité
ritu	ADJ	ritu
mothra	NOUN	mothra
suru	PROPN	suru
minori	PROPN	minori
baloo	PROPN	baloo
metatron	PROPN	metatron
contrition	NOUN	contrition
smasher	ADJ	smasher
sullen	VERB	maussade
bookman	NOUN	bookman
pattie	VERB	pattie
escapade	VERB	escapade
chianti	VERB	chianti
gim	PROPN	gim
millan	PROPN	millan
tobi	PROPN	tobi
samira	PROPN	samira
albie	VERB	albie
jayden	PROPN	jayden
amelie	PROPN	amélie
trumbo	NOUN	trumbo
eyelash	NOUN	cils
sawada	PROPN	sawada
pilate	NOUN	pilate
zap	VERB	zappé
reprogramme	VERB	reprogrammé
canny	ADJ	canny
hazelnut	NOUN	noisettes
bunty	NOUN	bunty
shiho	NOUN	shiho
scold	VERB	gronder
savagery	NOUN	sauvagerie
londo	VERB	londo
tightness	NOUN	étanchéité
stupor	ADJ	stupeur
kuku	NOUN	kuku
suzaku	PROPN	suzaku
idleness	ADJ	paresse
perdition	NOUN	perdition
silene	NOUN	silene
tapeworm	NOUN	ténia
holl	VERB	holl
esu	NOUN	ude
motherfucker	NOUN	enculé
jer	NOUN	jer
kuei	NOUN	kuei
strychnine	VERB	strychnine
yura	NOUN	yura
irritability	NOUN	irritabilité
rejuvenate	NOUN	rajeunissement
kiara	PROPN	kiara
bernay	VERB	bernay
ivanovna	NOUN	ivanovna
goli	NOUN	goli
lightyear	ADJ	lightyear
apricot	NOUN	abricot
slinky	ADJ	slinky
niklaus	PROPN	niklaus
shik	VERB	shik
asakusa	PROPN	asakusa
mimosas	PROPN	mimosas
complacent	NOUN	complaisant
grazie	PROPN	grazie
niang	PROPN	niang
stroh	VERB	stroh
droopy	NOUN	droopy
delightfully	ADV	délicieusement
cemal	PROPN	cemal
magnificently	ADV	magnifiquement
nagato	PROPN	nagato
oppressor	NOUN	oppresseurs
braveheart	VERB	braveheart
wretch	VERB	misérable
armpit	NOUN	aisselles
irrefutable	ADJ	irréfutable
nappy	ADJ	nappy
itsuki	VERB	itsuki
guttural	ADJ	guttural
kook	NOUN	kook
fib	ADJ	fib
rebeca	NOUN	rebeca
yumiko	ADV	yumiko
voluptuous	ADJ	voluptueuse
binky	ADJ	binky
jammin	PROPN	jammin
nevermore	ADV	nevermore
obelix	NOUN	obélix
luscious	ADJ	succulente
doggie	NOUN	toutou
stowaway	ADP	clandestin
deflate	VERB	dégonflé
oblige	NOUN	oblige
maroni	VERB	maroni
wooley	VERB	wooley
trashy	ADJ	trash
sled	VERB	traîneau
seppuku	NOUN	seppuku
vex	NOUN	vex
viviane	NOUN	viviane
kojak	ADJ	kojak
disinfectant	NOUN	désinfectant
yoshioka	PROPN	yoshioka
achtung	PROPN	achtung
augur	PROPN	augure
arliss	VERB	arliss
cellmate	VERB	codétenu
sugi	NOUN	sugi
recant	ADJ	rétracter
jordy	NOUN	jordy
mic	NOUN	micros
thousandth	NOUN	millième
twitchell	NOUN	twitchell
tigh	NOUN	tigh
goldfarb	PROPN	goldfarb
autopsy	NOUN	autopsy
mordor	NOUN	mordor
bettie	PROPN	bettie
junie	PROPN	junie
natty	NOUN	natty
annabeth	VERB	annabeth
sru	NOUN	sru
parsa	PROPN	parsa
muffin	NOUN	muffin
ruel	PROPN	ruel
gribble	ADJ	gribble
lucienne	PROPN	lucienne
berto	VERB	berto
nomine	NOUN	nomine
cold	NOUN	rhume
inexhaustible	ADJ	inépuisable
tengu	NOUN	tengu
jemma	PROPN	jemma
caterer	NOUN	traiteur
vagrancy	NOUN	vagabondage
sweatshirt	NOUN	sweat
defile	NOUN	souiller
krakatoa	VERB	krakatoa
irritate	NOUN	irrite
menthol	PROPN	menthol
daimon	PROPN	daimon
niner	NOUN	niner
gazelle	NOUN	gazelle
sauerkraut	PROPN	choucroute
yuuki	NOUN	yuuki
baldness	NOUN	calvitie
tish	NOUN	tish
nanni	PROPN	nanni
saris	PROPN	saris
trini	PROPN	trini
cally	ADV	cally
kazuko	PROPN	kazuko
pneumothorax	NOUN	pneumothorax
embezzle	VERB	détourné
reticent	PROPN	réticent
nessa	PROPN	nessa
sammi	ADJ	sammi
laundromat	NOUN	laverie
hotaru	NOUN	hotaru
akasaka	NOUN	akasaka
savonarola	PROPN	savonarole
honeycutt	PROPN	honeycutt
spiro	VERB	spiro
kranz	PROPN	kranz
vasectomy	NOUN	vasectomie
mykono	NOUN	mykono
harlot	NOUN	catin
casbah	PROPN	casbah
rumble	VERB	grondement
bink	NOUN	bink
steinar	PROPN	steinar
epidural	ADJ	péridurale
jink	VERB	jink
bandage	VERB	bandé
heckle	VERB	chahut
normalcy	NOUN	normalité
schillinger	NOUN	schillinger
hooch	PROPN	hooch
bassam	VERB	bassam
brack	VERB	brack
skeffington	NOUN	skeffington
sacrilege	NOUN	sacrilège
peterman	NOUN	peterman
saburo	NOUN	saburo
classified	VERB	annonces
ungrateful	ADJ	ingrate
muntz	PROPN	muntz
persevere	NOUN	persévérer
groupie	NOUN	groupie
enema	NOUN	lavement
anika	PROPN	anika
favela	PROPN	favela
sociopathic	ADJ	sociopathe
twayne	NOUN	twayne
farnum	NOUN	farnum
pickpocket	NOUN	pickpocket
rayna	PROPN	rayna
cheeseburger	NOUN	cheeseburger
navid	PROPN	navid
suzan	ADV	suzan
manami	PROPN	manami
spongy	VERB	spongieux
tinder	NOUN	amadou
antifreeze	PROPN	antigel
boner	NOUN	bander
anouk	NOUN	anouk
choco	PROPN	choco
suzanna	PROPN	suzanna
bartok	PROPN	bartok
macarena	VERB	macarena
waddle	VERB	waddle
arby	ADV	arby
verger	PROPN	verger
blore	NOUN	blore
galan	PROPN	galan
exterminator	NOUN	exterminateur
corset	NOUN	corset
rustle	VERB	bruissement
flay	VERB	flay
repentant	NOUN	repentant
casserole	NOUN	ragoût
mongrel	NOUN	bâtard
aikawa	PROPN	aikawa
yurt	VERB	yourte
gyeong	NOUN	gyeong
latrine	VERB	latrines
carer	NOUN	aidants
fanta	NOUN	fanta
defibrillator	NOUN	défibrillateur
cheater	NOUN	tricheur
sisyphu	NOUN	sisyphe
bacardi	PROPN	bacardi
foa	PROPN	foa
tommi	NOUN	tommi
dilly	ADV	dilly
stacie	NOUN	stacie
bitty	VERB	bitty
petunia	PROPN	pétunia
snowflake	NOUN	flocons
sat	NOUN	sat
gromit	VERB	gromit
wiggum	NOUN	wiggum
cheon	NOUN	cheon
futari	PROPN	futari
bagger	ADJ	bagger
poncho	PROPN	pancho
gaveston	PROPN	gaveston
reacher	ADV	reacher
nello	ADV	nello
doody	NOUN	doody
grog	NOUN	grog
micha	PROPN	micha
kazoo	NOUN	kazoo
greely	ADV	greely
christabel	NOUN	christabel
dildo	PROPN	gode
tart	VERB	tartes
kosuke	PROPN	kosuke
macey	PROPN	macey
birgitte	NOUN	birgitte
matsushima	NOUN	matsushima
revulsion	NOUN	répulsion
frag	NOUN	frag
undress	VERB	déshabillé
monopolize	NOUN	monopoliser
elyse	PROPN	elyse
exonerate	PROPN	disculper
annalise	VERB	annalise
rabb	VERB	rabb
haruko	PROPN	haruko
repent	VERB	repenti
gwan	PROPN	gwan
syl	VERB	syl
anchovy	NOUN	anchois
clarisse	NOUN	clarisse
fabri	NOUN	fabri
cappuccino	NOUN	cappuccino
grodd	PROPN	grodd
impetuous	ADJ	impétueux
ghb	NOUN	ghb
tannen	NOUN	tannen
wotan	PROPN	wotan
wukong	NOUN	wukong
carat	NOUN	carat
sanson	NOUN	sanson
clavicle	NOUN	clavicule
chiquita	NOUN	chiquita
morrie	PROPN	morrie
gristle	VERB	gristle
bandana	PROPN	bandana
crooner	NOUN	crooner
emoji	PROPN	émoticônes
hematoma	PROPN	hématome
rushworth	PROPN	rushworth
barbecue	NOUN	barbecue
zuko	PROPN	zuko
troi	PROPN	troi
bueller	NOUN	bueller
linoleum	NOUN	lino
mabuse	VERB	mabuse
hayami	PROPN	hayami
trimming	NOUN	garnitures
ofelia	ADV	ofelia
geta	NOUN	geta
dinero	NOUN	dinero
chakra	NOUN	chakra
fouquet	NOUN	fouquet
saroyan	PROPN	saroyan
razer	PROPN	razer
asthmatic	ADJ	asthmatique
zarina	PROPN	zarina
tourniquet	VERB	garrot
colum	NOUN	colum
fracas	VERB	fracas
myeong	PROPN	myeong
ginette	PROPN	ginette
intubation	NOUN	intubation
scheherazade	ADJ	shéhérazade
fujiko	VERB	fujiko
roxane	NOUN	roxane
ainsley	PROPN	ainsley
goi	PROPN	goi
oppress	NOUN	opprimer
snore	VERB	ronflements
devilish	ADJ	diaboliques
laxative	NOUN	laxatif
flask	VERB	fioles
tumbleweed	VERB	tumbleweed
mugger	NOUN	agresseur
appetizer	NOUN	apéritif
wheelie	PROPN	wheelie
suna	NOUN	suna
desna	ADJ	desna
basanti	VERB	basanti
hoppy	ADJ	hoppy
celestia	NOUN	celestia
hikmet	NOUN	hikmet
jase	NOUN	jase
tibi	VERB	tibi
striation	NOUN	stries
usain	ADJ	usain
gratify	VERB	gratifiant
lebeau	NOUN	lebeau
bex	VERB	bex
avarice	VERB	avarice
uppercut	VERB	uppercut
jealously	ADV	jalousement
thaw	VERB	dégel
ilsa	VERB	ilsa
kishida	PROPN	kishida
yaman	PROPN	yaman
unpleasantness	NOUN	désagréments
fertilize	VERB	fertiliser
stupidly	ADV	bêtement
crawfish	PROPN	langouste
tamiya	NOUN	tamiya
hirayama	NOUN	hirayama
liquorice	NOUN	réglisse
mizoguchi	PROPN	mizoguchi
tipper	NOUN	benne
sweaty	PROPN	sueur
starsky	NOUN	starsky
yasuko	VERB	yasuko
aggravation	NOUN	aggravation
lebowski	PROPN	lebowski
reve	VERB	reve
loman	NOUN	loman
katara	PROPN	katara
hyman	NOUN	hyman
dorrit	VERB	dorrit
yggdrasil	NOUN	yggdrasil
pushy	ADJ	arriviste
pappa	PROPN	pappa
undiscipline	VERB	indiscipliné
pistachio	NOUN	pistache
heifer	VERB	génisse
onizuka	PROPN	onizuka
nini	NOUN	nini
asli	NOUN	asli
shochiku	NOUN	shochiku
conceite	VERB	vaniteux
coldness	NOUN	froideur
birk	PROPN	birk
glib	ADV	désinvolte
dorota	PROPN	dorota
tweet	VERB	tweeter
tulle	PROPN	tulle
savior	NOUN	sauveurs
pensive	NOUN	pensif
tmi	VERB	tmi
giuliana	PROPN	giuliana
valter	VERB	valter
wel	PROPN	wel
hunnicutt	NOUN	hunnicutt
jefe	VERB	jefe
ladybug	PROPN	coccinelle
katrine	PROPN	katrine
lurk	NOUN	rôdent
robotnik	PUNCT	robotnik
rito	PROPN	rito
physio	VERB	physio
uchi	PROPN	uchi
tsuna	NOUN	tsuna
zorba	PROPN	zorba
peppino	NOUN	peppino
brenna	PROPN	brenna
abaddon	ADV	abaddon
requisition	NOUN	réquisition
fudd	PROPN	fudd
herriot	PROPN	herriot
surrogate	NOUN	substituts
resourcefulness	ADJ	ingéniosité
kamini	VERB	kamini
copilot	NOUN	copilote
ashita	PROPN	ashita
kanzaki	PROPN	kanzaki
chieko	NOUN	chieko
kriss	PROPN	kriss
cellophane	ADJ	cellophane
tulio	NOUN	tulio
manoli	NOUN	manoli
abattoir	PROPN	abattoirs
beaujolais	PROPN	beaujolais
straitjacket	NOUN	camisole
reiji	NOUN	reiji
bunk	NOUN	couchettes
resuscitate	VERB	ressusciter
naruse	NOUN	naruse
chantelle	NOUN	chantelle
kaan	NOUN	kaan
tajima	NOUN	tajima
tsurugi	PROPN	tsurugi
cully	ADV	cully
sundae	NOUN	sundae
soda	NOUN	soda
unyielde	VERB	inflexible
daffodil	VERB	jonquilles
omnitrix	VERB	omnitrix
chastise	NOUN	châtier
backtrack	VERB	backtrack
athelstan	PROPN	athelstan
embellish	ADJ	embellir
hobie	PROPN	hobie
gouge	NOUN	gouge
humanly	ADV	humainement
oona	ADJ	oona
flam	PROPN	flam
peppy	ADJ	peppy
noni	PROPN	noni
nervously	ADV	nerveusement
wilby	VERB	wilby
garrow	NOUN	garrow
baccarat	PROPN	baccarat
saiyan	PROPN	saiyan
bobble	NOUN	bobble
yawn	VERB	béant
tt	NOUN	tt
alissa	PROPN	alissa
anchovy	VERB	anchois
kurosaki	PROPN	kurosaki
devika	NOUN	devika
diazepam	NOUN	diazépam
scrubber	NOUN	laveur
enviable	ADJ	enviable
balli	PROPN	balli
coolio	NOUN	coolio
soil	VERB	souillé
cybill	PROPN	cybill
birkhoff	NOUN	birkhoff
daylight	NOUN	daylight
replicator	NOUN	réplicateur
shuji	PROPN	shuji
moomin	NOUN	moomin
girlie	NOUN	fillette
omelette	PROPN	omelette
overwork	NOUN	surmenage
iab	VERB	iab
fonzie	PROPN	fonzie
carissa	NOUN	carissa
joelle	PROPN	joelle
decrypt	VERB	décrypté
truant	NOUN	truant
imogene	ADJ	imogene
sociopath	NOUN	sociopathe
ricin	PROPN	ricin
mva	NOUN	mva
franny	VERB	franny
izzie	NOUN	izzie
braverman	NOUN	braverman
lobotomy	NOUN	lobotomie
cantaloupe	PROPN	melon
cig	NOUN	cig
koala	NOUN	koala
jeannine	NOUN	jeannine
marsala	PROPN	marsala
tenderly	ADV	tendrement
cassock	VERB	soutane
bummer	NOUN	poisse
speedo	PROPN	speedo
crit	NOUN	crit
keefer	PROPN	keefer
dimple	VERB	fossettes
helo	PROPN	hélico
kirstie	PROPN	kirstie
clouseau	NOUN	clouseau
ricco	PROPN	ricco
sync	VERB	synchronisés
multinational	NOUN	multinationales
schmele	VERB	schmele
stingy	ADJ	avare
unforgivable	ADJ	impardonnable
trillion	NOUN	trillion
crimp	VERB	sertissage
neurotoxin	NOUN	neurotoxine
lele	NOUN	lele
drizzle	VERB	bruine
mete	PROPN	mete
maitre	ADJ	maitre
burkhart	NOUN	burkhart
tiana	PROPN	tiana
savino	NOUN	savino
hocus	NOUN	hocus
shamus	NOUN	shamus
diddle	NOUN	diddle
solovyov	NOUN	soloviov
stunner	PROPN	stunner
duper	NOUN	duper
mozzarella	PROPN	mozzarella
ocp	VERB	ocp
maciste	NOUN	maciste
brigand	ADV	brigand
sadist	NOUN	sadiques
kahuna	PROPN	kahuna
vaclav	ADJ	vaclav
goda	NOUN	goda
splint	VERB	attelle
trinket	NOUN	bibelots
esto	PROPN	esto
tsao	NOUN	tsao
eventuality	NOUN	éventualité
thumper	NOUN	panpan
pamper	VERB	choyé
cami	PROPN	cami
presentable	ADJ	présentable
beeman	NOUN	beeman
mert	PROPN	mert
crap	NOUN	crap
hysterectomy	VERB	hystérectomie
niccolo	NOUN	niccolo
straker	NOUN	straker
kuroki	PROPN	kuroki
huxtable	ADJ	huxtable
medicate	VERB	médicamenteux
chie	NOUN	chie
arlette	VERB	arlette
byun	VERB	byun
jelly	NOUN	gelées
tremayne	PROPN	tremayne
rouble	NOUN	rouble
reposition	NOUN	repositionner
deafen	VERB	assourdissant
shinnosuke	NOUN	shinnosuke
alucard	PROPN	alucard
sippy	ADJ	sippy
kanin	PROPN	kanin
rashe	VERB	éruptions
boo	VERB	huées
machete	VERB	machette
keg	NOUN	fûts
krav	PROPN	krav
gummer	PROPN	gummer
deidre	VERB	deidre
twirl	VERB	tournoyer
epifanio	VERB	epifanio
underhand	NOUN	sournois
teethe	VERB	dentition
feverish	PROPN	fiévreux
zafer	NOUN	zafer
mamo	NOUN	mamo
koz	X	koz
tessie	NOUN	tessie
arraignment	NOUN	comparution
shaq	PROPN	shaq
butchery	NOUN	boucherie
tono	NOUN	tono
hinault	PROPN	hinault
haruo	NOUN	haruo
gaviria	NOUN	gaviria
hil	VERB	hil
nitroglycerin	NOUN	nitroglycérine
egor	VERB	egor
yorick	NOUN	yorick
dreadlock	NOUN	dreadlock
calogero	NOUN	calogero
anibal	ADJ	anibal
fairplay	NOUN	fairplay
fozzie	PROPN	fozzie
chemo	PROPN	chimio
klink	NOUN	klink
tamra	NOUN	tamra
essie	NOUN	essie
lyla	NOUN	lyla
vex	VERB	vexée
respirator	NOUN	respirateur
inoculate	VERB	vacciné
westen	PROPN	westen
mase	NOUN	mase
zippo	PROPN	zippo
doberman	PROPN	doberman
miguelito	ADJ	miguelito
con	VERB	escroqué
entrail	NOUN	entrailles
gav	PROPN	gav
yod	X	yod
exley	VERB	exley
manni	PROPN	manni
munchkin	NOUN	munchkin
jubilation	NOUN	jubilation
neutralise	PROPN	neutraliser
frenchy	PROPN	frenchy
callen	ADJ	callen
margaux	PROPN	margaux
kouji	PROPN	kouji
blush	VERB	rougir
madalena	VERB	madalena
lexa	PROPN	lexa
popo	NOUN	popo
wesen	PROPN	wesen
stina	NOUN	stina
rummy	VERB	rami
candyman	NOUN	candyman
safe	NOUN	coffres
fermin	PROPN	fermin
simmer	PROPN	mijoter
faucet	PROPN	robinet
alek	NOUN	alek
effy	PROPN	effy
tira	PROPN	tira
courageously	ADV	courageusement
gluttony	NOUN	gourmandise
agnese	PROPN	agnese
buzzy	VERB	buzzy
excite	NOUN	excite
hoodie	PROPN	sweat
urinal	ADJ	urinoir
snoop	VERB	fouiner
cagliostro	PROPN	cagliostro
trill	VERB	trill
bridgette	VERB	bridgette
drape	NOUN	rideaux
jonesy	PROPN	jonesy
blowfish	VERB	blowfish
squalid	NOUN	sordide
skittle	NOUN	quilles
peddle	VERB	colporter
incorrigible	ADJ	incorrigible
bitcoin	NOUN	bitcoin
mime	NOUN	mime
unico	NOUN	unico
oolong	PROPN	oolong
noggin	PROPN	caboche
gussie	PROPN	gussie
bestial	ADJ	bestial
ratatouille	PROPN	ratatouille
bovary	ADJ	bovary
indiscretion	NOUN	indiscrétions
gummi	PROPN	gummi
sissi	PROPN	sissi
geppetto	VERB	geppetto
zipper	NOUN	fermetures
showgirl	NOUN	showgirl
jasna	NOUN	jasna
craving	NOUN	envies
eph	NOUN	eph
copi	ADJ	photocopieuse
santillana	PROPN	santillana
overstepped	VERB	outrepassé
pugsley	PROPN	pugsley
seducer	NOUN	séducteur
champollion	NOUN	champollion
shinsuke	NOUN	shinsuke
denture	NOUN	dentier
drunk	NOUN	ivrognes
hallucinate	VERB	hallucine
ler	X	ler
piu	NOUN	piu
lorie	NOUN	lorie
iniquity	NOUN	iniquité
anasazi	PROPN	anasazi
hpd	NOUN	hpd
scobie	VERB	scobie
hosanna	NOUN	hosanna
muk	PROPN	muk
chucho	NOUN	chucho
ibuprofen	VERB	ibuprofène
cersei	NOUN	cersei
ryoma	PROPN	ryoma
crepe	NOUN	crêpe
gonorrhea	NOUN	gonorrhée
mcclaren	PROPN	mcclaren
lucidity	NOUN	lucidité
ayahuasca	PROPN	ayahuasca
beka	PROPN	béka
raincoat	NOUN	imperméable
okubo	VERB	okubo
linderman	NOUN	linderman
morrigan	PROPN	morrigan
hump	NOUN	bosses
waver	VERB	vaciller
burp	NOUN	rot
jacuzzi	PROPN	jacuzzi
markie	PROPN	markie
pongo	PROPN	pongo
humvee	NOUN	humvee
saz	PROPN	saz
hyeong	VERB	hyeong
kronk	PUNCT	kronk
pippo	PROPN	pippo
pollyanna	NOUN	pollyanna
samcro	NOUN	samcro
renegotiate	VERB	renégocier
tanuki	NOUN	tanuki
tango	NOUN	tango
javert	PROPN	javert
ravenous	ADJ	vorace
jarod	PROPN	jarod
ook	VERB	ook
valet	NOUN	valet
kaja	PROPN	kaja
petrovic	NOUN	petrovic
hewe	NOUN	hewe
lavon	PROPN	lavon
petrelli	PROPN	petrelli
lyndsey	NOUN	lyndsey
jutsu	PROPN	jutsu
zucchini	NOUN	courgettes
draga	NOUN	draga
caffrey	NOUN	caffrey
steamy	ADJ	torride
sirena	NOUN	sirena
kurita	PROPN	kurita
quench	VERB	trempée
reddington	PROPN	reddington
conner	NOUN	conner
magnanimous	ADJ	magnanime
apb	ADV	apb
restful	ADJ	reposant
hyeok	NOUN	hyeok
canteen	NOUN	cantines
yosuke	PROPN	yosuke
gsr	PROPN	gsr
lov	NOUN	lov
cruella	PROPN	cruella
briana	PROPN	briana
atropine	NOUN	atropine
mescaline	VERB	mescaline
seol	PROPN	seol
ryosuke	PROPN	ryosuke
scruple	VERB	scrupules
caress	NOUN	caresser
corrupt	NOUN	corrompt
naboo	NOUN	naboo
panache	NOUN	panache
tolly	ADV	tolly
relapse	VERB	rechute
siesta	PROPN	sieste
kasia	PROPN	kasia
jamila	PROPN	jamila
hojo	PROPN	hojo
wallander	NOUN	wallander
scalp	NOUN	scalp
stopwatch	NOUN	chronomètre
renny	NOUN	renny
kohei	PROPN	kohei
malu	NOUN	malu
chichi	PROPN	chichi
anny	VERB	anny
tack	NOUN	punaises
gibby	NOUN	gibby
jettison	PROPN	larguer
ock	NOUN	ock
luffy	ADJ	luffy
deveraux	PROPN	deveraux
anesthesiologist	NOUN	anesthésiste
zeo	NOUN	zeo
yukawa	PROPN	yukawa
crumple	VERB	froissé
benjy	VERB	benjy
pocus	NOUN	pocus
boog	VERB	boog
zatoichi	PROPN	zatoichi
aizawa	PROPN	aizawa
fuhrman	NOUN	fuhrman
ayano	NOUN	ayano
snatcher	PROPN	snatcher
rumplestiltskin	NOUN	rumplestiltskin
muffle	VERB	étouffés
firmament	NOUN	firmament
hisako	PROPN	hisako
hetero	PROPN	hétéro
mikasa	PROPN	mikasa
jeane	NOUN	jeane
morra	PROPN	morra
figgis	PROPN	figgis
macadamia	NOUN	macadamia
indigestion	NOUN	indigestion
apophis	NOUN	apophis
mmmm	PROPN	mmmm
tonsil	NOUN	amygdales
rivka	PROPN	rivka
cabbage	VERB	choux
hypodermic	ADJ	hypodermique
seabiscuit	VERB	seabiscuit
retrace	NOUN	retracer
pulverize	VERB	pulvérisés
akemi	ADV	akemi
alpaca	PROPN	alpaga
ayhan	PROPN	ayhan
jocko	PROPN	jocko
peachy	ADJ	peachy
yuck	NOUN	beurk
buckaroo	VERB	buckaroo
trilby	PROPN	trilby
buon	VERB	buon
satoko	NOUN	satoko
shravan	PROPN	shravan
tonino	NOUN	tonino
asshole	NOUN	connards
kurokawa	PROPN	kurokawa
vastness	ADJ	immensité
asphyxia	NOUN	asphyxie
stds	NOUN	mst
trifecta	NOUN	tiercé
peseta	NOUN	peseta
fatherly	ADV	paternel
jacko	PROPN	jacko
jabberwocky	PROPN	jabberwocky
fingernail	NOUN	ongle
debrief	VERB	débriefing
reconfigure	NOUN	reconfigurer
okabe	PROPN	okabe
pagina	PROPN	pagina
signore	ADV	signor
hellsing	ADJ	hellsing
lethargic	NOUN	léthargique
wilden	VERB	wilden
tink	VERB	clochette
ladle	VERB	louche
susy	ADJ	susy
lucilla	VERB	lucilla
theis	PROPN	theis
fleischman	NOUN	fleischman
wol	PROPN	wol
kimo	VERB	kimo
iku	PROPN	iku
cawdor	PROPN	cawdor
mathison	PROPN	mathison
westmore	VERB	westmore
broomstick	NOUN	balai
dachshund	NOUN	teckel
breathable	ADJ	respirable
caddie	VERB	caddie
chiffon	NOUN	mousseline
karai	VERB	karai
kaboom	NOUN	kaboom
ashtray	NOUN	cendrier
eppe	NOUN	eppe
heaviness	NOUN	lourdeur
masseria	PROPN	masseria
nobu	PROPN	nobu
riko	NOUN	riko
stethoscope	NOUN	stéthoscope
fave	VERB	fave
yuh	PROPN	yuh
malena	NOUN	malena
viviana	PROPN	viviana
stannis	NOUN	stannis
macleish	PROPN	macleish
hush	VERB	feutré
ood	PROPN	ood
swimsuit	VERB	maillots
joji	PROPN	joji
defcon	NOUN	defcon
bodice	NOUN	corsage
buyeo	NOUN	buyeo
banta	PROPN	banta
energize	VERB	dynamiser
jellybean	NOUN	jellybean
loitering	NOUN	vagabondage
bluff	VERB	bluffer
tolson	NOUN	tolson
nadya	NOUN	nadya
onur	ADJ	onur
petulant	NOUN	irascible
zooey	PROPN	zoey
inhumanity	NOUN	inhumanité
rooker	NOUN	rooker
kerim	PROPN	kerim
floater	NOUN	flotteur
snapchat	PROPN	snapchat
zamboni	NOUN	zamboni
chipotle	NOUN	chipotle
perfume	VERB	parfumées
gye	NOUN	gye
porque	NOUN	porque
trager	NOUN	trager
shino	NOUN	shino
nourish	VERB	nourrissant
ejaculate	VERB	éjaculation
buchman	NOUN	buchman
immeasurable	ADJ	incommensurable
rosalinda	VERB	rosalinda
ily	ADV	ily
oregano	ADV	origan
mcgarrett	NOUN	mcgarrett
jetpack	NOUN	jetpack
satanist	NOUN	sataniste
prozac	PROPN	prozac
suspender	NOUN	bretelles
mizushima	PROPN	mizushima
torrente	VERB	torrente
dasha	PROPN	dasha
clemenza	PROPN	clemenza
camo	PROPN	camouflage
voyeur	NOUN	voyeur
tatsu	PROPN	tatsu
brexit	NOUN	brexit
polenta	PROPN	polenta
calderone	NOUN	calderone
extenuate	VERB	atténuantes
stupendous	ADJ	prodigieux
cassio	NOUN	cassio
chillin	PROPN	tranquille
panty	NOUN	culotte
anto	PROPN	anto
graviton	PROPN	graviton
yodel	PROPN	yodel
oishi	PROPN	oishi
noche	NOUN	noche
berit	NOUN	berit
teaspoon	NOUN	cuillère
moolah	PROPN	moolah
midgard	NOUN	midgard
gcs	VERB	gcs
roarke	PROPN	roarke
poof	NOUN	pouf
gloriana	PROPN	gloriana
indescribable	ADJ	indescriptible
perspiration	NOUN	transpiration
scintillate	VERB	scintillant
spatula	NOUN	spatule
xan	PROPN	xan
sommeli	ADJ	sommeli
tweezer	NOUN	pinces
poser	NOUN	poseur
reconnecte	VERB	reconnecter
ryota	PROPN	ryota
orgasm	NOUN	orgasmes
yagami	NOUN	yagami
cig	PROPN	cig
sanae	NOUN	sanae
tangier	NOUN	tanger
rotter	NOUN	rotter
ein	NOUN	ein
fumiko	NOUN	fumiko
kapa	VERB	kapa
anata	PROPN	anata
pussycat	NOUN	pussycat
deare	VERB	deare
etsuko	PROPN	etsuko
defile	VERB	souillé
dishonor	VERB	déshonoré
soggy	ADJ	détrempé
eep	VERB	eep
katsuragi	PROPN	katsuragi
anais	PROPN	anais
escalade	NOUN	escalade
moldy	ADV	moisi
tummy	ADV	ventre
chatter	VERB	bavardages
cuteness	NOUN	mignon
magali	PROPN	magali
rolo	NOUN	rolo
unfathomable	ADJ	insondable
hsia	PROPN	hsia
bartende	VERB	barman
heartwarme	VERB	réconfortant
buffoon	NOUN	bouffon
creasy	NOUN	creasy
sofas	NOUN	canapés
earthling	NOUN	terriens
nunzio	PROPN	nunzio
torturer	NOUN	tortionnaire
inaudible	PROPN	inaudible
seve	VERB	seve
boudoir	VERB	boudoir
lll	PROPN	alv
ellingham	PROPN	ellingham
raggedy	VERB	raggedy
pernod	NOUN	pernod
whisk	NOUN	fouet
irresponsibility	NOUN	irresponsabilité
tickle	VERB	chatouille
otsu	PROPN	otsu
stian	PROPN	stian
insolent	NOUN	insolente
chazz	VERB	chazz
novotny	NOUN	novotny
goere	VERB	goere
masturbate	VERB	masturber
jolyon	NOUN	jolyon
cordy	ADJ	cordy
hanako	PROPN	hanako
ick	VERB	ick
botulism	NOUN	botulisme
kanai	PROPN	kanai
zord	PROPN	zord
unconscionable	ADJ	déraisonnable
jilly	ADV	jilly
pum	VERB	pum
kraut	PROPN	boche
genii	NOUN	genii
ilene	VERB	ilene
revoir	PROPN	revoir
lonny	NOUN	lonny
beep	VERB	bips
thorin	NOUN	thorin
dopey	ADJ	simplet
anemic	NOUN	anémique
dono	PROPN	dono
pachinko	NOUN	pachinko
deodorant	PROPN	déodorant
baguette	PROPN	baguette
boogeyman	PROPN	croquemitaine
finnerty	NOUN	finnerty
lestrade	PROPN	lestrade
romi	NOUN	romi
delenn	PROPN	delenn
butter	VERB	beurré
prophesy	VERB	prophétie
amitabha	PROPN	amitabha
cesspool	PROPN	cloaque
stakeout	ADJ	planque
foolproof	NOUN	infaillible
calista	NOUN	calista
mccallister	NOUN	mccallister
inexorably	ADV	inexorablement
parmesan	PROPN	parmesan
mookie	PROPN	mookie
wojtek	PROPN	wojtek
pru	ADV	pru
nardo	PROPN	nardo
mosfilm	NOUN	mosfilm
nadiya	PROPN	nadiya
hyoid	NOUN	hyoïde
adulation	NOUN	adulation
fredo	PROPN	fredo
evelyne	VERB	evelyne
melly	ADV	melly
kashiwagi	PROPN	kashiwagi
seatbelt	NOUN	ceintures
kyosuke	PROPN	kyosuke
spook	VERB	effrayé
earphone	VERB	écouteurs
gambon	NOUN	gambon
bris	PROPN	bris
mcclane	VERB	mcclane
stepford	PROPN	stepford
inconsiderate	NOUN	inconsidéré
theora	NOUN	theora
retrovirus	NOUN	rétrovirus
katagiri	PROPN	katagiri
shawna	NOUN	shawna
majesty	NOUN	majestés
hea	NOUN	hea
tiredness	VERB	fatigue
ianto	PROPN	ianto
chirp	VERB	gazouillis
kindaichi	PROPN	kindaichi
murmur	NOUN	murmure
turd	NOUN	crotte
xiaoyu	VERB	xiaoyu
nordmann	NOUN	nordmann
goatee	NOUN	bouc
kisaragi	PROPN	kisaragi
ipek	NOUN	ipek
valmont	NOUN	valmont
yukimura	NOUN	yukimura
bayram	PROPN	bayram
lamentable	ADJ	lamentable
jaffar	ADV	jaffar
donatella	NOUN	donatella
tranquilizer	NOUN	tranquillisant
oxycodone	NOUN	oxycodone
krystle	NOUN	krystle
seimei	PROPN	seimei
ricotta	NOUN	ricotta
sofi	PROPN	sofi
pepito	PROPN	pepito
hacer	NOUN	hacer
incorruptible	ADJ	incorruptible
bogeyman	PROPN	croquemitaine
jango	PROPN	jango
zumba	VERB	zumba
fumi	NOUN	fumi
maite	PROPN	maite
haver	NOUN	haver
narcissist	NOUN	narcissique
hahaha	PROPN	hahaha
vika	NOUN	vika
meringue	NOUN	meringue
kakashi	PROPN	kakashi
gossip	VERB	commérages
sabe	VERB	sabe
senhor	NOUN	senhor
kjeld	PROPN	kjeld
harumi	PROPN	harumi
chekov	NOUN	chekov
lucrecia	PROPN	lucrecia
overdraft	NOUN	découvert
corben	PROPN	corben
phew	VERB	ouf
bashful	ADJ	timide
okano	NOUN	okano
flossie	NOUN	flossie
akechi	PROPN	akechi
jiminy	PROPN	jiminy
marzipan	NOUN	massepain
lucci	NOUN	lucci
saigo	ADJ	saigo
zale	NOUN	zale
adrenalin	PROPN	adrénaline
deliciously	ADV	délicieusement
kow	PROPN	kow
elka	PROPN	elka
cabe	NOUN	cabe
deakin	NOUN	deakin
goy	VERB	goy
sumida	PROPN	sumida
jacquie	PROPN	jacquie
jabber	NOUN	jabber
bizzy	ADJ	bizzy
shindig	PROPN	fiesta
okita	PROPN	okita
blitzen	NOUN	blitzen
mahir	NOUN	mahir
trudi	PROPN	trudi
weariness	NOUN	lassitude
fillet	NOUN	filets
shizuku	NOUN	shizuku
vaya	NOUN	vaya
morose	VERB	morose
dessie	VERB	dessie
ikari	PROPN	ikari
yello	NOUN	yello
chicory	ADJ	chicorée
tsukamoto	NOUN	tsukamoto
uproot	NOUN	déraciner
deflector	NOUN	déflecteur
vorenu	NOUN	vorenu
stilton	NOUN	stilton
karishma	PROPN	karishma
cotillion	NOUN	cotillon
rottweiler	NOUN	rottweiler
julienne	PROPN	julienne
ciccio	NOUN	ciccio
spidey	PROPN	spidey
capulet	NOUN	capulet
nessie	PROPN	nessie
iad	ADV	igs
hanky	ADJ	mouchoir
renter	NOUN	locataire
galvan	PROPN	galvan
traumatise	VERB	traumatisé
notarize	VERB	notarié
avast	VERB	avast
chiyo	VERB	chiyo
masseur	PROPN	masseur
mandar	NOUN	mandar
scoot	PROPN	scoot
hagrid	VERB	hagrid
maybelle	NOUN	maybelle
contemptible	ADJ	méprisable
stace	NOUN	stace
braise	VERB	braisé
valium	NOUN	valium
buona	VERB	buona
colonoscopy	NOUN	coloscopie
agh	ADV	agh
sherpas	NOUN	sherpas
trample	ADV	piétiner
loredana	PROPN	loredana
deckard	PROPN	deckard
airbrush	NOUN	aérographe
oshin	ADV	oshin
cleat	NOUN	crampons
kester	NOUN	kester
gae	PROPN	gae
shriek	VERB	hurler
kawahara	PROPN	kawahara
finster	PROPN	finster
gitano	PROPN	gitano
flan	PROPN	flan
mariska	NOUN	mariska
ryker	PROPN	ryker
koba	PROPN	koba
fart	NOUN	pète
barbeque	NOUN	barbecue
lightman	NOUN	lightman
chupacabra	NOUN	chupacabra
sacrosanct	PROPN	sacro
questa	NOUN	questa
smarty	NOUN	smarty
busty	ADJ	busty
exorcise	VERB	exorciser
malvo	PROPN	malvo
carm	NOUN	carm
dodie	PROPN	dodie
palanquin	NOUN	palanquin
dilettante	NOUN	dilettante
moly	PROPN	moly
murtaugh	ADJ	murtaugh
spunk	VERB	foutre
hatice	NOUN	hatice
chickenpox	NOUN	varicelle
foreplay	VERB	préliminaires
sharona	PROPN	sharona
clink	VERB	tchin
jujitsu	PROPN	jujitsu
ungodly	ADV	impie
moan	NOUN	gémissements
noth	NOUN	noth
lasagna	PROPN	lasagnes
oppressor	PROPN	oppresseurs
puny	PROPN	chétif
frutti	PROPN	frutti
shifu	VERB	shifu
palomare	NOUN	palomare
scapegoat	NOUN	boucs
kourtney	NOUN	kourtney
neuter	VERB	castré
rikard	NOUN	rikard
bitsy	ADJ	bitsy
keppler	PROPN	keppler
skewer	NOUN	brochette
ravn	ADJ	ravn
virile	VERB	viril
kiku	VERB	kiku
frm	PROPN	frm
contusion	NOUN	contusion
sta	NOUN	sta
carpool	PROPN	covoiturage
paquita	PROPN	paquita
salander	VERB	salander
marni	VERB	marni
jano	ADJ	jano
eclair	VERB	eclair
himiko	PROPN	himiko
hardison	PROPN	hardison
hanka	VERB	hanka
abracadabra	PROPN	abracadabra
acquit	NOUN	acquitter
nonna	PROPN	nonna
manion	PROPN	manion
untraceable	ADJ	introuvable
equestria	PROPN	equestria
cripple	NOUN	infirmes
buena	NOUN	buena
phuong	PROPN	phuong
kaylee	PROPN	kaylee
camembert	NOUN	camembert
inexorable	ADJ	inexorable
roach	NOUN	cafards
kiera	PROPN	kiera
saget	VERB	saget
sachi	PROPN	sachi
stubb	ADV	stubb
fede	NOUN	fede
pantyhose	VERB	collants
hottie	NOUN	canon
shawshank	ADV	shawshank
fubuki	PROPN	fubuki
oldie	PROPN	vieille
coitus	NOUN	coït
wudang	PROPN	wudang
cuddle	PROPN	câlin
baze	NOUN	baze
alibis	ADJ	alibis
pigalle	PROPN	pigalle
virility	NOUN	virilité
cuse	NOUN	cuse
wendigo	ADJ	wendigo
chernov	PROPN	chernov
winky	ADJ	winky
moneypenny	NOUN	moneypenny
gath	PROPN	gath
bogo	PROPN	bogo
ania	PROPN	ania
royally	ADV	royalement
lollipop	NOUN	sucettes
thong	NOUN	lanières
nonchalant	NOUN	nonchalant
minkus	PROPN	minkus
emanuelle	PROPN	emanuelle
montalbano	PROPN	montalbano
candy	VERB	confits
dooku	PROPN	dooku
serving	NOUN	portions
lidocaine	NOUN	lidocaïne
phlegm	PROPN	flegme
pigtail	NOUN	nattes
quinoa	PROPN	quinoa
croissant	ADJ	croissants
clang	PROPN	clang
pacifier	PROPN	tétine
cammy	PROPN	cammy
kovac	VERB	kovac
sarsaparilla	PROPN	salsepareille
fucker	NOUN	enculé
rukia	NOUN	rukia
insolence	NOUN	insolence
kaleb	NOUN	kaleb
rolly	ADV	rolly
unplug	NOUN	débranche
kunta	NOUN	kunta
crockery	NOUN	vaisselle
comforter	NOUN	couette
uhura	NOUN	uhura
unabomber	NOUN	unabomber
scavo	VERB	scavo
crease	VERB	plis
caroll	NOUN	caroll
katey	NOUN	katey
frenchie	NOUN	frenchie
cortisone	NOUN	cortisone
zeynep	PROPN	zeynep
rosco	PROPN	rosco
jeannot	VERB	jeannot
suey	ADJ	suey
pepita	NOUN	pepita
marshmallow	NOUN	guimauve
punctuality	NOUN	ponctualité
machiko	ADJ	machiko
ilaria	PROPN	ilaria
backhoe	NOUN	pelleteuse
slut	NOUN	traînées
chew	NOUN	mâche
yoshie	NOUN	yoshie
knick	VERB	knick
lovey	NOUN	lovey
maskell	NOUN	maskell
mitten	NOUN	mitaine
fremen	VERB	fremen
vlasta	VERB	vlasta
cobblepot	VERB	cobblepot
fuhrer	NOUN	führer
flaccid	NOUN	flasque
narc	NOUN	stups
yukie	NOUN	yukie
lynley	PROPN	lynley
hyuga	PROPN	hyuga
coraline	VERB	coraline
renfield	PROPN	renfield
hirono	NOUN	hirono
indiscreet	VERB	indiscret
kneecap	NOUN	rotule
enormity	NOUN	énormité
dukat	PROPN	dukat
laerte	NOUN	laerte
milady	VERB	milady
cheerio	NOUN	cheerio
drool	VERB	baver
hachi	PROPN	hachi
neckline	NOUN	décolleté
deplore	NOUN	déplorer
bequeath	NOUN	léguer
toti	PROPN	toti
saeko	ADJ	saeko
turbot	PROPN	turbot
rapido	NOUN	rapido
pernell	VERB	pernell
carb	NOUN	glucides
nobuko	PROPN	nobuko
banquo	NOUN	banquo
putrid	VERB	putride
lifesaver	PROPN	sauveur
vaseline	VERB	vaseline
nibble	ADJ	grignoter
orry	PROPN	orry
envy	NOUN	envy
chorizo	PROPN	chorizo
pimpin	PROPN	pimpin
leotard	PROPN	justaucorps
burka	NOUN	burka
micki	PROPN	micki
bekir	VERB	bekir
elodie	PROPN	elodie
numata	PROPN	numata
tamika	NOUN	tamika
jerrod	PROPN	jerrod
honore	NOUN	honore
huberman	NOUN	huberman
magnifico	PROPN	magnifico
punctual	ADJ	ponctuel
jefford	NOUN	jefford
torrio	NOUN	torrio
ahhh	ADV	ahhh
lucho	PROPN	lucho
nagumo	ADJ	nagumo
stroller	NOUN	poussette
beetroot	VERB	betterave
doogie	NOUN	doogie
sanne	VERB	sanne
unpack	VERB	décompresser
kazu	VERB	kazu
croak	NOUN	crever
guster	NOUN	guster
bitchy	ADJ	garce
porthos	NOUN	porthos
ifi	PROPN	ifi
dreamz	NOUN	dreamz
undersigned	ADJ	soussigné
sdh	NOUN	sdh
calamari	PROPN	calmars
frannie	PROPN	frannie
chamomile	VERB	camomille
harkonnen	NOUN	harkonnen
innard	NOUN	entrailles
serafina	NOUN	serafina
gramp	NOUN	papy
manya	PROPN	manya
shallot	NOUN	échalotes
sizzle	VERB	bouillant
emme	PROPN	emme
alfonse	VERB	alfonse
charo	NOUN	charo
carlito	NOUN	carlito
vermouth	NOUN	vermouth
flabbergast	VERB	sidéré
crybaby	VERB	pleurnichard
flirty	NOUN	dragueur
longmire	PROPN	longmire
runny	ADJ	baveux
swindle	VERB	escroqué
groan	VERB	gémissements
nap	VERB	sieste
aqualad	VERB	aqualad
flim	NOUN	flim
yasha	PROPN	yasha
mumble	ADJ	mumble
ronni	VERB	ronni
southfork	NOUN	southfork
rigsby	PROPN	rigsby
chive	VERB	ciboulette
jastrow	NOUN	jastrow
sashimi	PROPN	sashimi
palpitation	NOUN	palpitation
shikha	NOUN	shikha
hanzo	NOUN	hanzo
achme	VERB	achme
disher	ADV	disher
mayuri	PROPN	mayuri
ravish	VERB	ravissante
dishonour	VERB	déshonneur
deedee	VERB	deedee
pernille	PROPN	pernille
janek	PROPN	janek
croc	NOUN	croc
implode	VERB	imploser
wristband	NOUN	bracelet
couscous	ADJ	couscous
honoria	PROPN	honoria
mercutio	VERB	mercutio
gie	NOUN	gie
barabbas	PROPN	barabbas
hayama	NOUN	hayama
tarragon	PROPN	estragon
hemorrhoid	NOUN	hémorroïdes
gusta	PROPN	gusta
stottlemeyer	PROPN	stottlemeyer
amane	VERB	amane
himawari	PROPN	himawari
jaimie	PROPN	jaimie
himanshu	PROPN	himanshu
plop	VERB	plop
cici	PROPN	cici
chaperon	PROPN	chaperon
lettie	PROPN	lettie
grr	VERB	grr
maca	PROPN	maca
laci	NOUN	laci
suzu	NOUN	suzu
raus	PROPN	raus
buttock	VERB	fesse
incalculable	ADJ	incalculable
fatten	VERB	grossir
flaco	PROPN	flaco
merrin	NOUN	merrin
foolhardy	NOUN	téméraire
imprudent	PROPN	imprudente
cenk	PROPN	cenk
twyla	VERB	twyla
tuppence	NOUN	tuppence
zuri	PROPN	zuri
gurren	PROPN	gurren
raph	NOUN	raph
swanee	NOUN	swanee
belson	PROPN	belson
sequin	NOUN	paillettes
beautician	PROPN	esthéticienne
lewton	PROPN	lewton
pant	VERB	haletant
twirl	NOUN	pirouette
taru	NOUN	taru
puta	VERB	puta
forsyte	NOUN	forsyte
sakina	NOUN	sakina
reprogram	PROPN	reprogrammer
ritsuko	VERB	ritsuko
discotheque	NOUN	discothèque
jammy	PROPN	jammy
tonia	PROPN	tonia
have	NOUN	nantis
redhead	NOUN	rousses
ressler	NOUN	ressler
hildy	NOUN	hildy
commandeer	NOUN	réquisitionner
yaniv	PROPN	yaniv
misako	ADJ	misako
boulet	PROPN	boulet
gasp	VERB	haletant
arrakis	VERB	arrakis
serpico	NOUN	serpico
pesto	NOUN	pesto
taeko	NOUN	taeko
svengali	VERB	svengali
corto	NOUN	corto
murph	NOUN	murph
josefine	PROPN	josefine
yagyu	NOUN	yagyu
tomek	PROPN	tomek
flicka	PROPN	flicka
togashi	PROPN	togashi
flatmate	NOUN	colocataire
feta	NOUN	feta
fart	VERB	péter
joselito	PROPN	joselito
chil	NOUN	chil
yasu	PROPN	yasu
breadcrumb	NOUN	chapelure
kolya	NOUN	kolya
campari	PROPN	campari
peeta	NOUN	peeta
auggie	NOUN	auggie
kodai	PROPN	kodai
mutilate	PROPN	mutiler
gunga	ADV	gunga
bodnar	NOUN	bodnar
melman	PROPN	melman
thermos	PROPN	thermos
polonius	NOUN	polonius
laudanum	PROPN	laudanum
racoon	NOUN	racoon
strep	VERB	streptocoque
myka	PROPN	myka
cuddle	NOUN	câlins
espenson	NOUN	espenson
cappy	ADJ	cappy
dear	VERB	chéris
jayme	NOUN	jayme
insufferable	ADJ	insupportable
dinozzo	PROPN	dinozzo
fritter	NOUN	beignets
obstinacy	NOUN	obstination
gooey	NOUN	gluant
koharu	NOUN	koharu
putz	VERB	putz
rambaldi	PROPN	rambaldi
cuss	PROPN	jurer
nein	VERB	nein
scald	VERB	bouillante
danke	NOUN	danke
sip	NOUN	gorgées
bartowski	VERB	bartowski
sammie	NOUN	sammie
hygienist	NOUN	hygiéniste
saperstein	VERB	saperstein
bergdorf	PROPN	bergdorf
troel	NOUN	troel
nougat	ADJ	nougat
rot	NOUN	pourrit
nick	VERB	entaillé
sob	NOUN	sanglots
mitsu	PROPN	mitsu
indignity	NOUN	indignité
mimmo	NOUN	mimmo
hemorrhage	VERB	hémorragie
touma	NOUN	touma
tupperware	NOUN	tupperware
wiedersehen	VERB	wiedersehen
lambo	VERB	lambo
procreate	NOUN	procréer
angad	VERB	angad
setsuko	PROPN	setsuko
rinko	VERB	rinko
orderly	NOUN	soignants
krister	VERB	krister
scab	NOUN	croûtes
imbecile	NOUN	imbécile
gordana	PROPN	gordana
reschedule	NOUN	reprogrammer
dobby	NOUN	dobby
jambalaya	PROPN	jambalaya
natsuko	PROPN	natsuko
estep	VERB	estep
impertinent	NOUN	impertinent
locksley	PROPN	locksley
renko	PROPN	renko
bajor	PROPN	bajor
radishe	VERB	radis
blowtorch	VERB	chalumeau
rahl	NOUN	rahl
kaley	PROPN	kaley
coccyx	PROPN	coccyx
blech	NOUN	blech
bearable	ADJ	supportable
ekg	NOUN	ecg
enchant	ADJ	enchanter
masseuse	NOUN	masseuse
heimlich	PROPN	heimlich
doze	VERB	doze
mutilation	NOUN	mutilation
mellie	ADJ	mellie
winterfell	VERB	winterfell
rikke	PROPN	rikke
varg	NOUN	varg
bitte	VERB	bitte
cinzia	PROPN	cinzia
tybalt	VERB	tybalt
solarium	NOUN	solarium
sweety	NOUN	sweety
raki	NOUN	raki
fondue	NOUN	fondue
rawley	NOUN	rawley
aromatherapy	NOUN	aromathérapie
rosaura	VERB	rosaura
bide	VERB	bide
mune	ADV	mune
milligram	VERB	milligramme
asuna	PROPN	asuna
vonda	ADV	vonda
photocopier	PROPN	photocopieuse
sublet	NOUN	sublet
brute	NOUN	brute
brynn	PROPN	brynn
kahlan	PROPN	kahlan
galia	PROPN	galia
senpai	NOUN	senpai
grrr	PROPN	grrr
tablecloth	VERB	nappe
watari	NOUN	watari
kiyoko	PROPN	kiyoko
fritzi	VERB	fritzi
harve	VERB	harve
booger	PROPN	boulette
chapo	PROPN	chapo
piti	PROPN	piti
kaylie	PROPN	kaylie
dandruff	VERB	pellicules
cork	NOUN	bouchons
beene	PROPN	beene
risotto	NOUN	risotto
asahina	PROPN	asahina
quiche	NOUN	quiche
suge	PROPN	suge
kleenex	NOUN	kleenex
applaud	NOUN	applaudit
homie	NOUN	potes
slimme	VERB	minceur
spatter	NOUN	éclaboussures
kida	PROPN	kida
malti	VERB	malti
comfy	ADJ	confortables
jetson	PROPN	jetson
canasta	PROPN	canasta
vervain	NOUN	verveine
doy	VERB	doy
drumstick	VERB	pilon
gbh	NOUN	gbh
quatermain	PROPN	quatermain
stifler	PROPN	stifler
flabby	PROPN	flasque
mieko	NOUN	mieko
jeeper	NOUN	jeeper
zord	NOUN	zord
heyes	NOUN	heyes
rudnick	VERB	rudnick
meggie	PROPN	meggie
savor	NOUN	savourer
barf	NOUN	gerbe
cuckold	NOUN	cocu
guten	VERB	guten
ataru	NOUN	ataru
haggle	VERB	marchander
stammer	VERB	bégaiement
havisham	PROPN	havisham
confidentially	ADV	confidentiellement
pessimist	NOUN	pessimiste
che	NOUN	che
bayon	VERB	bayon
micron	NOUN	micron
luanne	PROPN	luanne
zoila	NOUN	zoila
sashi	PROPN	sashi
brunette	NOUN	brunes
raben	PROPN	raben
brow	NOUN	sourcil
mado	PROPN	mado
polack	VERB	polack
kobol	NOUN	kobol
opposable	ADJ	opposable
kozue	NOUN	kozue
vassili	NOUN	vassili
yashiro	PROPN	yashiro
bwana	PROPN	bwana
gabbana	PROPN	gabbana
mazel	ADJ	mazel
drool	NOUN	bave
trousseau	NOUN	trousseau
mouna	NOUN	mouna
chafe	VERB	irritations
faucet	NOUN	robinets
gnocchi	PROPN	gnocchi
serizawa	PROPN	serizawa
soo	NOUN	soo
concetta	PROPN	concetta
commendatore	PROPN	commendatore
roomy	NOUN	spacieux
herbalife	NOUN	herbalife
tampon	ADP	tampons
jigen	PROPN	jigen
skjern	ADJ	skjern
drea	PROPN	drea
lilah	PROPN	lilah
dorotea	NOUN	dorotea
applejack	NOUN	applejack
shizuo	PROPN	shizuo
cappie	NOUN	cappie
gyp	VERB	gyp
escudo	NOUN	escudo
ope	NOUN	opie
impatiently	ADV	impatiemment
leprechaun	NOUN	lutins
fantozzi	PROPN	fantozzi
patris	PROPN	patris
tippi	PROPN	tippi
cleanser	NOUN	nettoyant
shoelace	NOUN	lacets
bimba	ADV	bimba
matata	NOUN	matata
sanctimonious	ADJ	moralisateur
junky	PROPN	junky
tox	NOUN	toxicologie
shamefully	ADV	honteusement
roxton	PROPN	roxton
sickbay	NOUN	infirmerie
ravioli	PROPN	raviolis
covet	NOUN	convoite
ago	NOUN	ago
undignifie	VERB	indigne
sayo	NOUN	sayo
slappy	NOUN	slappy
ple	PROPN	ple
daisaku	PROPN	daisaku
grisha	PROPN	grisha
ogami	NOUN	ogami
hurray	VERB	hourra
nedra	NOUN	nedra
tangerine	NOUN	mandarines
everwood	NOUN	everwood
artichoke	NOUN	artichauts
butterscotch	VERB	caramel
dyle	PROPN	dyle
densha	PROPN	densha
zat	VERB	zat
maim	NOUN	mutiler
dilaurentis	NOUN	dilaurentis
illegal	NOUN	clandestins
fantasize	VERB	fantasmer
chablis	PROPN	chablis
anaphylactic	ADJ	anaphylactique
staph	NOUN	staphylocoque
bromance	NOUN	bromance
clamour	NOUN	clameur
hostile	NOUN	hostile
pout	PROPN	bouder
drachmas	PROPN	drachmes
sawako	PROPN	sawako
caress	VERB	caressant
nodame	VERB	nodame
carpaccio	VERB	carpaccio
tresse	VERB	tresse
provenza	NOUN	provenza
morticia	PROPN	morticia
inconsolable	ADJ	inconsolable
foodie	PROPN	gourmet
insubordinate	VERB	insubordination
nisse	NOUN	nisse
gringo	NOUN	gringo
tampon	NOUN	tampon
ratty	ADJ	miteux
pastis	NOUN	pastis
gerty	NOUN	gerty
vronsky	NOUN	vronsky
creak	VERB	craquement
homophobe	NOUN	homophobe
rotisserie	VERB	rôtisserie
toughen	VERB	durcir
scamme	VERB	escroqué
mashiro	PROPN	mashiro
loulou	ADJ	loulou
earpiece	ADV	oreillette
prowl	VERB	rôder
prude	NOUN	prude
sokka	NOUN	sokka
zordon	PROPN	zordon
doake	NOUN	doake
cut	ADJ	mignon
escargot	PROPN	escargot
disinfect	VERB	désinfecter
nuna	PROPN	nuna
yabe	PROPN	yabe
cuff	VERB	menotté
vital	NOUN	constantes
kove	VERB	kove
rustle	NOUN	bruissement
pec	NOUN	pectoraux
fievel	NOUN	fievel
toph	PROPN	toph
dusseldorf	PROPN	düsseldorf
cratchit	VERB	cratchit
kojiro	PROPN	kojiro
laguerta	PROPN	laguerta
rosaria	PROPN	rosaria
peon	ADV	peon
brisket	NOUN	poitrine
anorexic	ADJ	anorexique
maggy	ADJ	maggy
gorgonzola	PROPN	gorgonzola
kiyomi	PROPN	kiyomi
cloakroom	NOUN	vestiaire
senility	NOUN	sénilité
belphegor	NOUN	belphegor
endorphin	NOUN	endorphines
fishnet	NOUN	résille
quiere	NOUN	quiere
cucaracha	PROPN	cucaracha
yoshiwara	PROPN	yoshiwara
housewarme	VERB	crémaillère
lycra	VERB	lycra
lagann	PROPN	lagann
curare	VERB	curare
deek	NOUN	deek
padawan	PROPN	padawan
hermia	VERB	hermia
lovebird	NOUN	inséparables
messieurs	PROPN	messieurs
probative	ADJ	probante
paella	NOUN	paella
widmore	PROPN	widmore
shiatsu	PROPN	shiatsu
ignoble	ADJ	ignoble
inopportune	PROPN	inopportune
asako	PROPN	asako
bojack	NOUN	bojack
anbu	NOUN	anbu
cheekbone	NOUN	pommettes
softener	NOUN	adoucissant
commode	VERB	commode
granddad	PROPN	pépé
schuester	NOUN	schuester
selam	PROPN	selam
sorbet	NOUN	sorbet
hitori	NOUN	hitori
sciatica	PROPN	sciatique
scopolamine	VERB	scopolamine
bonbon	NOUN	bonbon
grimace	VERB	grimace
nosebleed	NOUN	saignements
puree	ADJ	purée
poldi	PROPN	poldi
furillo	NOUN	furillo
karev	PROPN	karev
thorndyke	NOUN	thorndyke
thackery	NOUN	thackery
carbonara	PROPN	carbonara
schnapps	NOUN	schnaps
burkhalter	NOUN	burkhalter
lexy	ADV	lexy
loafer	NOUN	mocassins
scumbag	PROPN	ordure
ahsoka	NOUN	ahsoka
duvet	NOUN	couette
chema	VERB	chema
adri	NOUN	adri
sellin	NOUN	sellin
tomiko	PROPN	tomiko
evey	VERB	evey
nyang	PROPN	nyang
munsch	VERB	munsch
pyjama	X	pyjama
querida	PROPN	querida
owada	PROPN	owada
doubtfire	NOUN	doubtfire
gnarly	ADV	noueux
indispose	VERB	indisposé
windpipe	ADJ	trachée
japp	NOUN	japp
turtleneck	VERB	roulé
vou	PROPN	vou
nery	NOUN	nery
ryunosuke	PROPN	ryunosuke
cuddle	VERB	câlins
rosalee	PROPN	rosalee
geordi	PROPN	geordi
decompress	NOUN	décompresser
zaara	NOUN	zaara
zarek	NOUN	zarek
disgust	NOUN	dégoûte
vaccinate	NOUN	vacciner
ingratitude	VERB	ingratitude
readjust	NOUN	réajuster
shozo	NOUN	shozo
manicure	NOUN	manucure
rne	NOUN	rne
jotaro	NOUN	jotaro
almudena	PROPN	almudena
contraire	NOUN	contraire
vicodin	VERB	vicodin
goten	VERB	goten
toupee	VERB	toupet
nerv	NOUN	nerv
loic	ADJ	loic
bathrobe	VERB	peignoir
tto	NOUN	tto
alise	NOUN	alise
marinade	NOUN	marinade
dente	VERB	dente
hokage	NOUN	hokage
smurfette	NOUN	schtroumpfette
beba	PROPN	beba
kepner	PROPN	kepner
cvi	VERB	cvi
shit	NOUN	chie
patchouli	PROPN	patchouli
latinum	ADJ	latinum
mimsy	NOUN	mimsy
makis	VERB	makis
elsbeth	ADJ	elsbeth
boel	PROPN	boel
lewicki	PROPN	lewicki
fridge	NOUN	réfrigérateurs
panisse	NOUN	panisse
muad	NOUN	muad
pilaf	PROPN	pilaf
fascinate	NOUN	fascine
evac	VERB	évacuation
peppe	PROPN	peppe
adric	ADJ	adric
bidet	NOUN	bidet
murmur	VERB	murmures
jinny	NOUN	jinny
squishy	PROPN	spongieux
winnetou	PROPN	winnetou
croupier	PROPN	croupier
shat	PROPN	shat
muchachos	ADJ	muchachos
pirouette	NOUN	pirouette
abla	NOUN	abla
rache	NOUN	rache
bedbug	NOUN	punaises
zeek	NOUN	zeek
fixin	PROPN	fixin
drazen	NOUN	drazen
kujo	PROPN	kujo
crepe	VERB	crêpes
hitotsu	NOUN	hitotsu
messala	PROPN	messala
facetime	NOUN	facetime
amamiya	PROPN	amamiya
mirek	VERB	mirek
darhk	VERB	darhk
restock	NOUN	réapprovisionnement
immensity	NOUN	immensité
hideko	VERB	hideko
kenzi	NOUN	kenzi
filii	PROPN	filii
brioche	NOUN	brioche
hochstetter	NOUN	hochstetter
chidori	NOUN	chidori
aylin	PROPN	aylin
kintaro	NOUN	kintaro
bernarde	NOUN	bernarde
evy	PROPN	evy
balsamic	PROPN	balsamique
kimono	NOUN	kimono
yussef	NOUN	youssef
blowjob	NOUN	pipe
sawaki	PROPN	sawaki
trespass	NOUN	offenses
hotchner	PROPN	hotchner
tablecloth	NOUN	nappes
tabatha	NOUN	tabatha
knucklehead	VERB	andouille
woodsen	PROPN	woodsen
cujo	PROPN	cujo
gilberte	PROPN	gilberte
sorata	NOUN	sorata
adalind	VERB	adalind
freddo	PROPN	freddo
tach	NOUN	tach
hunch	NOUN	intuitions
doormat	NOUN	paillasson
trav	NOUN	trav
hef	PROPN	hef
rutabaga	NOUN	rutabaga
terrifie	NOUN	terrifie
shortbread	NOUN	sablés
koyuki	NOUN	koyuki
stiff	NOUN	macchabées
antwon	VERB	antwon
sulk	VERB	bouder
lamaze	NOUN	lamaze
baptise	ADJ	baptise
darwyn	NOUN	darwyn
sulk	NOUN	bouder
emy	NOUN	emy
tweedle	VERB	tweedle
der	NOUN	der
takigawa	PROPN	takigawa
hubby	NOUN	mari
fornell	VERB	fornell
paolino	NOUN	paolino
omelet	PROPN	omelette
ballu	PROPN	ballu
tranny	NOUN	travesti
lanie	PROPN	lanie
grenouille	NOUN	grenouille
mmh	NOUN	mmh
nutella	NOUN	nutella
chiana	PROPN	chiana
ignasi	PROPN	ignasi
quanzhen	PROPN	quanzhen
schizo	PROPN	schizo
dagur	NOUN	dagur
impudence	NOUN	impudence
supernovas	PROPN	supernovas
crixus	PROPN	crixus
tac	NOUN	tac
botwin	NOUN	botwin
clingy	PROPN	collante
varrick	PROPN	varrick
caca	PROPN	caca
taffeta	NOUN	taffetas
jarndyce	PROPN	jarndyce
hakuna	PROPN	hakuna
checco	PROPN	checco
monami	PROPN	monami
redecorate	NOUN	redécorer
klaxon	PROPN	klaxon
pigsty	PROPN	porcherie
righty	VERB	droitier
tweek	VERB	tweek
shinpei	PROPN	shinpei
kensi	PROPN	kensi
grovel	NOUN	ramper
teyla	VERB	teyla
arrivederci	NOUN	arrivederci
juergen	VERB	juergen
dakara	VERB	dakara
pablito	PROPN	pablito
psst	NOUN	psst
debrief	NOUN	débriefing
sciuto	NOUN	sciuto
batou	NOUN	batou
applesauce	NOUN	compote
sangria	PROPN	sangria
ditte	NOUN	ditte
samovar	PROPN	samovar
landru	PROPN	landru
slag	NOUN	scories
croissant	NOUN	croissant
kopeck	NOUN	kopeck
tartare	VERB	tartare
